pump_outlet_Pa,expander_outlet_Pa,expander_eff,heater_outlet_K,Q_in_kW,W_pump_kW,W_exp_kW,Q_out_kW,net_kW,thermal_eff,bal_kW
1800000.0,500000.0,0.7,373.15,393.04234797107597,3.035192299882532,36.41804936953529,359.6594909014232,33.38285706965276,0.08493450449290875,-5.684341886080802e-14
1800000.0,500000.0,0.7,383.15,418.98604782083777,3.035192299882532,38.62083182716649,383.4004082935538,35.58563952728396,0.0849327554279342,-5.684341886080802e-14
1800000.0,500000.0,0.7,393.15,444.1504850874539,3.035192299882532,40.63628396914445,406.549393418192,37.60109166926192,0.08465845007882454,-5.684341886080802e-14
1800000.0,500000.0,0.7,403.15,468.9643748265104,3.035192299882532,42.526555258476755,429.47301186791617,39.49136295859422,0.08420972909339593,-5.684341886080802e-14
1800000.0,500000.0,0.7,413.15,493.66537947709605,3.035192299882532,44.326791137596246,452.37378063938235,41.291598837713714,0.08364288960560878,0.0
1800000.0,500000.0,0.7,423.15,518.3960773324676,3.035192299882532,46.05878058675374,475.3724890455964,43.02358828687121,0.08299366096336895,0.0
1800000.0,500000.0,0.7,433.15,543.2468604934697,3.035192299882532,47.736981808669164,498.54507098468315,44.70178950878663,0.08228632829682775,-1.1368683772161603e-13
1800000.0,500000.0,0.7,443.15,568.2778781670888,3.035192299882532,49.37155508957442,521.941515377397,46.33636278969189,0.08153821320503306,0.0
1800000.0,500000.0,0.7,453.15,593.5306818883954,3.035192299882532,50.969974344755755,545.5958998435221,47.934782044873224,0.08076209622788573,0.0
1800000.0,500000.0,0.75,373.15,393.04234797107597,3.035192299882532,39.019338610216394,357.0582016607421,35.98414631033386,0.09155284792106406,0.0
1800000.0,500000.0,0.75,383.15,418.98604782083777,3.035192299882532,41.37946267196408,380.6417774487562,38.344270372081546,0.09151681916739601,0.0
1800000.0,500000.0,0.75,393.15,444.1504850874539,3.035192299882532,43.53887568122626,403.6468017061102,40.50368338134373,0.09119360383760133,-5.684341886080802e-14
1800000.0,500000.0,0.75,403.15,468.9643748265104,3.035192299882532,45.56416634836793,426.435400778025,42.528974048485395,0.09068700381392222,0.0
1800000.0,500000.0,0.75,413.15,493.66537947709605,3.035192299882532,47.492990504567395,449.20758127241123,44.45779820468486,0.09005654447912832,-5.684341886080802e-14
1800000.0,500000.0,0.75,423.15,518.3960773324676,3.035192299882532,49.34869348580763,472.0825761465425,46.3135011859251,0.08933999158373733,0.0
1800000.0,500000.0,0.75,433.15,543.2468604934697,3.035192299882532,51.146766223574176,495.13528656977815,48.111573923691644,0.08856300408250585,-1.1368683772161603e-13
1800000.0,500000.0,0.75,443.15,568.2778781670888,3.035192299882532,52.89809473882965,518.4149757281418,49.86290243894712,0.08774387382414717,-1.1368683772161603e-13
1800000.0,500000.0,0.75,453.15,593.5306818883954,3.035192299882532,54.61068679795251,541.9551873903254,51.57549449806998,0.08689608822576081,0.0
1800000.0,500000.0,0.8,373.15,393.04234797107597,3.035192299882532,41.62062785089749,354.45691242006103,38.58543555101496,0.09817119134921937,-5.684341886080802e-14
1800000.0,500000.0,0.8,383.15,418.98604782083777,3.035192299882532,44.13809351676167,377.8831466039586,41.10290121687914,0.09810088290685783,0.0
1800000.0,500000.0,0.8,393.15,444.1504850874539,3.035192299882532,46.441467393307946,400.7442099940285,43.406275093425414,0.09772875759637785,-5.684341886080802e-14
1800000.0,500000.0,0.8,403.15,468.9643748265104,3.035192299882532,48.6017774382591,423.3977896881338,45.56658513837657,0.0971642785344485,0.0
1800000.0,500000.0,0.8,413.15,493.66537947709605,3.035192299882532,50.659189871538544,446.04138190544006,47.62399757165601,0.09647019935264786,-5.684341886080802e-14
1800000.0,500000.0,0.8,423.15,518.3960773324676,3.035192299882532,52.63860638486152,468.79266324748863,49.603414084978986,0.0956863222041057,0.0
1800000.0,500000.0,0.8,433.15,543.2468604934697,3.035192299882532,54.55655063847907,491.72550215487325,51.521358338596535,0.09483967986818373,-1.1368683772161603e-13
1800000.0,500000.0,0.8,443.15,568.2778781670888,3.035192299882532,56.42463438808499,514.8884360788865,53.38944208820246,0.09394953444326147,-1.1368683772161603e-13
1800000.0,500000.0,0.8,453.15,593.5306818883954,3.035192299882532,58.25139925114939,538.3144749371286,55.216206951266855,0.09303008022363608,0.0
1800000.0,500000.0,0.85,373.15,393.04234797107597,3.035192299882532,44.2219170915786,351.8556231793799,41.186724791696065,0.10478953477737468,0.0
1800000.0,500000.0,0.85,383.15,418.98604782083777,3.035192299882532,46.89672436155938,375.12451575916094,43.86153206167685,0.10468494664631992,-5.684341886080802e-14
1800000.0,500000.0,0.85,393.15,444.1504850874539,3.035192299882532,49.34405910538963,397.8416182819468,46.3088668055071,0.10426391135515437,-5.684341886080802e-14
1800000.0,500000.0,0.85,403.15,468.9643748265104,3.035192299882532,51.63938852815027,420.3601785982426,48.60419622826774,0.1036415532549748,0.0
1800000.0,500000.0,0.85,413.15,493.66537947709605,3.035192299882532,53.8253892385097,442.8751825384689,50.79019693862717,0.10288385422616741,0.0
1800000.0,500000.0,0.85,423.15,518.3960773324676,3.035192299882532,55.928519283915286,465.50275034843486,52.893326984032754,0.10203265282447382,0.0
1800000.0,500000.0,0.85,433.15,543.2468604934697,3.035192299882532,57.96633505338407,488.31571773996825,54.93114275350154,0.10111635565386182,-1.1368683772161603e-13
1800000.0,500000.0,0.85,443.15,568.2778781670888,3.035192299882532,59.95117403734033,511.3618964296311,56.9159817374578,0.10015519506237577,-1.1368683772161603e-13
1800000.0,500000.0,0.85,453.15,593.5306818883954,3.035192299882532,61.892111704346256,534.6737624839316,58.856919404463724,0.09916407222151136,1.1368683772161603e-13
1800000.0,500000.0,0.9,373.15,393.04234797107597,3.035192299882532,46.823206332259694,349.25433393869884,43.78801403237716,0.11140787820552997,-5.684341886080802e-14
1800000.0,500000.0,0.9,383.15,418.98604782083777,3.035192299882532,49.655355206356965,372.36588491436333,46.620162906474434,0.11126901038578171,0.0
1800000.0,500000.0,0.9,393.15,444.1504850874539,3.035192299882532,52.24665081747144,394.939026569865,49.21145851758891,0.11079906511393114,-5.684341886080802e-14
1800000.0,500000.0,0.9,403.15,468.9643748265104,3.035192299882532,54.67699961804156,417.32256750835137,51.64180731815903,0.11011882797550135,-5.684341886080802e-14
1800000.0,500000.0,0.9,413.15,493.66537947709605,3.035192299882532,56.99158860548085,439.7089831714978,53.95639630559832,0.10929750909968695,-5.684341886080802e-14
1800000.0,500000.0,0.9,423.15,518.3960773324676,3.035192299882532,59.218432182969174,462.21283744938097,56.18323988308664,0.1083789834448422,0.0
1800000.0,500000.0,0.9,433.15,543.2468604934697,3.035192299882532,61.37611946828896,484.90593332506336,58.34092716840643,0.1073930314395397,-1.1368683772161603e-13
1800000.0,500000.0,0.9,443.15,568.2778781670888,3.035192299882532,63.47771368659556,507.8353567803759,60.442521386713025,0.10636085568148988,-1.1368683772161603e-13
1800000.0,500000.0,0.9,453.15,593.5306818883954,3.035192299882532,65.53282415754313,531.0330500307349,62.4976318576606,0.10529806421938663,-1.1368683772161603e-13
1800000.0,550000.0,0.7,373.15,383.9601818678619,2.9450432492604595,33.63126779318461,353.27395732393774,30.686224543924155,0.07992033026613338,-5.684341886080802e-14
1800000.0,550000.0,0.7,383.15,409.9038817176237,2.9450432492604595,35.69203995355579,377.15688501332835,32.746996704295334,0.07988945253964251,-5.684341886080802e-14
1800000.0,550000.0,0.7,393.15,435.06831898423985,2.9450432492604595,37.57519695052586,400.4381652829744,34.6301537012654,0.07959704761338841,0.0
1800000.0,550000.0,0.7,403.15,459.8822087232963,2.9450432492604595,39.33969960869802,423.48755236385875,36.39465635943756,0.07913908315886958,-5.684341886080802e-14
1800000.0,550000.0,0.7,413.15,484.583213373882,2.9450432492604595,41.01888677531748,446.509369847825,38.073843526057026,0.07857028983932426,0.0
1800000.0,550000.0,0.7,423.15,509.3139112292535,2.9450432492604595,42.633413812665616,469.62554066584835,39.68837056340516,0.07792516498835733,0.0
1800000.0,550000.0,0.7,433.15,534.1646943902557,2.9450432492604595,44.19698043157172,492.9127572079445,41.25193718231126,0.07722700061523156,0.0
1800000.0,550000.0,0.7,443.15,559.1957120638748,2.9450432492604595,45.71921406073833,516.421541252397,42.77417081147787,0.07649230830760008,0.0
1800000.0,550000.0,0.7,453.15,584.4485157851813,2.9450432492604595,47.20719766950467,540.1863613649372,44.262154420244215,0.07573319672269152,-1.1368683772161603e-13
1800000.0,550000.0,0.75,373.15,383.9601818678619,2.9450432492604595,36.03350120698358,350.87172391013877,33.08845795772312,0.086176795199848,-5.684341886080802e-14
1800000.0,550000.0,0.75,383.15,409.9038817176237,2.9450432492604595,38.24147137880977,374.60745358807435,35.29642812954931,0.08610903605412662,0.0
1800000.0,550000.0,0.75,393.15,435.06831898423985,2.9450432492604595,40.25913958984904,397.75422264365125,37.314096340588584,0.08576606181692643,0.0
1800000.0,550000.0,0.75,403.15,459.8822087232963,2.9450432492604595,42.149678152176435,420.6775738203803,39.20463490291598,0.08524929679657335,0.0
1800000.0,550000.0,0.75,413.15,484.583213373882,2.9450432492604595,43.94880725926871,443.5794493638737,41.003764010008254,0.08461655888680494,0.0
1800000.0,550000.0,0.75,423.15,509.3139112292535,2.9450432492604595,45.678657656427475,466.5802968220865,42.73361440716702,0.08390427487838963,0.0
1800000.0,550000.0,0.75,433.15,534.1646943902557,2.9450432492604595,47.35390760525537,489.75583003426084,44.408864355994915,0.0831370265058181,0.0
1800000.0,550000.0,0.75,443.15,559.1957120638748,2.9450432492604595,48.98487220793392,513.1558831052014,46.03982895867346,0.08233222817240506,0.0
1800000.0,550000.0,0.75,453.15,584.4485157851813,2.9450432492604595,50.57914036018355,536.8144186742583,47.63409711092309,0.0815026402230293,-1.1368683772161603e-13
1800000.0,550000.0,0.8,373.15,383.9601818678619,2.9450432492604595,38.43573462078243,348.4694904963399,35.490691371521976,0.09243326013356232,-5.684341886080802e-14
1800000.0,550000.0,0.8,383.15,409.9038817176237,2.9450432492604595,40.79090280406375,372.0580221628204,37.84585955480329,0.09232861956861074,-5.684341886080802e-14
1800000.0,550000.0,0.8,393.15,435.06831898423985,2.9450432492604595,42.94308222917235,395.07028000432797,39.99803897991189,0.09193507602046473,0.0
1800000.0,550000.0,0.8,403.15,459.8822087232963,2.9450432492604595,44.95965669565485,417.8675952769019,42.01461344639439,0.09135951043427712,-5.684341886080802e-14
1800000.0,550000.0,0.8,413.15,484.583213373882,2.9450432492604595,46.87872774321993,440.6495288799225,43.933684493959476,0.09066282793428561,0.0
1800000.0,550000.0,0.8,423.15,509.3139112292535,2.9450432492604595,48.72390150018933,463.53505297832464,45.77885825092887,0.0898833847684219,0.0
1800000.0,550000.0,0.8,433.15,534.1646943902557,2.9450432492604595,50.51083477893914,486.598902860577,47.565791529678684,0.08904705239640485,0.0
1800000.0,550000.0,0.8,443.15,559.1957120638748,2.9450432492604595,52.250530355129506,509.8902249580058,49.30548710586905,0.08817214803721003,0.0
1800000.0,550000.0,0.8,453.15,584.4485157851813,2.9450432492604595,53.95108305086242,533.4424759835794,51.006039801601965,0.08727208372336707,0.0
1800000.0,550000.0,0.85,373.15,383.9601818678619,2.9450432492604595,40.8379680345814,346.06725708254095,37.89292478532094,0.09868972506727694,-5.684341886080802e-14
1800000.0,550000.0,0.85,383.15,409.9038817176237,2.9450432492604595,43.340334229317726,369.5085907375664,40.39529098005727,0.09854820308309485,0.0
1800000.0,550000.0,0.85,393.15,435.06831898423985,2.9450432492604595,45.627024868495646,392.38633736500464,42.68198161923519,0.09810409022400302,0.0
1800000.0,550000.0,0.85,403.15,459.8822087232963,2.9450432492604595,47.76963523913338,415.0576167334234,44.82459198987292,0.09746972407198112,-5.684341886080802e-14
1800000.0,550000.0,0.85,413.15,484.583213373882,2.9450432492604595,49.808648227171155,437.7196083959713,46.8636049779107,0.09670909698176627,0.0
1800000.0,550000.0,0.85,423.15,509.3139112292535,2.9450432492604595,51.76914534395118,460.4898091345628,48.82410209469072,0.09586249465845419,0.0
1800000.0,550000.0,0.85,433.15,534.1646943902557,2.9450432492604595,53.6677619526228,483.4419756868934,50.72271870336234,0.09495707828699139,0.0
1800000.0,550000.0,0.85,443.15,559.1957120638748,2.9450432492604595,55.51618850232509,506.62456681081017,52.571145253064635,0.09401206790201502,0.0
1800000.0,550000.0,0.85,453.15,584.4485157851813,2.9450432492604595,57.323025741541294,530.0705332929006,54.377982492280836,0.09304152722370485,-1.1368683772161603e-13
1800000.0,550000.0,0.9,373.15,383.9601818678619,2.9450432492604595,43.24020144838025,343.6650236687421,40.29515819911979,0.10494619000099126,0.0
1800000.0,550000.0,0.9,383.15,409.9038817176237,2.9450432492604595,45.889765654571704,366.9591593123124,42.944722405311246,0.10476778659757896,0.0
1800000.0,550000.0,0.9,393.15,435.06831898423985,2.9450432492604595,48.31096750781883,389.7023947256815,45.36592425855837,0.10427310442754102,0.0
1800000.0,550000.0,0.9,403.15,459.8822087232963,2.9450432492604595,50.579613782611794,412.24763818994495,47.63457053335134,0.10357993770968489,0.0
1800000.0,550000.0,0.9,413.15,484.583213373882,2.9450432492604595,52.7385687111225,434.78968791202,49.79352546186204,0.10275536602924719,-5.684341886080802e-14
1800000.0,550000.0,0.9,423.15,509.3139112292535,2.9450432492604595,54.81438918771292,457.44456529080105,51.86934593845246,0.10184160454848624,0.0
1800000.0,550000.0,0.9,433.15,534.1646943902557,2.9450432492604595,56.824689126306446,480.28504851320974,53.87964587704599,0.10086710417757791,0.0
1800000.0,550000.0,0.9,443.15,559.1957120638748,2.9450432492604595,58.78184664952068,503.3589086636146,55.83680340026022,0.09985198776682,0.0
1800000.0,550000.0,0.9,453.15,584.4485157851813,2.9450432492604595,60.694968432220165,526.6985906022217,57.74992518295971,0.09881097072404262,-1.1368683772161603e-13
1800000.0,600000.0,0.7,373.15,375.39131453726856,2.851992798994703,31.087893626817387,347.15541370944584,28.235900827822682,0.07521724593609223,5.684341886080802e-14
1800000.0,600000.0,0.7,383.15,401.33501438703036,2.851992798994703,33.01708399037015,371.16992319565486,30.16509119137545,0.07516187252549443,5.684341886080802e-14
1800000.0,600000.0,0.7,393.15,426.4994516536465,2.851992798994703,34.77785305605561,394.5735913965856,31.925860257060908,0.07485557163854785,0.0
1800000.0,600000.0,0.7,403.15,451.31334139270297,2.851992798994703,36.426155844209596,417.73917834748806,33.574163045214895,0.0743921350554556,5.684341886080802e-14
1800000.0,600000.0,0.7,413.15,476.01434604328864,2.851992798994703,37.99362098109629,440.8727178611871,35.14162818210159,0.0738247249777338,0.0
1800000.0,600000.0,0.7,423.15,500.7450438986602,2.851992798994703,39.49982833656017,464.0972083610947,36.64783553756547,0.07318661659082179,5.684341886080802e-14
1800000.0,600000.0,0.7,433.15,525.5958270596624,2.851992798994703,40.95775870478875,487.49006115386834,38.10576590579405,0.07250013022167416,0.0
1800000.0,600000.0,0.7,443.15,550.6268447332815,2.851992798994703,42.37653467443678,511.1023028578394,39.52454187544208,0.0717809933414841,0.0
1800000.0,600000.0,0.7,453.15,575.8796484545879,2.851992798994703,43.76286853721738,534.9687727163653,40.91087573822268,0.07104066943155533,0.0
1800000.0,600000.0,0.75,373.15,375.39131453726856,2.851992798994703,33.30845745730435,344.9348498789589,30.456464658309645,0.08113257680416032,0.0
1800000.0,600000.0,0.75,383.15,401.33501438703036,2.851992798994703,35.37544713253947,368.81156005348555,32.52345433354477,0.08103816803330431,5.684341886080802e-14
1800000.0,600000.0,0.75,393.15,426.4994516536465,2.851992798994703,37.26198541720247,392.0894590354387,34.40999261820777,0.08068003952828427,0.0
1800000.0,600000.0,0.75,403.15,451.31334139270297,2.851992798994703,39.02802411879599,415.13731007290164,36.17603131980129,0.0801572388889858,5.684341886080802e-14
1800000.0,600000.0,0.75,413.15,476.01434604328864,2.851992798994703,40.707451051174544,438.1588877911088,37.855458252179844,0.07952587682879893,5.684341886080802e-14
1800000.0,600000.0,0.75,423.15,500.7450438986602,2.851992798994703,42.32124464631453,461.2757920513403,39.46925184731983,0.07882105340478925,5.684341886080802e-14
1800000.0,600000.0,0.75,433.15,525.5958270596624,2.851992798994703,43.8833128979879,484.5645069606692,41.0313200989932,0.0780662973078277,0.0
1800000.0,600000.0,0.75,443.15,550.6268447332815,2.851992798994703,45.403430008325145,508.075407523951,42.551437209330444,0.07727817416882747,0.0
1800000.0,600000.0,0.75,453.15,575.8796484545879,2.851992798994703,46.888787718447155,531.8428535351355,44.036794919452454,0.07646874661681165,0.0
1800000.0,600000.0,0.8,373.15,375.39131453726856,2.851992798994703,35.529021287791196,342.71428604847205,32.677028488796495,0.08704790767222811,5.684341886080802e-14
1800000.0,600000.0,0.8,383.15,401.33501438703036,2.851992798994703,37.73381027470878,366.45319691131624,34.88181747571408,0.08691446354111416,5.684341886080802e-14
1800000.0,600000.0,0.8,393.15,426.4994516536465,2.851992798994703,39.746117778349316,389.60532667429186,36.894124979354615,0.08650450741802068,0.0
1800000.0,600000.0,0.8,403.15,451.31334139270297,2.851992798994703,41.629892393382384,412.5354417983153,38.777899594387684,0.08592234272251599,5.684341886080802e-14
1800000.0,600000.0,0.8,413.15,476.01434604328864,2.851992798994703,43.421281121252804,435.44505772103054,40.5692883222581,0.08522702867986408,5.684341886080802e-14
1800000.0,600000.0,0.8,423.15,500.7450438986602,2.851992798994703,45.14266095606878,458.4543757415861,42.29066815707408,0.08445549021875648,5.684341886080802e-14
1800000.0,600000.0,0.8,433.15,525.5958270596624,2.851992798994703,46.80886709118705,481.63895276747,43.956874292192346,0.08363246439398125,0.0
1800000.0,600000.0,0.8,443.15,550.6268447332815,2.851992798994703,48.4303253422135,505.0485121900627,45.5783325432188,0.08277535499617081,0.0
1800000.0,600000.0,0.8,453.15,575.8796484545879,2.851992798994703,50.01470689967705,528.7169343539056,47.16271410068235,0.08189682380206817,0.0
1800000.0,600000.0,0.85,373.15,375.39131453726856,2.851992798994703,37.74958511827816,340.49372221798507,34.89759231928346,0.09296323854029621,5.684341886080802e-14
1800000.0,600000.0,0.85,383.15,401.33501438703036,2.851992798994703,40.09217341687798,364.09483376914704,37.24018061788328,0.09279075904892375,5.684341886080802e-14
1800000.0,600000.0,0.85,393.15,426.4994516536465,2.851992798994703,42.23025013949617,387.121194313145,39.37825734050147,0.0923289753077571,5.684341886080802e-14
1800000.0,600000.0,0.85,403.15,451.31334139270297,2.851992798994703,44.23176066796877,409.93357352372885,41.37976786897407,0.09168744655604616,5.684341886080802e-14
1800000.0,600000.0,0.85,413.15,476.01434604328864,2.851992798994703,46.13511119133118,432.7312276509522,43.283118392336476,0.09092818053092946,0.0
1800000.0,600000.0,0.85,423.15,500.7450438986602,2.851992798994703,47.96407726582314,455.63295943183175,45.11208446682844,0.09008992703272393,0.0
1800000.0,600000.0,0.85,433.15,525.5958270596624,2.851992798994703,49.73442128438631,478.7133985742708,46.88242848539161,0.08919863148013503,0.0
1800000.0,600000.0,0.85,443.15,550.6268447332815,2.851992798994703,51.45722067610174,502.02161685617443,48.60522787710704,0.08827253582351395,0.0
1800000.0,600000.0,0.85,453.15,575.8796484545879,2.851992798994703,53.140626080906834,525.5910151726758,50.288633281912134,0.0873249009873245,0.0
1800000.0,600000.0,0.9,373.15,375.39131453726856,2.851992798994703,39.97014894876513,338.27315838749814,37.11815614977043,0.09887856940836431,0.0
1800000.0,600000.0,0.9,383.15,401.33501438703036,2.851992798994703,42.45053655904729,361.73647062697773,39.59854376005259,0.09866705455673361,5.684341886080802e-14
1800000.0,600000.0,0.9,393.15,426.4994516536465,2.851992798994703,44.71438250064291,384.63706195199825,41.86238970164821,0.09815344319749326,5.684341886080802e-14
1800000.0,600000.0,0.9,403.15,451.31334139270297,2.851992798994703,46.833628942555166,407.3317052491425,43.981636143560465,0.09745255038957636,5.684341886080802e-14
1800000.0,600000.0,0.9,413.15,476.01434604328864,2.851992798994703,48.84894126140943,430.01739758087393,45.99694846241473,0.09662933238199459,0.0
1800000.0,600000.0,0.9,423.15,500.7450438986602,2.851992798994703,50.78549357557739,452.81154312207747,47.93350077658269,0.09572436384669117,5.684341886080802e-14
1800000.0,600000.0,0.9,433.15,525.5958270596624,2.851992798994703,52.659975477585455,475.78784438107164,49.807982678590754,0.09476479856628858,0.0
1800000.0,600000.0,0.9,443.15,550.6268447332815,2.851992798994703,54.4841160099901,498.99472152228606,51.6321232109954,0.0937697166508573,0.0
1800000.0,600000.0,0.9,453.15,575.8796484545879,2.851992798994703,56.26654526213661,522.4650959914461,53.41455246314191,0.09275297817258081,0.0
1800000.0,650000.0,0.7,373.15,367.26335973838644,2.7562729106999466,28.750364095127676,341.26926855395874,25.99409118442773,0.07077779608329064,-5.684341886080802e-14
1800000.0,650000.0,0.7,383.15,393.20705958814824,2.7562729106999466,30.556726563173928,365.4066059356743,27.800453652473983,0.07070181720946885,-5.684341886080802e-14
1800000.0,650000.0,0.7,393.15,418.3714968547644,2.7562729106999466,32.203430499508045,388.9243392659563,29.447157588808096,0.07038519069818595,0.0
1800000.0,650000.0,0.7,403.15,443.18538659382085,2.7562729106999466,33.74357517066714,412.19808433385367,30.987302259967194,0.06991950365991431,-5.684341886080802e-14
1800000.0,650000.0,0.7,413.15,467.8863912444066,2.7562729106999466,35.20715766674036,435.4355064883662,32.45088475604041,0.0693563338521835,-5.684341886080802e-14
1800000.0,650000.0,0.7,423.15,492.61708909977807,2.7562729106999466,36.61273081130057,458.76063119917745,33.856457900600624,0.06872773732326429,-5.684341886080802e-14
1800000.0,650000.0,0.7,433.15,517.4678722607803,2.7562729106999466,37.97258968206227,482.25155548941797,35.21631677136232,0.06805507869987125,0.0
1800000.0,650000.0,0.7,443.15,542.4988899343994,2.7562729106999466,39.29537541536451,505.95978742973483,36.53910250466456,0.0673533221590241,0.0
1800000.0,650000.0,0.7,453.15,567.7516936557059,2.7562729106999466,40.58744651353697,529.9205200528688,37.83117360283702,0.06663330823241626,1.1368683772161603e-13
1800000.0,650000.0,0.75,373.15,367.26335973838644,2.7562729106999466,30.803961530493922,339.21567111859247,28.047688619793973,0.07636941686688606,0.0
1800000.0,650000.0,0.75,383.15,393.20705958814824,2.7562729106999466,32.73934988911496,363.22398260973324,29.983076978415014,0.07625264157215234,-5.684341886080802e-14
1800000.0,650000.0,0.75,393.15,418.3714968547644,2.7562729106999466,34.50367553518713,386.62409423027725,31.74740262448718,0.0758832828315456,-5.684341886080802e-14
1800000.0,650000.0,0.75,403.15,443.18538659382085,2.7562729106999466,36.15383054000058,409.78782896452026,33.39755762930063,0.07535798480627583,-5.684341886080802e-14
1800000.0,650000.0,0.75,413.15,467.8863912444066,2.7562729106999466,37.721954642936005,432.9207095121705,34.96568173223606,0.07473113641805255,0.0
1800000.0,650000.0,0.75,423.15,492.61708909977807,2.7562729106999466,39.227925869250555,456.1454361412275,36.47165295855061,0.07403651591787021,-5.684341886080802e-14
1800000.0,650000.0,0.75,433.15,517.4678722607803,2.7562729106999466,40.68491751649533,479.5392276549849,37.928644605795384,0.07329661731478679,0.0
1800000.0,650000.0,0.75,443.15,542.4988899343994,2.7562729106999466,42.10218794503342,503.15297490006594,39.34591503433347,0.07252718072675006,0.0
1800000.0,650000.0,0.75,453.15,567.7516936557059,2.7562729106999466,43.48654983593244,527.0214167304734,40.730276925232495,0.07173959563726465,0.0
1800000.0,650000.0,0.8,373.15,367.26335973838644,2.7562729106999466,32.857558965860164,337.16207368322625,30.101286055160216,0.08196103765048149,-5.684341886080802e-14
1800000.0,650000.0,0.8,383.15,393.20705958814824,2.7562729106999466,34.921973215055885,361.0413592837923,32.16570030435594,0.08180346593483555,-5.684341886080802e-14
1800000.0,650000.0,0.8,393.15,418.3714968547644,2.7562729106999466,36.803920570866325,384.32384919459804,34.047647660166376,0.08138137496490552,0.0
1800000.0,650000.0,0.8,403.15,443.18538659382085,2.7562729106999466,38.5640859093339,407.3775735951869,35.80781299863395,0.08079646595263708,0.0
1800000.0,650000.0,0.8,413.15,467.8863912444066,2.7562729106999466,40.23675161913177,430.4059125359748,37.480478708431825,0.08010593898392186,-5.684341886080802e-14
1800000.0,650000.0,0.8,423.15,492.61708909977807,2.7562729106999466,41.84312092720065,453.5302410832774,39.0868480165007,0.07934529451247636,-5.684341886080802e-14
1800000.0,650000.0,0.8,433.15,517.4678722607803,2.7562729106999466,43.39724535092828,476.826899820552,40.64097244022833,0.0785381559297021,0.0
1800000.0,650000.0,0.8,443.15,542.4988899343994,2.7562729106999466,44.90900047470233,500.346162370397,42.15272756400238,0.07770103929447601,0.0
1800000.0,650000.0,0.8,453.15,567.7516936557059,2.7562729106999466,46.38565315832791,524.122313408078,43.629380247627964,0.07684588304211303,0.0
1800000.0,650000.0,0.85,373.15,367.26335973838644,2.7562729106999466,34.91115640122653,335.10847624785987,32.15488349052658,0.08755265843407722,-5.684341886080802e-14
1800000.0,650000.0,0.85,383.15,393.20705958814824,2.7562729106999466,37.10459654099692,358.8587359578513,34.348323630296974,0.08735429029751905,-5.684341886080802e-14
1800000.0,650000.0,0.85,393.15,418.3714968547644,2.7562729106999466,39.1041656065454,382.02360415891894,36.34789269584545,0.08687946709826516,0.0
1800000.0,650000.0,0.85,403.15,443.18538659382085,2.7562729106999466,40.97434127866733,404.9673182258535,38.21806836796738,0.0862349470989986,-5.684341886080802e-14
1800000.0,650000.0,0.85,413.15,467.8863912444066,2.7562729106999466,42.751548595327534,427.891115559779,39.995275684627586,0.08548074154979116,-5.684341886080802e-14
1800000.0,650000.0,0.85,423.15,492.61708909977807,2.7562729106999466,44.458315985150755,450.9150460253273,41.702043074450806,0.08465407310708253,-5.684341886080802e-14
1800000.0,650000.0,0.85,433.15,517.4678722607803,2.7562729106999466,46.10957318536134,474.1145719861189,43.35330027466139,0.08377969454461764,0.0
1800000.0,650000.0,0.85,443.15,542.4988899343994,2.7562729106999466,47.71581300437113,497.5393498407282,44.95954009367118,0.08287489786220176,0.0
1800000.0,650000.0,0.85,453.15,567.7516936557059,2.7562729106999466,49.28475648072339,521.2232100856825,46.52848357002344,0.08195217044696142,0.0
1800000.0,650000.0,0.9,373.15,367.26335973838644,2.7562729106999466,36.96475383659278,333.05487881249366,34.20848092589283,0.09314427921767267,-5.684341886080802e-14
1800000.0,650000.0,0.9,383.15,393.20705958814824,2.7562729106999466,39.28721986693796,356.67611263191026,36.53094695623801,0.09290511466020256,-5.684341886080802e-14
1800000.0,650000.0,0.9,393.15,418.3714968547644,2.7562729106999466,41.4044106422246,379.72335912323973,38.64813773152465,0.09237755923162509,0.0
1800000.0,650000.0,0.9,403.15,443.18538659382085,2.7562729106999466,43.384596648000645,402.5570628565202,40.6283237373007,0.09167342824535984,-5.684341886080802e-14
1800000.0,650000.0,0.9,413.15,467.8863912444066,2.7562729106999466,45.26634557152318,425.3763185835833,42.51007266082323,0.0908555441156602,0.0
1800000.0,650000.0,0.9,423.15,492.61708909977807,2.7562729106999466,47.07351104310074,448.2998509673773,44.31723813240079,0.08996285170168847,-5.684341886080802e-14
1800000.0,650000.0,0.9,433.15,517.4678722607803,2.7562729106999466,48.8219010197944,471.40224415168586,46.065628109094455,0.08902123315953318,0.0
1800000.0,650000.0,0.9,443.15,542.4988899343994,2.7562729106999466,50.52262553404004,494.73253731105933,47.76635262334009,0.08804875642992771,0.0
1800000.0,650000.0,0.9,453.15,567.7516936557059,2.7562729106999466,52.18385980311898,518.3241067632869,49.42758689241903,0.08705845785181002,1.1368683772161603e-13
1800000.0,700000.0,0.7,373.15,359.51880369806196,2.6580671288321027,26.58927564339002,335.58759518350405,23.93120851455792,0.0665645531426954,0.0
1800000.0,700000.0,0.7,383.15,385.46250354782376,2.6580671288321027,28.280259161456254,359.84031151519963,25.622192032624152,0.06647129564301511,0.0
1800000.0,700000.0,0.7,393.15,410.62694081443993,2.6580671288321027,29.81998681049177,383.46502113278024,27.16191968165967,0.06614743696014332,0.0
1800000.0,700000.0,0.7,403.15,435.44083055349637,2.6580671288321027,31.258825897792704,406.8400717845358,28.600758768960603,0.0656823080476989,0.0
1800000.0,700000.0,0.7,413.15,460.1418352040821,2.6580671288321027,32.625207048862244,430.17469528405195,29.967139920030142,0.06512587560472331,0.0
1800000.0,700000.0,0.7,423.15,484.8725330594536,2.6580671288321027,33.93669697223755,453.59390321604815,31.278629843405447,0.06450897444333098,0.0
1800000.0,700000.0,0.7,433.15,509.7233162204558,2.6580671288321027,35.20493316682649,477.1764501824614,32.54686603799439,0.06385202521110069,0.0
1800000.0,700000.0,0.7,443.15,534.7543338940749,2.6580671288321027,36.43809504294372,500.9743059799633,33.78002791411162,0.06316924571349586,0.0
1800000.0,700000.0,0.7,453.15,560.0071376153813,2.6580671288321027,37.642201548460754,525.0230031957527,34.98413441962865,0.06247087236887348,0.0
1800000.0,700000.0,0.75,373.15,359.51880369806196,2.6580671288321027,28.48850961791782,333.68836120897623,25.83044248908572,0.07184726424150861,0.0
1800000.0,700000.0,0.75,383.15,385.46250354782376,2.6580671288321027,30.300277672988827,357.820293003667,27.642210544156725,0.07171180151048648,0.0
1800000.0,700000.0,0.75,393.15,410.62694081443993,2.6580671288321027,31.94998586838413,381.3350220748879,29.291918739552028,0.07133462476050466,0.0
1800000.0,700000.0,0.75,403.15,435.44083055349637,2.6580671288321027,33.491599176206506,404.607298506122,30.833532047374405,0.07080992383782975,0.0
1800000.0,700000.0,0.75,413.15,460.1418352040821,2.6580671288321027,34.95557898092375,427.84432335199045,32.297511852091645,0.07019033998020861,0.0
1800000.0,700000.0,0.75,423.15,484.8725330594536,2.6580671288321027,36.3607467559689,451.1698534323168,33.702679627136796,0.0695083291571071,0.0
1800000.0,700000.0,0.75,433.15,509.7233162204558,2.6580671288321027,37.719571250171285,474.6618120991166,35.06150412133918,0.06878536454113285,0.0
1800000.0,700000.0,0.75,443.15,534.7543338940749,2.6580671288321027,39.040816117439654,498.37158490546733,36.38274898860755,0.06803637985253676,0.0
1800000.0,700000.0,0.75,453.15,560.0071376153813,2.6580671288321027,40.33093023049366,522.3342745137198,37.672863101661555,0.06727211239142396,0.0
1800000.0,700000.0,0.8,373.15,359.51880369806196,2.6580671288321027,30.387743592445737,331.7891272344483,27.729676463613636,0.07712997534032215,0.0
1800000.0,700000.0,0.8,383.15,385.46250354782376,2.6580671288321027,32.3202961845214,355.80027449213446,29.662229055689302,0.07695230737795784,0.0
1800000.0,700000.0,0.8,393.15,410.62694081443993,2.6580671288321027,34.079984926276374,379.20502301699565,31.421917797444273,0.07652181256086572,0.0
1800000.0,700000.0,0.8,403.15,435.44083055349637,2.6580671288321027,35.7243724546202,402.37452522770826,33.0663053257881,0.07593753962796035,0.0
1800000.0,700000.0,0.8,413.15,460.1418352040821,2.6580671288321027,37.28595091298537,425.5139514199288,34.62788378415327,0.07525480435569418,5.684341886080802e-14
1800000.0,700000.0,0.8,423.15,484.8725330594536,2.6580671288321027,38.784796539700125,448.7458036485856,36.12672941086802,0.07450768387088298,0.0
1800000.0,700000.0,0.8,433.15,509.7233162204558,2.6580671288321027,40.234209333515956,472.14717401577195,37.576142204683855,0.07371870387116476,0.0
1800000.0,700000.0,0.8,443.15,534.7543338940749,2.6580671288321027,41.64353719193558,495.76886383097144,38.98547006310348,0.07290351399157766,0.0
1800000.0,700000.0,0.8,453.15,560.0071376153813,2.6580671288321027,43.01965891252656,519.645545831687,40.36159178369446,0.07207335241397443,0.0
1800000.0,700000.0,0.85,373.15,359.51880369806196,2.6580671288321027,32.286977566973654,329.8898932599204,29.628910438141553,0.08241268643913569,0.0
1800000.0,700000.0,0.85,383.15,385.46250354782376,2.6580671288321027,34.340314696054094,353.7802559806018,31.682247567221992,0.08219281324542953,-5.684341886080802e-14
1800000.0,700000.0,0.85,393.15,410.62694081443993,2.6580671288321027,36.209983984168616,377.07502395910336,33.551916855336515,0.08170900036122676,5.684341886080802e-14
1800000.0,700000.0,0.85,403.15,435.44083055349637,2.6580671288321027,37.957145733034004,400.1417519492945,35.2990786042019,0.08106515541809121,0.0
1800000.0,700000.0,0.85,413.15,460.1418352040821,2.6580671288321027,39.61632284504699,423.1835794878672,36.958255716214886,0.08031926873117973,5.684341886080802e-14
1800000.0,700000.0,0.85,423.15,484.8725330594536,2.6580671288321027,41.20884632343135,446.3217538648543,38.55077919459925,0.07950703858465885,0.0
1800000.0,700000.0,0.85,433.15,509.7233162204558,2.6580671288321027,42.74884741686075,469.6325359324272,40.09078028802865,0.07865204320119693,0.0
1800000.0,700000.0,0.85,443.15,534.7543338940749,2.6580671288321027,44.24625826643163,493.1661427564754,41.58819113759953,0.07777064813061879,0.0
1800000.0,700000.0,0.85,453.15,560.0071376153813,2.6580671288321027,45.70838759455946,516.9568171496541,43.05032046572736,0.07687459243652492,0.0
1800000.0,700000.0,0.9,373.15,359.51880369806196,2.6580671288321027,34.18621154150146,327.9906592853926,31.528144412669356,0.0876953975379489,0.0
1800000.0,700000.0,0.9,383.15,385.46250354782376,2.6580671288321027,36.36033320758666,351.7602374690692,33.70226607875456,0.08743331911290088,0.0
1800000.0,700000.0,0.9,393.15,410.62694081443993,2.6580671288321027,38.33998304206098,374.945024901211,35.68191591322888,0.08689618816158812,5.684341886080802e-14
1800000.0,700000.0,0.9,403.15,435.44083055349637,2.6580671288321027,40.18991901144781,397.9089786708807,37.53185188261571,0.08619277120822208,0.0
1800000.0,700000.0,0.9,413.15,460.1418352040821,2.6580671288321027,41.94669477710861,420.85320755580557,39.28862764827651,0.08538373310666529,0.0
1800000.0,700000.0,0.9,423.15,484.8725330594536,2.6580671288321027,43.6328961071627,443.897704081123,40.9748289783306,0.08450639329843497,0.0
1800000.0,700000.0,0.9,433.15,509.7233162204558,2.6580671288321027,45.26348550020554,467.11789784908234,42.60541837137344,0.08358538253122907,1.1368683772161603e-13
1800000.0,700000.0,0.9,443.15,534.7543338940749,2.6580671288321027,46.848979340927556,490.56342168197943,44.190912212095455,0.08263778226965968,0.0
1800000.0,700000.0,0.9,453.15,560.0071376153813,2.6580671288321027,48.397116276592364,514.2680884676212,45.73904914776026,0.08167583245907539,0.0
2000000.0,500000.0,0.7,383.15,410.43388974831885,3.501015841443965,40.472620687841086,373.4622849019217,36.97160484639712,0.09007931793611972,5.684341886080802e-14
2000000.0,500000.0,0.7,393.15,436.94875555090255,3.501015841443965,42.84535373521561,397.6044176571309,39.344337893771645,0.09004336868786025,0.0
2000000.0,500000.0,0.7,403.15,462.66887063293893,3.501015841443965,45.02101446906279,421.1488720053201,41.519998627618826,0.08974020355166484,5.684341886080802e-14
2000000.0,500000.0,0.7,413.15,488.032996204348,3.501015841443965,47.06515351698792,444.4688585288041,43.564137675543954,0.08926473827458765,0.0
2000000.0,500000.0,0.7,423.15,513.2770407443451,3.501015841443965,49.01419622119621,467.7638603645928,45.51318037975224,0.08867176352511277,0.0
2000000.0,500000.0,0.7,433.15,538.5408135986945,3.501015841443965,50.89066604473186,491.1511633954066,47.38965020328789,0.08799639508585384,0.0
2000000.0,500000.0,0.7,443.15,563.9134123815592,3.501015841443965,52.709627299973505,514.7048009230296,49.20861145852954,0.08726270802942643,1.1368683772161603e-13
2000000.0,500000.0,0.7,453.15,589.4547343294852,3.501015841443965,54.48176494532125,538.4739852256079,50.98074910387729,0.08648797971207875,0.0
2000000.0,500000.0,0.75,383.15,410.43388974831885,3.501015841443965,43.36352216554398,370.5713834242188,39.86250632410002,0.09712284321488171,0.0
2000000.0,500000.0,0.75,393.15,436.94875555090255,3.501015841443965,45.90573614487378,394.5440352474728,42.40472030342981,0.09704735341325364,-5.684341886080802e-14
2000000.0,500000.0,0.75,403.15,462.66887063293893,3.501015841443965,48.23680121685297,417.9330852575299,44.735785375409,0.09669071816785443,0.0
2000000.0,500000.0,0.75,413.15,488.032996204348,3.501015841443965,50.426950196772815,441.1070618490192,46.92593435532885,0.09615320013255853,0.0
2000000.0,500000.0,0.75,423.15,513.2770407443451,3.501015841443965,52.51521023699595,464.26284634879306,49.01419439555198,0.095492668685263,0.0
2000000.0,500000.0,0.75,433.15,538.5408135986945,3.501015841443965,54.52571361935558,487.5161158207829,51.02469777791161,0.0947462039821067,0.0
2000000.0,500000.0,0.75,443.15,563.9134123815592,3.501015841443965,56.4746006785431,510.93982754446,52.97358483709913,0.09393921774865635,0.0
2000000.0,500000.0,0.75,453.15,589.4547343294852,3.501015841443965,58.3733195842728,534.5824305866563,54.872303742828834,0.09308993642276368,0.0
2000000.0,500000.0,0.8,383.15,410.43388974831885,3.501015841443965,46.254423643246994,367.6804819465158,42.75340780180303,0.10416636849364398,5.684341886080802e-14
2000000.0,500000.0,0.8,393.15,436.94875555090255,3.501015841443965,48.96611855453206,391.4836528378145,45.46510271308809,0.10405133813864728,0.0
2000000.0,500000.0,0.8,403.15,462.66887063293893,3.501015841443965,51.45258796464314,414.71729850973975,47.95157212319918,0.10364123278404404,0.0
2000000.0,500000.0,0.8,413.15,488.032996204348,3.501015841443965,53.78874687655759,437.7452651692344,50.28773103511362,0.10304166199052915,0.0
2000000.0,500000.0,0.8,423.15,513.2770407443451,3.501015841443965,56.01622425279557,460.76183233299344,52.5152084113516,0.102313573845413,0.0
2000000.0,500000.0,0.8,433.15,538.5408135986945,3.501015841443965,58.1607611939793,483.8810682461592,54.65974535253533,0.10149601287835956,0.0
2000000.0,500000.0,0.8,443.15,563.9134123815592,3.501015841443965,60.239574057112684,507.17485416589045,56.73855821566872,0.10061572746788626,0.0
2000000.0,500000.0,0.8,453.15,589.4547343294852,3.501015841443965,62.26487422322435,530.6908759477047,58.76385838178039,0.09969189313344863,0.0
2000000.0,500000.0,0.85,383.15,410.43388974831885,3.501015841443965,49.145325120949884,364.7895804688129,45.64430927950592,0.11120989377240596,0.0
2000000.0,500000.0,0.85,393.15,436.94875555090255,3.501015841443965,52.02650096419035,388.4232704281562,48.52548512274638,0.11105532286404093,0.0
2000000.0,500000.0,0.85,403.15,462.66887063293893,3.501015841443965,54.66837471243332,411.5015117619496,51.167358870989354,0.11059174740023363,0.0
2000000.0,500000.0,0.85,413.15,488.032996204348,3.501015841443965,57.150543556342484,434.3834684894495,53.64952771489852,0.10993012384850002,0.0
2000000.0,500000.0,0.85,423.15,513.2770407443451,3.501015841443965,59.51723826859531,457.2608183171937,56.01622242715134,0.10913447900556321,0.0
2000000.0,500000.0,0.85,433.15,538.5408135986945,3.501015841443965,61.7958087686029,480.2460206715356,58.29479292715894,0.1082458217746122,0.0
2000000.0,500000.0,0.85,443.15,563.9134123815592,3.501015841443965,64.00454743568216,503.40988078732096,60.50353159423819,0.10729223718711597,0.0
2000000.0,500000.0,0.85,453.15,589.4547343294852,3.501015841443965,66.1564288621759,526.7993213087532,62.655413020731935,0.10629384984413355,1.1368683772161603e-13
2000000.0,500000.0,0.9,383.15,410.43388974831885,3.501015841443965,52.03622659865278,361.89867899111,48.535210757208816,0.11825341905116796,5.684341886080802e-14
2000000.0,500000.0,0.9,393.15,436.94875555090255,3.501015841443965,55.086883373848515,385.36288801849804,51.58586753240455,0.11805930758943432,-5.684341886080802e-14
2000000.0,500000.0,0.9,403.15,462.66887063293893,3.501015841443965,57.88416146022361,408.28572501415925,54.38314561877964,0.11754226201642347,5.684341886080802e-14
2000000.0,500000.0,0.9,413.15,488.032996204348,3.501015841443965,60.51234023612738,431.0216718096646,57.01132439468341,0.1168185857064709,0.0
2000000.0,500000.0,0.9,423.15,513.2770407443451,3.501015841443965,63.01825228439504,453.75980430139396,59.517236442951074,0.11595538416571342,0.0
2000000.0,500000.0,0.9,433.15,538.5408135986945,3.501015841443965,65.43085634322662,476.61097309691183,61.92984050178266,0.11499563067086506,0.0
2000000.0,500000.0,0.9,443.15,563.9134123815592,3.501015841443965,67.76952081425173,499.64490740875135,64.26850497280778,0.1139687469063459,0.0
2000000.0,500000.0,0.9,453.15,589.4547343294852,3.501015841443965,70.04798350112746,522.9077666698017,66.5469676596835,0.11289580655481853,0.0
2000000.0,550000.0,0.7,383.15,401.34751364186513,3.4150767940615188,37.60977281424275,367.1528176216839,34.19469602018123,0.08519972058602118,0.0
2000000.0,550000.0,0.7,393.15,427.86237944444883,3.4150767940615188,39.84225431355473,391.43520192495566,36.42717751949321,0.0851376032798011,-5.684341886080802e-14
2000000.0,550000.0,0.7,403.15,453.5824945264852,3.4150767940615188,41.886958431928655,415.1106128886181,38.471881637867135,0.08481782719156662,0.0
2000000.0,550000.0,0.7,413.15,478.9466200978943,3.4150767940615188,43.80636580011295,438.5553310918429,40.39128900605143,0.08433359232767036,0.0
2000000.0,550000.0,0.7,423.15,504.19066463789136,3.4150767940615188,45.635187805223396,461.97055362672944,42.220111011161876,0.08373838306086899,5.684341886080802e-14
2000000.0,550000.0,0.7,433.15,529.4544374922408,3.4150767940615188,47.394880034318774,485.47463425198356,43.979803240257255,0.08306626619009456,0.0
2000000.0,550000.0,0.7,443.15,554.8270362751055,3.4150767940615188,49.09979188148852,509.1423211876784,45.684715087427,0.08234046306419482,0.0
2000000.0,550000.0,0.7,453.15,580.3683582230315,3.4150767940615188,50.76010275094339,533.0233322661496,47.34502595688187,0.08157754516776655,0.0
2000000.0,550000.0,0.75,383.15,401.34751364186513,3.4150767940615188,40.29618515811721,364.46640527780943,36.88110836405569,0.09189320255006202,0.0
2000000.0,550000.0,0.75,393.15,427.86237944444883,3.4150767940615188,42.688129621665695,388.5893266168447,39.273052827604175,0.09178898336095277,0.0
2000000.0,550000.0,0.75,403.15,453.5824945264852,3.4150767940615188,44.8788840342093,412.11868728633743,41.46380724014778,0.09141403766790797,0.0
2000000.0,550000.0,0.75,413.15,478.9466200978943,3.4150767940615188,46.93539192869247,435.4263049632634,43.52031513463095,0.09086673401252025,-5.684341886080802e-14
2000000.0,550000.0,0.75,423.15,504.19066463789136,3.4150767940615188,48.89484407702508,458.7108973549278,45.47976728296356,0.09020350925304622,0.0
2000000.0,550000.0,0.75,433.15,529.4544374922408,3.4150767940615188,50.7802286081987,482.08928567810364,47.36515181413718,0.0894602981107913,0.0
2000000.0,550000.0,0.75,443.15,554.8270362751055,3.4150767940615188,52.60691987302352,505.6351931961434,49.191843078962,0.08866158255231585,0.0
2000000.0,550000.0,0.75,453.15,580.3683582230315,3.4150767940615188,54.3858243760108,529.3976106410823,50.97074758194928,0.08782482170118858,-1.1368683772161603e-13
2000000.0,550000.0,0.8,383.15,401.34751364186513,3.4150767940615188,42.98259750199166,361.779992933935,39.56752070793014,0.09858668451410284,0.0
2000000.0,550000.0,0.8,393.15,427.86237944444883,3.4150767940615188,45.53400492977677,385.7434513087336,42.11892813571525,0.0984403634421047,0.0
2000000.0,550000.0,0.8,403.15,453.5824945264852,3.4150767940615188,47.87080963648995,409.12676168405676,44.45573284242843,0.09801024814424933,0.0
2000000.0,550000.0,0.8,413.15,478.9466200978943,3.4150767940615188,50.06441805727198,432.2972788346839,46.64934126321046,0.09739987569737013,0.0
2000000.0,550000.0,0.8,423.15,504.19066463789136,3.4150767940615188,52.15450034882664,455.4512410831262,48.73942355476512,0.09666863544522322,5.684341886080802e-14
2000000.0,550000.0,0.8,433.15,529.4544374922408,3.4150767940615188,54.165577182078614,478.7039371042237,50.750500388017095,0.09585433003148802,0.0
2000000.0,550000.0,0.8,443.15,554.8270362751055,3.4150767940615188,56.11404786455841,502.12806520460856,52.69897107049689,0.09498270204043667,0.0
2000000.0,550000.0,0.8,453.15,580.3683582230315,3.4150767940615188,58.01154600107821,525.7718890160147,54.59646920701669,0.0940720982346106,1.1368683772161603e-13
2000000.0,550000.0,0.85,383.15,401.34751364186513,3.4150767940615188,45.66900984586612,359.0935805900605,42.2539330518046,0.10528016647814367,0.0
2000000.0,550000.0,0.85,393.15,427.86237944444883,3.4150767940615188,48.379880237887846,382.8975760006225,44.96480344382633,0.10509174352325663,0.0
2000000.0,550000.0,0.85,403.15,453.5824945264852,3.4150767940615188,50.862735238770604,406.13483608177614,47.447658444709084,0.1046064586205907,0.0
2000000.0,550000.0,0.85,413.15,478.9466200978943,3.4150767940615188,53.19344418585138,429.16825270610445,49.77836739178986,0.10393301738221977,0.0
2000000.0,550000.0,0.85,423.15,504.19066463789136,3.4150767940615188,55.41415662062832,452.19158481132456,51.9990798265668,0.10313376163740046,0.0
2000000.0,550000.0,0.85,433.15,529.4544374922408,3.4150767940615188,57.55092575595854,475.3185885303438,54.13584896189702,0.10224836195218476,0.0
2000000.0,550000.0,0.85,443.15,554.8270362751055,3.4150767940615188,59.621175856093295,498.62093721307366,56.206099062031775,0.10130382152855749,0.0
2000000.0,550000.0,0.85,453.15,580.3683582230315,3.4150767940615188,61.63726762614562,522.1461673909474,58.2221908320841,0.10031937476803263,-1.1368683772161603e-13
2000000.0,550000.0,0.9,383.15,401.34751364186513,3.4150767940615188,48.3554221897407,356.4071682461859,44.94034539567918,0.11197364844218481,5.684341886080802e-14
2000000.0,550000.0,0.9,393.15,427.86237944444883,3.4150767940615188,51.22575554599881,380.0517006925116,47.81067875193729,0.1117431236044083,-5.684341886080802e-14
2000000.0,550000.0,0.9,403.15,453.5824945264852,3.4150767940615188,53.854660841051256,403.14291047949547,50.43958404698974,0.11120266909693206,0.0
2000000.0,550000.0,0.9,413.15,478.9466200978943,3.4150767940615188,56.32247031443089,426.03922657752497,52.90739352036937,0.11046615906706965,0.0
2000000.0,550000.0,0.9,423.15,504.19066463789136,3.4150767940615188,58.67381289242999,448.93192853952286,55.25873609836847,0.10959888782957768,0.0
2000000.0,550000.0,0.9,433.15,529.4544374922408,3.4150767940615188,60.93627432983846,471.93323995646386,57.52119753577694,0.1086423938728815,0.0
2000000.0,550000.0,0.9,443.15,554.8270362751055,3.4150767940615188,63.12830384762818,495.11380922153876,59.71322705356666,0.10762494101667831,0.0
2000000.0,550000.0,0.9,453.15,580.3683582230315,3.4150767940615188,65.26298925121291,518.5204457658801,61.847912457151395,0.10656665130145444,-1.1368683772161603e-13
2000000.0,600000.0,0.7,383.15,392.7745623702074,3.3261102848601296,34.99589000336744,361.1047826517001,31.669779718507314,0.08063093375343679,0.0
2000000.0,600000.0,0.7,393.15,419.28942817279113,3.3261102848601296,37.09853415694332,385.5170043007079,33.772423872083195,0.08054680514903281,0.0
2000000.0,600000.0,0.7,403.15,445.0095432548275,3.3261102848601296,39.02218078639952,409.3134727532881,35.69607050153939,0.08021416853323213,0.0
2000000.0,600000.0,0.7,413.15,470.3736688262366,3.3261102848601296,40.82641971850209,432.87335939259464,37.50030943364196,0.07972450823452697,0.0
2000000.0,600000.0,0.7,423.15,495.6177133662336,3.3261102848601296,42.54434238841687,456.3994812626769,39.218232103556744,0.07913000493300908,0.0
2000000.0,600000.0,0.7,433.15,520.881486220583,3.3261102848601296,44.19639470647776,480.01120179896543,40.87028442161763,0.07846369184315734,-1.1368683772161603e-13
2000000.0,600000.0,0.7,443.15,546.2540850034477,3.3261102848601296,45.79625051750196,503.7839447708059,42.47014023264183,0.07774795905164494,0.0
2000000.0,600000.0,0.7,453.15,571.7954069513738,3.3261102848601296,47.3536112623699,527.767905973864,44.027500977509774,0.07699869646076735,0.0
2000000.0,600000.0,0.75,383.15,392.7745623702074,3.3261102848601296,37.49559643217945,358.6050762228881,34.16948614731932,0.08699516063647998,-5.684341886080802e-14
2000000.0,600000.0,0.75,393.15,419.28942817279113,3.3261102848601296,39.748429453867836,382.8671090037834,36.42231916900771,0.08686677202363877,0.0
2000000.0,600000.0,0.75,403.15,445.0095432548275,3.3261102848601296,41.809479413999476,406.52617412568816,38.48336912913935,0.08647762663171128,0.0
2000000.0,600000.0,0.75,413.15,470.3736688262366,3.3261102848601296,43.74259255553794,429.9571865555588,40.41648227067781,0.08592420228694453,0.0
2000000.0,600000.0,0.75,423.15,495.6177133662336,3.3261102848601296,45.58322398758959,453.36059966350416,42.25711370272946,0.0852615081404563,0.0
2000000.0,600000.0,0.75,433.15,520.881486220583,3.3261102848601296,47.35328004265484,476.8543164627884,44.02716975779471,0.08452435135916901,-1.1368683772161603e-13
2000000.0,600000.0,0.75,443.15,546.2540850034477,3.3261102848601296,49.06741126875218,500.5127840195557,45.74130098389205,0.08373630923712608,-1.1368683772161603e-13
2000000.0,600000.0,0.75,453.15,571.7954069513738,3.3261102848601296,50.73601206682483,524.385505169409,47.4099017819647,0.08291410040304241,0.0
2000000.0,600000.0,0.8,383.15,392.7745623702074,3.3261102848601296,39.99530286099133,356.1053697940762,36.6691925761312,0.09335938751952289,0.0
2000000.0,600000.0,0.8,393.15,419.28942817279113,3.3261102848601296,42.39832475079247,380.2172137068588,39.07221446593234,0.09318673889824501,0.0
2000000.0,600000.0,0.8,403.15,445.0095432548275,3.3261102848601296,44.59677804159955,403.7388754980881,41.27066775673942,0.0927410847301907,0.0
2000000.0,600000.0,0.8,413.15,470.3736688262366,3.3261102848601296,46.658765392573784,427.04101371852295,43.332655107713656,0.09212389633936209,0.0
2000000.0,600000.0,0.8,423.15,495.6177133662336,3.3261102848601296,48.62210558676219,450.32171806433155,45.29599530190206,0.09139301134790327,0.0
2000000.0,600000.0,0.8,433.15,520.881486220583,3.3261102848601296,50.51016537883179,473.69743112661143,47.184055093971665,0.09058501087518044,-1.1368683772161603e-13
2000000.0,600000.0,0.8,443.15,546.2540850034477,3.3261102848601296,52.33857202000229,497.24162326830555,49.01246173514216,0.089724659422607,0.0
2000000.0,600000.0,0.8,453.15,571.7954069513738,3.3261102848601296,54.11841287127987,521.0031043649541,50.792302586419744,0.08882950434531767,-1.1368683772161603e-13
2000000.0,600000.0,0.85,383.15,392.7745623702074,3.3261102848601296,42.495009289803335,353.6056633652642,39.168899004943206,0.0997236144025661,-5.684341886080802e-14
2000000.0,600000.0,0.85,393.15,419.28942817279113,3.3261102848601296,45.04822004771698,377.5673184099343,41.72210976285685,0.09950670577285096,0.0
2000000.0,600000.0,0.85,403.15,445.0095432548275,3.3261102848601296,47.38407666919951,400.9515768704881,44.05796638433938,0.09900454282866986,5.684341886080802e-14
2000000.0,600000.0,0.85,413.15,470.3736688262366,3.3261102848601296,49.57493822960975,424.124840881487,46.24882794474962,0.0983235903917799,0.0
2000000.0,600000.0,0.85,423.15,495.6177133662336,3.3261102848601296,51.66098718593479,447.282836465159,48.334876901074665,0.09752451455535027,-5.684341886080802e-14
2000000.0,600000.0,0.85,433.15,520.881486220583,3.3261102848601296,53.66705071500875,470.54054579043446,50.34094043014862,0.09664567039119187,-1.1368683772161603e-13
2000000.0,600000.0,0.85,443.15,546.2540850034477,3.3261102848601296,55.609732771252396,493.97046251705547,52.28362248639227,0.09571300960808793,-1.1368683772161603e-13
2000000.0,600000.0,0.85,453.15,571.7954069513738,3.3261102848601296,57.5008136757348,517.6207035604991,54.17470339087467,0.09474490828759272,0.0
2000000.0,600000.0,0.9,383.15,392.7745623702074,3.3261102848601296,44.99471571861533,351.1059569364522,41.668605433755204,0.10608784128560927,0.0
2000000.0,600000.0,0.9,393.15,419.28942817279113,3.3261102848601296,47.6981153446415,374.91742311300976,44.37200505978137,0.10582667264745693,0.0
2000000.0,600000.0,0.9,403.15,445.0095432548275,3.3261102848601296,50.17137529679947,398.16427824288814,46.84526501193934,0.10526800092714901,5.684341886080802e-14
2000000.0,600000.0,0.9,413.15,470.3736688262366,3.3261102848601296,52.491111066645594,421.20866804445114,49.165000781785466,0.10452328444419746,0.0
2000000.0,600000.0,0.9,423.15,495.6177133662336,3.3261102848601296,54.69986878510739,444.2439548659864,51.37375850024726,0.10365601776279725,-5.684341886080802e-14
2000000.0,600000.0,0.9,433.15,520.881486220583,3.3261102848601296,56.823936051185825,467.3836604542574,53.4978257663257,0.10270632990720353,-1.1368683772161603e-13
2000000.0,600000.0,0.9,443.15,546.2540850034477,3.3261102848601296,58.880893522502504,490.69930176580533,55.554783237642376,0.10170135979356885,0.0
2000000.0,600000.0,0.9,453.15,571.7954069513738,3.3261102848601296,60.88321448018984,514.238302756044,57.557104195329714,0.10066031222986799,0.0
2000000.0,650000.0,0.7,383.15,384.64262621415673,3.2343717537339542,32.59251610467758,355.2844818632131,29.358144350943626,0.07632576929889708,0.0
2000000.0,650000.0,0.7,393.15,411.1574920167405,3.2343717537339542,34.574068736503946,379.8177950339705,31.339696982769993,0.07622309599430571,0.0
2000000.0,650000.0,0.7,403.15,436.8776070987768,3.2343717537339542,36.3849762094164,403.7270026430944,33.15060445568245,0.0758807590890947,0.0
2000000.0,650000.0,0.7,413.15,462.24173267018597,3.2343717537339542,38.08208458061423,427.39401984330567,34.847712826880276,0.0753885042477211,5.684341886080802e-14
2000000.0,650000.0,0.7,423.15,487.48577721018296,3.2343717537339542,39.69694326003501,451.0232057038819,36.46257150630106,0.07479720067931328,0.0
2000000.0,650000.0,0.7,433.15,512.7495500645324,3.2343717537339542,41.249037308511205,474.7348845097552,38.01466555477725,0.07413885697216681,0.0
2000000.0,650000.0,0.7,443.15,538.122148847397,3.2343717537339542,42.751397975840725,498.6051226252903,39.51702622210677,0.07343504872778091,0.0
2000000.0,650000.0,0.7,453.15,563.6634707953232,3.2343717537339542,44.21327175969211,522.684570789365,40.97890000595816,0.07270100357601206,0.0
2000000.0,650000.0,0.75,383.15,384.64262621415673,3.2343717537339542,34.92055296929751,352.9564449985932,31.686181215563558,0.08237823646181561,0.0
2000000.0,650000.0,0.75,393.15,411.1574920167405,3.2343717537339542,37.04364507482562,377.3482186956488,33.809273321091666,0.08222949594146056,0.0
2000000.0,650000.0,0.75,403.15,436.8776070987768,3.2343717537339542,38.98390308151755,401.12807577099323,35.7495313277836,0.0818296263001201,0.0
2000000.0,650000.0,0.75,413.15,462.24173267018597,3.2343717537339542,40.80223347922961,424.6738709446903,37.56786172549566,0.08127319337542528,5.684341886080802e-14
2000000.0,650000.0,0.75,423.15,487.48577721018296,3.2343717537339542,42.5324392071804,448.1877097567365,39.29806745344645,0.08061377232038261,0.0
2000000.0,650000.0,0.75,433.15,512.7495500645324,3.2343717537339542,44.195397116262114,471.7885247020043,40.96102536252816,0.07988505374090135,0.0
2000000.0,650000.0,0.75,443.15,538.122148847397,3.2343717537339542,45.80506925982924,495.5514513413018,42.570697506095286,0.07910972926365768,0.0
2000000.0,650000.0,0.75,453.15,563.6634707953232,3.2343717537339542,47.37136259967007,519.5264799493871,44.13699084593612,0.07830379851236287,0.0
2000000.0,650000.0,0.8,383.15,384.64262621415673,3.2343717537339542,37.24858983391733,350.6284081339734,34.014218080183376,0.08843070362473385,0.0
2000000.0,650000.0,0.8,393.15,411.1574920167405,3.2343717537339542,39.513221413147406,374.87864235732707,36.27884965941345,0.08823589588861569,0.0
2000000.0,650000.0,0.8,403.15,436.8776070987768,3.2343717537339542,41.5828299536187,398.5291488988921,38.348458199884746,0.08777849351114549,0.0
2000000.0,650000.0,0.8,413.15,462.24173267018597,3.2343717537339542,43.522382377844885,421.95372204607503,40.28801062411093,0.08715788250312921,0.0
2000000.0,650000.0,0.8,423.15,487.48577721018296,3.2343717537339542,45.36793515432579,445.35221380959115,42.13356340059184,0.08643034396145194,0.0
2000000.0,650000.0,0.8,433.15,512.7495500645324,3.2343717537339542,47.14175692401291,468.8421648942535,43.90738517027896,0.08563125050963569,0.0
2000000.0,650000.0,0.8,443.15,538.122148847397,3.2343717537339542,48.858740543817866,492.49778005731315,45.62436879008391,0.08478440979953468,0.0
2000000.0,650000.0,0.8,453.15,563.6634707953232,3.2343717537339542,50.52945343964803,516.368389109409,47.29508168591408,0.08390659344871368,1.1368683772161603e-13
2000000.0,650000.0,0.85,383.15,384.64262621415673,3.2343717537339542,39.57662669853715,348.30037126935355,36.342254944803194,0.09448317078765209,0.0
2000000.0,650000.0,0.85,393.15,411.1574920167405,3.2343717537339542,41.98279775146907,372.40906601900537,38.74842599773512,0.09424229583577054,0.0
2000000.0,650000.0,0.85,403.15,436.8776070987768,3.2343717537339542,44.181756825719845,395.93022202679094,40.94738507198589,0.09372736072217087,0.0
2000000.0,650000.0,0.85,413.15,462.24173267018597,3.2343717537339542,46.242531276460156,419.23357314745977,43.0081595227262,0.09304257163083314,0.0
2000000.0,650000.0,0.85,423.15,487.48577721018296,3.2343717537339542,48.20343110147119,442.5167178624457,44.969059347737236,0.09224691560252127,0.0
2000000.0,650000.0,0.85,433.15,512.7495500645324,3.2343717537339542,50.0881167317637,465.89580508650266,46.853744978029745,0.09137744727837,0.0
2000000.0,650000.0,0.85,443.15,538.122148847397,3.2343717537339542,51.9124118278065,489.4441087733245,48.67804007407255,0.09045909033541169,0.0
2000000.0,650000.0,0.85,453.15,563.6634707953232,3.2343717537339542,53.6875442796261,513.210298269431,50.45317252589215,0.08950938838506468,1.1368683772161603e-13
2000000.0,650000.0,0.9,383.15,384.64262621415673,3.2343717537339542,41.904663563156966,345.9723344047337,38.67029180942301,0.10053563795057033,0.0
2000000.0,650000.0,0.9,393.15,411.1574920167405,3.2343717537339542,44.452374089790744,369.9394896806837,41.21800233605679,0.10024869578292539,0.0
2000000.0,650000.0,0.9,403.15,436.8776070987768,3.2343717537339542,46.780683697821104,393.3312951546897,43.54631194408715,0.09967622793319651,0.0
2000000.0,650000.0,0.9,413.15,462.24173267018597,3.2343717537339542,48.96268017507543,416.5134242488445,45.728308421341474,0.09892726075853707,0.0
2000000.0,650000.0,0.9,423.15,487.48577721018296,3.2343717537339542,51.03892704861658,439.68122191530034,47.804555294882626,0.0980634872435906,0.0
2000000.0,650000.0,0.9,433.15,512.7495500645324,3.2343717537339542,53.03447653951449,462.9494452787519,49.80010478578054,0.09712364404710432,0.0
2000000.0,650000.0,0.9,443.15,538.122148847397,3.2343717537339542,54.96608311179513,486.3904374893359,51.731711358061176,0.09613377087128869,0.0
2000000.0,650000.0,0.9,453.15,563.6634707953232,3.2343717537339542,56.84563511960406,510.052207429453,53.61126336587011,0.0951121833214155,1.1368683772161603e-13
2000000.0,700000.0,0.7,383.15,376.89417240040444,3.1400637452938827,30.369551196435467,349.6646849492629,27.229487451141583,0.07224703761726925,0.0
2000000.0,700000.0,0.7,393.15,403.4090382029882,3.1400637452938827,32.23745860472973,374.31164334355236,29.09739485943585,0.07212876287812511,0.0
2000000.0,700000.0,0.7,403.15,429.1291532850246,3.1400637452938827,33.94271412782313,398.32650290249535,30.802650382529247,0.0717794401679122,0.0
2000000.0,700000.0,0.7,413.15,454.4932788564337,3.1400637452938827,35.53954196815344,422.0938006335741,32.399478222859564,0.07128703488064998,0.0
2000000.0,700000.0,0.7,423.15,479.7373233964307,3.1400637452938827,37.05801504810935,445.81937209361524,33.91795130281547,0.0707010892183333,5.684341886080802e-14
2000000.0,700000.0,0.7,433.15,505.00109625078017,3.1400637452938827,38.516699024405334,469.6244609716687,35.376635279111454,0.07005259105723535,0.0
2000000.0,700000.0,0.7,443.15,530.3736950336448,3.1400637452938827,39.92801043013169,493.585748348807,36.78794668483781,0.06936231383516132,0.0
2000000.0,700000.0,0.7,453.15,555.9150169815708,3.1400637452938827,41.30076024938375,517.754320477481,38.16069650408987,0.0686448383986629,0.0
2000000.0,700000.0,0.75,383.15,376.89417240040444,3.1400637452938827,32.53880485332373,347.49543129237463,29.39874110802985,0.07800264175164068,0.0
2000000.0,700000.0,0.75,393.15,403.4090382029882,3.1400637452938827,34.54013421935332,372.0089677289288,31.400070474059437,0.07783680458408442,0.0
2000000.0,700000.0,0.75,403.15,429.1291532850246,3.1400637452938827,36.36719370838196,395.9020233219365,33.22712996308808,0.07742920682207498,0.0
2000000.0,700000.0,0.75,413.15,454.4932788564337,3.1400637452938827,38.07808068016439,419.55526192156316,34.93801693487051,0.07687246117869832,0.0
2000000.0,700000.0,0.75,423.15,479.7373233964307,3.1400637452938827,39.70501612297434,443.17237101875025,36.56495237768046,0.07621869426128647,0.0
2000000.0,700000.0,0.75,433.15,505.00109625078017,3.1400637452938827,41.26789181186294,466.8732681842111,38.12782806656906,0.07550048574079735,0.0
2000000.0,700000.0,0.75,443.15,530.3736950336448,3.1400637452938827,42.78001117514109,490.7337476037976,39.63994742984721,0.07473965583329431,0.0
2000000.0,700000.0,0.75,453.15,555.9150169815708,3.1400637452938827,44.250814552911095,514.8042661739537,41.110750807617215,0.07395150257108467,-1.1368683772161603e-13
2000000.0,700000.0,0.8,383.15,376.89417240040444,3.1400637452938827,34.708058510212,345.3261776354864,31.567994764918115,0.0837582458860121,-5.684341886080802e-14
2000000.0,700000.0,0.8,393.15,403.4090382029882,3.1400637452938827,36.84280983397691,369.7062921143052,33.70274608868303,0.08354484629004373,0.0
2000000.0,700000.0,0.8,403.15,429.1291532850246,3.1400637452938827,38.791673288940686,393.47754374137776,35.651609543646806,0.08307897347623748,5.684341886080802e-14
2000000.0,700000.0,0.8,413.15,454.4932788564337,3.1400637452938827,40.61661939217546,417.01672320955214,37.47655564688158,0.08245788747674694,0.0
2000000.0,700000.0,0.8,423.15,479.7373233964307,3.1400637452938827,42.35201719783922,440.5253699438854,39.21195345254534,0.08173629930423937,0.0
2000000.0,700000.0,0.8,433.15,505.00109625078017,3.1400637452938827,44.01908459932043,464.1220753967536,40.87902085402655,0.08094838042435912,5.684341886080802e-14
2000000.0,700000.0,0.8,443.15,530.3736950336448,3.1400637452938827,45.6320119201506,487.88174685878806,42.491948174856724,0.08011699783142752,1.1368683772161603e-13
2000000.0,700000.0,0.8,453.15,555.9150169815708,3.1400637452938827,47.200868856438554,511.8542118704262,44.060805111144674,0.07925816674350665,0.0
2000000.0,700000.0,0.85,383.15,376.89417240040444,3.1400637452938827,36.87731216710014,343.15692397859823,33.737248421806264,0.08951385002038323,-5.684341886080802e-14
2000000.0,700000.0,0.85,393.15,403.4090382029882,3.1400637452938827,39.14548544860049,367.4036164996816,36.00542170330661,0.08925288799600302,0.0
2000000.0,700000.0,0.85,403.15,429.1291532850246,3.1400637452938827,41.216152869499524,391.0530641608189,38.076089124205645,0.08872874013040026,5.684341886080802e-14
2000000.0,700000.0,0.85,413.15,454.4932788564337,3.1400637452938827,43.15515810418641,414.4781844975412,40.01509435889253,0.08804331377479531,0.0
2000000.0,700000.0,0.85,423.15,479.7373233964307,3.1400637452938827,44.99901827270421,437.8783688690204,41.85895452741033,0.08725390434719252,0.0
2000000.0,700000.0,0.85,433.15,505.00109625078017,3.1400637452938827,46.77027738677792,461.37088260929613,43.63021364148404,0.08639627510792089,0.0
2000000.0,700000.0,0.85,443.15,530.3736950336448,3.1400637452938827,48.48401266516,485.0297461137787,45.34394891986612,0.08549433982956052,0.0
2000000.0,700000.0,0.85,453.15,555.9150169815708,3.1400637452938827,50.1509231599659,508.90415756689885,47.01085941467202,0.08456483091592842,0.0
2000000.0,700000.0,0.9,383.15,376.89417240040444,3.1400637452938827,39.04656582398841,340.98767032170997,35.90650207869453,0.09526945415475466,-5.684341886080802e-14
2000000.0,700000.0,0.9,393.15,403.4090382029882,3.1400637452938827,41.448161063223964,365.10094088505815,38.308097317930084,0.09496092970196204,0.0
2000000.0,700000.0,0.9,403.15,429.1291532850246,3.1400637452938827,43.640632450058355,388.6285845802601,40.500568704764476,0.09437850678456301,0.0
2000000.0,700000.0,0.9,413.15,454.4932788564337,3.1400637452938827,45.69369681619737,411.9396457855302,42.55363307090349,0.09362874007284368,0.0
2000000.0,700000.0,0.9,423.15,479.7373233964307,3.1400637452938827,47.64601934756921,435.2313677941554,44.50595560227533,0.09277150939014568,0.0
2000000.0,700000.0,0.9,433.15,505.00109625078017,3.1400637452938827,49.52147017423541,458.6196898218386,46.38140642894153,0.09184416979148266,5.684341886080802e-14
2000000.0,700000.0,0.9,443.15,530.3736950336448,3.1400637452938827,51.3360134101694,482.17774536876925,48.19594966487552,0.0908716818276935,1.1368683772161603e-13
2000000.0,700000.0,0.9,453.15,555.9150169815708,3.1400637452938827,53.10097746349336,505.9541032633714,49.96091371819948,0.0898714950883504,0.0
2200000.0,500000.0,0.7,383.15,400.37968374535126,3.966544672710297,41.67277387608867,362.6734545419729,37.70622920337837,0.09417618009649115,0.0
2200000.0,500000.0,0.7,393.15,428.9400214023652,3.966544672710297,44.50640747530444,388.40015859977103,40.53986280259414,0.09451172839982193,0.0
2200000.0,500000.0,0.7,403.15,455.8679736317104,3.966544672710297,47.010188561931486,412.8243297424892,43.04364388922119,0.09442129383713971,0.0
2200000.0,500000.0,0.7,413.15,482.0557000918563,3.966544672710297,49.31796569477127,436.70427906979535,45.35142102206097,0.09407921328057982,0.0
2200000.0,500000.0,0.7,423.15,507.90959910860636,3.966544672710297,51.492850062116744,460.3832937191999,47.526305389406446,0.09357237089595523,0.0
2200000.0,500000.0,0.7,433.15,533.6492116486683,3.966544672710297,53.57036299557053,484.04539332580805,49.60381832286023,0.09295210644013328,-1.1368683772161603e-13
2200000.0,500000.0,0.7,443.15,559.4066280102941,3.966544672710297,55.572850135917776,507.8003225470866,51.60630546320748,0.09225186631549498,0.0
2200000.0,500000.0,0.7,453.15,585.2674254347457,3.966544672710297,57.51549182303727,531.7184782844188,53.548947150326974,0.09149483607523515,0.0
2200000.0,500000.0,0.75,383.15,400.37968374535126,3.966544672710297,44.649400581523544,359.69682783653803,40.682855908813245,0.10161068995370974,0.0
2200000.0,500000.0,0.75,393.15,428.9400214023652,3.966544672710297,47.68543658068334,385.22112949439213,43.71889190797304,0.10192308883894687,0.0
2200000.0,500000.0,0.75,403.15,455.8679736317104,3.966544672710297,50.36805917349807,409.4664591309226,46.40151450078777,0.10178717783380617,5.684341886080802e-14
2200000.0,500000.0,0.75,413.15,482.0557000918563,3.966544672710297,52.840677530111975,433.18156723445463,48.874132857401676,0.10138689958046063,0.0
2200000.0,500000.0,0.75,423.15,507.90959910860636,3.966544672710297,55.17091078083939,456.7052330004773,51.20436610812909,0.10081393657059051,0.0
2200000.0,500000.0,0.75,433.15,533.6492116486683,3.966544672710297,57.3968174952541,480.2189388261245,53.4302728225438,0.1001224618274523,-1.1368683772161603e-13
2200000.0,500000.0,0.75,443.15,559.4066280102941,3.966544672710297,59.54233943134046,503.8308332516639,55.57579475863016,0.09934775881419744,0.0
2200000.0,500000.0,0.75,453.15,585.2674254347457,3.966544672710297,61.62374123896845,527.6102288684875,57.65719656625815,0.09851427580038218,0.0
2200000.0,500000.0,0.8,383.15,400.37968374535126,3.966544672710297,47.62602728695853,356.720201131103,43.65948261424823,0.10904519981092861,5.684341886080802e-14
2200000.0,500000.0,0.8,393.15,428.9400214023652,3.966544672710297,50.86446568606223,382.0421003890132,46.89792101335193,0.10933444927807182,0.0
2200000.0,500000.0,0.8,403.15,455.8679736317104,3.966544672710297,53.72592978506466,406.10858851935603,49.75938511235436,0.10915306183047264,5.684341886080802e-14
2200000.0,500000.0,0.8,413.15,482.0557000918563,3.966544672710297,56.36338936545281,429.6588553991138,52.39684469274251,0.10869458588034168,0.0
2200000.0,500000.0,0.8,423.15,507.90959910860636,3.966544672710297,58.84897149956203,453.0271722817546,54.882426826851734,0.10805550224522577,5.684341886080802e-14
2200000.0,500000.0,0.8,433.15,533.6492116486683,3.966544672710297,61.223271994937676,476.3924843264409,57.25672732222738,0.10729281721477132,-1.1368683772161603e-13
2200000.0,500000.0,0.8,443.15,559.4066280102941,3.966544672710297,63.51182872676314,499.8613439562412,59.54528405405284,0.1064436513128999,0.0
2200000.0,500000.0,0.8,453.15,585.2674254347457,3.966544672710297,65.73199065489973,523.5019794525563,61.76544598218943,0.10553371552552937,0.0
2200000.0,500000.0,0.85,383.15,400.37968374535126,3.966544672710297,50.60265399239341,353.74357442566816,46.63610931968311,0.11647970966814719,0.0
2200000.0,500000.0,0.85,393.15,428.9400214023652,3.966544672710297,54.043494791441134,378.8630712836343,50.076950118730835,0.11674580971719677,0.0
2200000.0,500000.0,0.85,403.15,455.8679736317104,3.966544672710297,57.08380039663112,402.7507179077896,53.11725572392082,0.11651894582713883,0.0
2200000.0,500000.0,0.85,413.15,482.0557000918563,3.966544672710297,59.88610120079364,426.136143563773,55.91955652808334,0.11600227218022274,0.0
2200000.0,500000.0,0.85,423.15,507.90959910860636,3.966544672710297,62.52703221828455,449.34911156303207,58.560487545574254,0.11529706791986079,5.684341886080802e-14
2200000.0,500000.0,0.85,433.15,533.6492116486683,3.966544672710297,65.04972649462125,472.5660298267573,61.083181821910955,0.11446317260209034,0.0
2200000.0,500000.0,0.85,443.15,559.4066280102941,3.966544672710297,67.48131802218593,495.8918546608184,63.51477334947563,0.11353954381160254,0.0
2200000.0,500000.0,0.85,453.15,585.2674254347457,3.966544672710297,69.84024007083103,519.393730036625,65.87369539812073,0.1125531552506766,0.0
2200000.0,500000.0,0.9,383.15,400.37968374535126,3.966544672710297,53.579280697828274,350.7669477202333,49.612736025117975,0.12391421952536577,0.0
2200000.0,500000.0,0.9,393.15,428.9400214023652,3.966544672710297,57.22252389682003,375.6840421782554,53.25597922410973,0.12415717015632172,5.684341886080802e-14
2200000.0,500000.0,0.9,403.15,455.8679736317104,3.966544672710297,60.44167100819771,399.392847296223,56.47512633548741,0.1238848298238053,0.0
2200000.0,500000.0,0.9,413.15,482.0557000918563,3.966544672710297,63.40881303613435,422.61343172843226,59.44226836342405,0.12330995848010355,0.0
2200000.0,500000.0,0.9,423.15,507.90959910860636,3.966544672710297,66.2050929370072,445.67105084430943,62.238548264296895,0.12253863359449606,5.684341886080802e-14
2200000.0,500000.0,0.9,433.15,533.6492116486683,3.966544672710297,68.87618099430483,468.73957532707374,64.90963632159453,0.12163352798940937,0.0
2200000.0,500000.0,0.9,443.15,559.4066280102941,3.966544672710297,71.45080731760862,491.9223653653957,67.48426264489832,0.12063543631030502,0.0
2200000.0,500000.0,0.9,453.15,585.2674254347457,3.966544672710297,73.94848948676221,515.2854806206939,69.98194481405191,0.11957259497582363,-1.1368683772161603e-13
2200000.0,550000.0,0.7,383.15,391.28911949178297,3.884793772442441,38.88112470726971,356.2927885569557,34.99633093482727,0.0894385486115266,0.0
2200000.0,550000.0,0.7,393.15,419.8494571487969,3.884793772442441,41.56260855288129,382.17164236835805,37.677814780438844,0.08974124924755024,0.0
2200000.0,550000.0,0.7,403.15,446.7774093781421,3.884793772442441,43.928599913782094,406.7336032368024,40.04380614133965,0.0896280906348322,5.684341886080802e-14
2200000.0,550000.0,0.7,413.15,472.965135838288,3.884793772442441,46.10711682583485,430.7428127848956,42.22232305339241,0.08927153367987083,0.0
2200000.0,550000.0,0.7,423.15,498.81903485503807,3.884793772442441,48.15853008891537,454.54529853856513,44.27373631647293,0.08875711074125174,0.0
2200000.0,550000.0,0.7,433.15,524.5586473951,3.884793772442441,50.116812342958994,478.32662882458345,46.23201857051655,0.08813508041493477,0.0
2200000.0,550000.0,0.7,443.15,550.3160637567257,3.884793772442441,52.0033334204331,502.1975241087351,48.11853964799066,0.0874380066602273,0.0
2200000.0,550000.0,0.7,453.15,576.1768611811774,3.884793772442441,53.83261276284768,526.2290421907722,49.94781899040524,0.08668834581106039,-1.1368683772161603e-13
2200000.0,550000.0,0.75,383.15,391.28911949178297,3.884793772442441,41.65834790064604,353.51556536357936,37.7735541282036,0.09653617298959125,0.0
2200000.0,550000.0,0.75,393.15,419.8494571487969,3.884793772442441,44.531366306658484,379.20288461458085,40.64657253421604,0.09681225458822179,0.0
2200000.0,550000.0,0.75,403.15,446.7774093781421,3.884793772442441,47.06635705048079,403.59584610010376,43.18156327803835,0.09665117880096409,0.0
2200000.0,550000.0,0.75,413.15,472.965135838288,3.884793772442441,49.40048231339443,427.449447297336,45.515688540951984,0.0962347646624725,0.0
2200000.0,550000.0,0.75,423.15,498.81903485503807,3.884793772442441,51.59842509526643,451.10540353221404,47.713631322823986,0.09565318880962523,5.684341886080802e-14
2200000.0,550000.0,0.75,433.15,524.5586473951,3.884793772442441,53.69658465317031,474.7468565143721,49.81179088072787,0.09495943137738304,0.0
2200000.0,550000.0,0.75,443.15,550.3160637567257,3.884793772442441,55.71785723617836,498.48300029298986,51.83306346373592,0.09418780747539543,0.0
2200000.0,550000.0,0.75,453.15,576.1768611811774,3.884793772442441,57.67779938876536,522.3838555648546,53.793005616322915,0.09336196789653418,-1.1368683772161603e-13
2200000.0,550000.0,0.8,383.15,391.28911949178297,3.884793772442441,44.43557109402248,350.73834217020294,40.550777321580036,0.10363379736765617,0.0
2200000.0,550000.0,0.8,393.15,419.8494571487969,3.884793772442441,47.50012406043569,376.23412686080366,43.615330287993245,0.10388325992889337,0.0
2200000.0,550000.0,0.8,403.15,446.7774093781421,3.884793772442441,50.204114187179485,400.45808896340503,46.31932041473704,0.10367426696709599,5.684341886080802e-14
2200000.0,550000.0,0.8,413.15,472.965135838288,3.884793772442441,52.69384780095401,424.1560818097764,48.80905402851157,0.10319799564507419,0.0
2200000.0,550000.0,0.8,423.15,498.81903485503807,3.884793772442441,55.0383201016176,447.6655085258629,51.15352632917516,0.10254926687799895,0.0
2200000.0,550000.0,0.8,433.15,524.5586473951,3.884793772442441,57.27635696338164,471.1670842041608,53.391563190939195,0.10178378233983133,0.0
2200000.0,550000.0,0.8,443.15,550.3160637567257,3.884793772442441,59.43238105192361,494.7684764772446,55.54758727948117,0.10093760829056354,0.0
2200000.0,550000.0,0.8,453.15,576.1768611811774,3.884793772442441,61.522986014683035,518.5386689389369,57.63819224224059,0.10003558998200798,-1.1368683772161603e-13
2200000.0,550000.0,0.85,383.15,391.28911949178297,3.884793772442441,47.21279428739892,347.96111897682647,43.32800051495648,0.1107314217457211,0.0
2200000.0,550000.0,0.85,393.15,419.8494571487969,3.884793772442441,50.468881814212885,373.26536910702646,46.58408804177044,0.11095426526956492,0.0
2200000.0,550000.0,0.85,403.15,446.7774093781421,3.884793772442441,53.34187132387818,397.32033182670637,49.45707755143574,0.11069735513322788,0.0
2200000.0,550000.0,0.85,413.15,472.965135838288,3.884793772442441,55.98721328851371,420.8627163222167,52.102419516071265,0.11016122662767612,0.0
2200000.0,550000.0,0.85,423.15,498.81903485503807,3.884793772442441,58.47821510796866,444.22561351951185,54.593421335526216,0.10944534494637244,0.0
2200000.0,550000.0,0.85,433.15,524.5586473951,3.884793772442441,60.85612927359296,467.58731189394945,56.97133550115052,0.10860813330227963,0.0
2200000.0,550000.0,0.85,443.15,550.3160637567257,3.884793772442441,63.146904867668866,491.0539526614993,59.26211109522642,0.10768740910573164,0.0
2200000.0,550000.0,0.85,453.15,576.1768611811774,3.884793772442441,65.36817264060082,514.6934823130191,61.483378868158375,0.10670921206748196,-1.1368683772161603e-13
2200000.0,550000.0,0.9,383.15,391.28911949178297,3.884793772442441,49.990017480775364,345.18389578345005,46.10522370833292,0.11782904612378604,0.0
2200000.0,550000.0,0.9,393.15,419.8494571487969,3.884793772442441,53.43763956799009,370.2966113532492,49.55284579554765,0.1180252706102365,0.0
2200000.0,550000.0,0.9,403.15,446.7774093781421,3.884793772442441,56.47962846057699,394.1825746900075,52.59483468813455,0.11772044329936003,5.684341886080802e-14
2200000.0,550000.0,0.9,413.15,472.965135838288,3.884793772442441,59.28057877607329,417.56935083465714,55.39578500363085,0.1171244576102778,0.0
2200000.0,550000.0,0.9,423.15,498.81903485503807,3.884793772442441,61.91811011431972,440.78571851316076,58.033316341877274,0.11634142301474593,5.684341886080802e-14
2200000.0,550000.0,0.9,433.15,524.5586473951,3.884793772442441,64.43590158380428,464.00753958373815,60.55110781136184,0.11543248426472791,0.0
2200000.0,550000.0,0.9,443.15,550.3160637567257,3.884793772442441,66.86142868341412,487.33942884575407,62.976634910971676,0.11443720992089976,0.0
2200000.0,550000.0,0.9,453.15,576.1768611811774,3.884793772442441,69.2133592665185,510.84829568710137,65.32856549407606,0.11338283415295577,0.0
2200000.0,600000.0,0.7,383.15,382.71210686016235,3.799888623203966,36.333236530523514,350.17875895284277,32.53334790731955,0.08500736539073425,5.684341886080802e-14
2200000.0,600000.0,0.7,393.15,411.27244451717627,3.799888623203966,38.87376050403109,376.1985726363491,35.07387188082713,0.08528135630871889,0.0
2200000.0,600000.0,0.7,403.15,438.20039674652145,3.799888623203966,41.112304802552565,400.88798056717286,37.3124161793486,0.08514920674736882,0.0
2200000.0,600000.0,0.7,413.15,464.3881232066674,3.799888623203966,43.17142003318982,425.0165917966815,39.37153140998585,0.08478152097887369,5.684341886080802e-14
2200000.0,600000.0,0.7,423.15,490.2420222234174,3.799888623203966,45.10889733579022,448.9330135108312,41.30900871258625,0.0842624802444221,-5.684341886080802e-14
2200000.0,600000.0,0.7,433.15,515.9816347634794,3.799888623203966,46.957248758292295,472.82427462839104,43.157360135088325,0.08364127175741673,0.0
2200000.0,600000.0,0.7,443.15,541.7390511251051,3.799888623203966,48.73692415182374,496.8020155964854,44.937035528619774,0.08294959618527178,0.0
2200000.0,600000.0,0.7,453.15,567.5998485495568,3.799888623203966,50.46181972742826,520.9379174453325,46.661931104224294,0.08220920288027574,0.0
2200000.0,600000.0,0.75,383.15,382.71210686016235,3.799888623203966,38.92846771127521,347.5835277720911,35.12857908807125,0.09178852317025533,0.0
2200000.0,600000.0,0.75,393.15,411.27244451717627,3.799888623203966,41.65045768289047,373.42187545748976,37.85056905968651,0.09203283508118844,0.0
2200000.0,600000.0,0.75,403.15,438.20039674652145,3.799888623203966,44.04889800273487,397.95138736699056,40.249009379530904,0.09185069132379879,0.0
2200000.0,600000.0,0.75,413.15,464.3881232066674,3.799888623203966,46.25509289270337,421.932918937168,42.455204269499404,0.09142181323747053,0.0
2200000.0,600000.0,0.75,423.15,490.2420222234174,3.799888623203966,48.33096143120376,445.71094941541764,44.53107280799979,0.09083487499916051,-5.684341886080802e-14
2200000.0,600000.0,0.75,433.15,515.9816347634794,3.799888623203966,50.31133795531315,469.47018543137017,46.51144933210918,0.09014167597928081,0.0
2200000.0,600000.0,0.75,443.15,541.7390511251051,3.799888623203966,52.21813301981113,493.320806728498,48.418244396607165,0.08937558460304872,0.0
2200000.0,600000.0,0.75,453.15,567.5998485495568,3.799888623203966,54.06623542224453,517.3335017505162,50.26634679904056,0.08855947887845822,0.0
2200000.0,600000.0,0.8,383.15,382.71210686016235,3.799888623203966,41.52369889202691,344.9882965913394,37.723810268822945,0.09856968094977643,0.0
2200000.0,600000.0,0.8,393.15,411.27244451717627,3.799888623203966,44.42715486174985,370.64517827863034,40.627266238545886,0.098784313853658,5.684341886080802e-14
2200000.0,600000.0,0.8,403.15,438.20039674652145,3.799888623203966,46.98549120291718,395.01479416680826,43.18560257971322,0.09855217590022877,0.0
2200000.0,600000.0,0.8,413.15,464.3881232066674,3.799888623203966,49.338765752216915,418.8492460776544,45.538877129012945,0.09806210549606736,0.0
2200000.0,600000.0,0.8,423.15,490.2420222234174,3.799888623203966,51.55302552661742,442.488885320004,47.75313690341345,0.09740726975389917,-5.684341886080802e-14
2200000.0,600000.0,0.8,433.15,515.9816347634794,3.799888623203966,53.66542715233401,466.1160962343493,49.86553852913005,0.09664208020114494,1.1368683772161603e-13
2200000.0,600000.0,0.8,443.15,541.7390511251051,3.799888623203966,55.69934188779851,489.8395978605106,51.89945326459454,0.09580157302082562,0.0
2200000.0,600000.0,0.8,453.15,567.5998485495568,3.799888623203966,57.67065111706091,513.7290860556999,53.870762493856944,0.09490975487664093,0.0
2200000.0,600000.0,0.85,383.15,382.71210686016235,3.799888623203966,44.11893007277849,342.39306541058784,40.31904144957453,0.10535083872929722,0.0
2200000.0,600000.0,0.85,393.15,411.27244451717627,3.799888623203966,47.203852040609114,367.8684810997711,43.40396341740515,0.10553579262612728,5.684341886080802e-14
2200000.0,600000.0,0.85,403.15,438.20039674652145,3.799888623203966,49.92208440309961,392.07820096662584,46.12219577989565,0.10525366047665903,-5.684341886080802e-14
2200000.0,600000.0,0.85,413.15,464.3881232066674,3.799888623203966,52.42243861173047,415.76557321814084,48.6225499885265,0.10470239775466422,5.684341886080802e-14
2200000.0,600000.0,0.85,423.15,490.2420222234174,3.799888623203966,54.77508962203097,439.2668212245904,50.975200998827006,0.10397966450863762,0.0
2200000.0,600000.0,0.85,433.15,515.9816347634794,3.799888623203966,57.019516349354994,462.7620070373283,53.21962772615103,0.10314248442300927,1.1368683772161603e-13
2200000.0,600000.0,0.85,443.15,541.7390511251051,3.799888623203966,59.180550755785895,486.3583889925232,55.38066213258193,0.10222756143860255,0.0
2200000.0,600000.0,0.85,453.15,567.5998485495568,3.799888623203966,61.27506681187719,510.12467036088356,57.475178188673226,0.10126003087482344,0.0
2200000.0,600000.0,0.9,383.15,382.71210686016235,3.799888623203966,46.714161253530186,339.7978342298361,42.914272630326224,0.1121319965088183,5.684341886080802e-14
2200000.0,600000.0,0.9,393.15,411.27244451717627,3.799888623203966,49.98054921946849,365.0917839209117,46.18066059626453,0.11228727139859683,0.0
2200000.0,600000.0,0.9,403.15,438.20039674652145,3.799888623203966,52.85867760328192,389.14160776644354,49.05878898007795,0.11195514505308898,-5.684341886080802e-14
2200000.0,600000.0,0.9,413.15,464.3881232066674,3.799888623203966,55.50611147124402,412.68190035862733,51.706222848040056,0.11134269001326107,0.0
2200000.0,600000.0,0.9,423.15,490.2420222234174,3.799888623203966,57.99715371744451,436.04475712917684,54.19726509424055,0.11055205926337604,0.0
2200000.0,600000.0,0.9,433.15,515.9816347634794,3.799888623203966,60.373605546375856,459.40791784030745,56.57371692317189,0.10964288864487336,1.1368683772161603e-13
2200000.0,600000.0,0.9,443.15,541.7390511251051,3.799888623203966,62.6617596237734,482.8771801245357,58.86187100056944,0.10865354985637969,0.0
2200000.0,600000.0,0.9,453.15,567.5998485495568,3.799888623203966,64.87948250669346,506.52025466606733,61.079593883489494,0.10761030687300593,0.0
2200000.0,650000.0,0.7,383.15,374.57621274551263,3.7121080506768194,33.99148967465991,344.2968311215296,30.27938162398309,0.08083637079366524,-5.684341886080802e-14
2200000.0,650000.0,0.7,393.15,403.13655040252655,3.7121080506768194,36.400447361245284,370.4482110919581,32.688339310568466,0.08108503006718093,0.0
2200000.0,650000.0,0.7,403.15,430.0645026318718,3.7121080506768194,38.52023388773448,395.2563767948141,34.80812583705766,0.08093698880991544,0.0
2200000.0,650000.0,0.7,413.15,456.25222909201767,3.7121080506768194,40.468233014564376,419.4961041281301,36.75612496388756,0.08056097618862158,0.0
2200000.0,650000.0,0.7,423.15,482.10612810876773,3.7121080506768194,42.299789119073075,443.5184470403715,38.58768106839626,0.08003980621397641,0.0
2200000.0,650000.0,0.7,433.15,507.8457406488297,3.7121080506768194,44.04602742042043,467.51182127908606,40.33391936974361,0.07942159624734181,0.0
2200000.0,650000.0,0.7,443.15,533.6031570104553,3.7121080506768194,45.72652461214073,491.58874044899153,42.01441656146391,0.07873719637802047,0.0
2200000.0,650000.0,0.7,453.15,559.463954434907,3.7121080506768194,47.35458515362465,515.8214773319593,43.64247710294783,0.07800766565386578,0.0
2200000.0,650000.0,0.75,383.15,374.57621274551263,3.7121080506768194,36.419453222849874,341.8688675733396,32.707345172173056,0.08731826544040172,-5.684341886080802e-14
2200000.0,650000.0,0.75,393.15,403.13655040252655,3.7121080506768194,39.00047931561991,367.8481791375835,35.288371264943095,0.08753453694463605,0.0
2200000.0,650000.0,0.75,403.15,430.0645026318718,3.7121080506768194,41.2716791654299,392.5049315171187,37.55957111475308,0.0873347390563491,0.0
2200000.0,650000.0,0.75,413.15,456.25222909201767,3.7121080506768194,43.358821087033256,416.60551605566127,39.64671303635644,0.0868964807366682,-5.684341886080802e-14
2200000.0,650000.0,0.75,423.15,482.10612810876773,3.7121080506768194,45.32120262757829,440.4970335318663,41.60909457690147,0.08630691905976781,-5.684341886080802e-14
2200000.0,650000.0,0.75,433.15,507.8457406488297,3.7121080506768194,47.19217223616468,464.3656764633418,43.48006418548786,0.08561667590228722,0.0
2200000.0,650000.0,0.75,443.15,533.6031570104553,3.7121080506768194,48.992704941579376,488.32256011955286,45.28059689090256,0.0848581877674598,0.0
2200000.0,650000.0,0.75,453.15,559.463954434907,3.7121080506768194,50.73705552174069,512.4390069638432,47.024947471063875,0.08405357860554566,0.0
2200000.0,650000.0,0.8,383.15,374.57621274551263,3.7121080506768194,38.84741677103983,339.4409040251496,35.135308720363014,0.09380016008713818,0.0
2200000.0,650000.0,0.8,393.15,403.13655040252655,3.7121080506768194,41.60051126999455,365.24814718320886,37.88840321931773,0.09398404382209119,-5.684341886080802e-14
2200000.0,650000.0,0.8,403.15,430.0645026318718,3.7121080506768194,44.02312444312521,389.7534862394234,40.311016392448394,0.0937324893027825,0.0
2200000.0,650000.0,0.8,413.15,456.25222909201767,3.7121080506768194,46.24940915950213,413.71492798319235,42.53730110882531,0.09323198528471478,0.0
2200000.0,650000.0,0.8,423.15,482.10612810876773,3.7121080506768194,48.34261613608349,437.47562002336105,44.630508085406674,0.0925740319055592,0.0
2200000.0,650000.0,0.8,433.15,507.8457406488297,3.7121080506768194,50.33831705190905,461.2195316475974,46.62620900123223,0.09181175555723287,5.684341886080802e-14
2200000.0,650000.0,0.8,443.15,533.6031570104553,3.7121080506768194,52.25888527101802,485.05637979011425,48.546777220341205,0.09097917915689915,-1.1368683772161603e-13
2200000.0,650000.0,0.8,453.15,559.463954434907,3.7121080506768194,54.11952588985674,509.0565365957272,50.40741783917992,0.09009949155722555,-1.1368683772161603e-13
2200000.0,650000.0,0.85,383.15,374.57621274551263,3.7121080506768194,41.27538031922979,337.01294047695967,37.56327226855297,0.10028205473387465,0.0
2200000.0,650000.0,0.85,393.15,403.13655040252655,3.7121080506768194,44.20054322436918,362.64811522883423,40.48843517369236,0.10043355069954632,-5.684341886080802e-14
2200000.0,650000.0,0.85,403.15,430.0645026318718,3.7121080506768194,46.77456972082052,387.0020409617281,43.062461670143705,0.10013023954921588,0.0
2200000.0,650000.0,0.85,413.15,456.25222909201767,3.7121080506768194,49.13999723197101,410.8243399107235,45.42788918129419,0.0995674898327614,0.0
2200000.0,650000.0,0.85,423.15,482.10612810876773,3.7121080506768194,51.364029644588705,434.45420651485585,47.65192159391189,0.0988411447513506,0.0
2200000.0,650000.0,0.85,433.15,507.8457406488297,3.7121080506768194,53.4844618676533,458.0733868318532,49.772353816976484,0.09800683521217829,0.0
2200000.0,650000.0,0.85,443.15,533.6031570104553,3.7121080506768194,55.52506560045667,481.7901994606756,51.81295754977985,0.0971001705463385,0.0
2200000.0,650000.0,0.85,453.15,559.463954434907,3.7121080506768194,57.501996257972785,505.67406622761115,53.78988820729597,0.09614540450890542,0.0
2200000.0,650000.0,0.9,383.15,374.57621274551263,3.7121080506768194,43.703343867419754,334.5849769287697,39.991235816742936,0.10676394938061112,0.0
2200000.0,650000.0,0.9,393.15,403.13655040252655,3.7121080506768194,46.800575178743806,360.0480832744596,43.08846712806699,0.10688305757700144,-5.684341886080802e-14
2200000.0,650000.0,0.9,403.15,430.0645026318718,3.7121080506768194,49.526014998515834,384.25059568403276,45.813906947839016,0.10652798979564927,0.0
2200000.0,650000.0,0.9,413.15,456.25222909201767,3.7121080506768194,52.03058530443988,407.93375183825464,48.318477253763064,0.10590299438080798,0.0
2200000.0,650000.0,0.9,423.15,482.10612810876773,3.7121080506768194,54.38544315309392,431.4327930063506,50.6733351024171,0.105108257597142,5.684341886080802e-14
2200000.0,650000.0,0.9,433.15,507.8457406488297,3.7121080506768194,56.630606683397666,454.92724201610883,52.91849863272085,0.10420191486712392,0.0
2200000.0,650000.0,0.9,443.15,533.6031570104553,3.7121080506768194,58.791245929895204,478.5240191312371,55.079137879218386,0.10322116193577763,-1.1368683772161603e-13
2200000.0,650000.0,0.9,453.15,559.463954434907,3.7121080506768194,60.88446662608883,502.2915958594951,57.17235857541201,0.1021913174605853,0.0
2200000.0,700000.0,0.7,383.15,366.8238854658677,3.621673508129432,31.826436219085007,338.6191227549121,28.204762710955574,0.0768891117194711,5.684341886080802e-14
2200000.0,700000.0,0.7,393.15,395.3842231228816,3.621673508129432,34.11182151362125,364.8940751173898,30.490148005491818,0.07711523683132843,5.684341886080802e-14
2200000.0,700000.0,0.7,403.15,422.3121753522268,3.621673508129432,36.12025190196803,389.81359695838825,32.4985783938386,0.07695392245495496,-5.684341886080802e-14
2200000.0,700000.0,0.7,413.15,448.49990181237274,3.621673508129432,37.96419551680854,414.15737980369363,34.342522008679104,0.07657197218974218,0.0
2200000.0,700000.0,0.7,423.15,474.35380082912275,3.621673508129432,39.6966613833115,438.2788129539407,36.07498787518207,0.0760508038770357,0.0
2200000.0,700000.0,0.7,433.15,500.0934133691847,3.621673508129432,41.347450463800925,462.3676364135132,37.72577695567149,0.0754374601767073,5.684341886080802e-14
2200000.0,700000.0,0.7,443.15,525.8508297308105,3.621673508129432,42.93530600487522,486.5371972340647,39.31363249674579,0.0747619482066253,0.0
2200000.0,700000.0,0.7,453.15,551.7116271552621,3.621673508129432,44.4729673266256,510.860333336766,40.85129381849617,0.07404464906627722,0.0
2200000.0,700000.0,0.75,383.15,366.8238854658677,3.621673508129432,34.09975309187686,336.34580588212026,30.47807958374743,0.08308640955874548,5.684341886080802e-14
2200000.0,700000.0,0.75,393.15,395.3842231228816,3.621673508129432,36.54838019316562,362.4575164378454,32.92670668503619,0.08327774544206556,5.684341886080802e-14
2200000.0,700000.0,0.75,403.15,422.3121753522268,3.621673508129432,38.70026989496569,387.23357896539056,35.07859638683626,0.08306318982534468,0.0
2200000.0,700000.0,0.75,413.15,448.49990181237274,3.621673508129432,40.67592376800918,411.44565155249296,37.054250259879744,0.08261819034997508,5.684341886080802e-14
2200000.0,700000.0,0.75,423.15,474.35380082912275,3.621673508129432,42.53213719640521,435.443337140847,38.910463688275776,0.08202835862232831,0.0
2200000.0,700000.0,0.75,433.15,500.0934133691847,3.621673508129432,44.30083978264383,459.4142470946703,40.679166274514394,0.081343135476339,0.0
2200000.0,700000.0,0.75,443.15,525.8508297308105,3.621673508129432,46.002113576652015,483.4703896622879,42.38044006852258,0.0805940347954146,0.0
2200000.0,700000.0,0.75,453.15,551.7116271552621,3.621673508129432,47.64960784995603,507.6836928134356,44.027934341826594,0.07980244057723347,0.0
2200000.0,700000.0,0.8,383.15,366.8238854658677,3.621673508129432,36.373069964668595,334.07248900932854,32.75139645653916,0.08928370739801954,0.0
2200000.0,700000.0,0.8,393.15,395.3842231228816,3.621673508129432,38.98493887270999,360.02095775830105,35.363265364580556,0.08944025405280269,0.0
2200000.0,700000.0,0.8,403.15,422.3121753522268,3.621673508129432,41.28028788796347,384.65356097239277,37.658614379834034,0.08917245719573466,0.0
2200000.0,700000.0,0.8,413.15,448.49990181237274,3.621673508129432,43.38765201920981,408.73392330129235,39.76597851108038,0.08866440851020796,0.0
2200000.0,700000.0,0.8,423.15,474.35380082912275,3.621673508129432,45.367613009498804,432.6078613277534,41.74593950136937,0.08800591336762068,-5.684341886080802e-14
2200000.0,700000.0,0.8,433.15,500.0934133691847,3.621673508129432,47.254229101486736,456.4608577758274,43.6325555933573,0.08724881077597073,5.684341886080802e-14
2200000.0,700000.0,0.8,443.15,525.8508297308105,3.621673508129432,49.06892114842893,480.403582090511,45.447247640299494,0.08642612138420415,0.0
2200000.0,700000.0,0.8,453.15,551.7116271552621,3.621673508129432,50.82624837328645,504.50705229010515,47.204574865157014,0.0855602320881897,0.0
2200000.0,700000.0,0.85,383.15,366.8238854658677,3.621673508129432,38.64638683746045,331.7991721365367,35.024713329331014,0.0954810052372939,0.0
2200000.0,700000.0,0.85,393.15,395.3842231228816,3.621673508129432,41.42149755225435,357.5843990787567,37.79982404412492,0.0956027626635398,0.0
2200000.0,700000.0,0.85,403.15,422.3121753522268,3.621673508129432,43.86030588096124,382.07354297939503,40.23863237283181,0.09528172456612465,0.0
2200000.0,700000.0,0.85,413.15,448.49990181237274,3.621673508129432,46.09938027041044,406.02219505009174,42.47770676228101,0.09471062667044085,0.0
2200000.0,700000.0,0.85,423.15,474.35380082912275,3.621673508129432,48.20308882259251,429.7723855146597,44.58141531446308,0.09398346811291329,0.0
2200000.0,700000.0,0.85,433.15,500.0934133691847,3.621673508129432,50.20761842032976,453.5074684569844,46.585944912200326,0.09315448607560267,0.0
2200000.0,700000.0,0.85,443.15,525.8508297308105,3.621673508129432,52.13572872020572,477.3367745187342,48.514055212076286,0.09225820797299346,0.0
2200000.0,700000.0,0.85,453.15,551.7116271552621,3.621673508129432,54.002888896616874,501.3304117667747,50.38121538848744,0.09131802359914595,0.0
2200000.0,700000.0,0.9,383.15,366.8238854658677,3.621673508129432,40.919703710252186,329.525855263745,37.29803020212275,0.10167830307656797,0.0
2200000.0,700000.0,0.9,393.15,395.3842231228816,3.621673508129432,43.85805623179872,355.1478403992123,40.23638272366929,0.10176527127427694,0.0
2200000.0,700000.0,0.9,403.15,422.3121753522268,3.621673508129432,46.4403238739589,379.49352498639735,42.81865036582947,0.10139099193651437,0.0
2200000.0,700000.0,0.9,413.15,448.49990181237274,3.621673508129432,48.81110852161096,403.3104667988912,45.18943501348153,0.10075684483067347,5.684341886080802e-14
2200000.0,700000.0,0.9,423.15,474.35380082912275,3.621673508129432,51.03856463568623,426.936909701566,47.416891127556795,0.09996102285820592,0.0
2200000.0,700000.0,0.9,433.15,500.0934133691847,3.621673508129432,53.16100773917267,450.55407913814145,49.539334231043235,0.09906016137523439,5.684341886080802e-14
2200000.0,700000.0,0.9,443.15,525.8508297308105,3.621673508129432,55.20253629198251,474.2699669469574,51.58086278385308,0.09809029456178278,0.0
2200000.0,700000.0,0.9,453.15,551.7116271552621,3.621673508129432,57.17952941994718,498.1537712434444,53.55785591181775,0.09707581511010198,0.0
2400000.0,500000.0,0.7,393.15,419.78032570959317,4.431780959741794,45.63126069934783,378.58084596998714,41.19947973960603,0.09814533272840449,0.0
2400000.0,500000.0,0.7,403.15,448.422183575322,4.431780959741794,48.54110087304865,404.3128636620151,44.109319913306855,0.09836560618303523,0.0
2400000.0,500000.0,0.7,413.15,475.66511715347303,4.431780959741794,51.146235513126015,428.95066260008883,46.71445455338422,0.09820870370511495,0.0
2400000.0,500000.0,0.7,423.15,502.25638215060354,4.431780959741794,53.56304611708375,453.12511699326154,49.13126515734196,0.09782108680623944,5.684341886080802e-14
2400000.0,500000.0,0.7,433.15,528.5501957627807,4.431780959741794,55.848981777441224,477.13299494508124,51.41720081769943,0.09727969307342012,1.1368683772161603e-13
2400000.0,500000.0,0.7,443.15,554.7441602063884,4.431780959741794,58.0374764757558,501.1384646903744,53.60569551601401,0.0966313831876489,0.0
2400000.0,500000.0,0.7,453.15,580.9603423633254,4.431780959741794,60.15009708564868,525.2420262374184,55.71831612590689,0.095907262618386,1.1368683772161603e-13
2400000.0,500000.0,0.75,393.15,419.78032570959317,4.431780959741794,48.89063646358694,375.321470205748,44.45885550384514,0.10590981230168961,0.0
2400000.0,500000.0,0.75,403.15,448.422183575322,4.431780959741794,52.008322363980696,400.84564217108306,47.5765414042389,0.10609765338749665,0.0
2400000.0,500000.0,0.75,413.15,475.66511715347303,4.431780959741794,54.79953804977785,425.29736006343694,50.36775709003606,0.10588911247360805,0.0
2400000.0,500000.0,0.75,423.15,502.25638215060354,4.431780959741794,57.38897798258974,449.29918512775555,52.95719702284795,0.10543857461022473,5.684341886080802e-14
2400000.0,500000.0,0.75,433.15,528.5501957627807,4.431780959741794,59.838194761544116,473.14378196097834,55.40641380180232,0.10482715595600563,1.1368683772161603e-13
2400000.0,500000.0,0.75,443.15,554.7441602063884,4.431780959741794,62.183010509738466,496.9929306563917,57.75122954999667,0.10410425867035852,0.0
2400000.0,500000.0,0.75,453.15,580.9603423633254,4.431780959741794,64.44653259176644,520.9455907313007,60.01475163202465,0.10330266501132734,0.0
2400000.0,500000.0,0.8,393.15,419.78032570959317,4.431780959741794,52.15001222782605,372.0620944415089,47.71823126808426,0.11367429187497474,0.0
2400000.0,500000.0,0.8,403.15,448.422183575322,4.431780959741794,55.47554385491274,397.378420680151,51.04376289517095,0.11382970059195804,0.0
2400000.0,500000.0,0.8,413.15,475.66511715347303,4.431780959741794,58.452840586429694,421.6440575267851,54.0210596266879,0.11356952124210118,0.0
2400000.0,500000.0,0.8,423.15,502.25638215060354,4.431780959741794,61.21490984809573,445.47325326224956,56.783128888353936,0.11305606241420998,5.684341886080802e-14
2400000.0,500000.0,0.8,433.15,528.5501957627807,4.431780959741794,63.82740774564701,469.15456897687545,59.395626785905215,0.11237461883859114,1.1368683772161603e-13
2400000.0,500000.0,0.8,443.15,554.7441602063884,4.431780959741794,66.32854454372101,492.8473966224092,61.896763583979215,0.11157713415306794,0.0
2400000.0,500000.0,0.8,453.15,580.9603423633254,4.431780959741794,68.7429680978842,516.649155225183,64.3111871381424,0.11069806740426869,0.0
2400000.0,500000.0,0.85,393.15,419.78032570959317,4.431780959741794,55.409387992065284,368.8027186772697,50.97760703232349,0.12143877144826015,0.0
2400000.0,500000.0,0.85,403.15,448.422183575322,4.431780959741794,58.94276534584479,393.91119918921896,54.510984386103,0.12156174779641946,0.0
2400000.0,500000.0,0.85,413.15,475.66511715347303,4.431780959741794,62.10614312308165,417.99075499013315,57.67436216333986,0.12124993001059454,0.0
2400000.0,500000.0,0.85,423.15,502.25638215060354,4.431780959741794,65.04084171360172,441.64732139674356,60.60906075385993,0.12067355021819527,5.684341886080802e-14
2400000.0,500000.0,0.85,433.15,528.5501957627807,4.431780959741794,67.81662072975003,465.16535599277245,63.384839770008234,0.1199220817211769,0.0
2400000.0,500000.0,0.85,443.15,554.7441602063884,4.431780959741794,70.47407857770357,488.70186258842665,66.04229761796176,0.11905000963577737,0.0
2400000.0,500000.0,0.85,453.15,580.9603423633254,4.431780959741794,73.03940360400198,512.3527197190651,68.60762264426018,0.11809346979721005,0.0
2400000.0,500000.0,0.9,393.15,419.78032570959317,4.431780959741794,58.6687637563044,365.5433429130306,54.23698279656261,0.12920325102154528,0.0
2400000.0,500000.0,0.9,403.15,448.422183575322,4.431780959741794,62.40998683677684,390.4439776982869,57.978205877035045,0.12929379500088087,0.0
2400000.0,500000.0,0.9,413.15,475.66511715347303,4.431780959741794,65.75944565973349,414.3374524534813,61.32766469999169,0.12893033877908766,0.0
2400000.0,500000.0,0.9,423.15,502.25638215060354,4.431780959741794,68.86677357910771,437.82138953123757,64.43499261936591,0.12829103802218053,5.684341886080802e-14
2400000.0,500000.0,0.9,433.15,528.5501957627807,4.431780959741794,71.80583371385292,461.17614300866956,67.37405275411112,0.1274695446037624,0.0
2400000.0,500000.0,0.9,443.15,554.7441602063884,4.431780959741794,74.61961261168611,484.55632855444406,70.18783165194431,0.12652288511848678,0.0
2400000.0,500000.0,0.9,453.15,580.9603423633254,4.431780959741794,77.33583911011974,508.0562842129474,72.90405815037794,0.1254888721901514,0.0
2400000.0,550000.0,0.7,393.15,410.68559484674097,4.354196668757883,42.75039193153358,372.28939958396523,38.39619526277569,0.09349291950964174,5.684341886080802e-14
2400000.0,550000.0,0.7,403.15,439.3274527124697,4.354196668757883,45.51284623784921,398.1688031433784,41.158649569091324,0.09368558535318476,0.0
2400000.0,550000.0,0.7,413.15,466.5703862906208,4.354196668757883,47.982971113492965,422.9416118458857,43.628774444735086,0.0935095233788783,0.0
2400000.0,550000.0,0.7,423.15,493.1616512877513,4.354196668757883,50.272409269638125,447.243438686871,45.91821260088024,0.09310986059231875,5.684341886080802e-14
2400000.0,550000.0,0.7,433.15,519.4554648999284,4.354196668757883,52.43627386069484,471.37338770799147,48.08207719193696,0.09256246288832447,0.0
2400000.0,550000.0,0.7,443.15,545.6494293435361,4.354196668757883,54.50663805307937,495.49698795921466,50.15244138432149,0.09191330309766704,0.0
2400000.0,550000.0,0.7,453.15,571.8656115004732,4.354196668757883,56.5041934105067,519.7156147587243,52.14999674174882,0.09119274824887014,1.1368683772161603e-13
2400000.0,550000.0,0.75,393.15,410.68559484674097,4.354196668757883,45.80399135521462,369.2358001602842,41.44979468645674,0.10092828968575075,0.0
2400000.0,550000.0,0.75,403.15,439.3274527124697,4.354196668757883,48.76376382626698,394.91788555496066,44.4095671575091,0.10108534507306148,-5.684341886080802e-14
2400000.0,550000.0,0.75,413.15,466.5703862906208,4.354196668757883,51.410326193028126,419.5142567663505,47.05612952427025,0.10085537125144411,0.0
2400000.0,550000.0,0.75,423.15,493.1616512877513,4.354196668757883,53.86329564604082,443.65255231046837,49.50909897728293,0.10039121827093411,0.0
2400000.0,550000.0,0.75,433.15,519.4554648999284,4.354196668757883,56.18172199360165,467.62793957508467,51.82752532484376,0.09977279829913462,0.0
2400000.0,550000.0,0.75,443.15,545.6494293435361,4.354196668757883,58.399969342585074,491.603656669709,54.04577267382719,0.0990485278044714,0.0
2400000.0,550000.0,0.75,453.15,571.8656115004732,4.354196668757883,60.540207225542865,515.6796009436881,56.18601055678498,0.09825037461050146,1.1368683772161603e-13
2400000.0,550000.0,0.8,393.15,410.68559484674097,4.354196668757883,48.857590778895535,366.1822007366033,44.50339411013765,0.10836365986185943,0.0
2400000.0,550000.0,0.8,403.15,439.3274527124697,4.354196668757883,52.014681414684866,391.66696796654276,47.66048474592698,0.10848510479293842,0.0
2400000.0,550000.0,0.8,413.15,466.5703862906208,4.354196668757883,54.837681272563294,416.0869016868154,50.48348460380541,0.10820121912400991,-5.684341886080802e-14
2400000.0,550000.0,0.8,423.15,493.1616512877513,4.354196668757883,57.454182022443625,440.06166593406556,53.09998535368574,0.10767257594954968,0.0
2400000.0,550000.0,0.8,433.15,519.4554648999284,4.354196668757883,59.92717012650834,463.882491442178,55.57297345775045,0.10698313370994456,0.0
2400000.0,550000.0,0.8,443.15,545.6494293435361,4.354196668757883,62.29330063209078,487.71032538020324,57.9391039633329,0.10618375251127578,0.0
2400000.0,550000.0,0.8,453.15,571.8656115004732,4.354196668757883,64.57622104057903,511.643587128652,60.22202437182115,0.1053080009721328,1.1368683772161603e-13
2400000.0,550000.0,0.85,393.15,410.68559484674097,4.354196668757883,51.91119020257658,363.1286013129222,47.5569935338187,0.11579903003796845,5.684341886080802e-14
2400000.0,550000.0,0.85,403.15,439.3274527124697,4.354196668757883,55.26559900310263,388.41605037812496,50.91140233434474,0.11588486451281511,0.0
2400000.0,550000.0,0.85,413.15,466.5703862906208,4.354196668757883,58.26503635209857,412.6595466072801,53.91083968334068,0.11554706699657595,0.0
2400000.0,550000.0,0.85,423.15,493.1616512877513,4.354196668757883,61.04506839884631,436.47077955766287,56.69087173008843,0.11495393362816504,0.0
2400000.0,550000.0,0.85,433.15,519.4554648999284,4.354196668757883,63.672618259415145,460.1370433092712,59.318421590657266,0.11419346912075473,0.0
2400000.0,550000.0,0.85,443.15,545.6494293435361,4.354196668757883,66.18663192159647,483.81699409069756,61.83243525283859,0.11331897721808014,0.0
2400000.0,550000.0,0.85,453.15,571.8656115004732,4.354196668757883,68.61223485561518,507.60757331361583,64.2580381868573,0.11236562733376412,1.1368683772161603e-13
2400000.0,550000.0,0.9,393.15,410.68559484674097,4.354196668757883,54.96478962625749,360.0750018892413,50.610592957499605,0.12323440021407712,5.684341886080802e-14
2400000.0,550000.0,0.9,403.15,439.3274527124697,4.354196668757883,58.5165165915204,385.16513278970723,54.16231992276252,0.12328462423269183,-5.684341886080802e-14
2400000.0,550000.0,0.9,413.15,466.5703862906208,4.354196668757883,61.69239143163373,409.23219152774493,57.338194762875844,0.12289291486914176,0.0
2400000.0,550000.0,0.9,423.15,493.1616512877513,4.354196668757883,64.635954775249,432.8798931812602,60.281758106491125,0.12223529130678039,0.0
2400000.0,550000.0,0.9,433.15,519.4554648999284,4.354196668757883,67.41806639232196,456.3915951763644,63.06386972356408,0.12140380453156491,0.0
2400000.0,550000.0,0.9,443.15,545.6494293435361,4.354196668757883,70.07996321110218,479.9236628011918,65.7257665423443,0.12045420192488451,0.0
2400000.0,550000.0,0.9,453.15,571.8656115004732,4.354196668757883,72.64824867065134,503.57155949857963,68.29405200189346,0.11942325369539546,1.1368683772161603e-13
2400000.0,600000.0,0.7,393.15,402.1045430856571,4.273330648982606,40.11981460693595,366.2580591277038,35.84648395795334,0.08914717471947899,-5.684341886080802e-14
2400000.0,600000.0,0.7,403.15,430.7464009513859,4.273330648982606,42.74585996662674,392.27387163374175,38.47252931764413,0.08931596232184455,5.684341886080802e-14
2400000.0,600000.0,0.7,413.15,457.98933452953696,4.273330648982606,45.091213614658336,417.17145156386124,40.81788296567573,0.08912409064635822,0.0
2400000.0,600000.0,0.7,423.15,484.58059952666747,4.273330648982606,47.26307427756058,441.5908558980895,42.98974362857797,0.08871536266736604,0.0
2400000.0,600000.0,0.7,433.15,510.8744131388446,4.273330648982606,49.31435797249654,465.83338581533064,45.04102732351393,0.0881645785444196,0.0
2400000.0,600000.0,0.7,443.15,537.0683775824523,4.273330648982606,51.27585750077153,490.0658507306634,47.00252685178892,0.08751683922141358,-1.1368683772161603e-13
2400000.0,600000.0,0.7,453.15,563.2845597393892,4.273330648982606,53.16744084431138,514.3904495440605,48.89411019532877,0.0868017937824361,-1.1368683772161603e-13
2400000.0,600000.0,0.75,393.15,402.1045430856571,4.273330648982606,42.985515650288434,363.3923580843513,38.712185001305826,0.09627393091417841,-5.684341886080802e-14
2400000.0,600000.0,0.75,403.15,430.7464009513859,4.273330648982606,45.79913567852869,389.22059592183984,41.525805029546085,0.09640429946211597,0.0
2400000.0,600000.0,0.75,413.15,457.98933452953696,4.273330648982606,48.31201458713389,413.9506505913857,44.03868393815128,0.09615657094589199,0.0
2400000.0,600000.0,0.75,423.15,484.58059952666747,4.273330648982606,50.639008154529144,438.2149220211209,46.365677505546536,0.0956820754913341,0.0
2400000.0,600000.0,0.75,433.15,510.8744131388446,4.273330648982606,52.83681211338914,462.31093167443805,48.563481464406536,0.09505952973066208,0.0
2400000.0,600000.0,0.75,443.15,537.0683775824523,4.273330648982606,54.93841875082662,486.4032894806083,50.66508810184401,0.09433638288276573,-1.1368683772161603e-13
2400000.0,600000.0,0.75,453.15,563.2845597393892,4.273330648982606,56.965115190333684,510.5927751980382,52.691784541351076,0.09354381125896581,-1.1368683772161603e-13
2400000.0,600000.0,0.8,393.15,402.1045430856571,4.273330648982606,45.851216693641035,360.5266570409987,41.57788604465843,0.1034006871088781,-5.684341886080802e-14
2400000.0,600000.0,0.8,403.15,430.7464009513859,4.273330648982606,48.852411390430525,386.167320209938,44.57908074144792,0.10349263660238711,0.0
2400000.0,600000.0,0.8,413.15,457.98933452953696,4.273330648982606,51.53281555960956,410.72984961891,47.25948491062695,0.10318905124542603,0.0
2400000.0,600000.0,0.8,423.15,484.58059952666747,4.273330648982606,54.01494203149783,434.8389881441522,49.741611382515224,0.10264878831530241,5.684341886080802e-14
2400000.0,600000.0,0.8,433.15,510.8744131388446,4.273330648982606,56.359266254281856,458.78847753354535,52.08593560529925,0.10195448091690476,0.0
2400000.0,600000.0,0.8,443.15,537.0683775824523,4.273330648982606,58.60098000088171,482.7407282305532,54.327649351899105,0.10115592654411787,-1.1368683772161603e-13
2400000.0,600000.0,0.8,453.15,563.2845597393892,4.273330648982606,60.762789536355875,506.795100852016,56.48945888737327,0.10028582873549531,-1.1368683772161603e-13
2400000.0,600000.0,0.85,393.15,402.1045430856571,4.273330648982606,48.716917736993636,357.6609559976461,44.44358708801103,0.11052744330357782,-5.684341886080802e-14
2400000.0,600000.0,0.85,403.15,430.7464009513859,4.273330648982606,51.90568710233248,383.11404449803604,47.63235645334987,0.11058097374265853,0.0
2400000.0,600000.0,0.85,413.15,457.98933452953696,4.273330648982606,54.75361653208511,407.50904864643445,50.4802858831025,0.1102215315449598,0.0
2400000.0,600000.0,0.85,423.15,484.58059952666747,4.273330648982606,57.390875908466406,431.4630542671836,53.1175452594838,0.1096155011392705,5.684341886080802e-14
2400000.0,600000.0,0.85,433.15,510.8744131388446,4.273330648982606,59.88172039517446,455.26602339265276,55.608389746191854,0.10884943210314724,-1.1368683772161603e-13
2400000.0,600000.0,0.85,443.15,537.0683775824523,4.273330648982606,62.26354125093692,479.078166980498,57.99021060195431,0.10797547020547023,-1.1368683772161603e-13
2400000.0,600000.0,0.85,453.15,563.2845597393892,4.273330648982606,64.56046388237819,502.9974265059937,60.28713323339558,0.10702784621202503,-1.1368683772161603e-13
2400000.0,600000.0,0.9,393.15,402.1045430856571,4.273330648982606,51.58261878034624,354.7952549542935,47.30928813136363,0.11765419949827752,-5.684341886080802e-14
2400000.0,600000.0,0.9,403.15,430.7464009513859,4.273330648982606,54.95896281423443,380.0607687861341,50.685632165251825,0.11766931088292995,0.0
2400000.0,600000.0,0.9,413.15,457.98933452953696,4.273330648982606,57.97441750456067,404.2882476739589,53.70108685557806,0.11725401184449359,0.0
2400000.0,600000.0,0.9,423.15,484.58059952666747,4.273330648982606,60.76680978543498,428.0871203902151,56.49347913645237,0.11658221396323858,0.0
2400000.0,600000.0,0.9,433.15,510.8744131388446,4.273330648982606,63.40417453606706,451.74356925176016,59.13084388708445,0.1157443832893897,-1.1368683772161603e-13
2400000.0,600000.0,0.9,443.15,537.0683775824523,4.273330648982606,65.92610250099202,475.4156057304429,61.65277185200941,0.11479501386682238,-1.1368683772161603e-13
2400000.0,600000.0,0.9,453.15,563.2845597393892,4.273330648982606,68.35813822840038,499.1997521599715,64.08480757941777,0.11376986368855455,-1.1368683772161603e-13
2400000.0,650000.0,0.7,393.15,393.96471402447315,4.189485022989742,37.70085967309901,360.4533393743639,33.51137465010927,0.08506186837846481,0.0
2400000.0,650000.0,0.7,403.15,422.60657189020196,4.189485022989742,40.199715590710404,386.5963413224813,36.01023056772066,0.08520982152893858,0.0
2400000.0,650000.0,0.7,413.15,449.849505468353,4.189485022989742,42.42890214920556,411.61008834213715,38.23941712621582,0.08500491088992865,5.684341886080802e-14
2400000.0,650000.0,0.7,423.15,476.44077046548347,4.189485022989742,44.49141816962755,436.1388373188457,40.30193314663781,0.08458959779462775,0.0
2400000.0,650000.0,0.7,433.15,502.73458407766066,4.189485022989742,46.43809841156064,460.48597068908975,42.248613388570895,0.08403761095147669,0.0
2400000.0,650000.0,0.7,443.15,528.9285485212685,4.189485022989742,48.298522844411316,484.8195106998468,44.10903782142157,0.08339318787903907,1.1368683772161603e-13
2400000.0,650000.0,0.7,453.15,555.1447306782054,4.189485022989742,50.091779170074616,509.24243653112046,45.90229414708487,0.08268527396631735,1.1368683772161603e-13
2400000.0,650000.0,0.75,393.15,393.96471402447315,4.189485022989742,40.393778221177406,357.7604208262855,36.20429319818766,0.09189729919806637,0.0
2400000.0,650000.0,0.75,403.15,422.60657189020196,4.189485022989742,43.07112384718971,383.724933066002,38.88163882419997,0.09200434023137213,0.0
2400000.0,650000.0,0.75,413.15,449.849505468353,4.189485022989742,45.45953801700589,408.57945247433685,41.27005299401615,0.09174191033298691,0.0
2400000.0,650000.0,0.75,423.15,476.44077046548347,4.189485022989742,47.66937661031529,432.9608788781579,43.47989158732555,0.09125980453949316,0.0
2400000.0,650000.0,0.75,433.15,502.73458407766066,4.189485022989742,49.75510544095794,457.16896365969245,45.5656204179682,0.09063553982776999,0.0
2400000.0,650000.0,0.75,443.15,528.9285485212685,4.189485022989742,51.748417333297894,481.3696162109602,47.55893231030815,0.08991560853213387,1.1368683772161603e-13
2400000.0,650000.0,0.75,453.15,555.1447306782054,4.189485022989742,53.66976339650853,505.66445230468656,49.480278373518786,0.0891304116551193,1.1368683772161603e-13
2400000.0,650000.0,0.8,393.15,393.96471402447315,4.189485022989742,43.08669676925591,355.067502278207,38.897211746266166,0.09873273001766819,0.0
2400000.0,650000.0,0.8,403.15,422.60657189020196,4.189485022989742,45.94253210366913,380.8535248095226,41.75304708067939,0.09879885893380595,0.0
2400000.0,650000.0,0.8,413.15,449.849505468353,4.189485022989742,48.49017388480634,405.5488166065364,44.300688861816596,0.09847890977604544,5.684341886080802e-14
2400000.0,650000.0,0.8,423.15,476.44077046548347,4.189485022989742,50.847335051002915,429.7829204374703,46.65785002801317,0.09793001128435833,0.0
2400000.0,650000.0,0.8,433.15,502.73458407766066,4.189485022989742,53.072112470355115,453.85195663029526,48.88262744736537,0.09723346870406305,0.0
2400000.0,650000.0,0.8,443.15,528.9285485212685,4.189485022989742,55.19831182218436,477.91972172207375,51.008826799194615,0.09643802918522847,1.1368683772161603e-13
2400000.0,650000.0,0.8,453.15,555.1447306782054,4.189485022989742,57.247747622942434,502.0864680782526,53.05826259995269,0.09557554934392125,1.1368683772161603e-13
2400000.0,650000.0,0.85,393.15,393.96471402447315,4.189485022989742,45.77961531733442,352.37458373012845,41.590130294344675,0.10556816083727004,5.684341886080802e-14
2400000.0,650000.0,0.85,403.15,422.60657189020196,4.189485022989742,48.813940360148436,377.9821165530432,44.62445533715869,0.10559337763623951,5.684341886080802e-14
2400000.0,650000.0,0.85,413.15,449.849505468353,4.189485022989742,51.520809752606674,402.5181807387361,47.33132472961693,0.10521590921910372,0.0
2400000.0,650000.0,0.85,423.15,476.44077046548347,4.189485022989742,54.02529349169053,426.60496199678266,49.83580846870079,0.10460021802922348,0.0
2400000.0,650000.0,0.85,433.15,502.73458407766066,4.189485022989742,56.3891194997523,450.5349496008981,52.199634476762554,0.10383139758035612,0.0
2400000.0,650000.0,0.85,443.15,528.9285485212685,4.189485022989742,58.64820631107082,474.4698272331873,54.45872128808108,0.10296044983832305,1.1368683772161603e-13
2400000.0,650000.0,0.85,453.15,555.1447306782054,4.189485022989742,60.825731849376346,498.5084838518187,56.6362468263866,0.1020206870327232,1.1368683772161603e-13
2400000.0,650000.0,0.9,393.15,393.96471402447315,4.189485022989742,48.47253386541293,349.68166518205,44.283048842423185,0.11240359165687187,0.0
2400000.0,650000.0,0.9,403.15,422.60657189020196,4.189485022989742,51.68534861662774,375.1107082965639,47.495863593638,0.11238789633867305,5.684341886080802e-14
2400000.0,650000.0,0.9,413.15,449.849505468353,4.189485022989742,54.551445620407115,399.4875448709356,50.36196059741737,0.11195290866216223,5.684341886080802e-14
2400000.0,650000.0,0.9,423.15,476.44077046548347,4.189485022989742,57.20325193237828,423.427003556095,53.013766909388536,0.1112704247740889,-5.684341886080802e-14
2400000.0,650000.0,0.9,433.15,502.73458407766066,4.189485022989742,59.70612652914948,447.2179425715009,55.516641506159736,0.11042932645664919,5.684341886080802e-14
2400000.0,650000.0,0.9,443.15,528.9285485212685,4.189485022989742,62.09810079995741,471.0199327443007,57.908615776967665,0.10948287049141786,1.1368683772161603e-13
2400000.0,650000.0,0.9,453.15,555.1447306782054,4.189485022989742,64.40371607581025,494.9304996253848,60.21423105282051,0.10846582472152515,1.1368683772161603e-13
2400000.0,700000.0,0.7,393.15,386.20853716005945,4.102900065211114,35.463261328338646,354.8481758969319,31.360361263127533,0.08120059047304438,0.0
2400000.0,700000.0,0.7,403.15,414.8503950257882,4.102900065211114,37.84277851337416,381.11051657762516,33.73987844816304,0.08133023097655645,0.0
2400000.0,700000.0,0.7,413.15,442.09332860393926,4.102900065211114,39.963129252078474,406.2330994170719,35.86022918686736,0.08111461283550304,-5.684341886080802e-14
2400000.0,700000.0,0.7,423.15,468.68459360106976,4.102900065211114,41.92331709161808,430.8641765746628,37.820417026406965,0.08069481596529407,0.0
2400000.0,700000.0,0.7,433.15,494.9784072132469,4.102900065211114,43.77219363318302,455.30911364527503,39.669293567971906,0.08014348300830335,-5.684341886080802e-14
2400000.0,700000.0,0.7,443.15,521.1723716568547,4.102900065211114,45.538183379778175,479.73708834228756,41.43528331456706,0.07950399055659935,0.0
2400000.0,700000.0,0.7,453.15,547.3885538137916,4.102900065211114,47.23963042497984,504.2518234540229,43.13673035976873,0.07880458964518794,0.0
2400000.0,700000.0,0.75,393.15,386.20853716005945,4.102900065211114,37.99635142322001,352.31508580205053,33.893451358008896,0.08775945660663158,0.0
2400000.0,700000.0,0.75,403.15,414.8503950257882,4.102900065211114,40.54583412147232,378.407460969527,36.4429340562612,0.08784596686715415,0.0
2400000.0,700000.0,0.75,413.15,442.09332860393926,4.102900065211114,42.817638484369844,403.37859018478053,38.71473841915873,0.08757141516116912,-5.684341886080802e-14
2400000.0,700000.0,0.75,423.15,468.68459360106976,4.102900065211114,44.917839741019414,427.86965392526145,40.8149396758083,0.0870840224599931,0.0
2400000.0,700000.0,0.75,433.15,494.9784072132469,4.102900065211114,46.898778892696136,452.1825283857619,42.79587882748502,0.0864600924077233,-5.684341886080802e-14
2400000.0,700000.0,0.75,443.15,521.1723716568547,4.102900065211114,48.79091076404799,476.48436095801776,44.68801069883688,0.08574516441992042,0.0
2400000.0,700000.0,0.75,453.15,547.3885538137916,4.102900065211114,50.613889741049846,500.87756413795285,46.51098967583873,0.08496887512861777,0.0
2400000.0,700000.0,0.8,393.15,386.20853716005945,4.102900065211114,40.52944151810138,349.7819957071692,36.42654145289026,0.09431832274021877,0.0
2400000.0,700000.0,0.8,403.15,414.8503950257882,4.102900065211114,43.24888972957048,375.7044053614289,39.14598966435936,0.09436170275775185,-5.684341886080802e-14
2400000.0,700000.0,0.8,413.15,442.09332860393926,4.102900065211114,45.672147716661215,400.52408095248916,41.5692476514501,0.0940282174868352,-5.684341886080802e-14
2400000.0,700000.0,0.8,423.15,468.68459360106976,4.102900065211114,47.91236239042063,424.87513127586027,43.809462325209516,0.09347322895469189,-5.684341886080802e-14
2400000.0,700000.0,0.8,433.15,494.9784072132469,4.102900065211114,50.025364152209136,449.0559431262489,45.92246408699802,0.09277670180714302,-5.684341886080802e-14
2400000.0,700000.0,0.8,443.15,521.1723716568547,4.102900065211114,52.04363814831781,473.23163357374796,47.940738083106694,0.09198633828324149,0.0
2400000.0,700000.0,0.8,453.15,547.3885538137916,4.102900065211114,53.988149057119855,497.50330482188286,49.88524899190874,0.09113316061204761,0.0
2400000.0,700000.0,0.85,393.15,386.20853716005945,4.102900065211114,43.06253161298274,347.2489056122878,38.95963154777162,0.10087718887380595,0.0
2400000.0,700000.0,0.85,403.15,414.8503950257882,4.102900065211114,45.95194533766864,373.0013497533307,41.84904527245752,0.10087743864834954,-5.684341886080802e-14
2400000.0,700000.0,0.85,413.15,442.09332860393926,4.102900065211114,48.52665694895247,397.6695717201979,44.423756883741355,0.100485019812501,0.0
2400000.0,700000.0,0.85,423.15,468.68459360106976,4.102900065211114,50.906885039821965,421.8806086264589,46.80398497461085,0.09986243544939093,-5.684341886080802e-14
2400000.0,700000.0,0.85,433.15,494.9784072132469,4.102900065211114,53.15194941172225,445.92935786673576,49.04904934651113,0.09909331120656298,0.0
2400000.0,700000.0,0.85,443.15,521.1723716568547,4.102900065211114,55.29636553258775,469.978906189478,51.19346546737663,0.09822751214656279,0.0
2400000.0,700000.0,0.85,453.15,547.3885538137916,4.102900065211114,57.362408373189744,494.129045505813,53.25950830797863,0.09729744609547723,0.0
2400000.0,700000.0,0.9,393.15,386.20853716005945,4.102900065211114,45.595621707864105,344.71581551740644,41.49272164265299,0.10743605500739314,0.0
2400000.0,700000.0,0.9,403.15,414.8503950257882,4.102900065211114,48.65500094576681,370.29829414523255,44.55210088055569,0.10739317453894726,-5.684341886080802e-14
2400000.0,700000.0,0.9,413.15,442.09332860393926,4.102900065211114,51.38116618124384,394.8150624879065,47.278266116032725,0.10694182213816708,0.0
2400000.0,700000.0,0.9,423.15,468.68459360106976,4.102900065211114,53.9014076892233,418.8860859770576,49.79850762401218,0.10625164194408997,0.0
2400000.0,700000.0,0.9,433.15,494.9784072132469,4.102900065211114,56.27853467123536,442.80277260722266,52.175634606024246,0.10540992060598293,-5.684341886080802e-14
2400000.0,700000.0,0.9,443.15,521.1723716568547,4.102900065211114,58.54909291685757,466.7261788052082,54.44619285164645,0.10446868600988386,0.0
2400000.0,700000.0,0.9,453.15,547.3885538137916,4.102900065211114,60.73666768925975,490.75478618974296,56.63376762404863,0.10346173157890705,0.0
2600000.0,500000.0,0.7,393.15,408.7799571627058,4.896726833343273,46.157963665808786,367.5187203302403,41.261236832465514,0.10093752423395454,0.0
2600000.0,500000.0,0.7,403.15,440.11444727328217,4.896726833343273,49.62957685929851,395.3815972473269,44.73285002595524,0.10163913114667439,5.684341886080802e-14
2600000.0,500000.0,0.7,413.15,468.76776610041895,4.896726833343273,52.5882545171302,421.076238416632,47.69152768378693,0.10173806974938311,0.0
2600000.0,500000.0,0.7,423.15,496.270209382226,4.896726833343273,55.272689662831716,445.8942465527376,50.375962829488444,0.10150914134499056,-5.684341886080802e-14
2600000.0,500000.0,0.7,433.15,523.2176484211458,4.896726833343273,57.77965773236344,470.33471752212563,52.88293089902017,0.10107252891525918,-1.1368683772161603e-13
2600000.0,500000.0,0.7,443.15,549.910688256922,4.896726833343273,60.160021716450224,494.6473933738151,55.26329488310695,0.10049503685458024,-1.1368683772161603e-13
2600000.0,500000.0,0.7,453.15,576.5241566939081,4.896726833343273,62.44458364222897,518.9762998850225,57.5478568088857,0.09981863923776461,-1.1368683772161603e-13
2600000.0,500000.0,0.75,393.15,408.7799571627058,4.896726833343273,49.45496107050939,364.22172292553967,44.55823423716612,0.10900298181554606,0.0
2600000.0,500000.0,0.75,403.15,440.11444727328217,4.896726833343273,53.17454663496267,391.8366274716628,48.277819801619394,0.10969378556128614,0.0
2600000.0,500000.0,0.75,413.15,468.76776610041895,4.896726833343273,56.34455841121089,417.3199345225513,51.44783157786762,0.10975121435044771,5.684341886080802e-14
2600000.0,500000.0,0.75,423.15,496.270209382226,4.896726833343273,59.22073892446258,441.9461972911067,54.32401209111931,0.10946458414004677,0.0
2600000.0,500000.0,0.75,433.15,523.2176484211458,4.896726833343273,61.906776141817915,466.2075991126712,57.01004930847464,0.10896048610077921,-1.1368683772161603e-13
2600000.0,500000.0,0.75,443.15,549.910688256922,4.896726833343273,64.4571661247681,490.3502489654972,59.56043929142482,0.10830929560619448,-1.1368683772161603e-13
2600000.0,500000.0,0.75,453.15,576.5241566939081,4.896726833343273,66.90491104524536,514.5159724820061,62.00818421190208,0.10755522295455845,-1.1368683772161603e-13
2600000.0,500000.0,0.8,393.15,408.7799571627058,4.896726833343273,52.75195847521,360.92472552083905,47.85523164186673,0.11706843939713761,0.0
2600000.0,500000.0,0.8,403.15,440.11444727328217,4.896726833343273,56.719516410626824,388.2916576959986,51.82278957728355,0.11774843997589791,5.684341886080802e-14
2600000.0,500000.0,0.8,413.15,468.76776610041895,4.896726833343273,60.1008623052917,413.5636306284705,55.204135471948426,0.11776435895151258,5.684341886080802e-14
2600000.0,500000.0,0.8,423.15,496.270209382226,4.896726833343273,63.168788186093444,437.9981480294759,58.27206135275017,0.11742002693510296,0.0
2600000.0,500000.0,0.8,433.15,523.2176484211458,4.896726833343273,66.03389455127251,462.08048070321655,61.13716771792924,0.1168484432862995,0.0
2600000.0,500000.0,0.8,443.15,549.910688256922,4.896726833343273,68.75431053308596,486.0531045571793,63.85758369974268,0.11612355435780872,-1.1368683772161603e-13
2600000.0,500000.0,0.8,453.15,576.5241566939081,4.896726833343273,71.36523844826175,510.05564507898976,66.46851161491847,0.11529180667135229,-1.1368683772161603e-13
2600000.0,500000.0,0.85,393.15,408.7799571627058,4.896726833343273,56.048955879910736,357.6277281161383,51.15222904656746,0.12513389697872945,0.0
2600000.0,500000.0,0.85,403.15,440.11444727328217,4.896726833343273,60.26448618629097,384.74668792033447,55.3677593529477,0.12580309439050966,0.0
2600000.0,500000.0,0.85,413.15,468.76776610041895,4.896726833343273,63.85716619937238,409.80732673438985,58.96043936602911,0.12577750355257716,0.0
2600000.0,500000.0,0.85,423.15,496.270209382226,4.896726833343273,67.11683744772431,434.05009876784504,62.220110614381035,0.12537546973015917,-5.684341886080802e-14
2600000.0,500000.0,0.85,433.15,523.2176484211458,4.896726833343273,70.16101296072709,457.953362293762,65.26428612738383,0.12473640047181975,-1.1368683772161603e-13
2600000.0,500000.0,0.85,443.15,549.910688256922,4.896726833343273,73.05145494140382,481.75596014886145,68.15472810806054,0.12393781310942295,-1.1368683772161603e-13
2600000.0,500000.0,0.85,453.15,576.5241566939081,4.896726833343273,75.82556585127814,505.5953176759733,70.92883901793488,0.12302839038814616,-1.1368683772161603e-13
2600000.0,500000.0,0.9,393.15,408.7799571627058,4.896726833343273,59.34595328461134,354.3307307114377,54.44922645126807,0.13319935456032098,0.0
2600000.0,500000.0,0.9,403.15,440.11444727328217,4.896726833343273,63.809455961955244,381.20171814467017,58.91272912861197,0.13385774880512166,5.684341886080802e-14
2600000.0,500000.0,0.9,413.15,468.76776610041895,4.896726833343273,67.61347009345307,406.05102284030914,62.7167432601098,0.13379064815364178,0.0
2600000.0,500000.0,0.9,423.15,496.270209382226,4.896726833343273,71.06488670935505,430.10204950621426,66.16815987601177,0.13333091252521512,0.0
2600000.0,500000.0,0.9,433.15,523.2176484211458,4.896726833343273,74.28813137018156,453.82624388430753,69.39140453683828,0.13262435765733974,-1.1368683772161603e-13
2600000.0,500000.0,0.9,443.15,549.910688256922,4.896726833343273,77.34859934972168,477.45881574054357,72.45187251637842,0.1317520718610372,-1.1368683772161603e-13
2600000.0,500000.0,0.9,453.15,576.5241566939081,4.896726833343273,80.28589325429452,501.13499027295694,75.38916642095126,0.13076497410493998,-1.1368683772161603e-13
2600000.0,550000.0,0.7,393.15,399.6810809180179,4.823287924194942,43.34772243704833,361.15664640516457,38.52443451285339,0.09638793616242114,-5.684341886080802e-14
2600000.0,550000.0,0.7,403.15,431.0155710285943,4.823287924194942,46.6570069169685,389.1818520358208,41.833718992773555,0.09705848652506857,-5.684341886080802e-14
2600000.0,550000.0,0.7,413.15,459.6688898557311,4.823287924194942,49.47305213617289,415.01912564375317,44.649764211977946,0.09713462276290104,-5.684341886080802e-14
2600000.0,550000.0,0.7,423.15,487.1713331375382,4.823287924194942,52.025325796537565,439.9692952651956,47.20203787234262,0.09689001519926572,-5.684341886080802e-14
2600000.0,550000.0,0.7,433.15,514.1187721764579,4.823287924194942,54.40689040366665,464.53516969698626,49.58360247947171,0.09644386698732219,-1.1368683772161603e-13
2600000.0,550000.0,0.7,443.15,540.8118120122342,4.823287924194942,56.66665960946668,488.9684403269624,51.843371685271734,0.09586212899525008,0.0
2600000.0,550000.0,0.7,453.15,567.4252804492204,4.823287924194942,58.83425816625438,513.414310207161,54.010970242059436,0.09518604845963141,0.0
2600000.0,550000.0,0.75,393.15,399.6810809180179,4.823287924194942,46.443988325408895,358.060380516804,41.62070040121395,0.10413477742207952,-5.684341886080802e-14
2600000.0,550000.0,0.75,403.15,431.0155710285943,4.823287924194942,49.989650268180526,385.84920868460875,45.16636234398558,0.10479055834618367,-5.684341886080802e-14
2600000.0,550000.0,0.75,413.15,459.6688898557311,4.823287924194942,53.00684157447086,411.48533620545516,48.18355365027592,0.10482230734692208,0.0
2600000.0,550000.0,0.75,423.15,487.1713331375382,4.823287924194942,55.7414204962902,436.25320056544297,50.91813257209526,0.10451791620037719,0.0
2600000.0,550000.0,0.75,433.15,514.1187721764579,4.823287924194942,58.29309686107142,460.6489632395815,53.469808936876476,0.10400283325683418,-1.1368683772161603e-13
2600000.0,550000.0,0.75,443.15,540.8118120122342,4.823287924194942,60.71427815300005,484.92082178342906,55.89099022880511,0.1033464672689892,0.0
2600000.0,550000.0,0.75,453.15,567.4252804492204,4.823287924194942,63.03670517812972,509.2118631952856,58.21341725393478,0.10259221656082765,0.0
2600000.0,550000.0,0.8,393.15,399.6810809180179,4.823287924194942,49.54025421376945,354.96411462844344,44.71696628957451,0.11188161868173789,-5.684341886080802e-14
2600000.0,550000.0,0.8,403.15,431.0155710285943,4.823287924194942,53.322293619392674,382.5165653333966,48.49900569519773,0.11252263016729905,-5.684341886080802e-14
2600000.0,550000.0,0.8,413.15,459.6688898557311,4.823287924194942,56.54063101276895,407.9515467671571,51.717343088574005,0.11250999193094338,0.0
2600000.0,550000.0,0.8,423.15,487.1713331375382,4.823287924194942,59.457515196042834,432.5371058656903,54.63422727184789,0.11214581720148865,0.0
2600000.0,550000.0,0.8,433.15,514.1187721764579,4.823287924194942,62.17930331847619,456.7627567821767,57.35601539428124,0.11156179952634618,-1.1368683772161603e-13
2600000.0,550000.0,0.8,443.15,540.8118120122342,4.823287924194942,64.76189669653331,480.8732032398958,59.93860877233837,0.11083080554272813,0.0
2600000.0,550000.0,0.8,453.15,567.4252804492204,4.823287924194942,67.23915219000506,505.0094161834103,62.415864265810114,0.10999838466202387,0.0
2600000.0,550000.0,0.85,393.15,399.6810809180179,4.823287924194942,52.636520102130014,351.8678487400829,47.81323217793507,0.11962845994139627,-5.684341886080802e-14
2600000.0,550000.0,0.85,403.15,431.0155710285943,4.823287924194942,56.6549369706047,379.1839219821846,51.83164904640976,0.12025470198841415,-5.684341886080802e-14
2600000.0,550000.0,0.85,413.15,459.6688898557311,4.823287924194942,60.07442045106704,404.417757328859,55.2511325268721,0.12019767651496469,-5.684341886080802e-14
2600000.0,550000.0,0.85,423.15,487.1713331375382,4.823287924194942,63.173609895795586,428.8210111659376,58.35032197160064,0.11977371820260035,-5.684341886080802e-14
2600000.0,550000.0,0.85,433.15,514.1187721764579,4.823287924194942,66.06550977588095,452.876550324772,61.24222185168601,0.11912076579585817,-1.1368683772161603e-13
2600000.0,550000.0,0.85,443.15,540.8118120122342,4.823287924194942,68.80951524006669,476.82558469636245,63.986227315871744,0.11831514381646725,0.0
2600000.0,550000.0,0.85,453.15,567.4252804492204,4.823287924194942,71.4415992018804,500.80696917153494,66.61831127768545,0.11740455276322008,0.0
2600000.0,550000.0,0.9,393.15,399.6810809180179,4.823287924194942,55.73278599049058,348.7715828517223,50.90949806629563,0.12737530120105467,-5.684341886080802e-14
2600000.0,550000.0,0.9,403.15,431.0155710285943,4.823287924194942,59.98758032181673,375.85127863097256,55.164292397621786,0.12798677380952925,-5.684341886080802e-14
2600000.0,550000.0,0.9,413.15,459.6688898557311,4.823287924194942,63.608209889365014,400.88396789056105,58.78492196517007,0.12788536109898574,-5.684341886080802e-14
2600000.0,550000.0,0.9,423.15,487.1713331375382,4.823287924194942,66.88970459554822,425.10491646618493,62.06641667135328,0.12740161920371182,0.0
2600000.0,550000.0,0.9,433.15,514.1187721764579,4.823287924194942,69.95171623328572,448.9903438673672,65.12842830909078,0.12667973206537017,-1.1368683772161603e-13
2600000.0,550000.0,0.9,443.15,540.8118120122342,4.823287924194942,72.85713378360006,472.77796615282904,68.03384585940512,0.1257994820902064,0.0
2600000.0,550000.0,0.9,453.15,567.4252804492204,4.823287924194942,75.64404621375562,496.6045221596597,70.82075828956067,0.12481072086441611,0.0
2600000.0,600000.0,0.7,393.15,391.09601191664314,4.746439144710661,40.78259538187669,355.0598556794771,36.036156237166026,0.09214145667342333,0.0
2600000.0,600000.0,0.7,403.15,422.4305020272195,4.746439144710661,43.94153193687508,383.2354092350551,39.19509279216442,0.09278471276119843,0.0
2600000.0,600000.0,0.7,413.15,451.0838208543563,4.746439144710661,46.625693468435436,409.2045665306315,41.87925432372477,0.09284140194699321,5.684341886080802e-14
2600000.0,600000.0,0.7,423.15,478.5862641361634,4.746439144710661,49.0559228357221,434.276780445152,44.30948369101144,0.09258411076838777,0.0
2600000.0,600000.0,0.7,433.15,505.53370317508313,4.746439144710661,51.3217999209594,458.9583423988344,46.575360776248736,0.09213106956811175,0.0
2600000.0,600000.0,0.7,443.15,532.2267430108593,4.746439144710661,53.47040775839461,483.5027743971754,48.723968613683944,0.09154738887799518,-1.1368683772161603e-13
2600000.0,600000.0,0.7,453.15,558.8402114478456,4.746439144710661,55.53026552362938,508.05638506892683,50.78382637891872,0.09087360812377435,0.0
2600000.0,600000.0,0.75,393.15,391.09601191664314,4.746439144710661,43.69563790915359,352.1468131522002,38.949198764442926,0.09958986432401777,0.0
2600000.0,600000.0,0.75,403.15,422.4305020272195,4.746439144710661,47.08021278950898,380.0967283824212,42.33377364479831,0.10021476536765453,5.684341886080802e-14
2600000.0,600000.0,0.75,413.15,451.0838208543563,4.746439144710661,49.956100144752185,405.87415985431477,45.20966100004152,0.1002245234919179,5.684341886080802e-14
2600000.0,600000.0,0.75,423.15,478.5862641361634,4.746439144710661,52.55991732398793,430.77278595688614,47.81347817927727,0.09990566333026595,0.0
2600000.0,600000.0,0.75,433.15,505.53370317508313,4.746439144710661,54.98764277245652,455.2924995473373,50.241203627745854,0.09938250073575343,0.0
2600000.0,600000.0,0.75,443.15,532.2267430108593,4.746439144710661,57.28972259827982,479.6834595572902,52.54328345356916,0.09872349359283716,-1.1368683772161603e-13
2600000.0,600000.0,0.75,453.15,558.8402114478456,4.746439144710661,59.49671306103142,504.0899375315248,54.75027391632076,0.09797124973250138,0.0
2600000.0,600000.0,0.8,393.15,391.09601191664314,4.746439144710661,46.6086804364305,349.2337706249233,41.86224129171983,0.10703827197461223,0.0
2600000.0,600000.0,0.8,403.15,422.4305020272195,4.746439144710661,50.218893642142994,376.95804752978717,45.47245449743233,0.1076448179741109,5.684341886080802e-14
2600000.0,600000.0,0.8,413.15,451.0838208543563,4.746439144710661,53.286506821069054,402.54375317799787,48.54006767635839,0.10760764503684286,5.684341886080802e-14
2600000.0,600000.0,0.8,423.15,478.5862641361634,4.746439144710661,56.063911812253764,427.2687914686203,51.3174726675431,0.10722721589214412,0.0
2600000.0,600000.0,0.8,433.15,505.53370317508313,4.746439144710661,58.65348562395363,451.62665669584015,53.907046479242965,0.1066339319033951,5.684341886080802e-14
2600000.0,600000.0,0.8,443.15,532.2267430108593,4.746439144710661,61.10903743816517,475.8641447174048,56.362598293454504,0.10589959830767938,-1.1368683772161603e-13
2600000.0,600000.0,0.8,453.15,558.8402114478456,4.746439144710661,63.463160598433575,500.1234899941226,58.71672145372291,0.10506889134122861,0.0
2600000.0,600000.0,0.85,393.15,391.09601191664314,4.746439144710661,49.521722963707404,346.3207280976464,44.77528381899674,0.11448667962520669,0.0
2600000.0,600000.0,0.85,403.15,422.4305020272195,4.746439144710661,53.3575744947769,373.81936667715325,48.611135350066235,0.115074870580567,5.684341886080802e-14
2600000.0,600000.0,0.85,413.15,451.0838208543563,4.746439144710661,56.6169134973858,399.21334650168114,51.87047435267514,0.11499076658176756,5.684341886080802e-14
2600000.0,600000.0,0.85,423.15,478.5862641361634,4.746439144710661,59.567906300519596,423.76479698035445,54.82146715580893,0.11454876845402229,0.0
2600000.0,600000.0,0.85,433.15,505.53370317508313,4.746439144710661,62.31932847545063,447.9608138443432,57.57288933073997,0.11388536307103655,0.0
2600000.0,600000.0,0.85,443.15,532.2267430108593,4.746439144710661,64.9283522780505,472.04482987751953,60.18191313333983,0.11307570302252157,-1.1368683772161603e-13
2600000.0,600000.0,0.85,453.15,558.8402114478456,4.746439144710661,67.42960813583574,496.1570424567205,62.68316899112507,0.11216653294995586,0.0
2600000.0,600000.0,0.9,393.15,391.09601191664314,4.746439144710661,52.43476549098431,343.4076855703695,47.68832634627365,0.12193508727580116,0.0
2600000.0,600000.0,0.9,403.15,422.4305020272195,4.746439144710661,56.4962553474108,370.6806858245194,51.74981620270014,0.12250492318702311,0.0
2600000.0,600000.0,0.9,413.15,451.0838208543563,4.746439144710661,59.94732017370267,395.88293982536425,55.20088102899201,0.12237388812669252,5.684341886080802e-14
2600000.0,600000.0,0.9,423.15,478.5862641361634,4.746439144710661,63.07190078878543,420.26080249208866,58.325461644074764,0.12187032101590047,0.0
2600000.0,600000.0,0.9,433.15,505.53370317508313,4.746439144710661,65.98517132694775,444.29497099284606,61.23873218223709,0.12113679423867824,0.0
2600000.0,600000.0,0.9,443.15,532.2267430108593,4.746439144710661,68.74766711793583,468.2255150376342,64.00122797322517,0.12025180773736377,-1.1368683772161603e-13
2600000.0,600000.0,0.9,453.15,558.8402114478456,4.746439144710661,71.39605567323777,492.19059491931847,66.6496165285271,0.11926417455868288,0.0
2600000.0,650000.0,0.7,393.15,382.9522705453582,4.666505828818772,38.42474515547021,349.19403121870675,33.75823932665144,0.08815260261697025,5.684341886080802e-14
2600000.0,650000.0,0.7,403.15,414.2867606559346,4.666505828818772,41.44339274256304,377.5098737421903,36.77688691374427,0.08877157178645034,5.684341886080802e-14
2600000.0,650000.0,0.7,413.15,442.9400794830713,4.666505828818772,44.00470212683501,403.6018831850551,39.338196298016236,0.0888115528943,0.0
2600000.0,650000.0,0.7,423.15,470.44252276487845,4.666505828818772,46.321390532212796,428.7876380614844,41.654884703394025,0.08854404669582269,5.684341886080802e-14
2600000.0,650000.0,0.7,433.15,497.3899618037982,4.666505828818772,48.47974705848179,453.5767205741352,43.81324122966302,0.08808629967274191,0.0
2600000.0,650000.0,0.7,443.15,524.0830016395744,4.666505828818772,50.52512374752655,478.2243837208666,45.85861791870778,0.08750258599351779,0.0
2600000.0,650000.0,0.7,453.15,550.6964700765607,4.666505828818772,52.48499430640193,502.87798159897744,47.81848847758316,0.08683274921107663,1.1368683772161603e-13
2600000.0,650000.0,0.75,393.15,382.9522705453582,4.666505828818772,41.16936980943242,346.44940656474455,36.50286398061365,0.09531961758218671,5.684341886080802e-14
2600000.0,650000.0,0.75,403.15,414.2867606559346,4.666505828818772,44.40363508131751,374.54963140343585,39.73712925249874,0.09591696628099697,0.0
2600000.0,650000.0,0.75,413.15,442.9400794830713,4.666505828818772,47.14789513589465,400.45869017599546,42.48138930707588,0.09590775654497861,0.0
2600000.0,650000.0,0.75,423.15,470.44252276487845,4.666505828818772,49.63006128451368,425.47896730918353,44.96355545569491,0.09557714976834089,5.684341886080802e-14
2600000.0,650000.0,0.75,433.15,497.3899618037982,4.666505828818772,51.94258613408764,450.11388149852934,47.27608030526887,0.09504832010244212,0.0
2600000.0,650000.0,0.75,443.15,524.0830016395744,4.666505828818772,54.13406115806417,474.615446310329,49.4675553292454,0.09438878035442473,0.0
2600000.0,650000.0,0.75,453.15,550.6964700765607,4.666505828818772,56.233922471144936,499.12905343423444,51.567416642326165,0.09364036169535823,1.1368683772161603e-13
2600000.0,650000.0,0.8,393.15,382.9522705453582,4.666505828818772,43.91399446339463,343.70478191078234,39.24748863457586,0.10248663254740319,5.684341886080802e-14
2600000.0,650000.0,0.8,403.15,414.2867606559346,4.666505828818772,47.36387742007198,371.58938906468137,42.69737159125321,0.1030623607755436,5.684341886080802e-14
2600000.0,650000.0,0.8,413.15,442.9400794830713,4.666505828818772,50.291088144954294,397.3154971669358,45.62458231613552,0.10300396019565722,0.0
2600000.0,650000.0,0.8,423.15,470.44252276487845,4.666505828818772,52.93873203681468,422.17029655688253,48.27222620799591,0.10261025284085935,5.684341886080802e-14
2600000.0,650000.0,0.8,433.15,497.3899618037982,4.666505828818772,55.4054252096935,446.65104242292347,50.73891938087473,0.10201034053214234,5.684341886080802e-14
2600000.0,650000.0,0.8,443.15,524.0830016395744,4.666505828818772,57.74299856860179,471.0065088997914,53.07649273978302,0.10127497471533167,0.0
2600000.0,650000.0,0.8,453.15,550.6964700765607,4.666505828818772,59.982850635887935,495.3801252694915,55.316344807069164,0.10044797417963983,0.0
2600000.0,650000.0,0.85,393.15,382.9522705453582,4.666505828818772,46.65861911735672,340.96015725682025,41.99211328853795,0.10965364751261936,5.684341886080802e-14
2600000.0,650000.0,0.85,403.15,414.2867606559346,4.666505828818772,50.32411975882645,368.6291467259269,45.65761393000768,0.11020775527009022,5.684341886080802e-14
2600000.0,650000.0,0.85,413.15,442.9400794830713,4.666505828818772,53.43428115401394,394.17230415787617,48.76777532519517,0.11010016384633584,0.0
2600000.0,650000.0,0.85,423.15,470.44252276487845,4.666505828818772,56.247402789115554,418.8616258045817,51.58089696029678,0.10964335591337754,0.0
2600000.0,650000.0,0.85,433.15,497.3899618037982,4.666505828818772,58.86826428529935,443.18820334731765,54.201758456480576,0.10897236096184255,0.0
2600000.0,650000.0,0.85,443.15,524.0830016395744,4.666505828818772,61.35193597913941,467.3975714892538,56.68543015032064,0.10816116907623861,0.0
2600000.0,650000.0,0.85,453.15,550.6964700765607,4.666505828818772,63.73177880063094,491.6311971047485,59.06527297181217,0.10725558666392143,0.0
2600000.0,650000.0,0.9,393.15,382.9522705453582,4.666505828818772,49.40324377131893,338.21553260285805,44.736737942500156,0.11682066247783582,5.684341886080802e-14
2600000.0,650000.0,0.9,403.15,414.2867606559346,4.666505828818772,53.28436209758092,365.6689043871724,48.61785626876215,0.11735314976463683,5.684341886080802e-14
2600000.0,650000.0,0.9,413.15,442.9400794830713,4.666505828818772,56.57747416307358,391.0291111488165,51.91096833425481,0.11719636749701444,0.0
2600000.0,650000.0,0.9,423.15,470.44252276487845,4.666505828818772,59.55607354141644,415.5529550522808,54.88956771259767,0.11667645898589575,0.0
2600000.0,650000.0,0.9,433.15,497.3899618037982,4.666505828818772,62.331103360905196,439.7253642717118,57.664597532086425,0.11593438139154276,0.0
2600000.0,650000.0,0.9,443.15,524.0830016395744,4.666505828818772,64.96087338967703,463.78863407871614,60.29436756085826,0.11504736343714556,0.0
2600000.0,650000.0,0.9,453.15,550.6964700765607,4.666505828818772,67.48070696537394,487.8822689400055,62.81420113655517,0.11406319914820302,0.0
2600000.0,700000.0,0.7,393.15,375.1922675636208,4.583746988363797,36.24455412326672,343.5314604287179,31.66080713490292,0.0843855534137154,0.0
2600000.0,700000.0,0.7,403.15,406.5267576741972,4.583746988363797,39.1314744228404,371.9790302397206,34.5477274344766,0.08498266542682091,0.0
2600000.0,700000.0,0.7,413.15,435.180076501334,4.583746988363797,41.57762583334325,398.1861976563545,36.99387884497945,0.08500820888307843,0.0
2600000.0,700000.0,0.7,423.15,462.6825197831411,4.583746988363797,43.788019823920095,423.4782469475848,39.204272835556296,0.08473255668688608,0.0
2600000.0,700000.0,0.7,433.15,489.6299588220608,4.583746988363797,45.8458167656454,448.36788904477925,41.2620697772816,0.08427194666876356,-5.684341886080802e-14
2600000.0,700000.0,0.7,443.15,516.322998657837,4.583746988363797,47.79472237531073,473.1120232708901,43.21097538694693,0.08368981335185978,0.0
2600000.0,700000.0,0.7,453.15,542.9364670948232,4.583746988363797,49.66121588125429,497.85899820193276,45.077468892890494,0.0830253107404881,0.0
2600000.0,700000.0,0.75,393.15,375.1922675636208,4.583746988363797,38.83345084635715,340.94256370562744,34.24970385799335,0.09128574018969002,0.0
2600000.0,700000.0,0.75,403.15,406.5267576741972,4.583746988363797,41.926579738757574,369.18392492380343,37.342832750393775,0.09185824068269928,-5.684341886080802e-14
2600000.0,700000.0,0.75,413.15,435.180076501334,4.583746988363797,44.54745625001064,395.21636723968714,39.96370926164684,0.09183258016529242,0.0
2600000.0,700000.0,0.75,423.15,462.6825197831411,4.583746988363797,46.91573552562878,420.3505312458761,42.331988537264984,0.09149251749797237,0.0
2600000.0,700000.0,0.75,433.15,489.6299588220608,4.583746988363797,49.120517963191496,445.09318784723314,44.5367709748277,0.09096006110813382,-5.684341886080802e-14
2600000.0,700000.0,0.75,443.15,516.322998657837,4.583746988363797,51.20863111640443,469.6981145297964,46.624884128040634,0.09030177669644841,1.1368683772161603e-13
2600000.0,700000.0,0.75,453.15,542.9364670948232,4.583746988363797,53.2084455870582,494.3117684961288,48.6246985986944,0.08955872656496686,0.0
2600000.0,700000.0,0.8,393.15,375.1922675636208,4.583746988363797,41.42234756944771,338.3536669825369,36.83860058108391,0.09818592696566499,0.0
2600000.0,700000.0,0.8,403.15,406.5267576741972,4.583746988363797,44.721685054674744,366.38881960788626,40.137938066310944,0.09873381593857765,-5.684341886080802e-14
2600000.0,700000.0,0.8,413.15,435.180076501334,4.583746988363797,47.51728666667803,392.2465368230197,42.93353967831423,0.09865695144750641,0.0
2600000.0,700000.0,0.8,423.15,462.6825197831411,4.583746988363797,50.04345122733736,417.22281554416753,45.45970423897356,0.09825247830905841,0.0
2600000.0,700000.0,0.8,433.15,489.6299588220608,4.583746988363797,52.39521916073759,441.81848664968703,47.81147217237379,0.09764817554750409,-5.684341886080802e-14
2600000.0,700000.0,0.8,443.15,516.322998657837,4.583746988363797,54.62253985749802,466.2842057887028,50.03879286913422,0.09691374004103681,0.0
2600000.0,700000.0,0.8,453.15,542.9364670948232,4.583746988363797,56.755675292862115,490.76453879032493,52.171928304498316,0.09609214238944563,0.0
2600000.0,700000.0,0.85,393.15,375.1922675636208,4.583746988363797,44.011244292538144,335.76477025944644,39.427497304174345,0.10508611374163963,0.0
2600000.0,700000.0,0.85,403.15,406.5267576741972,4.583746988363797,47.51679037059191,363.5937142919691,42.933043382228114,0.105609391194456,-5.684341886080802e-14
2600000.0,700000.0,0.85,413.15,435.180076501334,4.583746988363797,50.487117083345304,389.27670640635245,45.903370094981504,0.10548132272972012,0.0
2600000.0,700000.0,0.85,423.15,462.6825197831411,4.583746988363797,53.171166929045924,414.095099842459,48.587419940682125,0.10501243912014442,0.0
2600000.0,700000.0,0.85,433.15,489.6299588220608,4.583746988363797,55.669920358283676,438.543785452141,51.08617336991988,0.10433628998687433,-5.684341886080802e-14
2600000.0,700000.0,0.85,443.15,516.322998657837,4.583746988363797,58.03644859859161,462.87029704760926,53.45270161022781,0.10352570338562524,0.0
2600000.0,700000.0,0.85,453.15,542.9364670948232,4.583746988363797,60.30290499866602,487.21730908452105,55.71915801030222,0.10262555821392438,0.0
2600000.0,700000.0,0.9,393.15,375.1922675636208,4.583746988363797,46.60014101562859,333.17587353635605,42.01639402726479,0.11198630051761428,-5.684341886080802e-14
2600000.0,700000.0,0.9,403.15,406.5267576741972,4.583746988363797,50.31189568650909,360.7986089760519,45.72814869814529,0.11248496645033439,-5.684341886080802e-14
2600000.0,700000.0,0.9,413.15,435.180076501334,4.583746988363797,53.456947500012696,386.30687598968507,48.873200511648896,0.11230569401193412,0.0
2600000.0,700000.0,0.9,423.15,462.6825197831411,4.583746988363797,56.2988826307545,410.96738414075037,51.7151356423907,0.11177239993123046,0.0
2600000.0,700000.0,0.9,433.15,489.6299588220608,4.583746988363797,58.94462155582977,435.2690842545949,54.36087456746597,0.1110244044262446,-5.684341886080802e-14
2600000.0,700000.0,0.9,443.15,516.322998657837,4.583746988363797,61.4503573396852,459.45638830651563,56.8666103513214,0.11013766673021363,0.0
2600000.0,700000.0,0.9,453.15,542.9364670948232,4.583746988363797,63.85013470446994,483.6700793787171,59.26638771610614,0.10915897403840316,0.0
2800000.0,500000.0,0.7,403.15,430.57233194454244,5.361384389979299,50.25227499209938,385.6814413424223,44.89089060212008,0.10425865126861429,5.684341886080802e-14
2800000.0,500000.0,0.7,413.15,461.230108262652,5.361384389979299,53.662313570318744,412.92917908231254,48.300929180339445,0.10472197784805932,0.0
2800000.0,500000.0,0.7,423.15,489.8901817072152,5.361384389979299,56.65408680591476,438.59747929127974,51.29270241593546,0.1047024503271036,5.684341886080802e-14
2800000.0,500000.0,0.7,433.15,517.6200069983249,5.361384389979299,59.401185323185175,463.58020606511906,54.039800933205875,0.10440052587337637,0.0
2800000.0,500000.0,0.7,443.15,544.8885572284839,5.361384389979299,61.98298008314788,488.2669615353153,56.62159569316858,0.10391408470966638,0.0
2800000.0,500000.0,0.7,453.15,571.9485114905925,5.361384389979299,64.44391098647844,512.8659848940933,59.08252659649914,0.1033004289888268,1.1368683772161603e-13
2800000.0,500000.0,0.75,403.15,430.57233194454244,5.361384389979299,53.84172320582077,382.09199312870095,48.48033881584147,0.1125951093905535,5.684341886080802e-14
2800000.0,500000.0,0.75,413.15,461.230108262652,5.361384389979299,57.4953359681986,409.0961566844327,52.1339515782193,0.11303241190085343,0.0
2800000.0,500000.0,0.75,423.15,489.8901817072152,5.361384389979299,60.70080729205149,434.550758805143,55.339422902072194,0.1129629148908847,5.684341886080802e-14
2800000.0,500000.0,0.75,433.15,517.6200069983249,5.361384389979299,63.644127131984106,459.3372642563201,58.28274274200481,0.11259754637380819,0.0
2800000.0,500000.0,0.75,443.15,544.8885572284839,5.361384389979299,66.41033580337267,483.8396058150905,61.048951413393375,0.11203933465571785,0.0
2800000.0,500000.0,0.75,453.15,571.9485114905925,5.361384389979299,69.04704748551268,508.26284839505905,63.68566309553338,0.11134859487536386,1.1368683772161603e-13
2800000.0,500000.0,0.8,403.15,430.57233194454244,5.361384389979299,57.43117141954205,378.50254491497964,52.069787029562754,0.12093156751249247,5.684341886080802e-14
2800000.0,500000.0,0.8,413.15,461.230108262652,5.361384389979299,61.32835836607846,405.2631342865528,55.96697397609916,0.12134284595364755,0.0
2800000.0,500000.0,0.8,423.15,489.8901817072152,5.361384389979299,64.74752777818834,430.50403831900616,59.38614338820904,0.12122337945466603,5.684341886080802e-14
2800000.0,500000.0,0.8,433.15,517.6200069983249,5.361384389979299,67.88706894078304,455.0943224475212,62.52568455080374,0.12079456687424,0.0
2800000.0,500000.0,0.8,443.15,544.8885572284839,5.361384389979299,70.83769152359757,479.4122500948656,65.47630713361828,0.1201645846017695,1.1368683772161603e-13
2800000.0,500000.0,0.8,453.15,571.9485114905925,5.361384389979299,73.6501839845468,503.65971189602493,68.28879959456751,0.11939676076190073,1.1368683772161603e-13
2800000.0,500000.0,0.85,403.15,430.57233194454244,5.361384389979299,61.02061963326344,374.91309670125827,55.659235243284144,0.12926802563443168,5.684341886080802e-14
2800000.0,500000.0,0.85,413.15,461.230108262652,5.361384389979299,65.16138076395845,401.43011188867285,59.79999637397915,0.12965328000644194,0.0
2800000.0,500000.0,0.85,423.15,489.8901817072152,5.361384389979299,68.79424826432509,426.4573178328694,63.43286387434579,0.12948384401844715,0.0
2800000.0,500000.0,0.85,433.15,517.6200069983249,5.361384389979299,72.13001074958197,450.8513806387223,66.76862635960268,0.12899158737467184,0.0
2800000.0,500000.0,0.85,443.15,544.8885572284839,5.361384389979299,75.26504724382248,474.9848943746407,69.90366285384319,0.12828983454782117,1.1368683772161603e-13
2800000.0,500000.0,0.85,453.15,571.9485114905925,5.361384389979299,78.25332048358105,499.0565753969907,72.89193609360176,0.12744492664843782,1.1368683772161603e-13
2800000.0,500000.0,0.9,403.15,430.57233194454244,5.361384389979299,64.61006784698483,371.3236484875369,59.248683457005534,0.1376044837563709,5.684341886080802e-14
2800000.0,500000.0,0.9,413.15,461.230108262652,5.361384389979299,68.9944031618383,397.597089490793,63.63301877185901,0.13796371405923605,0.0
2800000.0,500000.0,0.9,423.15,489.8901817072152,5.361384389979299,72.84096875046183,422.4105973467327,67.47958436048253,0.13774430858222828,0.0
2800000.0,500000.0,0.9,433.15,517.6200069983249,5.361384389979299,76.3729525583809,446.60843882992333,71.01156816840161,0.13718860787510365,0.0
2800000.0,500000.0,0.9,443.15,544.8885572284839,5.361384389979299,79.69240296404728,470.5575386544159,74.33101857406798,0.13641508449387263,1.1368683772161603e-13
2800000.0,500000.0,0.9,453.15,571.9485114905925,5.361384389979299,82.85645698261517,494.4534388979566,77.49507259263588,0.13549309253497469,1.1368683772161603e-13
2800000.0,550000.0,0.7,403.15,421.46933124270606,5.2920699379795115,47.339952907906266,379.4214482727793,42.047882969926754,0.09976498846534859,5.684341886080802e-14
2800000.0,550000.0,0.7,413.15,452.12710756081566,5.2920699379795115,50.59660173796932,406.8225757608258,45.30453179998981,0.10020308679212712,5.684341886080802e-14
2800000.0,550000.0,0.7,423.15,480.78718100537884,5.2920699379795115,53.45016552257433,432.629085420784,48.15809558459482,0.10016509900262097,5.684341886080802e-14
2800000.0,550000.0,0.7,433.15,508.51700629648855,5.2920699379795115,56.0678904931203,457.7411857413478,50.77582055514079,0.09985078163843389,0.0
2800000.0,550000.0,0.7,443.15,535.7855565266475,5.2920699379795115,58.526259289064676,482.55136717556235,53.23418935108516,0.09935726841198926,0.0
2800000.0,550000.0,0.7,453.15,562.8455107887561,5.2920699379795115,60.86809943259775,507.26948129413785,55.57602949461824,0.09874117929222805,0.0
2800000.0,550000.0,0.75,403.15,421.46933124270606,5.2920699379795115,50.721378115613945,376.04002306507164,45.42930817763443,0.10778793333238676,0.0
2800000.0,550000.0,0.75,413.15,452.12710756081566,5.2920699379795115,54.21064471925283,403.20853277954234,48.918574781273314,0.10819650926303566,0.0
2800000.0,550000.0,0.75,423.15,480.78718100537884,5.2920699379795115,57.26803448847251,428.8112164548858,51.975964550492996,0.10810596996743037,5.684341886080802e-14
2800000.0,550000.0,0.75,433.15,508.51700629648855,5.2920699379795115,60.07273981405748,453.7363364204106,54.780669876077965,0.10772632812232506,0.0
2800000.0,550000.0,0.75,443.15,535.7855565266475,5.2920699379795115,62.70670638114074,478.3709200834863,57.41463644316123,0.10715973161980093,0.0
2800000.0,550000.0,0.75,453.15,562.8455107887561,5.2920699379795115,65.21582082064054,502.921759906095,59.92375088266103,0.10646571702896866,0.0
2800000.0,550000.0,0.8,403.15,421.46933124270606,5.2920699379795115,54.10280332332151,372.65859785736404,48.810733385342,0.11581087819942466,5.684341886080802e-14
2800000.0,550000.0,0.8,413.15,452.12710756081566,5.2920699379795115,57.82468770053634,399.5944897982588,52.532617762556825,0.11618993173394422,5.684341886080802e-14
2800000.0,550000.0,0.8,423.15,480.78718100537884,5.2920699379795115,61.085903454370566,424.9933474889878,55.793833516391054,0.11604684093223953,0.0
2800000.0,550000.0,0.8,433.15,508.51700629648855,5.2920699379795115,64.07758913499467,449.73148709947344,58.785519197015155,0.11560187460621626,0.0
2800000.0,550000.0,0.8,443.15,535.7855565266475,5.2920699379795115,66.88715347321681,474.1904729914102,61.5950835352373,0.11496219482761261,0.0
2800000.0,550000.0,0.8,453.15,562.8455107887561,5.2920699379795115,69.56354220868322,498.57403851805236,64.27147227070371,0.11419025476570907,0.0
2800000.0,550000.0,0.85,403.15,421.46933124270606,5.2920699379795115,57.484228531029075,369.2771726496565,52.19215859304956,0.12383382306646255,0.0
2800000.0,550000.0,0.85,413.15,452.12710756081566,5.2920699379795115,61.438730681819955,395.9804468169752,56.14666074384044,0.124183354204853,5.684341886080802e-14
2800000.0,550000.0,0.85,423.15,480.78718100537884,5.2920699379795115,64.90377242026874,421.1754785230896,59.611702482289225,0.12398771189704892,0.0
2800000.0,550000.0,0.85,433.15,508.51700629648855,5.2920699379795115,68.08243845593172,445.72663777853637,62.79036851795221,0.1234774210901072,0.0
2800000.0,550000.0,0.85,443.15,535.7855565266475,5.2920699379795115,71.06760056529275,470.01002589933427,65.77553062731324,0.12276465803542405,0.0
2800000.0,550000.0,0.85,453.15,562.8455107887561,5.2920699379795115,73.91126359672589,494.2263171300097,68.61919365874638,0.12191479250244946,0.0
2800000.0,550000.0,0.9,403.15,421.46933124270606,5.2920699379795115,60.865653738736754,365.8957474419488,55.57358380075724,0.13185676793350073,5.684341886080802e-14
2800000.0,550000.0,0.9,413.15,452.12710756081566,5.2920699379795115,65.05277366310347,392.3664038356917,59.76070372512395,0.13217677667576155,0.0
2800000.0,550000.0,0.9,423.15,480.78718100537884,5.2920699379795115,68.72164138616691,417.35760955719144,63.429571448187396,0.13192858286185832,0.0
2800000.0,550000.0,0.9,433.15,508.51700629648855,5.2920699379795115,72.0872877768689,441.7217884575992,66.7952178388894,0.1313529675739984,0.0
2800000.0,550000.0,0.9,443.15,535.7855565266475,5.2920699379795115,75.24804765736882,465.8295788072582,69.95597771938931,0.13056712124323572,0.0
2800000.0,550000.0,0.9,453.15,562.8455107887561,5.2920699379795115,78.25898498476867,489.87859574196693,72.96691504678917,0.12963933023919008,0.0
2800000.0,600000.0,0.7,403.15,412.8802665578156,5.21921684201085,44.68024582462362,373.4192375752028,39.46102898261277,0.09557499396035446,0.0
2800000.0,600000.0,0.7,413.15,443.5380428759252,5.21921684201085,47.79498243925883,400.9622772786772,42.57576559724798,0.09599123746225771,0.0
2800000.0,600000.0,0.7,423.15,472.1981163204884,5.21921684201085,50.52086454365077,426.8964686188485,45.301647701639915,0.09593779842800763,0.0
2800000.0,600000.0,0.7,433.15,499.92794161159816,5.21921684201085,53.01920329518185,452.12795515842714,47.799986453171,0.09561375245216351,0.0
2800000.0,600000.0,0.7,443.15,527.196491841757,5.21921684201085,55.36377394495695,477.051934738811,50.144557102946095,0.0951154984506184,0.0
2800000.0,600000.0,0.7,453.15,554.2564461038656,5.21921684201085,57.59589233220054,501.87977061367593,52.37667549018969,0.09449899204307043,0.0
2800000.0,600000.0,0.75,403.15,412.8802665578156,5.21921684201085,47.871691954953945,370.2277914448725,42.652475112943094,0.10330470736355832,0.0
2800000.0,600000.0,0.75,413.15,443.5380428759252,5.21921684201085,51.20890975634882,397.54834996158723,45.989692914337965,0.10368827128364966,0.0
2800000.0,600000.0,0.75,423.15,472.1981163204884,5.21921684201085,54.12949772534019,423.28783543715906,48.910280883329335,0.10357999998910022,0.0
2800000.0,600000.0,0.75,433.15,499.92794161159816,5.21921684201085,56.80628924483771,448.34086920877127,51.587072402826855,0.10318901607405184,0.0
2800000.0,600000.0,0.75,443.15,527.196491841757,5.21921684201085,59.318329226739586,473.09737945702835,54.099112384728734,0.10261660163127012,0.0
2800000.0,600000.0,0.75,453.15,554.2564461038656,5.21921684201085,61.7098846416435,497.765778304233,56.49066779963265,0.1019215350524701,0.0
2800000.0,600000.0,0.8,403.15,412.8802665578156,5.21921684201085,51.06313808528415,367.0363453145423,45.8439212432733,0.11103442076676187,0.0
2800000.0,600000.0,0.8,413.15,443.5380428759252,5.21921684201085,54.62283707343868,394.13442264449736,49.40362023142783,0.11138530510504133,0.0
2800000.0,600000.0,0.8,423.15,472.1981163204884,5.21921684201085,57.73813090702949,419.67920225546976,52.51891406501864,0.11122220155019258,0.0
2800000.0,600000.0,0.8,433.15,499.92794161159816,5.21921684201085,60.59337519449357,444.5537832591154,55.374158352482716,0.11076427969594019,5.684341886080802e-14
2800000.0,600000.0,0.8,443.15,527.196491841757,5.21921684201085,63.272884508522225,469.1428241752457,58.05366766651137,0.11011770481192186,0.0
2800000.0,600000.0,0.8,453.15,554.2564461038656,5.21921684201085,65.82387695108633,493.65178599479015,60.60466010907548,0.10934407806186956,0.0
2800000.0,600000.0,0.85,403.15,412.8802665578156,5.21921684201085,54.25458421561448,363.84489918421195,49.03536737360363,0.11876413416996573,0.0
2800000.0,600000.0,0.85,413.15,443.5380428759252,5.21921684201085,58.03676439052867,390.7204953274074,52.817547548517815,0.11908233892643326,0.0
2800000.0,600000.0,0.85,423.15,472.1981163204884,5.21921684201085,61.3467640887188,416.07056907378046,56.12754724670795,0.11886440311128493,-5.684341886080802e-14
2800000.0,600000.0,0.85,433.15,499.92794161159816,5.21921684201085,64.38046114414942,440.7666973094596,59.16124430213857,0.11833954331782852,0.0
2800000.0,600000.0,0.85,443.15,527.196491841757,5.21921684201085,67.22743979030487,465.1882688934631,62.00822294829402,0.1176188079925736,-1.1368683772161603e-13
2800000.0,600000.0,0.85,453.15,554.2564461038656,5.21921684201085,69.93786926052917,489.5377936853473,64.71865241851832,0.11676662107126902,0.0
2800000.0,600000.0,0.9,403.15,412.8802665578156,5.21921684201085,57.446030345944685,360.6534530538818,52.22681350393383,0.12649384757316928,0.0
2800000.0,600000.0,0.9,413.15,443.5380428759252,5.21921684201085,61.45069170761853,387.3065680103175,56.23147486560768,0.12677937274782494,0.0
2800000.0,600000.0,0.9,423.15,472.1981163204884,5.21921684201085,64.95539727040811,412.4619358920911,59.73618042839726,0.12650660467237732,0.0
2800000.0,600000.0,0.9,433.15,499.92794161159816,5.21921684201085,68.16754709380527,436.9796113598037,62.94833025179442,0.12591480693971685,0.0
2800000.0,600000.0,0.9,443.15,527.196491841757,5.21921684201085,71.1819950720875,461.23371361168046,65.96277823007665,0.12511991117322532,-1.1368683772161603e-13
2800000.0,600000.0,0.9,453.15,554.2564461038656,5.21921684201085,74.05186156997213,485.42380137590436,68.83264472796128,0.1241891640806687,0.0
2800000.0,650000.0,0.7,403.15,404.7326351476769,5.143173564972764,42.2341120290563,367.64169668359335,37.090938464083536,0.09164306320529347,0.0
2800000.0,650000.0,0.7,413.15,435.3904114657864,5.143173564972764,45.21657809125748,395.3170069395017,40.07340452628472,0.09204016319829712,0.0
2800000.0,650000.0,0.7,423.15,464.05048491034967,5.143173564972764,47.823626380431115,421.3700320948913,42.68045281545835,0.09197372743550485,0.0
2800000.0,650000.0,0.7,433.15,491.7803102014594,5.143173564972764,50.210973732935614,446.7125100334965,45.06780016796285,0.0916421402668616,0.0
2800000.0,650000.0,0.7,443.15,519.0488604316183,5.143173564972764,52.44983965412295,471.74219434246817,47.306666089150184,0.091141065312834,0.0
2800000.0,650000.0,0.7,453.15,546.1088146937268,5.143173564972764,54.58011280812172,496.67187545057794,49.436939243148956,0.09052580349005095,0.0
2800000.0,650000.0,0.75,403.15,404.7326351476769,5.143173564972764,45.25083431684598,364.62497439580363,40.10766075187322,0.09909668079333145,5.684341886080802e-14
2800000.0,650000.0,0.75,413.15,435.3904114657864,5.143173564972764,48.44633366920438,392.0872513615548,43.303160104231615,0.09945823096665608,0.0
2800000.0,650000.0,0.75,423.15,464.05048491034967,5.143173564972764,51.239599693319064,417.95405878200336,46.0964261283463,0.0993349379588553,0.0
2800000.0,650000.0,0.75,433.15,491.7803102014594,5.143173564972764,53.79747185671667,443.1260119097155,48.654298291743906,0.09893502704858703,0.0
2800000.0,650000.0,0.75,443.15,519.0488604316183,5.143173564972764,56.1962567722745,467.9957772243166,51.05308320730174,0.09835891589251969,0.0
2800000.0,650000.0,0.75,453.15,546.1088146937268,5.143173564972764,58.478692294416135,492.77329596428353,53.33551872944337,0.09766463623070328,0.0
2800000.0,650000.0,0.8,403.15,404.7326351476769,5.143173564972764,48.26755660463567,361.60825210801397,43.12438303966291,0.10655029838136945,0.0
2800000.0,650000.0,0.8,413.15,435.3904114657864,5.143173564972764,51.676089247151396,388.8574957836078,46.53291568217863,0.10687629873501532,-5.684341886080802e-14
2800000.0,650000.0,0.8,423.15,464.05048491034967,5.143173564972764,54.65557300620701,414.5380854691154,49.512399441234244,0.10669614848220574,0.0
2800000.0,650000.0,0.8,433.15,491.7803102014594,5.143173564972764,57.383969980497845,439.53951378593433,52.24079641552508,0.10622791383031271,-5.684341886080802e-14
2800000.0,650000.0,0.8,443.15,519.0488604316183,5.143173564972764,59.94267389042617,464.24936010616494,54.79950032545341,0.10557676647220561,0.0
2800000.0,650000.0,0.8,453.15,546.1088146937268,5.143173564972764,62.37727178071055,488.8747164779891,57.23409821573779,0.10480346897135562,-1.1368683772161603e-13
2800000.0,650000.0,0.85,403.15,404.7326351476769,5.143173564972764,51.28427889242547,358.59152982022414,46.141105327452706,0.11400391596940772,5.684341886080802e-14
2800000.0,650000.0,0.85,413.15,435.3904114657864,5.143173564972764,54.90584482509829,385.6277402056609,49.76267126012553,0.1142943665033743,-5.684341886080802e-14
2800000.0,650000.0,0.85,423.15,464.05048491034967,5.143173564972764,58.07154631909495,411.12211215622744,52.92837275412219,0.11405735900555619,0.0
2800000.0,650000.0,0.85,433.15,491.7803102014594,5.143173564972764,60.97046810427902,435.9530156621531,55.82729453930626,0.1135208006120384,0.0
2800000.0,650000.0,0.85,443.15,519.0488604316183,5.143173564972764,63.68909100857785,460.5029429880133,58.545917443605084,0.11279461705189153,0.0
2800000.0,650000.0,0.85,453.15,546.1088146937268,5.143173564972764,66.27585126700497,484.97613699169466,61.132677702032204,0.11194230171200795,0.0
2800000.0,650000.0,0.9,403.15,404.7326351476769,5.143173564972764,54.30100118021516,355.5748075324345,49.1578276152424,0.12145753355744571,0.0
2800000.0,650000.0,0.9,413.15,435.3904114657864,5.143173564972764,58.1356004030453,382.3979846277139,52.99242683807254,0.1217124342717335,-5.684341886080802e-14
2800000.0,650000.0,0.9,423.15,464.05048491034967,5.143173564972764,61.4875196319829,407.70613884333955,56.344346067010136,0.12141856952890664,0.0
2800000.0,650000.0,0.9,433.15,491.7803102014594,5.143173564972764,64.55696622806008,432.3665175383721,59.413792663087314,0.12081368739376382,0.0
2800000.0,650000.0,0.9,443.15,519.0488604316183,5.143173564972764,67.43550812672952,456.7565258698616,62.29233456175675,0.12001246763157744,0.0
2800000.0,650000.0,0.9,453.15,546.1088146937268,5.143173564972764,70.17443075329939,481.07755750540025,65.03125718832662,0.11908113445266028,0.0
2800000.0,700000.0,0.7,403.15,396.96882911457675,5.064217775880533,39.97099541370385,362.0620514767534,34.90677763782331,0.08793329621290794,0.0
2800000.0,700000.0,0.7,413.15,427.62660543268635,5.064217775880533,42.829402768791766,389.8614204397751,37.76518499291123,0.08831345971726713,5.684341886080802e-14
2800000.0,700000.0,0.7,423.15,456.2866788772495,5.064217775880533,45.325156825498325,416.02573982763175,40.26093904961779,0.08823606060270019,0.0
2800000.0,700000.0,0.7,433.15,484.0165041683593,5.064217775880533,47.60866762841714,441.4720543158227,42.5444498525366,0.08789875858807085,0.0
2800000.0,700000.0,0.7,443.15,511.28505439851824,5.064217775880533,49.74872774430667,466.6005444300921,44.684509968426134,0.08739647205411376,0.0
2800000.0,700000.0,0.7,453.15,538.3450086606268,5.064217775880533,51.78387044878036,491.62535598772695,46.71965267289983,0.086783850358594,0.0
2800000.0,700000.0,0.75,403.15,396.96882911457675,5.064217775880533,42.82606651468261,359.20698037577466,37.76184873880207,0.09512547577861058,0.0
2800000.0,700000.0,0.75,413.15,427.62660543268635,5.064217775880533,45.888645823705474,386.8021773848614,40.82442804782494,0.09546746514173848,0.0
2800000.0,700000.0,0.75,423.15,456.2866788772495,5.064217775880533,48.562668027319596,412.78822862581046,43.49845025143906,0.095331405156233,0.0
2800000.0,700000.0,0.75,433.15,484.0165041683593,5.064217775880533,51.00928674473264,438.07143519950716,45.945068968852105,0.09492459156489975,0.0
2800000.0,700000.0,0.75,443.15,511.28505439851824,5.064217775880533,53.3022082974714,463.0470638769274,48.237990521590866,0.0943465687224881,-1.1368683772161603e-13
2800000.0,700000.0,0.75,453.15,538.3450086606268,5.064217775880533,55.48271833797905,487.92650809852825,50.418500562098515,0.09365462621737129,0.0
2800000.0,700000.0,0.8,403.15,396.96882911457675,5.064217775880533,45.681137615661484,356.3519092747958,40.61691983978095,0.1023176553443135,0.0
2800000.0,700000.0,0.8,413.15,427.62660543268635,5.064217775880533,48.94788887861918,383.7429343299477,43.883671102738646,0.10262147056620982,5.684341886080802e-14
2800000.0,700000.0,0.8,423.15,456.2866788772495,5.064217775880533,51.80017922914098,409.5507174239891,46.735961453260444,0.10242674970976608,-5.684341886080802e-14
2800000.0,700000.0,0.8,433.15,484.0165041683593,5.064217775880533,54.409905861048145,434.67081608319165,49.34568808516761,0.10195042454172866,0.0
2800000.0,700000.0,0.8,443.15,511.28505439851824,5.064217775880533,56.85568885063624,459.4935833237625,51.791471074755705,0.10129666539086264,0.0
2800000.0,700000.0,0.8,453.15,538.3450086606268,5.064217775880533,59.181566227177626,484.22766020932966,54.11734845129709,0.10052540207614838,0.0
2800000.0,700000.0,0.85,403.15,396.96882911457675,5.064217775880533,48.53620871664037,353.4968381738169,43.47199094075983,0.10950983491001645,0.0
2800000.0,700000.0,0.85,413.15,427.62660543268635,5.064217775880533,52.00713193353289,380.683691275034,46.94291415765235,0.10977547599068117,0.0
2800000.0,700000.0,0.85,423.15,456.2866788772495,5.064217775880533,55.03769043096225,406.3132062221678,49.973472655081714,0.1095220942632989,0.0
2800000.0,700000.0,0.85,433.15,484.0165041683593,5.064217775880533,57.81052497736365,431.27019696687614,52.74630720148311,0.10897625751855756,5.684341886080802e-14
2800000.0,700000.0,0.85,443.15,511.28505439851824,5.064217775880533,60.40916940380097,455.9401027705978,55.34495162792044,0.10824676205923697,0.0
2800000.0,700000.0,0.85,453.15,538.3450086606268,5.064217775880533,62.880414116376194,480.5288123201311,57.81619634049566,0.10739617793492544,0.0
2800000.0,700000.0,0.9,403.15,396.96882911457675,5.064217775880533,51.39127981761924,350.64176707283804,46.32706204173871,0.11670201447571937,0.0
2800000.0,700000.0,0.9,413.15,427.62660543268635,5.064217775880533,55.0663749884466,377.62444822012026,50.00215721256606,0.11692948141515253,5.684341886080802e-14
2800000.0,700000.0,0.9,423.15,456.2866788772495,5.064217775880533,58.275201632783514,403.07569502034653,53.21098385690298,0.11661743881683169,0.0
2800000.0,700000.0,0.9,433.15,484.0165041683593,5.064217775880533,61.211144093679145,427.86957785056063,56.14692631779861,0.11600209049538646,5.684341886080802e-14
2800000.0,700000.0,0.9,443.15,511.28505439851824,5.064217775880533,63.962649956965706,452.38662221743306,58.89843218108517,0.1151968587276113,0.0
2800000.0,700000.0,0.9,453.15,538.3450086606268,5.064217775880533,66.57926200557489,476.8299644309324,61.515044229694354,0.11426695379370275,0.0
3000000.0,500000.0,0.7,403.15,419.04857382926326,5.8257556926494,50.312983452089014,374.5613460698237,44.48722775943961,0.10616246072123717,-5.684341886080802e-14
3000000.0,500000.0,0.7,413.15,452.8499394158689,5.8257556926494,54.36505399706354,404.31064111145474,48.53929830441414,0.10718627536314783,0.0
3000000.0,500000.0,0.7,423.15,483.0355774189941,5.8257556926494,57.72637692704401,431.1349561845995,51.900621234394606,0.1074467878985548,0.0
3000000.0,500000.0,0.7,433.15,511.7186472847881,5.8257556926494,60.741376654768715,456.8030263226688,54.91562096211931,0.10731604418464152,-1.1368683772161603e-13
3000000.0,500000.0,0.7,443.15,539.6573181537565,5.8257556926494,63.53849542049342,481.94457842591237,57.71273972784402,0.10694330973827504,1.1368683772161603e-13
3000000.0,500000.0,0.7,453.15,567.221901735608,5.8257556926494,66.1828198688163,506.86483755944107,60.357064176166894,0.10640820460473047,0.0
3000000.0,500000.0,0.75,403.15,419.04857382926326,5.8257556926494,53.90676798438106,370.9675615375316,48.08101229173166,0.11473851790585438,0.0
3000000.0,500000.0,0.75,413.15,452.8499394158689,5.8257556926494,58.248272139710956,400.4274229688073,52.422516447061554,0.11576134141627877,5.684341886080802e-14
3000000.0,500000.0,0.75,423.15,483.0355774189941,5.8257556926494,61.849689564689996,427.0116435469535,56.023933872040594,0.11598303829169997,0.0
3000000.0,500000.0,0.75,433.15,511.7186472847881,5.8257556926494,65.08004641582352,452.464356561614,59.254290723174115,0.11579466770965094,-1.1368683772161603e-13
3000000.0,500000.0,0.75,443.15,539.6573181537565,5.8257556926494,68.07695937910013,477.40611446730566,62.25120368645073,0.11535320951343872,1.1368683772161603e-13
3000000.0,500000.0,0.75,453.15,567.221901735608,5.8257556926494,70.91016414516035,502.137493283097,65.08440845251096,0.11474241078026627,0.0
3000000.0,500000.0,0.8,403.15,419.04857382926326,5.8257556926494,57.50055251667311,367.37377700523956,51.67479682402371,0.12331457509047158,0.0
3000000.0,500000.0,0.8,413.15,452.8499394158689,5.8257556926494,62.13149028235837,396.5442048261599,56.30573458970897,0.12433640746940969,5.684341886080802e-14
3000000.0,500000.0,0.8,423.15,483.0355774189941,5.8257556926494,65.97300220233598,422.8883309093075,60.147246509686575,0.12451928868484512,0.0
3000000.0,500000.0,0.8,433.15,511.7186472847881,5.8257556926494,69.41871617687843,448.1256868005591,63.59296048422903,0.12427329123466059,-1.1368683772161603e-13
3000000.0,500000.0,0.8,443.15,539.6573181537565,5.8257556926494,72.61542333770672,472.86765050869906,66.78966764505732,0.12376310928860218,1.1368683772161603e-13
3000000.0,500000.0,0.8,453.15,567.221901735608,5.8257556926494,75.6375084215043,497.41014900675304,69.8117527288549,0.12307661695580185,0.0
3000000.0,500000.0,0.85,403.15,419.04857382926326,5.8257556926494,61.09433704896516,363.7799924729475,55.26858135631576,0.1318906322750888,0.0
3000000.0,500000.0,0.85,413.15,452.8499394158689,5.8257556926494,66.01470842500567,392.66098668351265,60.18895273235626,0.13291147352254035,0.0
3000000.0,500000.0,0.85,423.15,483.0355774189941,5.8257556926494,70.09631483998209,418.7650182716614,64.27055914733269,0.13305553907799053,0.0
3000000.0,500000.0,0.85,433.15,511.7186472847881,5.8257556926494,73.75738593793335,443.7870170395042,67.93163024528396,0.13275191475967024,-1.1368683772161603e-13
3000000.0,500000.0,0.85,443.15,539.6573181537565,5.8257556926494,77.15388729631341,468.32918655009234,71.32813160366402,0.13217300906376583,1.1368683772161603e-13
3000000.0,500000.0,0.85,453.15,567.221901735608,5.8257556926494,80.36485269784835,492.682804730409,74.53909700519895,0.13141082313133765,0.0
3000000.0,500000.0,0.9,403.15,419.04857382926326,5.8257556926494,64.68812158125732,360.1862079406554,58.86236588860792,0.14046668945970628,-5.684341886080802e-14
3000000.0,500000.0,0.9,413.15,452.8499394158689,5.8257556926494,69.89792656765307,388.7777685408652,64.07217087500368,0.14148653957567128,0.0
3000000.0,500000.0,0.9,423.15,483.0355774189941,5.8257556926494,74.21962747762807,414.64170563401547,68.39387178497867,0.14159178947113568,-5.684341886080802e-14
3000000.0,500000.0,0.9,433.15,511.7186472847881,5.8257556926494,78.09605569898827,439.44834727844926,72.27030000633887,0.14123053828467988,-1.1368683772161603e-13
3000000.0,500000.0,0.9,443.15,539.6573181537565,5.8257556926494,81.69235125492013,463.79072259148563,75.86659556227073,0.14058290883892952,1.1368683772161603e-13
3000000.0,500000.0,0.9,453.15,567.221901735608,5.8257556926494,85.09219697419239,487.95546045406496,79.266441281543,0.1397450293068734,0.0
3000000.0,550000.0,0.7,403.15,409.94146929956406,5.760545068512438,47.46959248821693,368.2324218798596,41.7090474197045,0.10174390868767091,-5.684341886080802e-14
3000000.0,550000.0,0.7,413.15,443.7428348861697,5.760545068512438,51.35149960747803,398.1518803472041,45.5909545389656,0.1027418381880143,0.0
3000000.0,550000.0,0.7,423.15,473.9284728892949,5.760545068512438,54.56668502951867,425.12233292828864,48.80613996100624,0.102982080108968,0.0
3000000.0,550000.0,0.7,433.15,502.6115427550889,5.760545068512438,57.447494440401904,450.92459338319946,51.68694937188947,0.10283677348229014,0.0
3000000.0,550000.0,0.7,443.15,530.5502136240572,5.760545068512438,60.117901418837604,476.19285727373205,54.35735635032517,0.10245468751962897,0.0
3000000.0,550000.0,0.7,453.15,558.1147972059086,5.760545068512438,62.64073658279085,501.23460569163035,56.880191514278415,0.1019148601668292,-1.1368683772161603e-13
3000000.0,550000.0,0.75,403.15,409.94146929956406,5.760545068512438,50.86027766594663,364.8417367021299,45.0997325974342,0.11001505330625051,0.0
3000000.0,550000.0,0.75,413.15,443.7428348861697,5.760545068512438,55.019463865155004,394.48391608952716,49.25891879664257,0.11100780660329675,0.0
3000000.0,550000.0,0.75,423.15,473.9284728892949,5.760545068512438,58.46430538876995,421.2247125690374,52.703760320257516,0.11120614889194178,-5.684341886080802e-14
3000000.0,550000.0,0.75,433.15,502.6115427550889,5.760545068512438,61.55088690043055,446.82120092317086,55.79034183191811,0.11100091638584486,-5.684341886080802e-14
3000000.0,550000.0,0.75,443.15,530.5502136240572,5.760545068512438,64.41203723446885,471.8987214581008,58.65149216595642,0.11054842814089659,0.0
3000000.0,550000.0,0.75,453.15,558.1147972059086,5.760545068512438,67.11507491013303,496.76026736428815,61.3545298416206,0.10993173832476744,-1.1368683772161603e-13
3000000.0,550000.0,0.8,403.15,409.94146929956406,5.760545068512438,54.25096284367645,361.45105152440004,48.49041777516401,0.11828619792483037,0.0
3000000.0,550000.0,0.8,413.15,443.7428348861697,5.760545068512438,58.687428122831975,390.81595183185016,52.92688305431954,0.11927377501857919,0.0
3000000.0,550000.0,0.8,423.15,473.9284728892949,5.760545068512438,62.36192574802134,417.327092209786,56.60138067950891,0.11943021767491577,0.0
3000000.0,550000.0,0.8,433.15,502.6115427550889,5.760545068512438,65.6542793604593,442.7178084631421,59.89373429194686,0.11916505928939979,-5.684341886080802e-14
3000000.0,550000.0,0.8,443.15,530.5502136240572,5.760545068512438,68.7061730501001,467.60458564246954,62.94562798158767,0.11864216876216423,0.0
3000000.0,550000.0,0.8,453.15,558.1147972059086,5.760545068512438,71.58941323747521,492.28592903694596,65.82886816896277,0.11794861648270567,-1.1368683772161603e-13
3000000.0,550000.0,0.85,403.15,409.94146929956406,5.760545068512438,57.64164802140626,358.06036634667026,51.881102952893826,0.12655734254341025,0.0
3000000.0,550000.0,0.85,413.15,443.7428348861697,5.760545068512438,62.355392380508945,387.1479875741732,56.59484731199651,0.12753974343386162,0.0
3000000.0,550000.0,0.85,423.15,473.9284728892949,5.760545068512438,66.25954610727274,413.4294718505346,60.499001038760305,0.1276542864578898,0.0
3000000.0,550000.0,0.85,433.15,502.6115427550889,5.760545068512438,69.75767182048794,438.61441600311343,63.99712675197551,0.1273292021929545,0.0
3000000.0,550000.0,0.85,443.15,530.5502136240572,5.760545068512438,73.00030886573136,463.3104498268383,67.23976379721891,0.12673590938343185,0.0
3000000.0,550000.0,0.85,453.15,558.1147972059086,5.760545068512438,76.06375156481738,487.8115907096038,70.30320649630494,0.12596549464064388,-1.1368683772161603e-13
3000000.0,550000.0,0.9,403.15,409.94146929956406,5.760545068512438,61.032333199136076,354.66968116894043,55.27178813062364,0.1348284871619901,0.0
3000000.0,550000.0,0.9,413.15,443.7428348861697,5.760545068512438,66.02335663818592,383.4800233164962,60.26281156967348,0.13580571184914408,0.0
3000000.0,550000.0,0.9,423.15,473.9284728892949,5.760545068512438,70.157166466524,409.53185149128336,64.39662139801156,0.1358783552408635,-5.684341886080802e-14
3000000.0,550000.0,0.9,433.15,502.6115427550889,5.760545068512438,73.8610642805167,434.51102354308466,68.10051921200426,0.1354933450965094,0.0
3000000.0,550000.0,0.9,443.15,530.5502136240572,5.760545068512438,77.29444468136259,459.01631401120704,71.53389961285015,0.13482965000469943,0.0
3000000.0,550000.0,0.9,453.15,558.1147972059086,5.760545068512438,80.53808989215968,483.3372523822615,74.77754482364723,0.13398237279858233,-1.1368683772161603e-13
3000000.0,600000.0,0.7,403.15,401.34843016413066,5.691666423086775,44.873738598430876,362.16635798878656,39.1820721753441,0.09762607557558073,0.0
3000000.0,600000.0,0.7,413.15,435.14979575073625,5.691666423086775,48.598108878425556,392.24335329539747,42.906442455338784,0.09860154566156933,0.0
3000000.0,600000.0,0.7,423.15,465.3354337538615,5.691666423086775,51.67822708597267,419.3488730909756,45.9865606628859,0.0988245410239067,0.0
3000000.0,600000.0,0.7,433.15,494.0185036196555,5.691666423086775,54.43516516045749,445.2750048822848,48.743498737370714,0.09866735432019019,0.0
3000000.0,600000.0,0.7,443.15,521.9571744886238,5.691666423086775,56.98871562319598,470.66012528851456,51.29704920010921,0.09827827206392245,0.0
3000000.0,600000.0,0.7,453.15,549.5217580704754,5.691666423086775,59.399597000810786,495.8138274927513,53.707930577724014,0.09773576712650575,0.0
3000000.0,600000.0,0.75,403.15,401.34843016413066,5.691666423086775,48.0790056411759,358.9610909460415,42.387339218089124,0.10561232094705068,0.0
3000000.0,600000.0,0.75,413.15,435.14979575073625,5.691666423086775,52.06940236974158,388.77205980408144,46.37773594665481,0.10657878367297002,0.0
3000000.0,600000.0,0.75,423.15,465.3354337538615,5.691666423086775,55.36952902068501,415.65757115626326,49.677862597598235,0.10675710249882941,0.0
3000000.0,600000.0,0.75,433.15,494.0185036196555,5.691666423086775,58.32339124334732,441.38677879939496,52.631724820260544,0.10653796251482449,0.0
3000000.0,600000.0,0.75,443.15,521.9571744886238,5.691666423086775,61.059338167709996,466.5895027440005,55.36767174462322,0.10607703936413654,0.0
3000000.0,600000.0,0.75,453.15,549.5217580704754,5.691666423086775,63.64242535801162,491.57099913555044,57.95075893492485,0.10545671410428985,0.0
3000000.0,600000.0,0.8,403.15,401.34843016413066,5.691666423086775,51.28427268392104,355.7558239032964,45.592606260834266,0.11359856631852094,0.0
3000000.0,600000.0,0.8,413.15,435.14979575073625,5.691666423086775,55.54069586105773,385.3007663127653,49.849029437970955,0.11455602168437101,0.0
3000000.0,600000.0,0.8,423.15,465.3354337538615,5.691666423086775,59.060830955397336,411.9662692215509,53.36916453231056,0.11468966397375212,0.0
3000000.0,600000.0,0.8,433.15,494.0185036196555,5.691666423086775,62.211617326237146,437.4985527165051,56.519950903150374,0.11440857070945877,0.0
3000000.0,600000.0,0.8,443.15,521.9571744886238,5.691666423086775,65.12996071222402,462.5188801994865,59.43829428913725,0.11387580666435063,0.0
3000000.0,600000.0,0.8,453.15,549.5217580704754,5.691666423086775,67.88525371521234,487.3281707783497,62.19358729212557,0.11317766108207372,0.0
3000000.0,600000.0,0.85,403.15,401.34843016413066,5.691666423086775,54.48953972666606,352.55055686055135,48.79787330357929,0.1215848116899909,0.0
3000000.0,600000.0,0.85,413.15,435.14979575073625,5.691666423086775,59.011989352373874,381.82947282144914,53.3203229292871,0.12253325969577199,0.0
3000000.0,600000.0,0.85,423.15,465.3354337538615,5.691666423086775,62.75213289010967,408.27496728683855,57.0604664670229,0.12262222544867483,0.0
3000000.0,600000.0,0.85,433.15,494.0185036196555,5.691666423086775,66.09984340912698,433.61032663361533,60.4081769860402,0.12227917890409307,-5.684341886080802e-14
3000000.0,600000.0,0.85,443.15,521.9571744886238,5.691666423086775,69.20058325673791,458.4482576549726,63.50891683365114,0.12167457396456448,0.0
3000000.0,600000.0,0.85,453.15,549.5217580704754,5.691666423086775,72.12808207241318,483.0853424211489,66.4364156493264,0.12089860805985782,0.0
3000000.0,600000.0,0.9,403.15,401.34843016413066,5.691666423086775,57.69480676941108,349.34528981780636,52.00314034632431,0.12957105706146085,0.0
3000000.0,600000.0,0.9,413.15,435.14979575073625,5.691666423086775,62.48328284369001,378.358179330133,56.79161642060324,0.13051049770717296,0.0
3000000.0,600000.0,0.9,423.15,465.3354337538615,5.691666423086775,66.443434824822,404.5836653521262,60.751768401735234,0.13055478692359757,0.0
3000000.0,600000.0,0.9,433.15,494.0185036196555,5.691666423086775,69.9880694920168,429.7221005507255,64.29640306893003,0.13014978709872735,0.0
3000000.0,600000.0,0.9,443.15,521.9571744886238,5.691666423086775,73.27120580125192,454.3776351104586,67.57953937816515,0.12947334126477855,0.0
3000000.0,600000.0,0.9,453.15,549.5217580704754,5.691666423086775,76.3709104296139,478.84251406394816,70.67924400652713,0.1286195550376417,0.0
3000000.0,650000.0,0.7,403.15,393.1969306312213,5.619491268819314,42.487194981374664,356.32922691866594,36.86770371255535,0.0937639661972171,0.0
3000000.0,650000.0,0.7,413.15,426.9982962178269,5.619491268819314,46.06463188838854,386.55315559825766,40.44514061956922,0.09471967681795322,5.684341886080802e-14
3000000.0,650000.0,0.7,423.15,457.1839342209521,5.619491268819314,49.018985772198064,413.7844397175733,43.39949450337875,0.0949278643776757,5.684341886080802e-14
3000000.0,650000.0,0.7,433.15,485.86700408674614,5.619491268819314,51.66072581215342,439.82576954341204,46.041234543334106,0.0947609822360235,0.0
3000000.0,650000.0,0.7,443.15,513.8056749557144,5.619491268819314,54.10570413987374,465.31946208465996,48.48621287105442,0.09436683017413833,0.0
3000000.0,650000.0,0.7,453.15,541.370258537566,5.619491268819314,56.41264804506186,490.5771017613234,50.79315677624254,0.09382332327130966,0.0
3000000.0,650000.0,0.75,403.15,393.1969306312213,5.619491268819314,45.52199462290132,353.2944272771393,39.902503354082,0.10148223509787896,0.0
3000000.0,650000.0,0.75,413.15,426.9982962178269,5.619491268819314,49.354962737559106,383.2628247490871,43.73547146873979,0.10242540041993231,5.684341886080802e-14
3000000.0,650000.0,0.75,423.15,457.1839342209521,5.619491268819314,52.52034189878358,410.2830835909878,46.90085062996426,0.1025863927390274,5.684341886080802e-14
3000000.0,650000.0,0.75,433.15,485.86700408674614,5.619491268819314,55.35077765587869,436.1357176996868,49.73128638705937,0.10235575984530204,0.0
3000000.0,650000.0,0.75,443.15,513.8056749557144,5.619491268819314,57.9703972927219,461.45476893181177,52.35090602390258,0.1018885321350621,0.0
3000000.0,650000.0,0.75,453.15,541.370258537566,5.619491268819314,60.442122905423396,486.54762690096186,54.82263163660408,0.10126642676067862,0.0
3000000.0,650000.0,0.8,403.15,393.1969306312213,5.619491268819314,48.556794264428085,350.2596276356125,42.93730299560877,0.1092005039985411,0.0
3000000.0,650000.0,0.8,413.15,426.9982962178269,5.619491268819314,52.64529358672979,379.9724938999164,47.025802317910475,0.11013112402191168,5.684341886080802e-14
3000000.0,650000.0,0.8,423.15,457.1839342209521,5.619491268819314,56.021698025369204,406.7817274644022,50.40220675654989,0.11024492110037935,5.684341886080802e-14
3000000.0,650000.0,0.8,433.15,485.86700408674614,5.619491268819314,59.040829499603944,432.4456658559615,53.42133823078463,0.10995053745458055,0.0
3000000.0,650000.0,0.8,443.15,513.8056749557144,5.619491268819314,61.835090445569946,457.59007577896375,56.21559917675063,0.10941023409598566,0.0
3000000.0,650000.0,0.8,453.15,541.370258537566,5.619491268819314,64.47159776578495,482.5181520406003,58.85210649696563,0.10870953025004762,0.0
3000000.0,650000.0,0.85,403.15,393.1969306312213,5.619491268819314,51.59159390595485,347.22482799408573,45.972102637135535,0.11691877289920326,0.0
3000000.0,650000.0,0.85,413.15,426.9982962178269,5.619491268819314,55.93562443590036,376.6821630507458,50.31613316708104,0.11783684762389077,5.684341886080802e-14
3000000.0,650000.0,0.85,423.15,457.1839342209521,5.619491268819314,59.52305415195471,403.2803713378167,53.90356288313539,0.11790344946173104,5.684341886080802e-14
3000000.0,650000.0,0.85,433.15,485.86700408674614,5.619491268819314,62.730881343329095,428.7556140122364,57.11139007450978,0.11754531506385886,0.0
3000000.0,650000.0,0.85,443.15,513.8056749557144,5.619491268819314,65.69978359841811,453.72538262611556,60.08029232959879,0.11693193605690944,0.0
3000000.0,650000.0,0.85,453.15,541.370258537566,5.619491268819314,68.50107262614661,478.48867718023865,62.88158135732729,0.11615263373941682,0.0
3000000.0,650000.0,0.9,403.15,393.1969306312213,5.619491268819314,54.62639354748163,344.19002835255895,49.00690227866231,0.12463704179986541,0.0
3000000.0,650000.0,0.9,413.15,426.9982962178269,5.619491268819314,59.22595528507093,373.39183220157526,53.606464016251614,0.12554257122586987,5.684341886080802e-14
3000000.0,650000.0,0.9,423.15,457.1839342209521,5.619491268819314,63.02441027854034,399.77901521123107,57.40491900972102,0.12556197782308298,0.0
3000000.0,650000.0,0.9,433.15,485.86700408674614,5.619491268819314,66.42093318705436,425.0655621685111,60.80144191823504,0.12514009267313742,0.0
3000000.0,650000.0,0.9,443.15,513.8056749557144,5.619491268819314,69.56447675126628,449.8606894732674,63.94498548244697,0.12445363801783324,-1.1368683772161603e-13
3000000.0,650000.0,0.9,453.15,541.370258537566,5.619491268819314,72.53054748650815,474.4592023198771,66.91105621768884,0.1235957372287858,0.0
3000000.0,700000.0,0.7,403.15,385.42934422291785,5.544315854930377,40.28004043777089,350.6936196400774,34.73572458284052,0.09012215884307626,0.0
3000000.0,700000.0,0.7,413.15,419.2307098095235,5.544315854930377,43.71957153476588,381.055454129688,38.17525567983551,0.0910602558127966,5.684341886080802e-14
3000000.0,700000.0,0.7,423.15,449.41634781264867,5.544315854930377,46.55608753336733,408.4045761342117,41.01177167843696,0.09125562939142084,0.0
3000000.0,700000.0,0.7,433.15,478.0994176784427,5.544315854930377,49.09002137300151,434.5537121603716,43.54570551807114,0.0910808587249919,0.0
3000000.0,700000.0,0.7,443.15,506.03808854741095,5.544315854930377,51.43348898577364,460.1489154165677,45.88917313084327,0.0906832394031223,0.0
3000000.0,700000.0,0.7,453.15,533.6026721292625,5.544315854930377,53.64332917863561,485.5036588055573,48.099013323705236,0.0901401282939106,-1.1368683772161603e-13
3000000.0,700000.0,0.75,403.15,385.42934422291785,5.544315854930377,43.15718618332595,347.8164738945223,37.61287032839557,0.09758694010241654,0.0
3000000.0,700000.0,0.75,413.15,419.2307098095235,5.544315854930377,46.84239807296346,377.9326275914904,41.29808221803309,0.0985092009046684,0.0
3000000.0,700000.0,0.75,423.15,449.41634781264867,5.544315854930377,49.8815223571792,405.07914131039985,44.337206502248826,0.09865508168103397,0.0
3000000.0,700000.0,0.75,433.15,478.0994176784427,5.544315854930377,52.59645147107309,431.04728206230004,47.052135616142714,0.09841496114891476,0.0
3000000.0,700000.0,0.75,443.15,506.03808854741095,5.544315854930377,55.10730962761457,456.47509477472676,49.562993772684194,0.09794320802008288,0.0
3000000.0,700000.0,0.75,453.15,533.6026721292625,5.544315854930377,57.47499554853817,481.6719924356547,51.93067969360779,0.09732087638614347,0.0
3000000.0,700000.0,0.8,403.15,385.42934422291785,5.544315854930377,46.034331928881,344.93932814896726,40.49001607395063,0.10505172136175683,0.0
3000000.0,700000.0,0.8,413.15,419.2307098095235,5.544315854930377,49.96522461116104,374.8098010532928,44.420908756230666,0.1059581459965402,5.684341886080802e-14
3000000.0,700000.0,0.8,423.15,449.41634781264867,5.544315854930377,53.20695718099119,401.7537064865879,47.662641326060815,0.10605453397064736,0.0
3000000.0,700000.0,0.8,433.15,478.0994176784427,5.544315854930377,56.10288156914455,427.5408519642286,50.558565714214176,0.10574906357283739,0.0
3000000.0,700000.0,0.8,443.15,506.03808854741095,5.544315854930377,58.78113026945549,452.80127413288585,53.236814414525114,0.10520317663704346,0.0
3000000.0,700000.0,0.8,453.15,533.6026721292625,5.544315854930377,61.30666191844072,477.8403260657522,55.76234606351034,0.10450162447837631,-1.1368683772161603e-13
3000000.0,700000.0,0.85,403.15,385.42934422291785,5.544315854930377,48.91147767443606,342.0621824034122,43.36716181950568,0.11251650262109712,0.0
3000000.0,700000.0,0.85,413.15,419.2307098095235,5.544315854930377,53.088051149358506,371.68697451509536,47.54373529442813,0.11340709108841172,0.0
3000000.0,700000.0,0.85,423.15,449.41634781264867,5.544315854930377,56.53239200480317,398.4282716627759,50.988076149872796,0.11345398626026072,0.0
3000000.0,700000.0,0.85,433.15,478.0994176784427,5.544315854930377,59.609311667216126,424.034421866157,54.06499581228575,0.11308316599676026,0.0
3000000.0,700000.0,0.85,443.15,506.03808854741095,5.544315854930377,62.45495091129653,449.12745349104483,56.910635056366154,0.11246314525400428,0.0
3000000.0,700000.0,0.85,453.15,533.6026721292625,5.544315854930377,65.13832828834327,474.00865969584964,59.5940124334129,0.11168237257060916,-1.1368683772161603e-13
3000000.0,700000.0,0.9,403.15,385.42934422291785,5.544315854930377,51.78862341999111,339.18503665785715,46.24430756506074,0.11998128388043741,0.0
3000000.0,700000.0,0.9,413.15,419.2307098095235,5.544315854930377,56.210877687556085,368.5641479768978,50.66656183262571,0.12085603618028351,0.0
3000000.0,700000.0,0.9,423.15,449.41634781264867,5.544315854930377,59.85782682861516,395.1028368389639,54.313510973684785,0.12085343854987411,0.0
3000000.0,700000.0,0.9,433.15,478.0994176784427,5.544315854930377,63.1157417652877,420.52799176808537,57.57142591035733,0.12041726842068312,5.684341886080802e-14
3000000.0,700000.0,0.9,443.15,506.03808854741095,5.544315854930377,66.12877155313745,445.45363284920387,60.58445569820708,0.11972311387096486,0.0
3000000.0,700000.0,0.9,453.15,533.6026721292625,5.544315854930377,68.96999465824582,470.1769933259471,63.42567880331545,0.118863120662842,-1.1368683772161603e-13
3200000.0,500000.0,0.7,403.15,403.5167599071326,6.289842771747673,49.492885834650835,360.3137168442294,43.20304306290316,0.10706629155340693,0.0
3200000.0,500000.0,0.7,413.15,443.29518543742273,6.289842771747673,54.66277874570945,394.92224946346096,48.37293597396178,0.1091212753105578,0.0
3200000.0,500000.0,0.7,423.15,475.59588413854783,6.289842771747673,58.49602710754902,423.38969980274646,52.206184335801346,0.10977005074457907,0.0
3200000.0,500000.0,0.7,433.15,505.4656503318292,6.289842771747673,61.81907787130342,449.9364152322735,55.52923509955575,0.10985758391910865,-5.684341886080802e-14
3200000.0,500000.0,0.7,443.15,534.1931747542518,6.289842771747673,64.85077321549889,475.6322443105006,58.56093044375122,0.10962500685391828,0.0
3200000.0,500000.0,0.7,453.15,562.3315549087405,6.289842771747673,67.688394589419,500.9330030910691,61.39855181767133,0.10918567752726514,0.0
3200000.0,500000.0,0.75,403.15,403.5167599071326,6.289842771747673,53.02809196569736,356.7785107131829,46.738249193949684,0.11582728113872212,0.0
3200000.0,500000.0,0.75,413.15,443.29518543742273,6.289842771747673,58.56726294183161,391.0177652673388,52.277420170083936,0.11792914041802427,0.0
3200000.0,500000.0,0.75,423.15,475.59588413854783,6.289842771747673,62.67431475808832,419.2114121522072,56.38447198634065,0.11855542460900492,0.0
3200000.0,500000.0,0.75,433.15,505.4656503318292,6.289842771747673,66.23472629068222,445.5207668128947,59.944883518934546,0.11859338706711682,-5.684341886080802e-14
3200000.0,500000.0,0.75,443.15,534.1931747542518,6.289842771747673,69.48297130232014,471.00004622367936,63.193128530572466,0.11829639822643484,0.0
3200000.0,500000.0,0.75,453.15,562.3315549087405,6.289842771747673,72.52327991723467,496.09811776325347,66.233437145487,0.11778360393849119,0.0
3200000.0,500000.0,0.8,403.15,403.5167599071326,6.289842771747673,56.563298096743765,353.2433045821365,50.27345532499609,0.12458827072403704,0.0
3200000.0,500000.0,0.8,413.15,443.29518543742273,6.289842771747673,62.47174713795376,387.11328107121665,56.18190436620609,0.12673700552549075,0.0
3200000.0,500000.0,0.8,423.15,475.59588413854783,6.289842771747673,66.85260240862752,415.033124501668,60.562759636879846,0.12734079847343055,0.0
3200000.0,500000.0,0.8,433.15,505.4656503318292,6.289842771747673,70.650374710061,441.10511839351585,64.36053193831333,0.12732919021512498,0.0
3200000.0,500000.0,0.8,443.15,534.1931747542518,6.289842771747673,74.11516938914149,466.367848136858,67.82532661739381,0.12696778959895158,0.0
3200000.0,500000.0,0.8,453.15,562.3315549087405,6.289842771747673,77.35816524505033,491.26323243543777,71.06832247330266,0.12638153034971722,0.0
3200000.0,500000.0,0.85,403.15,403.5167599071326,6.289842771747673,60.098504227790286,349.70809845109,53.808661456042614,0.13334926030935224,0.0
3200000.0,500000.0,0.85,413.15,443.29518543742273,6.289842771747673,66.3762313340758,383.2087968750946,60.086388562328125,0.13554487063295695,0.0
3200000.0,500000.0,0.85,423.15,475.59588413854783,6.289842771747673,71.03089005916671,410.85483685112877,64.74104728741904,0.13612617233785618,0.0
3200000.0,500000.0,0.85,433.15,505.4656503318292,6.289842771747673,75.0660231294398,436.68946997413707,68.77618035769213,0.13606499336313316,-5.684341886080802e-14
3200000.0,500000.0,0.85,443.15,534.1931747542518,6.289842771747673,78.74736747596285,461.73565005003667,72.45752470421517,0.13563918097146835,0.0
3200000.0,500000.0,0.85,453.15,562.3315549087405,6.289842771747673,82.19305057286587,486.42834710762224,75.9032078011182,0.13497945676094303,0.0
3200000.0,500000.0,0.9,403.15,403.5167599071326,6.289842771747673,63.63371035883681,346.17289232004345,57.343867587089136,0.14211024989466745,0.0
3200000.0,500000.0,0.9,413.15,443.29518543742273,6.289842771747673,70.28071553019795,379.30431267897245,63.99087275845028,0.14435273574042343,0.0
3200000.0,500000.0,0.9,423.15,475.59588413854783,6.289842771747673,75.2091777097059,406.6765492005896,68.91933493795823,0.14491154620228178,0.0
3200000.0,500000.0,0.9,433.15,505.4656503318292,6.289842771747673,79.48167154881871,432.2738215547582,73.19182877707104,0.14480079651114158,-5.684341886080802e-14
3200000.0,500000.0,0.9,443.15,534.1931747542518,6.289842771747673,83.37956556278421,457.1034519632153,77.08972279103654,0.14431057234398512,-1.1368683772161603e-13
3200000.0,500000.0,0.9,453.15,562.3315549087405,6.289842771747673,87.02793590068154,481.5934617798066,80.73809312893387,0.1435773831721691,0.0
3200000.0,550000.0,0.7,403.15,394.4055718905559,6.22871563448821,46.7379414323183,353.8963460927258,40.50922579783009,0.10270956772657118,0.0
3200000.0,550000.0,0.7,413.15,434.183997420846,6.22871563448821,51.7059026513641,388.7068104039701,45.47718701687589,0.10474173918666041,0.0
3200000.0,550000.0,0.7,423.15,466.4846961219711,6.22871563448821,55.382070861774615,417.33134089468473,49.153355227286404,0.10536970587869905,0.0
3200000.0,550000.0,0.7,433.15,496.35446231525253,6.22871563448821,58.56495697755727,444.0182209721834,52.33624134306906,0.10544126288085719,0.0
3200000.0,550000.0,0.7,443.15,525.0819867376752,6.22871563448821,61.4660835498278,469.8446188223356,55.23736791533959,0.10519760591775078,0.0
3200000.0,550000.0,0.7,453.15,553.2203668921637,6.22871563448821,64.17949426800968,495.2695882586423,57.950778633521466,0.10475170854441355,0.0
3200000.0,550000.0,0.75,403.15,394.4055718905559,6.22871563448821,50.076365820341046,350.55792170470306,43.847650185852835,0.11117401302337629,0.0
3200000.0,550000.0,0.75,413.15,434.183997420846,6.22871563448821,55.399181412175764,385.01353164315844,49.170465777687554,0.11324799179557875,0.0
3200000.0,550000.0,0.75,423.15,466.4846961219711,6.22871563448821,59.33793306618708,413.37547869027225,53.109217431698866,0.11384986018450746,0.0
3200000.0,550000.0,0.75,433.15,496.35446231525253,6.22871563448821,62.74816819023993,439.8350097595008,56.51945255575172,0.11386913354644969,0.0
3200000.0,550000.0,0.75,443.15,525.0819867376752,6.22871563448821,65.8565180891013,465.45418428306203,59.62780245461309,0.11355903260951598,1.1368683772161603e-13
3200000.0,550000.0,0.75,453.15,553.2203668921637,6.22871563448821,68.76374385858176,490.6853386680702,62.53502822409355,0.11303818869756682,0.0
3200000.0,550000.0,0.8,403.15,394.4055718905559,6.22871563448821,53.41479020836379,347.2194973166803,47.18607457387558,0.1196384583201814,0.0
3200000.0,550000.0,0.8,413.15,434.183997420846,6.22871563448821,59.09246017298754,381.32025288234667,52.86374453849933,0.12175424440449735,0.0
3200000.0,550000.0,0.8,423.15,466.4846961219711,6.22871563448821,63.29379527059954,409.4196164858598,57.06507963611133,0.12233001449031589,-5.684341886080802e-14
3200000.0,550000.0,0.8,433.15,496.35446231525253,6.22871563448821,66.9313794029227,435.65179854681804,60.70266376843449,0.12229700421204243,0.0
3200000.0,550000.0,0.8,443.15,525.0819867376752,6.22871563448821,70.24695262837469,461.06374974378866,64.01823699388648,0.12192045930128097,0.0
3200000.0,550000.0,0.8,453.15,553.2203668921637,6.22871563448821,73.34799344915396,486.101089077498,67.11927781466575,0.1213246688507203,0.0
3200000.0,550000.0,0.85,403.15,394.4055718905559,6.22871563448821,56.753214596386535,343.8810729286576,50.524498961898324,0.1281029036169865,-5.684341886080802e-14
3200000.0,550000.0,0.85,413.15,434.183997420846,6.22871563448821,62.78573893379932,377.6269741215349,56.55702329931111,0.13026049701341594,0.0
3200000.0,550000.0,0.85,423.15,466.4846961219711,6.22871563448821,67.249657475012,405.46375428144734,61.02094184052379,0.13081016879612428,0.0
3200000.0,550000.0,0.85,433.15,496.35446231525253,6.22871563448821,71.11459061560535,431.46858733413535,64.88587498111714,0.1307248748776349,0.0
3200000.0,550000.0,0.85,443.15,525.0819867376752,6.22871563448821,74.63738716764806,456.6733152045153,68.40867153315985,0.13028188599304594,0.0
3200000.0,550000.0,0.85,453.15,553.2203668921637,6.22871563448821,77.93224303972605,481.5168394869259,71.70352740523784,0.12961114900387358,0.0
3200000.0,550000.0,0.9,403.15,394.4055718905559,6.22871563448821,60.09163898440928,340.54264854063484,53.86292334992107,0.1365673489137916,0.0
3200000.0,550000.0,0.9,413.15,434.183997420846,6.22871563448821,66.47901769461099,373.9336953607232,60.25030206012278,0.1387667496223343,0.0
3200000.0,550000.0,0.9,423.15,466.4846961219711,6.22871563448821,71.20551967942447,401.50789207703485,64.97680404493626,0.1392903231019327,0.0
3200000.0,550000.0,0.9,433.15,496.35446231525253,6.22871563448821,75.297801828288,427.2853761214527,69.06908619379979,0.1391527455432274,0.0
3200000.0,550000.0,0.9,443.15,525.0819867376752,6.22871563448821,79.02782170692144,452.2828806652419,72.79910607243323,0.13864331268481092,0.0
3200000.0,550000.0,0.9,453.15,553.2203668921637,6.22871563448821,82.51649263029813,476.9325898963538,76.28777699580992,0.13789762915702683,0.0
3200000.0,600000.0,0.7,403.15,385.8085792220376,6.163790522147377,44.22409909324604,347.748270650939,38.06030857109866,0.09865075745035333,0.0
3200000.0,600000.0,0.7,413.15,425.58700475232774,6.163790522147377,49.00495092074003,382.7458443537351,42.84116039859265,0.10066369489717913,0.0
3200000.0,600000.0,0.7,423.15,457.88770345345284,6.163790522147377,52.53586361138371,411.5156303642165,46.37207308923633,0.1012738991230638,0.0
3200000.0,600000.0,0.7,433.15,487.75746964673425,6.163790522147377,55.58931781558762,438.331942353294,49.42552729344024,0.10133217914476518,5.684341886080802e-14
3200000.0,600000.0,0.7,443.15,516.4849940691569,6.163790522147377,58.36999963049649,464.27878496080774,52.20620910834911,0.10107981782208128,0.0
3200000.0,600000.0,0.7,453.15,544.6233742236456,6.163790522147377,60.968925447230696,489.81823929856216,54.805134925083316,0.10062942120911982,0.0
3200000.0,600000.0,0.75,403.15,385.8085792220376,6.163790522147377,47.38296331419225,344.5894064299928,41.21917279204487,0.1068384038404774,0.0
3200000.0,600000.0,0.75,413.15,425.58700475232774,6.163790522147377,52.5053045579358,379.24549071653934,46.34151403578842,0.10888846115674296,0.0
3200000.0,600000.0,0.75,423.15,457.88770345345284,6.163790522147377,56.28842529791116,407.7630686776891,50.12463477576378,0.10946927466651059,0.0
3200000.0,600000.0,0.75,433.15,487.75746964673425,6.163790522147377,59.559983373843835,434.3612767950378,53.396192851696455,0.10947283470690763,0.0
3200000.0,600000.0,0.75,443.15,516.4849940691569,6.163790522147377,62.53928531838907,460.1094992729152,56.37549479624169,0.10915224148543813,0.0
3200000.0,600000.0,0.75,453.15,544.6233742236456,6.163790522147377,65.32384869346139,485.4633160523315,59.160058171314006,0.10862563189772381,0.0
3200000.0,600000.0,0.8,403.15,385.8085792220376,6.163790522147377,50.541827535138346,341.4305422090467,44.378037012990966,0.11502605023060115,0.0
3200000.0,600000.0,0.8,413.15,425.58700475232774,6.163790522147377,56.00565819513146,375.7451370793437,49.84186767298408,0.11711322741630652,0.0
3200000.0,600000.0,0.8,423.15,457.88770345345284,6.163790522147377,60.0409869844385,404.0105069911617,53.87719646229112,0.11766465020995714,0.0
3200000.0,600000.0,0.8,433.15,487.75746964673425,6.163790522147377,63.53064893210004,430.3906112367816,57.36685840995266,0.11761349026905006,0.0
3200000.0,600000.0,0.8,443.15,516.4849940691569,6.163790522147377,66.70857100628164,455.9402135850226,60.544780484134264,0.11722466514879495,0.0
3200000.0,600000.0,0.8,453.15,544.6233742236456,6.163790522147377,69.6787719396922,481.10839280610065,63.51498141754482,0.11662184258632803,0.0
3200000.0,600000.0,0.85,403.15,385.8085792220376,6.163790522147377,53.70069175608456,338.27167798810046,47.53690123393718,0.12321369662072523,0.0
3200000.0,600000.0,0.85,413.15,425.58700475232774,6.163790522147377,59.50601183232712,372.244783442148,53.34222131017974,0.12533799367587006,5.684341886080802e-14
3200000.0,600000.0,0.85,423.15,457.88770345345284,6.163790522147377,63.79354867096595,400.2579453046343,57.62975814881857,0.12586002575340396,0.0
3200000.0,600000.0,0.85,433.15,487.75746964673425,6.163790522147377,67.50131449035636,426.41994567852527,61.337523968208984,0.12575414583119274,0.0
3200000.0,600000.0,0.85,443.15,516.4849940691569,6.163790522147377,70.87785669417423,451.77092789713004,64.71406617202685,0.12529708881215182,-1.1368683772161603e-13
3200000.0,600000.0,0.85,453.15,544.6233742236456,6.163790522147377,74.0336951859229,476.75346955987,67.86990466377551,0.12461805327493204,0.0
3200000.0,600000.0,0.9,403.15,385.8085792220376,6.163790522147377,56.85955597703066,335.11281376715436,50.69576545488328,0.13140134301084902,0.0
3200000.0,600000.0,0.9,413.15,425.58700475232774,6.163790522147377,63.00636546952289,368.74442980495223,56.84257494737551,0.13356275993543387,0.0
3200000.0,600000.0,0.9,423.15,457.88770345345284,6.163790522147377,67.54611035749339,396.5053836181068,61.38231983534601,0.13405540129685073,5.684341886080802e-14
3200000.0,600000.0,0.9,433.15,487.75746964673425,6.163790522147377,71.47198004861258,422.44928012026907,65.3081895264652,0.13389480139333518,0.0
3200000.0,600000.0,0.9,443.15,516.4849940691569,6.163790522147377,75.04714238206692,447.6016422092373,68.88335185991954,0.13336951247550888,0.0
3200000.0,600000.0,0.9,453.15,544.6233742236456,6.163790522147377,78.38861843215372,472.39854631363914,72.22482791000634,0.1326142639635363,0.0
3200000.0,650000.0,0.7,403.15,377.65323313691954,6.095461920088622,41.91416718204471,341.8345278749635,35.81870526195608,0.09484548818616861,-5.684341886080802e-14
3200000.0,650000.0,0.7,413.15,417.43165866720966,6.095461920088622,46.520351721557205,377.0067688657411,40.42488980146858,0.09684193558902211,-5.684341886080802e-14
3200000.0,650000.0,0.7,423.15,449.73235736833476,6.095461920088622,49.915944085071445,405.91187520335194,43.82048216498282,0.09743680090399513,0.0
3200000.0,650000.0,0.7,433.15,479.60212356161617,6.095461920088622,52.84898708420235,432.8485983975024,46.753525164113725,0.09748398279997844,0.0
3200000.0,650000.0,0.7,443.15,508.3296479840388,6.095461920088622,55.51773418173241,458.90737572239505,49.42227226164378,0.09722484702130853,0.0
3200000.0,650000.0,0.7,453.15,536.4680281385274,6.095461920088622,58.010351158476084,484.55313890013997,51.91488923838746,0.09677163692033094,0.0
3200000.0,650000.0,0.75,403.15,377.65323313691954,6.095461920088622,44.9080362664765,338.8406587905317,38.812574346387876,0.10277304929709483,0.0
3200000.0,650000.0,0.75,413.15,417.43165866720966,6.095461920088622,49.84323398738261,373.6838865999157,43.74777206729399,0.10480223806448556,-5.684341886080802e-14
3200000.0,650000.0,0.75,423.15,449.73235736833476,6.095461920088622,53.48136866257666,402.3464506258467,47.38590674248803,0.10536468182937203,0.0
3200000.0,650000.0,0.75,433.15,479.60212356161617,6.095461920088622,56.62391473307391,429.0736707486309,50.528452812985286,0.10535493971075739,0.0
3200000.0,650000.0,0.75,443.15,508.3296479840388,6.095461920088622,59.483286623284805,454.94182328084264,53.38782470319618,0.10502599034883073,0.0
3200000.0,650000.0,0.75,453.15,536.4680281385274,6.095461920088622,62.15394766979583,480.4095423888202,56.05848574970721,0.10449548306582722,0.0
3200000.0,650000.0,0.8,403.15,377.65323313691954,6.095461920088622,47.90190535090829,335.8467897060999,41.80644343081966,0.11070061040802101,-5.684341886080802e-14
3200000.0,650000.0,0.8,413.15,417.43165866720966,6.095461920088622,53.16611625320814,370.3610043340902,47.07065433311951,0.11276254053994932,-5.684341886080802e-14
3200000.0,650000.0,0.8,423.15,449.73235736833476,6.095461920088622,57.046793240081755,398.78102604834163,50.95133131999313,0.1132925627547487,0.0
3200000.0,650000.0,0.8,433.15,479.60212356161617,6.095461920088622,60.39884238194558,425.29874309975924,54.30338046185695,0.11322589662153655,-5.684341886080802e-14
3200000.0,650000.0,0.8,443.15,508.3296479840388,6.095461920088622,63.44883906483708,450.97627083929035,57.35337714474846,0.1128271336763527,0.0
3200000.0,650000.0,0.8,453.15,536.4680281385274,6.095461920088622,66.29754418111557,476.2659458775005,60.202082261026945,0.11221932921132347,0.0
3200000.0,650000.0,0.85,403.15,377.65323313691954,6.095461920088622,50.89577443534008,332.8529206216681,44.800312515251456,0.11862817151894722,0.0
3200000.0,650000.0,0.85,413.15,417.43165866720966,6.095461920088622,56.48899851903366,367.0381220682646,50.39353659894503,0.12072284301541304,0.0
3200000.0,650000.0,0.85,423.15,449.73235736833476,6.095461920088622,60.612217817586846,395.21560147083653,54.51675589749822,0.12122044368012533,0.0
3200000.0,650000.0,0.85,433.15,479.60212356161617,6.095461920088622,64.17377003081714,421.52381545088764,58.078308110728514,0.1210968535323155,0.0
3200000.0,650000.0,0.85,443.15,508.3296479840388,6.095461920088622,67.41439150638936,447.01071839773806,61.31892958630074,0.12062827700387468,0.0
3200000.0,650000.0,0.85,453.15,536.4680281385274,6.095461920088622,70.44114069243533,472.12234936618074,64.3456787723467,0.11994317535681974,0.0
3200000.0,650000.0,0.9,403.15,377.65323313691954,6.095461920088622,53.88964351977175,329.85905153723644,47.79418159968313,0.12655573262987313,-5.684341886080802e-14
3200000.0,650000.0,0.9,413.15,417.43165866720966,6.095461920088622,59.811880784859184,363.7152398024391,53.71641886477056,0.12868314549087678,0.0
3200000.0,650000.0,0.9,423.15,449.73235736833476,6.095461920088622,64.17764239509194,391.65017689333143,58.08218047500331,0.12914832460550196,0.0
3200000.0,650000.0,0.9,433.15,479.60212356161617,6.095461920088622,67.94869767968869,417.7488878020161,61.85323575960007,0.12896781044309444,0.0
3200000.0,650000.0,0.9,443.15,508.3296479840388,6.095461920088622,71.37994394794164,443.04516595618577,65.28448202785302,0.12842942033139665,0.0
3200000.0,650000.0,0.9,453.15,536.4680281385274,6.095461920088622,74.58473720375495,467.9787528548611,68.48927528366633,0.1276670215023158,0.0
3200000.0,700000.0,0.7,403.15,369.8818886509748,6.024044583840994,39.77903160752868,336.12690162728717,33.75498702368768,0.09125882628857049,-5.684341886080802e-14
3200000.0,700000.0,0.7,413.15,409.66031418126494,6.024044583840994,44.221136049477735,371.4632227156282,38.19709146563674,0.0932408879829532,0.0
3200000.0,700000.0,0.7,423.15,441.96101288239004,6.024044583840994,47.48987177703087,400.4951856892002,41.465827193189874,0.09382236438177483,-5.684341886080802e-14
3200000.0,700000.0,0.7,433.15,471.83077907567144,6.024044583840994,50.3101910518005,427.54463260771195,44.286146467959504,0.09386023216780642,-5.684341886080802e-14
3200000.0,700000.0,0.7,443.15,500.55830349809406,6.024044583840994,52.874256897718645,453.7080911842164,46.85021231387765,0.09359591477450346,0.0
3200000.0,700000.0,0.7,453.15,528.6966836525827,6.024044583840994,55.267534759917766,479.45319347650593,49.24349017607677,0.09314128818790864,0.0
3200000.0,700000.0,0.75,403.15,369.8818886509748,6.024044583840994,42.62039100806636,333.2855422267495,36.596346424225366,0.09894062820350238,-5.684341886080802e-14
3200000.0,700000.0,0.75,413.15,409.66031418126494,6.024044583840994,47.37978862444044,368.30457014066553,41.35574404059944,0.10095130675094026,-5.684341886080802e-14
3200000.0,700000.0,0.75,423.15,441.96101288239004,6.024044583840994,50.88200547539024,397.1030519908408,44.85796089154924,0.1014975520102864,-5.684341886080802e-14
3200000.0,700000.0,0.75,433.15,471.83077907567144,6.024044583840994,53.903776126929095,423.95104753258335,47.8797315430881,0.10147649044194555,0.0
3200000.0,700000.0,0.75,443.15,500.55830349809406,6.024044583840994,56.65098953326989,449.9313585486652,50.626944949428896,0.10114095520067956,0.0
3200000.0,700000.0,0.75,453.15,528.6966836525827,6.024044583840994,59.21521581419767,475.50551242222605,53.19117123035667,0.10060810456172574,0.0
3200000.0,700000.0,0.8,403.15,369.8818886509748,6.024044583840994,45.46175040860416,330.44418282621166,39.437705824763164,0.10662243011843459,-5.684341886080802e-14
3200000.0,700000.0,0.8,413.15,409.66031418126494,6.024044583840994,50.53844119940314,365.1459175657028,44.51439661556214,0.10866172551892732,0.0
3200000.0,700000.0,0.8,423.15,441.96101288239004,6.024044583840994,54.2741391737496,393.71091829248144,48.250094589908606,0.10917273963879798,-5.684341886080802e-14
3200000.0,700000.0,0.8,433.15,471.83077907567144,6.024044583840994,57.49736120205768,420.35746245745474,51.473316618216685,0.10909274871608467,0.0
3200000.0,700000.0,0.8,443.15,500.55830349809406,6.024044583840994,60.42772216882126,446.1546259131138,54.403677584980265,0.10868599562685591,-5.684341886080802e-14
3200000.0,700000.0,0.8,453.15,528.6966836525827,6.024044583840994,63.16289686847746,471.5578313679462,57.138852284636464,0.10807492093554262,0.0
3200000.0,700000.0,0.85,403.15,369.8818886509748,6.024044583840994,48.30310980914196,327.6028234256739,42.27906522530096,0.11430423203336679,-5.684341886080802e-14
3200000.0,700000.0,0.85,413.15,409.66031418126494,6.024044583840994,53.69709377436585,361.98726499074013,47.67304919052485,0.1163721442869144,-5.684341886080802e-14
3200000.0,700000.0,0.85,423.15,441.96101288239004,6.024044583840994,57.66627287210885,390.3187845941222,51.64222828826785,0.11684792726730928,0.0
3200000.0,700000.0,0.85,433.15,471.83077907567144,6.024044583840994,61.09094627718639,416.76387738232603,55.06690169334539,0.11670900699022405,0.0
3200000.0,700000.0,0.85,443.15,500.55830349809406,6.024044583840994,64.20445480437263,442.37789327756246,58.180410220531634,0.11623103605303226,-5.684341886080802e-14
3200000.0,700000.0,0.85,453.15,528.6966836525827,6.024044583840994,67.11057792275737,467.61015031366634,61.086533338916375,0.11554173730935974,0.0
3200000.0,700000.0,0.9,403.15,369.8818886509748,6.024044583840994,51.14446920967975,324.7614640251361,45.12042462583875,0.12198603394829896,-5.684341886080802e-14
3200000.0,700000.0,0.9,413.15,409.66031418126494,6.024044583840994,56.85574634932855,358.8286124157774,50.83170176548755,0.12408256305490147,-5.684341886080802e-14
3200000.0,700000.0,0.9,423.15,441.96101288239004,6.024044583840994,61.058406570468215,386.92665089576286,55.03436198662722,0.12452311489582087,-5.684341886080802e-14
3200000.0,700000.0,0.9,433.15,471.83077907567144,6.024044583840994,64.68453135231498,413.1702923071975,58.66048676847398,0.12432526526436316,-5.684341886080802e-14
3200000.0,700000.0,0.9,443.15,500.55830349809406,6.024044583840994,67.98118743992399,438.6011606420111,61.95714285608299,0.12377607647920857,-5.684341886080802e-14
3200000.0,700000.0,0.9,453.15,528.6966836525827,6.024044583840994,71.05825897703716,463.6624692593865,65.03421439319617,0.12300855368317662,1.1368683772161603e-13
3400000.0,500000.0,0.7,413.15,431.95017022040616,6.753647625877347,54.465310175815596,384.23850767046787,47.71166254993825,0.11045640409307624,5.684341886080802e-14
3400000.0,500000.0,0.7,423.15,467.4136313973238,6.753647625877347,58.95515695327951,415.21212206992163,52.201509327402164,0.11168161521380278,0.0
3400000.0,500000.0,0.7,433.15,498.8006813091731,6.753647625877347,62.64522164885816,442.9091072861923,55.89157402298081,0.11205191996988748,0.0
3400000.0,500000.0,0.7,443.15,528.4683321059476,6.753647625877347,65.93768162540475,469.28429810642024,59.1840339995274,0.11199163772723879,0.0
3400000.0,500000.0,0.7,453.15,557.2633251074789,6.753647625877347,68.98182652186078,495.03514621149543,62.22817889598343,0.11166745790059222,0.0
3400000.0,500000.0,0.75,413.15,431.95017022040616,6.753647625877347,58.35568947408814,380.34812837219533,51.60204184821079,0.11946295060349303,5.684341886080802e-14
3400000.0,500000.0,0.75,423.15,467.4136313973238,6.753647625877347,63.16623959279945,411.0010394304017,56.4125919669221,0.12069094304819004,0.0
3400000.0,500000.0,0.75,433.15,498.8006813091731,6.753647625877347,67.1198803380623,438.43444859698815,60.36623271218495,0.1210227551288527,5.684341886080802e-14
3400000.0,500000.0,0.75,443.15,528.4683321059476,6.753647625877347,70.64751602721937,464.57446370460565,63.89386840134202,0.12090387355231824,-1.1368683772161603e-13
3400000.0,500000.0,0.75,453.15,557.2633251074789,6.753647625877347,73.90909984485083,490.1078728885054,67.15545221897348,0.12050936997517514,-1.1368683772161603e-13
3400000.0,500000.0,0.8,413.15,431.95017022040616,6.753647625877347,62.24606877236068,376.4577490739228,55.49242114648333,0.12846949711390984,5.684341886080802e-14
3400000.0,500000.0,0.8,423.15,467.4136313973238,6.753647625877347,67.37732223231939,406.7899567908818,60.62367460644204,0.1297002708825773,0.0
3400000.0,500000.0,0.8,433.15,498.8006813091731,6.753647625877347,71.59453902726644,433.959789907784,64.84089140138909,0.12999359028781793,5.684341886080802e-14
3400000.0,500000.0,0.8,443.15,528.4683321059476,6.753647625877347,75.3573504290341,459.8646293027909,68.60370280315675,0.12981610937739793,0.0
3400000.0,500000.0,0.8,453.15,557.2633251074789,6.753647625877347,78.83637316784088,485.18059956551537,72.08272554196353,0.12935128204975807,-1.1368683772161603e-13
3400000.0,500000.0,0.85,413.15,431.95017022040616,6.753647625877347,66.13644807063322,372.56736977565026,59.38280044475587,0.13747604362432664,5.684341886080802e-14
3400000.0,500000.0,0.85,423.15,467.4136313973238,6.753647625877347,71.58840487183933,402.5788741513618,64.83475724596198,0.1387095987169646,5.684341886080802e-14
3400000.0,500000.0,0.85,433.15,498.8006813091731,6.753647625877347,76.06919771647057,429.4851312185799,69.31555009059322,0.13896442544678314,0.0
3400000.0,500000.0,0.85,443.15,528.4683321059476,6.753647625877347,80.0671848308487,455.1547949009763,73.31353720497135,0.13872834520247737,-1.1368683772161603e-13
3400000.0,500000.0,0.85,453.15,557.2633251074789,6.753647625877347,83.76364649083092,480.2533262425253,77.00999886495357,0.138193194124341,0.0
3400000.0,500000.0,0.9,413.15,431.95017022040616,6.753647625877347,70.02682736890577,368.67699047737773,63.27317974302842,0.14648259013474346,0.0
3400000.0,500000.0,0.9,423.15,467.4136313973238,6.753647625877347,75.79948751135939,398.36779151184174,69.04583988548204,0.1477189265513521,5.684341886080802e-14
3400000.0,500000.0,0.9,433.15,498.8006813091731,6.753647625877347,80.54385640567483,425.01047252937565,73.79020877979748,0.1479352606057486,0.0
3400000.0,500000.0,0.9,443.15,528.4683321059476,6.753647625877347,84.77701923266332,450.44496049916165,78.02337160678597,0.1476405810275568,0.0
3400000.0,500000.0,0.9,453.15,557.2633251074789,6.753647625877347,88.69091981382097,475.32605291953524,81.93727218794362,0.1470351061989239,0.0
3400000.0,550000.0,0.7,413.15,422.8349187765022,6.696583915945142,51.57290299812332,377.958599694324,44.87631908217818,0.10613200823628866,5.684341886080802e-14
3400000.0,550000.0,0.7,423.15,458.29837995341984,6.696583915945142,55.88936059488717,409.1056032744778,49.19277667894203,0.10733788036506227,0.0
3400000.0,550000.0,0.7,433.15,489.68542986526916,6.696583915945142,59.43164570494532,436.950368076269,52.73506178900018,0.10769171098986868,0.0
3400000.0,550000.0,0.7,443.15,519.3530806620437,6.696583915945142,62.588951393033845,463.460713184955,55.892367477088705,0.10761920850809258,-1.1368683772161603e-13
3400000.0,550000.0,0.7,453.15,548.1480736635749,6.696583915945142,65.50577723618527,489.33888034333484,58.80919332024013,0.10728705644660202,-1.1368683772161603e-13
3400000.0,550000.0,0.75,413.15,422.8349187765022,6.696583915945142,55.256681783703506,374.27482090874383,48.560097867758365,0.11484410513746092,0.0
3400000.0,550000.0,0.75,423.15,458.29837995341984,6.696583915945142,59.88145778023626,405.11350608912875,53.18487386429112,0.11604857488192885,0.0
3400000.0,550000.0,0.75,433.15,489.68542986526916,6.696583915945142,63.6767632552986,432.7052505259157,56.98017933935346,0.11636078156344339,0.0
3400000.0,550000.0,0.75,443.15,519.3530806620437,6.696583915945142,67.0595907782506,458.99007379973824,60.363006862305454,0.11622730105953719,0.0
3400000.0,550000.0,0.75,453.15,548.1480736635749,6.696583915945142,70.18476132448426,484.65989625503585,63.488177408539116,0.11582304209191638,-1.1368683772161603e-13
3400000.0,550000.0,0.8,413.15,422.8349187765022,6.696583915945142,58.940460569283694,370.5910421231636,52.24387665333855,0.12355620203863317,5.684341886080802e-14
3400000.0,550000.0,0.8,423.15,458.29837995341984,6.696583915945142,63.873554965585356,401.12140890377964,57.176971049640215,0.12475926939879543,0.0
3400000.0,550000.0,0.8,433.15,489.68542986526916,6.696583915945142,67.9218808056519,428.46013297556243,61.225296889706755,0.12502985213701812,0.0
3400000.0,550000.0,0.8,443.15,519.3530806620437,6.696583915945142,71.53023016346735,454.5194344145215,64.83364624752221,0.12483539361098181,-1.1368683772161603e-13
3400000.0,550000.0,0.8,453.15,548.1480736635749,6.696583915945142,74.86374541278323,479.98091216673686,68.16716149683809,0.1243590277372307,-1.1368683772161603e-13
3400000.0,550000.0,0.85,413.15,422.8349187765022,6.696583915945142,62.624239354863995,366.90726333758334,55.927655438918855,0.13226829893980568,0.0
3400000.0,550000.0,0.85,423.15,458.29837995341984,6.696583915945142,67.86565215093445,397.12931171843053,61.16906823498931,0.13346996391566202,0.0
3400000.0,550000.0,0.85,433.15,489.68542986526916,6.696583915945142,72.16699835600507,424.21501542520923,65.47041444005993,0.13369892271059258,0.0
3400000.0,550000.0,0.85,443.15,519.3530806620437,6.696583915945142,76.00086954868398,450.04879502930487,69.30428563273884,0.13344348616242618,-1.1368683772161603e-13
3400000.0,550000.0,0.85,453.15,548.1480736635749,6.696583915945142,79.5427295010822,475.30192807843787,72.84614558513707,0.13289501338254503,-1.1368683772161603e-13
3400000.0,550000.0,0.9,413.15,422.8349187765022,6.696583915945142,66.30801814044418,363.22348455200313,59.611434224499035,0.14098039584097793,5.684341886080802e-14
3400000.0,550000.0,0.9,423.15,458.29837995341984,6.696583915945142,71.85774933628353,393.1372145330815,65.16116542033839,0.14218065843252858,0.0
3400000.0,550000.0,0.9,433.15,489.68542986526916,6.696583915945142,76.41211590635835,419.969897874856,69.71553199041321,0.1423679932841673,0.0
3400000.0,550000.0,0.9,443.15,519.3530806620437,6.696583915945142,80.47150893390074,445.5781556440881,73.7749250179556,0.1420515787138708,0.0
3400000.0,550000.0,0.9,453.15,548.1480736635749,6.696583915945142,84.22171358938108,470.622943990139,77.52512967343594,0.14143099902785916,-1.1368683772161603e-13
3400000.0,600000.0,0.7,413.15,414.2339931848181,6.6355917267701585,48.93163839704671,371.9379465145415,42.29604667027655,0.10210665316258918,0.0
3400000.0,600000.0,0.7,423.15,449.6974543617357,6.6355917267701585,53.08766315800208,403.2453829305038,46.45207143123192,0.10329627392968511,-5.684341886080802e-14
3400000.0,600000.0,0.7,433.15,481.084504273585,6.6355917267701585,56.49343127097201,431.2266647293832,49.85783954420185,0.10363634476126984,0.0
3400000.0,600000.0,0.7,443.15,510.7521550703596,6.6355917267701585,59.5260278348953,457.8617189622344,52.890436108125144,0.1035540145706074,1.1368683772161603e-13
3400000.0,600000.0,0.7,453.15,539.5471480718908,6.6355917267701585,62.325478979422826,483.85726081923815,55.68988725265267,0.1032159792738491,-1.1368683772161603e-13
3400000.0,600000.0,0.75,413.15,414.2339931848181,6.6355917267701585,52.4267554254072,368.44282948618104,45.79116369863704,0.11054419591828736,0.0
3400000.0,600000.0,0.75,423.15,449.6974543617357,6.6355917267701585,56.87963909785938,399.4534069906465,50.24404737108922,0.11172855635218476,0.0
3400000.0,600000.0,0.75,433.15,481.084504273585,6.6355917267701585,60.5286763617557,427.1914196385995,53.89308463498554,0.11202415408569762,0.0
3400000.0,600000.0,0.75,443.15,510.7521550703596,6.6355917267701585,63.77788696595933,453.6098598311704,57.142295239189174,0.1118787158740768,1.1368683772161603e-13
3400000.0,600000.0,0.75,453.15,539.5471480718908,6.6355917267701585,66.77729890652455,479.4054408921364,60.14170717975439,0.11146700968520538,-1.1368683772161603e-13
3400000.0,600000.0,0.8,413.15,414.2339931848181,6.6355917267701585,55.92187245376758,364.94771245782067,49.28628072699742,0.11898173867398527,-5.684341886080802e-14
3400000.0,600000.0,0.8,423.15,449.6974543617357,6.6355917267701585,60.67161503771669,395.6614310507892,54.03602331094653,0.12016083877468443,0.0
3400000.0,600000.0,0.8,433.15,481.084504273585,6.6355917267701585,64.56392145253939,423.1561745478158,57.92832972576923,0.12041196341012539,0.0
3400000.0,600000.0,0.8,443.15,510.7521550703596,6.6355917267701585,68.02974609702325,449.3580007001065,61.39415437025309,0.12020341717754597,0.0
3400000.0,600000.0,0.8,453.15,539.5471480718908,6.6355917267701585,71.22911883362616,474.9536209650348,64.593527106856,0.11971804009656145,-1.1368683772161603e-13
3400000.0,600000.0,0.85,413.15,414.2339931848181,6.6355917267701585,59.41698948212806,361.4525954294602,52.7813977553579,0.12741928142968342,-5.684341886080802e-14
3400000.0,600000.0,0.85,423.15,449.6974543617357,6.6355917267701585,64.46359097757389,391.869455110932,57.82799925080373,0.12859312119718383,0.0
3400000.0,600000.0,0.85,433.15,481.084504273585,6.6355917267701585,68.59916654332308,419.1209294570321,61.96357481655292,0.12879977273455318,0.0
3400000.0,600000.0,0.85,443.15,510.7521550703596,6.6355917267701585,72.28160522808717,445.10614156904256,65.64601350131701,0.12852811848101517,1.1368683772161603e-13
3400000.0,600000.0,0.85,453.15,539.5471480718908,6.6355917267701585,75.68093876072776,470.5018010379332,69.0453470339576,0.1279690705079175,0.0
3400000.0,600000.0,0.9,413.15,414.2339931848181,6.6355917267701585,62.91210651048855,357.9574784010997,56.27651478371839,0.1358568241853816,-5.684341886080802e-14
3400000.0,600000.0,0.9,423.15,449.6974543617357,6.6355917267701585,68.2555669174312,388.0774791710747,61.61997519066104,0.13702540361968352,0.0
3400000.0,600000.0,0.9,433.15,481.084504273585,6.6355917267701585,72.63441163410688,415.0856843662483,65.99881990733672,0.13718758205898118,0.0
3400000.0,600000.0,0.9,443.15,510.7521550703596,6.6355917267701585,76.53346435915108,440.85428243797867,69.89787263238092,0.13685281978448435,1.1368683772161603e-13
3400000.0,600000.0,0.9,453.15,539.5471480718908,6.6355917267701585,80.13275868782948,466.0499811108315,73.49716696105932,0.13622010091927378,0.0
3400000.0,650000.0,0.7,413.15,406.0748217818011,6.571088442610286,46.502710767616634,366.1431994567948,39.931622325006344,0.09833562728610411,0.0
3400000.0,650000.0,0.7,423.15,441.53828295871875,6.571088442610286,50.50918603966187,397.6001853616672,43.93809759705158,0.09951141111168278,0.0
3400000.0,650000.0,0.7,433.15,472.92533287056807,6.571088442610286,53.78790264230303,425.7085186708753,47.21681419969275,0.09983989208845198,0.0
3400000.0,650000.0,0.7,443.15,502.59298366734265,6.571088442610286,56.70456981909799,452.4595022908549,50.13348137648771,0.09974966425251604,5.684341886080802e-14
3400000.0,650000.0,0.7,453.15,531.3879766688738,6.571088442610286,59.39500588266621,478.56405922881794,52.82391744005592,0.09940743817952873,-1.1368683772161603e-13
3400000.0,650000.0,0.75,413.15,406.0748217818011,6.571088442610286,49.82433296530356,362.82157725910787,43.25324452269328,0.10651545528704272,0.0
3400000.0,650000.0,0.75,423.15,441.53828295871875,6.571088442610286,54.11698504249495,393.9923863588341,47.54589659988467,0.1076823877677894,0.0
3400000.0,650000.0,0.75,433.15,472.92533287056807,6.571088442610286,57.62989568818186,421.86652562499654,51.05880724557157,0.10796378137676446,-5.684341886080802e-14
3400000.0,650000.0,0.75,443.15,502.59298366734265,6.571088442610286,60.75489623474795,448.40917587520494,54.18380779213767,0.10780852409989267,5.684341886080802e-14
3400000.0,650000.0,0.75,453.15,531.3879766688738,6.571088442610286,63.63750630285672,474.3215588086274,57.06641786024643,0.10739124776209698,-1.1368683772161603e-13
3400000.0,650000.0,0.8,413.15,406.0748217818011,6.571088442610286,53.14595516299049,359.4999550614209,46.5748667203802,0.1146952832879813,0.0
3400000.0,650000.0,0.8,423.15,441.53828295871875,6.571088442610286,57.72478404532792,390.38458735600113,51.15369560271763,0.11585336442389572,0.0
3400000.0,650000.0,0.8,433.15,472.92533287056807,6.571088442610286,61.47188873406057,418.0245325791178,54.90080029145028,0.1160876706650767,-5.684341886080802e-14
3400000.0,650000.0,0.8,443.15,502.59298366734265,6.571088442610286,64.8052226503978,444.35884945955513,58.234134207787505,0.11586738394726903,0.0
3400000.0,650000.0,0.8,453.15,531.3879766688738,6.571088442610286,67.88000672304712,470.07905838843703,61.30891828043683,0.11537505734466502,-1.1368683772161603e-13
3400000.0,650000.0,0.85,413.15,406.0748217818011,6.571088442610286,56.46757736067742,356.178332863734,49.896488918067135,0.12287511128891992,0.0
3400000.0,650000.0,0.85,423.15,441.53828295871875,6.571088442610286,61.332583048160885,386.7767883531682,54.761494605550595,0.12402434108000206,0.0
3400000.0,650000.0,0.85,433.15,472.92533287056807,6.571088442610286,65.31388177993941,414.182539533239,58.74279333732912,0.12421155995338921,-5.684341886080802e-14
3400000.0,650000.0,0.85,443.15,502.59298366734265,6.571088442610286,68.85554906604764,440.30852304390527,62.284460623437354,0.12392624379464542,0.0
3400000.0,650000.0,0.85,453.15,531.3879766688738,6.571088442610286,72.12250714323763,465.8365579682465,65.55141870062734,0.12335886692723327,-1.1368683772161603e-13
3400000.0,650000.0,0.9,413.15,406.0748217818011,6.571088442610286,59.789199558364224,352.85671066604715,53.21811111575394,0.13105493928985823,5.684341886080802e-14
3400000.0,650000.0,0.9,423.15,441.53828295871875,6.571088442610286,64.94038205099397,383.1689893503351,58.369293608383686,0.13219531773610868,-5.684341886080802e-14
3400000.0,650000.0,0.9,433.15,472.92533287056807,6.571088442610286,69.15587482581823,410.34054648736014,62.58478638320794,0.1323354492417017,0.0
3400000.0,650000.0,0.9,443.15,502.59298366734265,6.571088442610286,72.90587548169749,436.2581966282554,66.3347870390872,0.13198510364202182,5.684341886080802e-14
3400000.0,650000.0,0.9,453.15,531.3879766688738,6.571088442610286,76.36500756342802,461.5940575480561,69.79391912081773,0.1313426765098013,-1.1368683772161603e-13
3400000.0,700000.0,0.7,413.15,398.2997411479313,6.503407254287798,44.25574792623834,360.54740047598074,37.75234067195054,0.09478374392899508,0.0
3400000.0,700000.0,0.7,423.15,433.7632023248489,6.503407254287798,48.12194252028561,392.1446670588511,41.61853526599781,0.0959475931635836,5.684341886080802e-14
3400000.0,700000.0,0.7,433.15,465.15025223669824,6.503407254287798,51.281673555034565,420.37198593595144,44.778266300746765,0.09626624103809088,5.684341886080802e-14
3400000.0,700000.0,0.7,443.15,494.81790303347276,6.503407254287798,54.08989436318574,447.23141592457483,47.58648710889794,0.09616969559340878,0.0
3400000.0,700000.0,0.7,453.15,523.612896035004,6.503407254287798,56.67844130663352,473.43786198265826,50.17503405234572,0.09582467206650211,1.1368683772161603e-13
3400000.0,700000.0,0.75,413.15,398.2997411479313,6.503407254287798,47.41687277811242,357.38627562410664,40.91346552382462,0.10272029152192964,5.684341886080802e-14
3400000.0,700000.0,0.75,423.15,433.7632023248489,6.503407254287798,51.559224128877396,388.7073854502593,45.055816874589595,0.10387192051585536,0.0
3400000.0,700000.0,0.75,433.15,465.15025223669824,6.503407254287798,54.94465023753699,416.70900925344904,48.44124298324919,0.10414106571009486,5.684341886080802e-14
3400000.0,700000.0,0.75,443.15,494.81790303347276,6.503407254287798,57.95345824627043,443.36785204149015,51.45005099198263,0.10397774752402644,0.0
3400000.0,700000.0,0.75,453.15,523.612896035004,6.503407254287798,60.72690139996447,469.38940188932736,54.22349414567667,0.10355645278463839,0.0
3400000.0,700000.0,0.8,413.15,398.2997411479313,6.503407254287798,50.57799762998661,354.22515077223244,44.07459037569881,0.11065683911486451,5.684341886080802e-14
3400000.0,700000.0,0.8,423.15,433.7632023248489,6.503407254287798,54.9965057374693,385.27010384166744,48.4930984831815,0.11179624786812739,0.0
3400000.0,700000.0,0.8,433.15,465.15025223669824,6.503407254287798,58.607626920039536,413.0460325709465,52.104219665751735,0.1120158903820991,0.0
3400000.0,700000.0,0.8,443.15,494.81790303347276,6.503407254287798,61.81702212935523,439.50428815840536,55.31361487506743,0.11178579945464433,0.0
3400000.0,700000.0,0.8,453.15,523.612896035004,6.503407254287798,64.7753614932954,465.3409417959964,58.271954239007606,0.11128823350277467,0.0
3400000.0,700000.0,0.85,413.15,398.2997411479313,6.503407254287798,53.739122481860804,351.06402592035823,47.235715227573,0.11859338670779937,5.684341886080802e-14
3400000.0,700000.0,0.85,423.15,433.7632023248489,6.503407254287798,58.43378734606109,381.8328222330756,51.93038009177329,0.11972057522039914,5.684341886080802e-14
3400000.0,700000.0,0.85,433.15,465.15025223669824,6.503407254287798,62.27060360254196,409.38305588844406,55.76719634825416,0.11989071505410308,5.684341886080802e-14
3400000.0,700000.0,0.85,443.15,494.81790303347276,6.503407254287798,65.68058601243992,435.6407242753207,59.17717875815212,0.11959385138526199,0.0
3400000.0,700000.0,0.85,453.15,523.612896035004,6.503407254287798,68.82382158662635,461.29248170266544,62.32041433233855,0.11902001422091095,1.1368683772161603e-13
3400000.0,700000.0,0.9,413.15,398.2997411479313,6.503407254287798,56.90024733373488,347.9029010684842,50.39684007944708,0.12652993430073395,0.0
3400000.0,700000.0,0.9,423.15,433.7632023248489,6.503407254287798,61.87106895465288,378.39554062448383,55.367661700365076,0.1276449025726709,5.684341886080802e-14
3400000.0,700000.0,0.9,433.15,465.15025223669824,6.503407254287798,65.93358028504439,405.72007920594166,59.430173030756585,0.12776553972610705,0.0
3400000.0,700000.0,0.9,443.15,494.81790303347276,6.503407254287798,69.54414989552461,431.77716039223594,63.04074264123681,0.12740190331587967,5.684341886080802e-14
3400000.0,700000.0,0.9,453.15,523.612896035004,6.503407254287798,72.87228167995741,457.24402160933437,66.36887442566962,0.12675179493904748,1.1368683772161603e-13
3600000.0,500000.0,0.7,413.15,417.41709356293387,7.217172222648223,53.53677058236871,371.0974952032134,46.31959835972049,0.11096718144518654,0.0
3600000.0,500000.0,0.7,423.15,458.2528964057666,7.217172222648223,59.076507846888504,406.39356078152633,51.85933562424028,0.11316750211726036,0.0
3600000.0,500000.0,0.7,433.15,491.64660350394354,7.217172222648223,63.22308284044592,435.64069288614587,56.005910617797696,0.11391497514402836,0.0
3600000.0,500000.0,0.7,443.15,522.4502643212173,7.217172222648223,66.81180840337777,462.85562814048774,59.594636180729545,0.11406757781653463,0.0
3600000.0,500000.0,0.7,453.15,552.0016255891472,7.217172222648223,70.07965769083786,489.13914012095756,62.86248546818964,0.11388097888497516,0.0
3600000.0,500000.0,0.75,413.15,417.41709356293387,7.217172222648223,57.36082562396652,367.27344016161555,50.143653401318296,0.12012841394037964,0.0
3600000.0,500000.0,0.75,423.15,458.2528964057666,7.217172222648223,63.296258407380435,402.1738102210344,56.07908618473221,0.12237584666584667,0.0
3600000.0,500000.0,0.75,433.15,491.64660350394354,7.217172222648223,67.73901732904918,431.12475839754256,60.52184510640095,0.1231003014666723,5.684341886080802e-14
3600000.0,500000.0,0.75,443.15,522.4502643212173,7.217172222648223,71.58408043219045,458.0833561116751,64.36690820954223,0.12320198228470532,0.0
3600000.0,500000.0,0.75,453.15,552.0016255891472,7.217172222648223,75.08534752589767,484.13345028589777,67.86817530324944,0.12294923086651102,0.0
3600000.0,500000.0,0.8,413.15,417.41709356293387,7.217172222648223,61.18488066556421,363.44938512001784,53.967708442915985,0.12928964643557245,5.684341886080802e-14
3600000.0,500000.0,0.8,423.15,458.2528964057666,7.217172222648223,67.51600896787248,397.9540596605423,60.29883674522426,0.13158419121443324,0.0
3600000.0,500000.0,0.8,433.15,491.64660350394354,7.217172222648223,72.25495181765244,426.6088239089393,65.03777959500422,0.13228562778931627,0.0
3600000.0,500000.0,0.8,443.15,522.4502643212173,7.217172222648223,76.35635246100311,453.3110840828624,69.1391802383549,0.13233638675287598,0.0
3600000.0,500000.0,0.8,453.15,552.0016255891472,7.217172222648223,80.09103736095759,479.12776045083785,72.87386513830936,0.1320174828480471,0.0
3600000.0,500000.0,0.85,413.15,417.41709356293387,7.217172222648223,65.00893570716202,359.62533007842006,57.7917634845138,0.13845087893076558,0.0
3600000.0,500000.0,0.85,423.15,458.2528964057666,7.217172222648223,71.73575952836453,393.7343091000503,64.5185873057163,0.14079253576301978,-5.684341886080802e-14
3600000.0,500000.0,0.85,433.15,491.64660350394354,7.217172222648223,76.77088630625582,422.09288942033595,69.55371408360759,0.1414709541119604,0.0
3600000.0,500000.0,0.85,443.15,522.4502643212173,7.217172222648223,81.12862448981579,448.53881205404974,73.91145226716756,0.14147079122104664,0.0
3600000.0,500000.0,0.85,453.15,552.0016255891472,7.217172222648223,85.0967271960174,474.12207061577806,77.87955497336918,0.141085734829583,0.0
3600000.0,500000.0,0.9,413.15,417.41709356293387,7.217172222648223,68.83299074875983,355.80127503682223,61.6158185261116,0.14761211142595865,5.684341886080802e-14
3600000.0,500000.0,0.9,423.15,458.2528964057666,7.217172222648223,75.95551008885657,389.51455853955827,68.73833786620835,0.15000088031160638,0.0
3600000.0,500000.0,0.9,433.15,491.64660350394354,7.217172222648223,81.28682079485908,417.5769549317327,74.06964857221087,0.15065628043460438,0.0
3600000.0,500000.0,0.9,443.15,522.4502643212173,7.217172222648223,85.90089651862858,443.76654002523696,78.68372429598037,0.15060519568921754,0.0
3600000.0,500000.0,0.9,453.15,552.0016255891472,7.217172222648223,90.10241703107721,469.11638078071826,82.88524480842898,0.15015398681111886,0.0
3600000.0,550000.0,0.7,413.15,408.2977984764492,7.164152155296702,50.7238910690411,364.7380595627048,43.5597389137444,0.10668619589987072,0.0
3600000.0,550000.0,0.7,423.15,449.133601319282,7.164152155296702,56.062577569508576,400.2351759050701,48.89842541421187,0.10887278366743876,0.0
3600000.0,550000.0,0.7,433.15,482.5273084174589,7.164152155296702,60.05132596248132,429.6401346102743,52.88717380718462,0.1096045195465481,0.0
3600000.0,550000.0,0.7,443.15,513.3309692347327,7.164152155296702,63.49936704828881,456.99575434174056,56.335214892992106,0.10974443053177939,1.1368683772161603e-13
3600000.0,550000.0,0.7,453.15,542.8823305026626,7.164152155296702,66.63632199326472,483.41016066469456,59.47216983796801,0.10954891418717178,1.1368683772161603e-13
3600000.0,550000.0,0.75,413.15,408.2977984764492,7.164152155296702,54.34702614540118,361.11492448634476,47.182873990104476,0.11555995199133068,-5.684341886080802e-14
3600000.0,550000.0,0.75,423.15,449.133601319282,7.164152155296702,60.06704739590199,396.2307060786767,52.90289524060528,0.11778877172673939,0.0
3600000.0,550000.0,0.75,433.15,482.5273084174589,7.164152155296702,64.34070638837292,425.35075418438265,57.17655423307622,0.11849392404462603,5.684341886080802e-14
3600000.0,550000.0,0.75,443.15,513.3309692347327,7.164152155296702,68.03503612316656,452.46008526686285,60.87088396786986,0.11858019020090566,0.0
3600000.0,550000.0,0.75,453.15,542.8823305026626,7.164152155296702,71.39605927849794,478.65042337946136,64.23190712320124,0.11831644449309667,0.0
3600000.0,550000.0,0.8,413.15,408.2977984764492,7.164152155296702,57.97016122176126,357.4917894099847,50.806009066464554,0.12443370808279063,-5.684341886080802e-14
3600000.0,550000.0,0.8,423.15,449.133601319282,7.164152155296702,64.07151722229551,392.2262362522832,56.90736506699881,0.1267047597860403,-5.684341886080802e-14
3600000.0,550000.0,0.8,433.15,482.5273084174589,7.164152155296702,68.63008681426442,421.0613737584912,61.46593465896771,0.12738332854270376,0.0
3600000.0,550000.0,0.8,443.15,513.3309692347327,7.164152155296702,72.57070519804431,447.9244161919851,65.4065530427476,0.12741594987003194,1.1368683772161603e-13
3600000.0,550000.0,0.8,453.15,542.8823305026626,7.164152155296702,76.15579656373116,473.8906860942281,68.99164440843445,0.12708397479902153,1.1368683772161603e-13
3600000.0,550000.0,0.85,413.15,408.2977984764492,7.164152155296702,61.59329629812134,353.8686543336246,54.42914414282463,0.13330746417425057,-5.684341886080802e-14
3600000.0,550000.0,0.85,423.15,449.133601319282,7.164152155296702,68.07598704868904,388.2217664258896,60.91183489339234,0.13562074784534117,0.0
3600000.0,550000.0,0.85,433.15,482.5273084174589,7.164152155296702,72.91946724015591,416.7719933325997,65.7553150848592,0.13627273304078147,-5.684341886080802e-14
3600000.0,550000.0,0.85,443.15,513.3309692347327,7.164152155296702,77.10637427292205,443.3887471171073,69.94222211762535,0.1362517095391582,1.1368683772161603e-13
3600000.0,550000.0,0.85,453.15,542.8823305026626,7.164152155296702,80.91553384896437,469.1309488089949,73.75138169366767,0.1358515051049464,1.1368683772161603e-13
3600000.0,550000.0,0.9,413.15,408.2977984764492,7.164152155296702,65.21643137448142,350.2455192572645,58.05227921918471,0.14218122026571053,-5.684341886080802e-14
3600000.0,550000.0,0.9,423.15,449.133601319282,7.164152155296702,72.08045687508246,384.2172965994962,64.91630471978576,0.14453673590464183,0.0
3600000.0,550000.0,0.9,433.15,482.5273084174589,7.164152155296702,77.20884766604739,412.4826129067082,70.04469551075069,0.14516213753885915,0.0
3600000.0,550000.0,0.9,443.15,513.3309692347327,7.164152155296702,81.64204334779991,438.85307804222947,74.47789119250321,0.14508746920828466,1.1368683772161603e-13
3600000.0,550000.0,0.9,453.15,542.8823305026626,7.164152155296702,85.67527113419747,464.3712115237618,78.51111897890077,0.14461903541087104,1.1368683772161603e-13
3600000.0,600000.0,0.7,413.15,399.69296027167644,7.107072579210391,48.15631808757945,358.64371476330734,41.04924550836906,0.10270194771623539,5.684341886080802e-14
3600000.0,600000.0,0.7,423.15,440.52876311450916,7.107072579210391,53.308839173984246,394.3269965197353,46.20176659477386,0.10487797951745632,0.0
3600000.0,600000.0,0.7,433.15,473.9224702126861,7.107072579210391,57.15172524160857,423.87781755028794,50.04465266239818,0.10559670791709713,0.0
3600000.0,600000.0,0.7,443.15,504.7261310299599,7.107072579210391,60.46991580498405,451.3632878041862,53.36284322577366,0.10572633344122638,5.684341886080802e-14
3600000.0,600000.0,0.7,453.15,534.2774922978898,7.107072579210391,63.486173393722154,477.898391483378,56.379100814511766,0.10552400508587631,0.0
3600000.0,600000.0,0.75,413.15,399.69296027167644,7.107072579210391,51.596055093835105,355.2039777570517,44.488982514624716,0.11130789615204877,5.684341886080802e-14
3600000.0,600000.0,0.75,423.15,440.52876311450916,7.107072579210391,57.11661340069736,390.5192222930222,50.00954082148697,0.11352162448581753,0.0
3600000.0,600000.0,0.75,433.15,473.9224702126861,7.107072579210391,61.23399133029487,419.79555146160163,54.12691875108448,0.11421049254489557,0.0
3600000.0,600000.0,0.75,443.15,504.7261310299599,7.107072579210391,64.78919550534,447.04400810383027,57.682122926129615,0.11428400350190246,5.684341886080802e-14
3600000.0,600000.0,0.75,453.15,534.2774922978898,7.107072579210391,68.02090006470226,473.36366481239793,60.91382748549187,0.11401159203526579,0.0
3600000.0,600000.0,0.8,413.15,399.69296027167644,7.107072579210391,55.03579210009077,351.76424075079603,47.92871952088038,0.11991384458786217,5.684341886080802e-14
3600000.0,600000.0,0.8,423.15,440.52876311450916,7.107072579210391,60.92438762741047,386.7114480663091,53.81731504820008,0.12216526945417872,0.0
3600000.0,600000.0,0.8,433.15,473.9224702126861,7.107072579210391,65.31625741898117,415.7132853729153,58.20918483977078,0.12282427717269401,5.684341886080802e-14
3600000.0,600000.0,0.8,443.15,504.7261310299599,7.107072579210391,69.10847520569595,442.72472840347433,62.001402626485564,0.12284167356257851,5.684341886080802e-14
3600000.0,600000.0,0.8,453.15,534.2774922978898,7.107072579210391,72.55562673568237,468.8289381414178,65.44855415647197,0.12249917898465525,0.0
3600000.0,600000.0,0.85,413.15,399.69296027167644,7.107072579210391,58.47552910634654,348.32450374454027,51.36845652713615,0.12851979302367586,5.684341886080802e-14
3600000.0,600000.0,0.85,423.15,440.52876311450916,7.107072579210391,64.7321618541237,382.90367383959585,57.625089274913314,0.1308089144225402,0.0
3600000.0,600000.0,0.85,433.15,473.9224702126861,7.107072579210391,69.39852350766748,411.631019284229,62.29145092845709,0.13143806180049247,5.684341886080802e-14
3600000.0,600000.0,0.85,443.15,504.7261310299599,7.107072579210391,73.42775490605203,438.4054487031182,66.32068232684163,0.1313993436232548,5.684341886080802e-14
3600000.0,600000.0,0.85,453.15,534.2774922978898,7.107072579210391,77.09035340666259,464.2942114704376,69.98328082745219,0.13098676593404493,0.0
3600000.0,600000.0,0.9,413.15,399.69296027167644,7.107072579210391,61.9152661126022,344.8847667382846,54.80819353339181,0.13712574145948925,5.684341886080802e-14
3600000.0,600000.0,0.9,423.15,440.52876311450916,7.107072579210391,68.53993608083681,379.09589961288276,61.43286350162642,0.1394525593909014,0.0
3600000.0,600000.0,0.9,433.15,473.9224702126861,7.107072579210391,73.48078959635389,407.5487531955426,66.37371701714349,0.14005184642829113,5.684341886080802e-14
3600000.0,600000.0,0.9,443.15,504.7261310299599,7.107072579210391,77.74703460640798,434.0861690027623,70.63996202719758,0.13995701368393088,5.684341886080802e-14
3600000.0,600000.0,0.9,453.15,534.2774922978898,7.107072579210391,81.62508007764269,459.7594847994575,74.5180074984323,0.1394743528834344,0.0
3600000.0,650000.0,0.7,413.15,391.5299844577384,7.046373705971579,45.79618335956521,352.7801748041448,38.74980965359363,0.09897022243969739,0.0
3600000.0,650000.0,0.7,423.15,432.3657873005712,7.046373705971579,50.7750382279274,388.6371227786153,43.72866452195582,0.10113812379784022,5.684341886080802e-14
3600000.0,650000.0,0.7,433.15,465.7594943987481,7.046373705971579,54.482116238251564,418.3237518664681,47.43574253227999,0.10184600228818759,-5.684341886080802e-14
3600000.0,650000.0,0.7,443.15,496.56315521602187,7.046373705971579,57.67956253980659,445.9299663821869,50.63318883383501,0.10196726902101273,0.0
3600000.0,650000.0,0.7,453.15,526.1145164839518,7.046373705971579,60.583694536227966,472.57719565369536,53.53732083025639,0.10175982443527475,1.1368683772161603e-13
3600000.0,650000.0,0.75,413.15,391.5299844577384,7.046373705971579,49.067339313819886,349.5090188498901,42.02096560784831,0.10732502560703377,0.0
3600000.0,650000.0,0.75,423.15,432.3657873005712,7.046373705971579,54.40182667277939,385.01033433376335,47.35545296680782,0.10952636484599404,0.0
3600000.0,650000.0,0.75,433.15,465.7594943987481,7.046373705971579,58.37369596955529,414.43217213516436,51.32732226358371,0.11020134400017434,0.0
3600000.0,650000.0,0.75,443.15,496.56315521602187,7.046373705971579,61.79953129264992,441.8099976293435,54.75315758667834,0.11026423731108051,0.0
3600000.0,650000.0,0.75,453.15,526.1145164839518,7.046373705971579,64.91110128881573,468.2497889011076,57.864727582844154,0.10998504274232322,1.1368683772161603e-13
3600000.0,650000.0,0.8,413.15,391.5299844577384,7.046373705971579,52.33849526807456,346.23786289563543,45.29212156210298,0.11567982877437014,0.0
3600000.0,650000.0,0.8,423.15,432.3657873005712,7.046373705971579,58.02861511763139,381.3835458889113,50.982241411659814,0.11791460589414787,5.684341886080802e-14
3600000.0,650000.0,0.8,433.15,465.7594943987481,7.046373705971579,62.26527570085903,410.54059240386067,55.218901994887446,0.11855668571216113,-5.684341886080802e-14
3600000.0,650000.0,0.8,443.15,496.56315521602187,7.046373705971579,65.91950004549325,437.6900288765002,58.873126339521676,0.11856120560114829,0.0
3600000.0,650000.0,0.8,453.15,526.1145164839518,7.046373705971579,69.23850804140349,463.92238214851983,62.192134335431916,0.11821026104937171,1.1368683772161603e-13
3600000.0,650000.0,0.85,413.15,391.5299844577384,7.046373705971579,55.60965122232912,342.9667069413809,48.563277516357545,0.12403463194170623,0.0
3600000.0,650000.0,0.85,423.15,432.3657873005712,7.046373705971579,61.65540356248338,377.75675744405936,54.609029856511796,0.12630284694230165,0.0
3600000.0,650000.0,0.85,433.15,465.7594943987481,7.046373705971579,66.15685543216264,406.64901267255703,59.11048172619107,0.12691202742414767,-5.684341886080802e-14
3600000.0,650000.0,0.85,443.15,496.56315521602187,7.046373705971579,70.03946879833657,433.5700601236569,62.993095092364996,0.12685817389121604,-5.684341886080802e-14
3600000.0,650000.0,0.85,453.15,526.1145164839518,7.046373705971579,73.56591479399114,459.59497539593224,66.51954108801957,0.12643547935642,0.0
3600000.0,650000.0,0.9,413.15,391.5299844577384,7.046373705971579,58.880807176583794,339.6955509871262,51.83443347061221,0.13238943510904258,0.0
3600000.0,650000.0,0.9,423.15,432.3657873005712,7.046373705971579,65.28219200733537,374.1299689992074,58.23581830136379,0.13469108799045548,0.0
3600000.0,650000.0,0.9,433.15,465.7594943987481,7.046373705971579,70.04843516346638,402.7574329412533,63.002061457494804,0.13526736913613446,0.0
3600000.0,650000.0,0.9,443.15,496.56315521602187,7.046373705971579,74.1594375511799,429.45009137081354,67.11306384520833,0.1351551421812838,0.0
3600000.0,650000.0,0.9,453.15,526.1145164839518,7.046373705971579,77.8933215465789,455.2675686433445,70.84694784060733,0.13466069766346847,0.0
3600000.0,700000.0,0.7,413.15,383.75118924813137,6.982407093386282,43.613845135187844,347.1197512063298,36.63143804180156,0.09545622024930293,0.0
3600000.0,700000.0,0.7,423.15,424.5869920909641,6.982407093386282,48.42967411569739,383.139725068653,41.44726702231111,0.09761784462165386,0.0
3600000.0,700000.0,0.7,433.15,457.98069918914103,6.982407093386282,52.00951082889922,412.9535954536281,45.02710373551294,0.09831659678068057,-5.684341886080802e-14
3600000.0,700000.0,0.7,443.15,488.78436000641483,6.982407093386282,55.09397383417829,440.67279326562283,48.111566740792014,0.0984310683348391,-5.684341886080802e-14
3600000.0,700000.0,0.7,453.15,518.3357212743447,6.982407093386282,57.893286778242214,467.4248415894888,50.91087968485593,0.09821989416374763,0.0
3600000.0,700000.0,0.75,413.15,383.75118924813137,6.982407093386282,46.72911978770117,344.00447655381646,39.746712694314894,0.10357417464214004,0.0
3600000.0,700000.0,0.75,423.15,424.5869920909641,6.982407093386282,51.88893655253295,379.6804626318174,44.90652945914667,0.10576520311655198,0.0
3600000.0,700000.0,0.75,433.15,457.98069918914103,6.982407093386282,55.72447588810628,409.2386303944211,48.74206879472,0.10642821603840134,-5.684341886080802e-14
3600000.0,700000.0,0.75,443.15,488.78436000641483,6.982407093386282,59.02925767947675,436.73750942032433,52.04685058609047,0.10648223397615957,0.0
3600000.0,700000.0,0.75,453.15,518.3357212743447,6.982407093386282,62.02852154811669,463.2896068196143,55.046114454730414,0.10619780230349128,0.0
3600000.0,700000.0,0.8,413.15,383.75118924813137,6.982407093386282,49.844394440214614,340.889201901303,42.86198734682833,0.11169212903497742,0.0
3600000.0,700000.0,0.8,423.15,424.5869920909641,6.982407093386282,55.34819898936851,376.22120019498186,48.36579189598223,0.11391256161145011,0.0
3600000.0,700000.0,0.8,433.15,457.98069918914103,6.982407093386282,59.43944094731333,405.523665335214,52.457033853927044,0.11453983529612208,0.0
3600000.0,700000.0,0.8,443.15,488.78436000641483,6.982407093386282,62.96454152477521,432.8022255750259,55.98213443138893,0.11453339961748002,0.0
3600000.0,700000.0,0.8,453.15,518.3357212743447,6.982407093386282,66.16375631799106,459.15437204973995,59.18134922460477,0.11417571044323467,0.0
3600000.0,700000.0,0.85,413.15,383.75118924813137,6.982407093386282,52.959669092728056,337.77392724878956,45.97726199934178,0.11981008342781484,0.0
3600000.0,700000.0,0.85,423.15,424.5869920909641,6.982407093386282,58.80746142620407,372.7619377581463,51.825054332817786,0.12205992010634824,0.0
3600000.0,700000.0,0.85,433.15,457.98069918914103,6.982407093386282,63.15440600652038,401.80870027600696,56.171998913134104,0.12265145455384285,-5.684341886080802e-14
3600000.0,700000.0,0.85,443.15,488.78436000641483,6.982407093386282,66.89982537007367,428.86694172972744,59.917418276687386,0.12258456525880047,0.0
3600000.0,700000.0,0.85,453.15,518.3357212743447,6.982407093386282,70.29899108786555,455.01913727986545,63.31658399447926,0.12215361858297832,0.0
3600000.0,700000.0,0.9,413.15,383.75118924813137,6.982407093386282,56.074943745241384,334.6586525962762,49.0925366518551,0.1279280378206519,0.0
3600000.0,700000.0,0.9,423.15,424.5869920909641,6.982407093386282,62.26672386303963,369.30267532131074,55.284316769653344,0.13020727860124637,0.0
3600000.0,700000.0,0.9,433.15,457.98069918914103,6.982407093386282,66.86937106572744,398.09373521679987,59.88696397234115,0.1307630738115636,0.0
3600000.0,700000.0,0.9,443.15,488.78436000641483,6.982407093386282,70.83510921537213,424.931657884429,63.85270212198584,0.13063573090012093,-5.684341886080802e-14
3600000.0,700000.0,0.9,453.15,518.3357212743447,6.982407093386282,74.43422585774003,450.88390250999095,67.45181876435375,0.13013152672272196,0.0
