pump_outlet_Pa,expander_outlet_Pa,expander_eff,heater_outlet_K,Q_in_kW,W_pump_kW,W_exp_kW,Q_out_kW,net_kW,thermal_eff,bal_kW
1800000.0,500000.0,0.7,373.15,393.04234797107597,3.035192299882532,36.41804936953529,359.6594909014232,33.38285706965276,0.08493450449290875,-5.684341886080802e-14
1800000.0,500000.0,0.7,383.15,418.98604782083777,3.035192299882532,38.62083182716649,383.4004082935538,35.58563952728396,0.0849327554279342,-5.684341886080802e-14
1800000.0,500000.0,0.7,393.15,444.1504850874539,3.035192299882532,40.63628396914445,406.549393418192,37.60109166926192,0.08465845007882454,-5.684341886080802e-14
1800000.0,500000.0,0.7,403.15,468.9643748265104,3.035192299882532,42.526555258476755,429.47301186791617,39.49136295859422,0.08420972909339593,-5.684341886080802e-14
1800000.0,500000.0,0.7,413.15,493.66537947709605,3.035192299882532,44.326791137596246,452.37378063938235,41.291598837713714,0.08364288960560878,0.0
1800000.0,500000.0,0.7,423.15,518.3960773324676,3.035192299882532,46.05878058675374,475.3724890455964,43.02358828687121,0.08299366096336895,0.0
1800000.0,500000.0,0.7,433.15,543.2468604934697,3.035192299882532,47.736981808669164,498.54507098468315,44.70178950878663,0.08228632829682775,-1.1368683772161603e-13
1800000.0,500000.0,0.7,443.15,568.2778781670888,3.035192299882532,49.37155508957442,521.941515377397,46.33636278969189,0.08153821320503306,0.0
1800000.0,500000.0,0.7,453.15,593.5306818883954,3.035192299882532,50.969974344755755,545.5958998435221,47.934782044873224,0.08076209622788573,0.0
1800000.0,500000.0,0.7,463.15,619.0346743887973,3.035192299882532,52.537929476667315,569.5319372120125,49.502737176784784,0.0799676322261935,0.0
1800000.0,500000.0,0.7,473.15,644.8109159619806,3.035192299882532,54.079866116886144,593.766242144977,51.04467381700361,0.07916223586390604,0.0
1800000.0,500000.0,0.7,483.15,670.8745229079963,3.035192299882532,55.599329790232936,618.3103854176458,52.564137490350404,0.07835166740645337,1.1368683772161603e-13
1800000.0,500000.0,0.7,493.15,697.2362610174864,3.035192299882532,57.09919655857352,643.1722567587956,54.064004258690986,0.07754043683814528,-2.2737367544323206e-13
1800000.0,500000.0,0.7,503.15,723.9036468670271,3.035192299882532,58.58183328809601,668.3570058788135,55.546640988213476,0.0767320916652555,0.0
1800000.0,500000.0,0.7,513.15,750.881732032563,3.035192299882532,60.04921215036535,693.8677121820801,57.01401985048282,0.07592942725634232,1.1368683772161603e-13
1800000.0,500000.0,0.7,523.15,778.1736749144818,3.035192299882532,61.50299432371417,719.7058728906501,58.46780202383164,0.07513464398581335,1.1368683772161603e-13
1800000.0,500000.0,0.7,533.15,805.7811659180563,3.035192299882532,62.94459240215679,745.8717658157822,59.90940010227426,0.07434946687295335,-1.1368683772161603e-13
1800000.0,500000.0,0.7,543.15,833.704748819791,3.035192299882532,64.37521774471482,772.3647233749587,61.340025444832285,0.07357523815435434,0.0
1800000.0,500000.0,0.7,553.15,861.9440670535821,3.035192299882532,65.79591695782332,799.1833423956411,62.76072465794079,0.07281298991067749,1.1368683772161603e-13
1800000.0,500000.0,0.7,563.15,890.498054678617,3.035192299882532,67.20760039513767,826.3256465833617,64.17240809525514,0.07206350172029867,1.1368683772161603e-13
1800000.0,500000.0,0.7,573.15,919.3650859200488,3.035192299882532,68.61106469901628,853.789213520915,65.57587239913374,0.07132734688691066,0.0
1800000.0,500000.0,0.7,583.15,948.5430932387184,3.035192299882532,70.0070108302224,881.5712747083784,66.97181853033986,0.0706049298210273,1.1368683772161603e-13
1800000.0,500000.0,0.7,593.15,978.0296611921466,3.035192299882532,71.3960586363778,909.6687948556512,68.36086633649526,0.069896516485163,1.1368683772161603e-13
1800000.0,500000.0,0.7,603.15,1007.8221014683885,3.035192299882532,72.77875873343949,938.0785350348314,69.74356643355695,0.06920225933916427,1.1368683772161603e-13
1800000.0,500000.0,0.7,613.15,1037.91751313813,3.035192299882532,74.15560227851267,966.7971031594998,71.12040997863014,0.0685222178818416,2.2737367544323206e-13
1800000.0,500000.0,0.7,623.15,1068.3128312054425,3.035192299882532,75.52702907131146,995.8209944340135,72.49183677142892,0.06785637563636857,0.0
1800000.0,500000.0,0.75,373.15,393.04234797107597,3.035192299882532,39.019338610216394,357.0582016607421,35.98414631033386,0.09155284792106406,0.0
1800000.0,500000.0,0.75,383.15,418.98604782083777,3.035192299882532,41.37946267196408,380.6417774487562,38.344270372081546,0.09151681916739601,0.0
1800000.0,500000.0,0.75,393.15,444.1504850874539,3.035192299882532,43.53887568122626,403.6468017061102,40.50368338134373,0.09119360383760133,-5.684341886080802e-14
1800000.0,500000.0,0.75,403.15,468.9643748265104,3.035192299882532,45.56416634836793,426.435400778025,42.528974048485395,0.09068700381392222,0.0
1800000.0,500000.0,0.75,413.15,493.66537947709605,3.035192299882532,47.492990504567395,449.20758127241123,44.45779820468486,0.09005654447912832,-5.684341886080802e-14
1800000.0,500000.0,0.75,423.15,518.3960773324676,3.035192299882532,49.34869348580763,472.0825761465425,46.3135011859251,0.08933999158373733,0.0
1800000.0,500000.0,0.75,433.15,543.2468604934697,3.035192299882532,51.146766223574176,495.13528656977815,48.111573923691644,0.08856300408250585,-1.1368683772161603e-13
1800000.0,500000.0,0.75,443.15,568.2778781670888,3.035192299882532,52.89809473882965,518.4149757281418,49.86290243894712,0.08774387382414717,-1.1368683772161603e-13
1800000.0,500000.0,0.75,453.15,593.5306818883954,3.035192299882532,54.61068679795251,541.9551873903254,51.57549449806998,0.08689608822576081,0.0
1800000.0,500000.0,0.75,463.15,619.0346743887973,3.035192299882532,56.29063872500078,565.779227963679,53.25544642511825,0.08602982777612565,0.0
1800000.0,500000.0,0.75,473.15,644.8109159619806,3.035192299882532,57.94271369666373,589.9033945651995,54.9075213967812,0.08515290302563466,-1.1368683772161603e-13
1800000.0,500000.0,0.75,483.15,670.8745229079963,3.035192299882532,59.57071048953524,614.3390047183435,56.535518189652706,0.08427137454049062,0.0
1800000.0,500000.0,0.75,493.15,697.2362610174864,3.035192299882532,61.17771059847158,639.0937427188975,58.142518298589046,0.08338998062685506,-1.1368683772161603e-13
1800000.0,500000.0,0.75,503.15,723.9036468670271,3.035192299882532,62.76624995153153,664.172589215378,59.731057651648996,0.08251244196677036,0.0
1800000.0,500000.0,0.75,513.15,750.881732032563,3.035192299882532,64.33844158967725,689.5784827427683,61.303249289794714,0.08164168426877672,0.0
1800000.0,500000.0,0.75,523.15,778.1736749144818,3.035192299882532,65.89606534683658,715.3128018675277,62.86087304695405,0.08078000460997631,0.0
1800000.0,500000.0,0.75,533.15,805.7811659180563,3.035192299882532,67.44063471659645,741.3757235013423,64.40544241671391,0.07992919807617296,0.0
1800000.0,500000.0,0.75,543.15,833.704748819791,3.035192299882532,68.973447583623,767.7664935360505,65.93825528374046,0.07909065574723421,1.1368683772161603e-13
1800000.0,500000.0,0.75,553.15,861.9440670535821,3.035192299882532,70.49562531195348,794.483634041511,67.46043301207094,0.07826544156475679,1.1368683772161603e-13
1800000.0,500000.0,0.75,563.15,890.498054678617,3.035192299882532,72.00814328050474,821.5251036979947,68.9729509806222,0.07745435334557212,0.0
1800000.0,500000.0,0.75,573.15,919.3650859200488,3.035192299882532,73.51185503466031,848.888423185271,70.47666273477778,0.07665797169603053,0.0
1800000.0,500000.0,0.75,583.15,948.5430932387184,3.035192299882532,75.00751160380966,876.5707739347911,71.97231930392712,0.0758766995584606,1.1368683772161603e-13
1800000.0,500000.0,0.75,593.15,978.0296611921466,3.035192299882532,76.4957771104048,904.5690763816242,73.46058481052226,0.07511079441187825,1.1368683772161603e-13
1800000.0,500000.0,0.75,603.15,1007.8221014683885,3.035192299882532,77.97724150011386,932.880052268157,74.94204920023132,0.07436039464806475,1.1368683772161603e-13
1800000.0,500000.0,0.75,613.15,1037.91751313813,3.035192299882532,79.45243101269216,961.5002744253203,76.41723871280962,0.0736255412838763,2.2737367544323206e-13
1800000.0,500000.0,0.75,623.15,1068.3128312054425,3.035192299882532,80.9218168621196,990.4262066432053,77.88662456223706,0.07290619590738495,2.2737367544323206e-13
1800000.0,500000.0,0.8,373.15,393.04234797107597,3.035192299882532,41.62062785089749,354.45691242006103,38.58543555101496,0.09817119134921937,-5.684341886080802e-14
1800000.0,500000.0,0.8,383.15,418.98604782083777,3.035192299882532,44.13809351676167,377.8831466039586,41.10290121687914,0.09810088290685783,0.0
1800000.0,500000.0,0.8,393.15,444.1504850874539,3.035192299882532,46.441467393307946,400.7442099940285,43.406275093425414,0.09772875759637785,-5.684341886080802e-14
1800000.0,500000.0,0.8,403.15,468.9643748265104,3.035192299882532,48.6017774382591,423.3977896881338,45.56658513837657,0.0971642785344485,0.0
1800000.0,500000.0,0.8,413.15,493.66537947709605,3.035192299882532,50.659189871538544,446.04138190544006,47.62399757165601,0.09647019935264786,-5.684341886080802e-14
1800000.0,500000.0,0.8,423.15,518.3960773324676,3.035192299882532,52.63860638486152,468.79266324748863,49.603414084978986,0.0956863222041057,0.0
1800000.0,500000.0,0.8,433.15,543.2468604934697,3.035192299882532,54.55655063847907,491.72550215487325,51.521358338596535,0.09483967986818373,-1.1368683772161603e-13
1800000.0,500000.0,0.8,443.15,568.2778781670888,3.035192299882532,56.42463438808499,514.8884360788865,53.38944208820246,0.09394953444326147,-1.1368683772161603e-13
1800000.0,500000.0,0.8,453.15,593.5306818883954,3.035192299882532,58.25139925114939,538.3144749371286,55.216206951266855,0.09303008022363608,0.0
1800000.0,500000.0,0.8,463.15,619.0346743887973,3.035192299882532,60.043347973334136,562.0265187153458,57.008155673451604,0.09209202332605762,-1.1368683772161603e-13
1800000.0,500000.0,0.8,473.15,644.8109159619806,3.035192299882532,61.805561276441324,586.0405469854218,58.77036897655879,0.09114357018736328,1.1368683772161603e-13
1800000.0,500000.0,0.8,483.15,670.8745229079963,3.035192299882532,63.54209118883754,610.3676240190412,60.50689888895501,0.09019108167452787,1.1368683772161603e-13
1800000.0,500000.0,0.8,493.15,697.2362610174864,3.035192299882532,65.25622463836963,635.0152286789995,62.2210323384871,0.0892395244155648,-2.2737367544323206e-13
1800000.0,500000.0,0.8,503.15,723.9036468670271,3.035192299882532,66.95066661496693,659.9881725519425,63.9154743150844,0.08829279226828506,1.1368683772161603e-13
1800000.0,500000.0,0.8,513.15,750.881732032563,3.035192299882532,68.62767102898901,685.2892533034566,65.59247872910647,0.08735394128121093,0.0
1800000.0,500000.0,0.8,523.15,778.1736749144818,3.035192299882532,70.2891363699591,710.9197308444052,67.25394407007656,0.0864253652341394,0.0
1800000.0,500000.0,0.8,533.15,805.7811659180563,3.035192299882532,71.93667703103624,736.8796811869025,68.9014847311537,0.08550892927939273,1.1368683772161603e-13
1800000.0,500000.0,0.8,543.15,833.704748819791,3.035192299882532,73.57167742253118,763.1682636971423,70.53648512264864,0.0846060733401141,1.1368683772161603e-13
1800000.0,500000.0,0.8,553.15,861.9440670535821,3.035192299882532,75.19533366608387,789.7839256873806,72.16014136620133,0.08371789321883638,1.1368683772161603e-13
1800000.0,500000.0,0.8,563.15,890.498054678617,3.035192299882532,76.80868616587156,816.7245608126279,73.77349386598902,0.0828452049708453,0.0
1800000.0,500000.0,0.8,573.15,919.3650859200488,3.035192299882532,78.41264537030435,843.987632849627,75.37745307042181,0.08198859650515039,0.0
1800000.0,500000.0,0.8,583.15,948.5430932387184,3.035192299882532,80.00801237739692,871.5702731612039,76.97282007751438,0.08114846929589392,1.1368683772161603e-13
1800000.0,500000.0,0.8,593.15,978.0296611921466,3.035192299882532,81.5954955844318,899.4693579075972,78.56030328454926,0.0803250723385935,1.1368683772161603e-13
1800000.0,500000.0,0.8,603.15,1007.8221014683885,3.035192299882532,83.175724266788,927.6815695014828,80.14053196690546,0.07951852995696498,1.1368683772161603e-13
1800000.0,500000.0,0.8,613.15,1037.91751313813,3.035192299882532,84.74925974687166,956.2034456911408,81.71406744698912,0.07872886468591102,0.0
1800000.0,500000.0,0.8,623.15,1068.3128312054425,3.035192299882532,86.3166046529275,985.0314188523975,83.28141235304496,0.07795601617840109,0.0
1800000.0,500000.0,0.85,373.15,393.04234797107597,3.035192299882532,44.2219170915786,351.8556231793799,41.186724791696065,0.10478953477737468,0.0
1800000.0,500000.0,0.85,383.15,418.98604782083777,3.035192299882532,46.89672436155938,375.12451575916094,43.86153206167685,0.10468494664631992,-5.684341886080802e-14
1800000.0,500000.0,0.85,393.15,444.1504850874539,3.035192299882532,49.34405910538963,397.8416182819468,46.3088668055071,0.10426391135515437,-5.684341886080802e-14
1800000.0,500000.0,0.85,403.15,468.9643748265104,3.035192299882532,51.63938852815027,420.3601785982426,48.60419622826774,0.1036415532549748,0.0
1800000.0,500000.0,0.85,413.15,493.66537947709605,3.035192299882532,53.8253892385097,442.8751825384689,50.79019693862717,0.10288385422616741,0.0
1800000.0,500000.0,0.85,423.15,518.3960773324676,3.035192299882532,55.928519283915286,465.50275034843486,52.893326984032754,0.10203265282447382,0.0
1800000.0,500000.0,0.85,433.15,543.2468604934697,3.035192299882532,57.96633505338407,488.31571773996825,54.93114275350154,0.10111635565386182,-1.1368683772161603e-13
1800000.0,500000.0,0.85,443.15,568.2778781670888,3.035192299882532,59.95117403734033,511.3618964296311,56.9159817374578,0.10015519506237577,-1.1368683772161603e-13
1800000.0,500000.0,0.85,453.15,593.5306818883954,3.035192299882532,61.892111704346256,534.6737624839316,58.856919404463724,0.09916407222151136,1.1368683772161603e-13
1800000.0,500000.0,0.85,463.15,619.0346743887973,3.035192299882532,63.79605722166749,558.2738094670123,60.76086492178496,0.09815421887598959,0.0
1800000.0,500000.0,0.85,473.15,644.8109159619806,3.035192299882532,65.66840885621892,582.1776994056444,62.633216556336386,0.0971342373490919,-1.1368683772161603e-13
1800000.0,500000.0,0.85,483.15,670.8745229079963,3.035192299882532,67.51347188813996,606.3962433197389,64.47827958825742,0.09611078880856529,-1.1368683772161603e-13
1800000.0,500000.0,0.85,493.15,697.2362610174864,3.035192299882532,69.33473867826781,630.9367146391012,66.29954637838527,0.09508906820427475,-1.1368683772161603e-13
1800000.0,500000.0,0.85,503.15,723.9036468670271,3.035192299882532,71.13508327840233,655.8037558885072,68.0998909785198,0.09407314256979973,0.0
1800000.0,500000.0,0.85,513.15,750.881732032563,3.035192299882532,72.9169004683008,681.0000238641447,69.88170816841826,0.09306619829364518,0.0
1800000.0,500000.0,0.85,523.15,778.1736749144818,3.035192299882532,74.68220739308151,706.5266598212828,71.64701509319897,0.09207072585830238,0.0
1800000.0,500000.0,0.85,533.15,805.7811659180563,3.035192299882532,76.43271934547602,732.3836388724628,73.39752704559348,0.0910886604826125,0.0
1800000.0,500000.0,0.85,543.15,833.704748819791,3.035192299882532,78.16990726143936,758.5700338582341,75.13471496155682,0.09012149093299399,1.1368683772161603e-13
1800000.0,500000.0,0.85,553.15,861.9440670535821,3.035192299882532,79.89504202021402,785.0842173332504,76.85984972033148,0.08917034487291568,2.2737367544323206e-13
1800000.0,500000.0,0.85,563.15,890.498054678617,3.035192299882532,81.60922905123863,811.9240179272608,78.57403675135609,0.08823605659611874,1.1368683772161603e-13
1800000.0,500000.0,0.85,573.15,919.3650859200488,3.035192299882532,83.3134357059484,839.0868425139829,80.27824340606585,0.08731922131427028,0.0
1800000.0,500000.0,0.85,583.15,948.5430932387184,3.035192299882532,85.00851315098419,866.5697723876166,81.97332085110165,0.08642023903332724,1.1368683772161603e-13
1800000.0,500000.0,0.85,593.15,978.0296611921466,3.035192299882532,86.6952140584588,894.3696394335702,83.66002175857626,0.08553935026530875,1.1368683772161603e-13
1800000.0,500000.0,0.85,603.15,1007.8221014683885,3.035192299882532,88.37420703346213,922.4830867348087,85.33901473357959,0.08467666526586522,2.2737367544323206e-13
1800000.0,500000.0,0.85,613.15,1037.91751313813,3.035192299882532,90.04608848105114,950.9066169569613,87.0108961811686,0.08383218808794574,0.0
1800000.0,500000.0,0.85,623.15,1068.3128312054425,3.035192299882532,91.71139244373539,979.6366310615896,88.67620014385285,0.08300583644941724,0.0
1800000.0,500000.0,0.9,373.15,393.04234797107597,3.035192299882532,46.823206332259694,349.25433393869884,43.78801403237716,0.11140787820552997,-5.684341886080802e-14
1800000.0,500000.0,0.9,383.15,418.98604782083777,3.035192299882532,49.655355206356965,372.36588491436333,46.620162906474434,0.11126901038578171,0.0
1800000.0,500000.0,0.9,393.15,444.1504850874539,3.035192299882532,52.24665081747144,394.939026569865,49.21145851758891,0.11079906511393114,-5.684341886080802e-14
1800000.0,500000.0,0.9,403.15,468.9643748265104,3.035192299882532,54.67699961804156,417.32256750835137,51.64180731815903,0.11011882797550135,-5.684341886080802e-14
1800000.0,500000.0,0.9,413.15,493.66537947709605,3.035192299882532,56.99158860548085,439.7089831714978,53.95639630559832,0.10929750909968695,-5.684341886080802e-14
1800000.0,500000.0,0.9,423.15,518.3960773324676,3.035192299882532,59.218432182969174,462.21283744938097,56.18323988308664,0.1083789834448422,0.0
1800000.0,500000.0,0.9,433.15,543.2468604934697,3.035192299882532,61.37611946828896,484.90593332506336,58.34092716840643,0.1073930314395397,-1.1368683772161603e-13
1800000.0,500000.0,0.9,443.15,568.2778781670888,3.035192299882532,63.47771368659556,507.8353567803759,60.442521386713025,0.10636085568148988,-1.1368683772161603e-13
1800000.0,500000.0,0.9,453.15,593.5306818883954,3.035192299882532,65.53282415754313,531.0330500307349,62.4976318576606,0.10529806421938663,-1.1368683772161603e-13
1800000.0,500000.0,0.9,463.15,619.0346743887973,3.035192299882532,67.54876647000096,554.5211002186788,64.51357417011842,0.10421641442592174,0.0
1800000.0,500000.0,0.9,473.15,644.8109159619806,3.035192299882532,69.5312564359965,578.3148518258666,66.49606413611396,0.1031249045108205,0.0
1800000.0,500000.0,0.9,483.15,670.8745229079963,3.035192299882532,71.48485258744226,602.4248626204366,68.44966028755972,0.10203049594260254,0.0
1800000.0,500000.0,0.9,493.15,697.2362610174864,3.035192299882532,73.41325271816586,626.8582005992031,70.37806041828333,0.1009386119929845,0.0
1800000.0,500000.0,0.9,503.15,723.9036468670271,3.035192299882532,75.31949994183775,651.6193392250717,72.28430764195521,0.09985349287131444,1.1368683772161603e-13
1800000.0,500000.0,0.9,513.15,750.881732032563,3.035192299882532,77.20612990761258,676.710794424833,74.17093760773004,0.09877845530607943,0.0
1800000.0,500000.0,0.9,523.15,778.1736749144818,3.035192299882532,79.07527841620391,702.1335887981604,76.04008611632138,0.09771608648246534,0.0
1800000.0,500000.0,0.9,533.15,805.7811659180563,3.035192299882532,80.92876165991579,727.887596558023,77.89356936003325,0.09666839168583224,0.0
1800000.0,500000.0,0.9,543.15,833.704748819791,3.035192299882532,82.76813710034754,753.9718040193259,79.732944800465,0.09563690852587388,1.1368683772161603e-13
1800000.0,500000.0,0.9,553.15,861.9440670535821,3.035192299882532,84.59475037434417,780.3845089791203,81.55955807446163,0.094622796526995,2.2737367544323206e-13
1800000.0,500000.0,0.9,563.15,890.498054678617,3.035192299882532,86.40977193660568,807.1234750418938,83.37457963672314,0.09362690822139218,0.0
1800000.0,500000.0,0.9,573.15,919.3650859200488,3.035192299882532,88.21422604159243,834.1860521783389,85.17903374170989,0.09264984612339015,1.1368683772161603e-13
1800000.0,500000.0,0.9,583.15,948.5430932387184,3.035192299882532,90.00901392457169,861.569271614029,86.97382162468915,0.09169200877076081,1.1368683772161603e-13
1800000.0,500000.0,0.9,593.15,978.0296611921466,3.035192299882532,91.7949325324858,889.2699209595432,88.75974023260326,0.09075362819202398,1.1368683772161603e-13
1800000.0,500000.0,0.9,603.15,1007.8221014683885,3.035192299882532,93.57268980013649,917.2846039681344,90.53749750025395,0.08983480057476569,1.1368683772161603e-13
1800000.0,500000.0,0.9,613.15,1037.91751313813,3.035192299882532,95.34291721523064,945.6097882227818,92.3077249153481,0.08893551148998045,0.0
1800000.0,500000.0,0.9,623.15,1068.3128312054425,3.035192299882532,97.10618023454327,974.2418432707817,94.07098793466074,0.08805565672043338,0.0
1800000.0,550000.0,0.7,373.15,383.9601818678619,2.9450432492604595,33.63126779318461,353.27395732393774,30.686224543924155,0.07992033026613338,-5.684341886080802e-14
1800000.0,550000.0,0.7,383.15,409.9038817176237,2.9450432492604595,35.69203995355579,377.15688501332835,32.746996704295334,0.07988945253964251,-5.684341886080802e-14
1800000.0,550000.0,0.7,393.15,435.06831898423985,2.9450432492604595,37.57519695052586,400.4381652829744,34.6301537012654,0.07959704761338841,0.0
1800000.0,550000.0,0.7,403.15,459.8822087232963,2.9450432492604595,39.33969960869802,423.48755236385875,36.39465635943756,0.07913908315886958,-5.684341886080802e-14
1800000.0,550000.0,0.7,413.15,484.583213373882,2.9450432492604595,41.01888677531748,446.509369847825,38.073843526057026,0.07857028983932426,0.0
1800000.0,550000.0,0.7,423.15,509.3139112292535,2.9450432492604595,42.633413812665616,469.62554066584835,39.68837056340516,0.07792516498835733,0.0
1800000.0,550000.0,0.7,433.15,534.1646943902557,2.9450432492604595,44.19698043157172,492.9127572079445,41.25193718231126,0.07722700061523156,0.0
1800000.0,550000.0,0.7,443.15,559.1957120638748,2.9450432492604595,45.71921406073833,516.421541252397,42.77417081147787,0.07649230830760008,0.0
1800000.0,550000.0,0.7,453.15,584.4485157851813,2.9450432492604595,47.20719766950467,540.1863613649372,44.262154420244215,0.07573319672269152,-1.1368683772161603e-13
1800000.0,550000.0,0.7,463.15,609.9525082855832,2.9450432492604595,48.666323716211714,564.2312278186321,45.72128046695126,0.07495875473233449,-1.1368683772161603e-13
1800000.0,550000.0,0.7,473.15,635.7287498587666,2.9450432492604595,50.100805142875295,588.5729879651517,47.15576189361484,0.07417591528476722,1.1368683772161603e-13
1800000.0,550000.0,0.7,483.15,661.7923568047822,2.9450432492604595,51.51400153216813,613.2233985218745,48.56895828290767,0.07339002601572008,1.1368683772161603e-13
1800000.0,550000.0,0.7,493.15,688.1540949142724,2.9450432492604595,52.908637796584635,638.1905003669483,49.96359454732418,0.07260524193138522,-1.1368683772161603e-13
1800000.0,550000.0,0.7,503.15,714.8214807638129,2.9450432492604595,54.286956153533424,663.47956785954,51.34191290427297,0.07182480421463028,0.0
1800000.0,550000.0,0.7,513.15,741.7995659293489,2.9450432492604595,55.65082469768054,689.0937844809289,52.70578144842008,0.07105124331312959,0.0
1800000.0,550000.0,0.7,523.15,769.0915088112677,2.9450432492604595,57.001816764627,715.0347352959011,54.056773515366544,0.0702865301411511,0.0
1800000.0,550000.0,0.7,533.15,796.6989998148423,2.9450432492604595,58.341270103654125,741.3027729604487,55.39622685439367,0.06953219078631716,0.0
1800000.0,550000.0,0.7,543.15,824.6225827165769,2.9450432492604595,59.67033177059912,767.8972941952383,56.72528852133866,0.06878939494291678,0.0
1800000.0,550000.0,0.7,553.15,852.861900950368,2.9450432492604595,60.989992716563634,794.8169514830648,58.04494946730318,0.06805902503397333,0.0
1800000.0,550000.0,0.7,563.15,881.415888575403,2.9450432492604595,62.30111480733566,822.0598170173278,59.3560715580752,0.06734173087577311,0.0
1800000.0,550000.0,0.7,573.15,910.2829198168347,2.9450432492604595,63.604452192943775,849.6235108731515,60.65940894368332,0.06663797334117735,-1.1368683772161603e-13
1800000.0,550000.0,0.7,583.15,939.4609271355042,2.9450432492604595,64.90066839894327,877.5053019858215,61.95562514968281,0.06594805953089582,0.0
1800000.0,550000.0,0.7,593.15,968.9474950889324,2.9450432492604595,66.1903501355846,905.7021882026083,63.24530688632414,0.06527217130637128,0.0
1800000.0,550000.0,0.7,603.15,998.7399353651743,2.9450432492604595,67.47401855905633,934.2109600553785,64.52897530979587,0.06461038857548218,0.0
1800000.0,550000.0,0.7,613.15,1028.835347034916,2.9450432492604595,68.75213853322808,963.0282517509484,65.80709528396761,0.06396270839024186,-2.2737367544323206e-13
1800000.0,550000.0,0.7,623.15,1059.2306651022286,2.9450432492604595,70.02512630655663,992.1505820449323,67.08008305729616,0.06332906067331626,0.0
1800000.0,550000.0,0.75,373.15,383.9601818678619,2.9450432492604595,36.03350120698358,350.87172391013877,33.08845795772312,0.086176795199848,-5.684341886080802e-14
1800000.0,550000.0,0.75,383.15,409.9038817176237,2.9450432492604595,38.24147137880977,374.60745358807435,35.29642812954931,0.08610903605412662,0.0
1800000.0,550000.0,0.75,393.15,435.06831898423985,2.9450432492604595,40.25913958984904,397.75422264365125,37.314096340588584,0.08576606181692643,0.0
1800000.0,550000.0,0.75,403.15,459.8822087232963,2.9450432492604595,42.149678152176435,420.6775738203803,39.20463490291598,0.08524929679657335,0.0
1800000.0,550000.0,0.75,413.15,484.583213373882,2.9450432492604595,43.94880725926871,443.5794493638737,41.003764010008254,0.08461655888680494,0.0
1800000.0,550000.0,0.75,423.15,509.3139112292535,2.9450432492604595,45.678657656427475,466.5802968220865,42.73361440716702,0.08390427487838963,0.0
1800000.0,550000.0,0.75,433.15,534.1646943902557,2.9450432492604595,47.35390760525537,489.75583003426084,44.408864355994915,0.0831370265058181,0.0
1800000.0,550000.0,0.75,443.15,559.1957120638748,2.9450432492604595,48.98487220793392,513.1558831052014,46.03982895867346,0.08233222817240506,0.0
1800000.0,550000.0,0.75,453.15,584.4485157851813,2.9450432492604595,50.57914036018355,536.8144186742583,47.63409711092309,0.0815026402230293,-1.1368683772161603e-13
1800000.0,550000.0,0.75,463.15,609.9525082855832,2.9450432492604595,52.142489695941215,560.7550618389025,49.19744644668076,0.08065783118912306,0.0
1800000.0,550000.0,0.75,473.15,635.7287498587666,2.9450432492604595,53.67943408165208,584.994359026375,50.734390832391625,0.07980509115509211,0.0
1800000.0,550000.0,0.75,483.15,661.7923568047822,2.9450432492604595,55.193573070180136,609.5438269838626,52.24852982091968,0.07895003513365163,0.0
1800000.0,550000.0,0.75,493.15,688.1540949142724,2.9450432492604595,56.6878262106264,634.4113119529064,53.74278296136594,0.07809701832561355,0.0
1800000.0,550000.0,0.75,503.15,714.8214807638129,2.9450432492604595,58.164595878785825,659.6019281342875,55.21955262952537,0.07724943096354807,1.1368683772161603e-13
1800000.0,550000.0,0.75,513.15,741.7995659293489,2.9450432492604595,59.62588360465772,685.1187255739516,56.680840355397265,0.07640991307993797,1.1368683772161603e-13
1800000.0,550000.0,0.75,523.15,769.0915088112677,2.9450432492604595,61.07337510495749,710.9631769555707,58.128331855697034,0.07558051439878986,0.0
1800000.0,550000.0,0.75,533.15,796.6989998148423,2.9450432492604595,62.5085036824866,737.135539381616,59.56346043322614,0.07476281562681647,2.2737367544323206e-13
1800000.0,550000.0,0.75,543.15,824.6225827165769,2.9450432492604595,63.932498325641966,763.6351276401954,60.98745507638151,0.07395802195407851,0.0
1800000.0,550000.0,0.75,553.15,852.861900950368,2.9450432492604595,65.34642076774664,790.4605234318818,62.40137751848618,0.07316703612736197,0.0
1800000.0,550000.0,0.75,563.15,881.415888575403,2.9450432492604595,66.75119443643116,817.6097373882322,63.806151187170705,0.07239051622985605,0.0
1800000.0,550000.0,0.75,573.15,910.2829198168347,2.9450432492604595,68.14762734958273,845.0803357165125,65.20258410032227,0.07162892182294511,-1.1368683772161603e-13
1800000.0,550000.0,0.75,583.15,939.4609271355042,2.9450432492604595,69.53643042743929,872.8695399573254,66.59138717817882,0.0708825511043036,0.0
1800000.0,550000.0,0.75,593.15,968.9474950889324,2.9450432492604595,70.91823228812613,900.9743060500668,67.97318903886567,0.07015157104320387,0.0
1800000.0,550000.0,0.75,603.15,998.7399353651743,2.9450432492604595,72.29359131327482,929.39138730116,69.34854806401435,0.06943604196487656,0.0
1800000.0,550000.0,0.75,613.15,1028.835347034916,2.9450432492604595,73.66300557131576,958.1173847128607,70.7179623220553,0.06873593770457356,-2.2737367544323206e-13
1800000.0,550000.0,0.75,623.15,1059.2306651022286,2.9450432492604595,75.02692104273918,987.1487873087498,72.08187779347871,0.06805116219565069,0.0
1800000.0,550000.0,0.8,373.15,383.9601818678619,2.9450432492604595,38.43573462078243,348.4694904963399,35.490691371521976,0.09243326013356232,-5.684341886080802e-14
1800000.0,550000.0,0.8,383.15,409.9038817176237,2.9450432492604595,40.79090280406375,372.0580221628204,37.84585955480329,0.09232861956861074,-5.684341886080802e-14
1800000.0,550000.0,0.8,393.15,435.06831898423985,2.9450432492604595,42.94308222917235,395.07028000432797,39.99803897991189,0.09193507602046473,0.0
1800000.0,550000.0,0.8,403.15,459.8822087232963,2.9450432492604595,44.95965669565485,417.8675952769019,42.01461344639439,0.09135951043427712,-5.684341886080802e-14
1800000.0,550000.0,0.8,413.15,484.583213373882,2.9450432492604595,46.87872774321993,440.6495288799225,43.933684493959476,0.09066282793428561,0.0
1800000.0,550000.0,0.8,423.15,509.3139112292535,2.9450432492604595,48.72390150018933,463.53505297832464,45.77885825092887,0.0898833847684219,0.0
1800000.0,550000.0,0.8,433.15,534.1646943902557,2.9450432492604595,50.51083477893914,486.598902860577,47.565791529678684,0.08904705239640485,0.0
1800000.0,550000.0,0.8,443.15,559.1957120638748,2.9450432492604595,52.250530355129506,509.8902249580058,49.30548710586905,0.08817214803721003,0.0
1800000.0,550000.0,0.8,453.15,584.4485157851813,2.9450432492604595,53.95108305086242,533.4424759835794,51.006039801601965,0.08727208372336707,0.0
1800000.0,550000.0,0.8,463.15,609.9525082855832,2.9450432492604595,55.618655675670595,557.2788958591731,52.67361242641014,0.08635690764591143,1.1368683772161603e-13
1800000.0,550000.0,0.8,473.15,635.7287498587666,2.9450432492604595,57.25806302042888,581.415730087598,54.31301977116842,0.08543426702541704,2.2737367544323206e-13
1800000.0,550000.0,0.8,483.15,661.7923568047822,2.9450432492604595,58.87314460819215,605.8642554458505,55.92810135893169,0.0845100442515832,1.1368683772161603e-13
1800000.0,550000.0,0.8,493.15,688.1540949142724,2.9450432492604595,60.46701462466817,630.6321235388648,57.52197137540771,0.08358879471984189,-1.1368683772161603e-13
1800000.0,550000.0,0.8,503.15,714.8214807638129,2.9450432492604595,62.04223560403823,655.7242884090352,59.097192354777775,0.08267405771246586,0.0
1800000.0,550000.0,0.8,513.15,741.7995659293489,2.9450432492604595,63.6009425116349,681.1436666669746,60.65589926237444,0.08176858284674635,-1.1368683772161603e-13
1800000.0,550000.0,0.8,523.15,769.0915088112677,2.9450432492604595,65.14493344528799,706.8916186152401,62.19989019602753,0.08087449865642862,1.1368683772161603e-13
1800000.0,550000.0,0.8,533.15,796.6989998148423,2.9450432492604595,66.67573726131907,732.9683058027837,63.73069401205861,0.07999344046731578,0.0
1800000.0,550000.0,0.8,543.15,824.6225827165769,2.9450432492604595,68.19466488068481,759.3729610851526,65.24962163142435,0.07912664896524023,-1.1368683772161603e-13
1800000.0,550000.0,0.8,553.15,852.861900950368,2.9450432492604595,69.70284881892987,786.1040953806986,66.7578055696694,0.07827504722075086,0.0
1800000.0,550000.0,0.8,563.15,881.415888575403,2.9450432492604595,71.20127406552666,813.1596577591367,68.2562308162662,0.077439301583939,1.1368683772161603e-13
1800000.0,550000.0,0.8,573.15,910.2829198168347,2.9450432492604595,72.69080250622146,840.5371605598738,69.745759256961,0.07661987030471262,0.0
1800000.0,550000.0,0.8,583.15,939.4609271355042,2.9450432492604595,74.17219245593529,868.2337779288295,71.22714920667482,0.07581704267771137,0.0
1800000.0,550000.0,0.8,593.15,968.9474950889324,2.9450432492604595,75.64611444066792,896.2464238975251,72.70107119140745,0.0750309707800367,-1.1368683772161603e-13
1800000.0,550000.0,0.8,603.15,998.7399353651743,2.9450432492604595,77.11316406749306,924.5718145469418,74.1681208182326,0.07426169535427071,0.0
1800000.0,550000.0,0.8,613.15,1028.835347034916,2.9450432492604595,78.57387260940345,953.206517674773,75.62882936014299,0.07350916701890525,-2.2737367544323206e-13
1800000.0,550000.0,0.8,623.15,1059.2306651022286,2.9450432492604595,80.02871577892196,982.146992572567,77.0836725296615,0.07277326371798534,0.0
1800000.0,550000.0,0.85,373.15,383.9601818678619,2.9450432492604595,40.8379680345814,346.06725708254095,37.89292478532094,0.09868972506727694,-5.684341886080802e-14
1800000.0,550000.0,0.85,383.15,409.9038817176237,2.9450432492604595,43.340334229317726,369.5085907375664,40.39529098005727,0.09854820308309485,0.0
1800000.0,550000.0,0.85,393.15,435.06831898423985,2.9450432492604595,45.627024868495646,392.38633736500464,42.68198161923519,0.09810409022400302,0.0
1800000.0,550000.0,0.85,403.15,459.8822087232963,2.9450432492604595,47.76963523913338,415.0576167334234,44.82459198987292,0.09746972407198112,-5.684341886080802e-14
1800000.0,550000.0,0.85,413.15,484.583213373882,2.9450432492604595,49.808648227171155,437.7196083959713,46.8636049779107,0.09670909698176627,0.0
1800000.0,550000.0,0.85,423.15,509.3139112292535,2.9450432492604595,51.76914534395118,460.4898091345628,48.82410209469072,0.09586249465845419,0.0
1800000.0,550000.0,0.85,433.15,534.1646943902557,2.9450432492604595,53.6677619526228,483.4419756868934,50.72271870336234,0.09495707828699139,0.0
1800000.0,550000.0,0.85,443.15,559.1957120638748,2.9450432492604595,55.51618850232509,506.62456681081017,52.571145253064635,0.09401206790201502,0.0
1800000.0,550000.0,0.85,453.15,584.4485157851813,2.9450432492604595,57.323025741541294,530.0705332929006,54.377982492280836,0.09304152722370485,-1.1368683772161603e-13
1800000.0,550000.0,0.85,463.15,609.9525082855832,2.9450432492604595,59.09482165539998,553.8027298794437,56.149778406139525,0.09205598410269981,0.0
1800000.0,550000.0,0.85,473.15,635.7287498587666,2.9450432492604595,60.83669195920578,577.8371011488211,57.89164870994532,0.09106344289574213,1.1368683772161603e-13
1800000.0,550000.0,0.85,483.15,661.7923568047822,2.9450432492604595,62.552716146204155,602.1846839078386,59.6076728969437,0.09007005336951478,0.0
1800000.0,550000.0,0.85,493.15,688.1540949142724,2.9450432492604595,64.24620303870994,626.8529351248229,61.30115978944948,0.08908057111407024,0.0
1800000.0,550000.0,0.85,503.15,714.8214807638129,2.9450432492604595,65.91987532929052,651.8466486837829,62.97483208003006,0.08809868446138348,0.0
1800000.0,550000.0,0.85,513.15,741.7995659293489,2.9450432492604595,67.57600141861208,677.1686077599973,64.63095816935162,0.08712725261355471,0.0
1800000.0,550000.0,0.85,523.15,769.0915088112677,2.9450432492604595,69.21649178561847,702.8200602749097,66.27144853635801,0.08616848291406737,0.0
1800000.0,550000.0,0.85,533.15,796.6989998148423,2.9450432492604595,70.84297084015154,728.8010722239511,67.89792759089107,0.08522406530781508,1.1368683772161603e-13
1800000.0,550000.0,0.85,543.15,824.6225827165769,2.9450432492604595,72.45683143572765,755.1107945301097,69.51178818646719,0.08429527597640195,0.0
1800000.0,550000.0,0.85,553.15,852.861900950368,2.9450432492604595,74.0592768701131,781.7476673295154,71.11423362085263,0.08338305831413978,0.0
1800000.0,550000.0,0.85,563.15,881.415888575403,2.9450432492604595,75.65135369462195,808.7095781300415,72.70631044536148,0.08248808693802169,1.1368683772161603e-13
1800000.0,550000.0,0.85,573.15,910.2829198168347,2.9450432492604595,77.23397766286018,835.9939854032351,74.28893441359972,0.08161081878648013,-1.1368683772161603e-13
1800000.0,550000.0,0.85,583.15,939.4609271355042,2.9450432492604595,78.8079544844313,863.5980159003334,75.86291123517084,0.08075153425111917,0.0
1800000.0,550000.0,0.85,593.15,968.9474950889324,2.9450432492604595,80.37399659320968,891.5185417449833,77.42895334394922,0.07991037051686954,0.0
1800000.0,550000.0,0.85,603.15,998.7399353651743,2.9450432492604595,81.9327368217113,919.7522417927236,78.98769357245084,0.07908734874366485,0.0
1800000.0,550000.0,0.85,613.15,1028.835347034916,2.9450432492604595,83.48473964749137,948.2956506366851,80.5396963982309,0.07828239633323718,-2.2737367544323206e-13
1800000.0,550000.0,0.85,623.15,1059.2306651022286,2.9450432492604595,85.03051051510451,977.1451978363845,82.08546726584404,0.07749536524031977,0.0
1800000.0,550000.0,0.9,373.15,383.9601818678619,2.9450432492604595,43.24020144838025,343.6650236687421,40.29515819911979,0.10494619000099126,0.0
1800000.0,550000.0,0.9,383.15,409.9038817176237,2.9450432492604595,45.889765654571704,366.9591593123124,42.944722405311246,0.10476778659757896,0.0
1800000.0,550000.0,0.9,393.15,435.06831898423985,2.9450432492604595,48.31096750781883,389.7023947256815,45.36592425855837,0.10427310442754102,0.0
1800000.0,550000.0,0.9,403.15,459.8822087232963,2.9450432492604595,50.579613782611794,412.24763818994495,47.63457053335134,0.10357993770968489,0.0
1800000.0,550000.0,0.9,413.15,484.583213373882,2.9450432492604595,52.7385687111225,434.78968791202,49.79352546186204,0.10275536602924719,-5.684341886080802e-14
1800000.0,550000.0,0.9,423.15,509.3139112292535,2.9450432492604595,54.81438918771292,457.44456529080105,51.86934593845246,0.10184160454848624,0.0
1800000.0,550000.0,0.9,433.15,534.1646943902557,2.9450432492604595,56.824689126306446,480.28504851320974,53.87964587704599,0.10086710417757791,0.0
1800000.0,550000.0,0.9,443.15,559.1957120638748,2.9450432492604595,58.78184664952068,503.3589086636146,55.83680340026022,0.09985198776682,0.0
1800000.0,550000.0,0.9,453.15,584.4485157851813,2.9450432492604595,60.694968432220165,526.6985906022217,57.74992518295971,0.09881097072404262,-1.1368683772161603e-13
1800000.0,550000.0,0.9,463.15,609.9525082855832,2.9450432492604595,62.570987635129484,550.3265638997143,59.625944385869026,0.09775506055948838,-1.1368683772161603e-13
1800000.0,550000.0,0.9,473.15,635.7287498587666,2.9450432492604595,64.41532089798257,574.2584722100445,61.47027764872211,0.09669261876606704,0.0
1800000.0,550000.0,0.9,483.15,661.7923568047822,2.9450432492604595,66.23228768421616,598.5051123698265,63.2872444349557,0.09563006248744634,0.0
1800000.0,550000.0,0.9,493.15,688.1540949142724,2.9450432492604595,68.0253914527517,623.0737467107813,65.08034820349124,0.09457234750829856,-1.1368683772161603e-13
1800000.0,550000.0,0.9,503.15,714.8214807638129,2.9450432492604595,69.79751505454293,647.9690089585304,66.85247180528246,0.09352331121030127,1.1368683772161603e-13
1800000.0,550000.0,0.9,513.15,741.7995659293489,2.9450432492604595,71.55106032558926,673.1935488530202,68.6060170763288,0.0924859223803631,0.0
1800000.0,550000.0,0.9,523.15,769.0915088112677,2.9450432492604595,73.28805012594897,698.748501934579,70.3430068766885,0.09146246717170613,1.1368683772161603e-13
1800000.0,550000.0,0.9,533.15,796.6989998148423,2.9450432492604595,75.010204418984,724.6338386451188,72.06516116972354,0.09045469014831438,0.0
1800000.0,550000.0,0.9,543.15,824.6225827165769,2.9450432492604595,76.71899799077026,750.8486279750671,73.7739547415098,0.08946390298756339,0.0
1800000.0,550000.0,0.9,553.15,852.861900950368,2.9450432492604595,78.4157049212961,777.3912392783324,75.47066167203563,0.0884910694075284,0.0
1800000.0,550000.0,0.9,563.15,881.415888575403,2.9450432492604595,80.10143332371744,804.2594985009459,77.15639007445698,0.08753687229210463,1.1368683772161603e-13
1800000.0,550000.0,0.9,573.15,910.2829198168347,2.9450432492604595,81.77715281949914,831.4508102465961,78.83210957023867,0.08660176726824789,-1.1368683772161603e-13
1800000.0,550000.0,0.9,583.15,939.4609271355042,2.9450432492604595,83.44371651292708,858.9622538718377,80.49867326366662,0.08568602582452671,0.0
1800000.0,550000.0,0.9,593.15,968.9474950889324,2.9450432492604595,85.10187874575145,886.7906595924416,82.15683549649098,0.08478977025370237,-1.1368683772161603e-13
1800000.0,550000.0,0.9,603.15,998.7399353651743,2.9450432492604595,86.75230957592954,914.9326690385053,83.80726632666908,0.083913002133059,0.0
1800000.0,550000.0,0.9,613.15,1028.835347034916,2.9450432492604595,88.39560668557905,943.3847835985974,85.45056343631859,0.08305562564756888,-2.2737367544323206e-13
1800000.0,550000.0,0.9,623.15,1059.2306651022286,2.9450432492604595,90.03230525128707,972.1434031002019,87.0872620020266,0.08221746676265422,0.0
1800000.0,600000.0,0.7,373.15,375.39131453726856,2.851992798994703,31.087893626817387,347.15541370944584,28.235900827822682,0.07521724593609223,5.684341886080802e-14
1800000.0,600000.0,0.7,383.15,401.33501438703036,2.851992798994703,33.01708399037015,371.16992319565486,30.16509119137545,0.07516187252549443,5.684341886080802e-14
1800000.0,600000.0,0.7,393.15,426.4994516536465,2.851992798994703,34.77785305605561,394.5735913965856,31.925860257060908,0.07485557163854785,0.0
1800000.0,600000.0,0.7,403.15,451.31334139270297,2.851992798994703,36.426155844209596,417.73917834748806,33.574163045214895,0.0743921350554556,5.684341886080802e-14
1800000.0,600000.0,0.7,413.15,476.01434604328864,2.851992798994703,37.99362098109629,440.8727178611871,35.14162818210159,0.0738247249777338,0.0
1800000.0,600000.0,0.7,423.15,500.7450438986602,2.851992798994703,39.49982833656017,464.0972083610947,36.64783553756547,0.07318661659082179,5.684341886080802e-14
1800000.0,600000.0,0.7,433.15,525.5958270596624,2.851992798994703,40.95775870478875,487.49006115386834,38.10576590579405,0.07250013022167416,0.0
1800000.0,600000.0,0.7,443.15,550.6268447332815,2.851992798994703,42.37653467443678,511.1023028578394,39.52454187544208,0.0717809933414841,0.0
1800000.0,600000.0,0.7,453.15,575.8796484545879,2.851992798994703,43.76286853721738,534.9687727163653,40.91087573822268,0.07104066943155533,0.0
1800000.0,600000.0,0.7,463.15,601.3836409549899,2.851992798994703,45.12187048938591,559.1137632645987,42.26987769039121,0.07028770789851743,1.1368683772161603e-13
1800000.0,600000.0,0.7,473.15,627.1598825281733,2.851992798994703,46.457532561169124,583.5543427659987,43.60553976217442,0.06952858589486641,1.1368683772161603e-13
1800000.0,600000.0,0.7,483.15,653.2234894741888,2.851992798994703,47.77303777413478,608.3024444990488,44.92104497514008,0.06876826338761823,0.0
1800000.0,600000.0,0.7,493.15,679.5852275836792,2.851992798994703,49.07096750947751,633.3662528731962,46.21897471048281,0.0680105641419225,1.1368683772161603e-13
1800000.0,600000.0,0.7,503.15,706.2526134332195,2.851992798994703,50.353445618982775,658.7511606132315,47.501452819988074,0.06725844537278959,0.0
1800000.0,600000.0,0.7,513.15,733.2306985987556,2.851992798994703,51.62224137162103,684.4604500261293,48.77024857262633,0.06651419350803092,0.0
1800000.0,600000.0,0.7,523.15,760.5226414806742,2.851992798994703,52.878844699762176,710.4957895799068,50.026851900767475,0.06577956943315896,-1.1368683772161603e-13
1800000.0,600000.0,0.7,533.15,788.1301324842489,2.851992798994703,54.124522298969794,736.8576029842739,51.27252949997509,0.06505591828897596,-1.1368683772161603e-13
1800000.0,600000.0,0.7,543.15,816.0537153859834,2.851992798994703,55.36036018747045,763.5453479975077,52.50836738847575,0.06434425381378225,0.0
1800000.0,600000.0,0.7,553.15,844.2930336197745,2.851992798994703,56.587296495391286,790.557729923378,53.735303696396585,0.06364532402454497,0.0
1800000.0,600000.0,0.7,563.15,872.8470212448095,2.851992798994703,57.806147077058675,817.8928669667456,54.954154278063974,0.06295966296555745,0.0
1800000.0,600000.0,0.7,573.15,901.7140524862414,2.851992798994703,59.01762576634414,845.5484195188919,56.16563296734944,0.06228763188561535,0.0
1800000.0,600000.0,0.7,583.15,930.8920598049108,2.851992798994703,60.22236057561752,873.521692028288,57.37036777662282,0.06162945227897428,0.0
1800000.0,600000.0,0.7,593.15,960.378627758339,2.851992798994703,61.42090678283293,901.8097137745009,58.56891398383823,0.060985232585346515,-1.1368683772161603e-13
1800000.0,600000.0,0.7,603.15,990.1710680345809,2.851992798994703,62.61375760292355,930.4093032306521,59.76176480392885,0.06035498989336428,0.0
1800000.0,600000.0,0.7,613.15,1020.2664797043225,2.851992798994703,63.80135296349646,959.3171195398209,60.94936016450176,0.059738667668632166,-1.1368683772161603e-13
1800000.0,600000.0,0.7,623.15,1050.661797771635,2.851992798994703,64.98408677805145,988.5297037925783,62.13209397905675,0.059136150291971855,0.0
1800000.0,600000.0,0.75,373.15,375.39131453726856,2.851992798994703,33.30845745730435,344.9348498789589,30.456464658309645,0.08113257680416032,0.0
1800000.0,600000.0,0.75,383.15,401.33501438703036,2.851992798994703,35.37544713253947,368.81156005348555,32.52345433354477,0.08103816803330431,5.684341886080802e-14
1800000.0,600000.0,0.75,393.15,426.4994516536465,2.851992798994703,37.26198541720247,392.0894590354387,34.40999261820777,0.08068003952828427,0.0
1800000.0,600000.0,0.75,403.15,451.31334139270297,2.851992798994703,39.02802411879599,415.13731007290164,36.17603131980129,0.0801572388889858,5.684341886080802e-14
1800000.0,600000.0,0.75,413.15,476.01434604328864,2.851992798994703,40.707451051174544,438.1588877911088,37.855458252179844,0.07952587682879893,5.684341886080802e-14
1800000.0,600000.0,0.75,423.15,500.7450438986602,2.851992798994703,42.32124464631453,461.2757920513403,39.46925184731983,0.07882105340478925,5.684341886080802e-14
1800000.0,600000.0,0.75,433.15,525.5958270596624,2.851992798994703,43.8833128979879,484.5645069606692,41.0313200989932,0.0780662973078277,0.0
1800000.0,600000.0,0.75,443.15,550.6268447332815,2.851992798994703,45.403430008325145,508.075407523951,42.551437209330444,0.07727817416882747,0.0
1800000.0,600000.0,0.75,453.15,575.8796484545879,2.851992798994703,46.888787718447155,531.8428535351355,44.036794919452454,0.07646874661681165,0.0
1800000.0,600000.0,0.75,463.15,601.3836409549899,2.851992798994703,48.34486123862769,555.8907725153568,45.49286843963299,0.0756470002532674,1.1368683772161603e-13
1800000.0,600000.0,0.75,473.15,627.1598825281733,2.851992798994703,49.775927744109765,580.2359475830582,46.923934945115064,0.07481973297775013,1.1368683772161603e-13
1800000.0,600000.0,0.75,483.15,653.2234894741888,2.851992798994703,51.18539761514438,604.8900846580392,48.33340481614968,0.07399214142629129,0.0
1800000.0,600000.0,0.75,493.15,679.5852275836792,2.851992798994703,52.57603661729733,629.8611837653765,49.72404381830263,0.07316822349876635,1.1368683772161603e-13
1800000.0,600000.0,0.75,503.15,706.2526134332195,2.851992798994703,53.950120306052966,655.1544859261613,51.098127507058265,0.07235106325293607,-1.1368683772161603e-13
1800000.0,600000.0,0.75,513.15,733.2306985987556,2.851992798994703,55.30954432673683,680.7731470710135,52.457551527742126,0.07154303772058564,0.0
1800000.0,600000.0,0.75,523.15,760.5226414806742,2.851992798994703,56.65590503545943,706.7187292442096,53.80391223646473,0.07074597033917754,-1.1368683772161603e-13
1800000.0,600000.0,0.75,533.15,788.1301324842489,2.851992798994703,57.990559606039085,732.9915656772046,55.138566807044384,0.06996124692408758,-1.1368683772161603e-13
1800000.0,600000.0,0.75,543.15,816.0537153859834,2.851992798994703,59.31467162943259,759.5910365555457,56.46267883043789,0.06918990474019437,-1.1368683772161603e-13
1800000.0,600000.0,0.75,553.15,844.2930336197745,2.851992798994703,60.62924624506221,786.5157801737071,57.77725344606751,0.0684327018527638,0.0
1800000.0,600000.0,0.75,563.15,872.8470212448095,2.851992798994703,61.93515758256288,813.7638564612414,59.08316478356818,0.06769017175461836,0.0
1800000.0,600000.0,0.75,573.15,901.7140524862414,2.851992798994703,63.23317046394036,841.3328748212957,60.38117766494566,0.06696266682154982,0.0
1800000.0,600000.0,0.75,583.15,930.8920598049108,2.851992798994703,64.52395775959012,869.2200948443154,61.67196496059542,0.06625039316966583,0.0
1800000.0,600000.0,0.75,593.15,960.378627758339,2.851992798994703,65.80811441017804,897.4225061471558,62.956121611183335,0.0655534388120776,-1.1368683772161603e-13
1800000.0,600000.0,0.75,603.15,990.1710680345809,2.851992798994703,67.0861688602753,925.9368919733004,64.23417606128059,0.06487179653590652,0.0
1800000.0,600000.0,0.75,613.15,1020.2664797043225,2.851992798994703,68.35859246088914,954.7598800424281,65.50659966189444,0.0642053825789499,0.0
1800000.0,600000.0,0.75,623.15,1050.661797771635,2.851992798994703,69.62580726219807,983.8879833084317,66.77381446320337,0.06355405193643186,0.0
1800000.0,600000.0,0.8,373.15,375.39131453726856,2.851992798994703,35.529021287791196,342.71428604847205,32.677028488796495,0.08704790767222811,5.684341886080802e-14
1800000.0,600000.0,0.8,383.15,401.33501438703036,2.851992798994703,37.73381027470878,366.45319691131624,34.88181747571408,0.08691446354111416,5.684341886080802e-14
1800000.0,600000.0,0.8,393.15,426.4994516536465,2.851992798994703,39.746117778349316,389.60532667429186,36.894124979354615,0.08650450741802068,0.0
1800000.0,600000.0,0.8,403.15,451.31334139270297,2.851992798994703,41.629892393382384,412.5354417983153,38.777899594387684,0.08592234272251599,5.684341886080802e-14
1800000.0,600000.0,0.8,413.15,476.01434604328864,2.851992798994703,43.421281121252804,435.44505772103054,40.5692883222581,0.08522702867986408,5.684341886080802e-14
1800000.0,600000.0,0.8,423.15,500.7450438986602,2.851992798994703,45.14266095606878,458.4543757415861,42.29066815707408,0.08445549021875648,5.684341886080802e-14
1800000.0,600000.0,0.8,433.15,525.5958270596624,2.851992798994703,46.80886709118705,481.63895276747,43.956874292192346,0.08363246439398125,0.0
1800000.0,600000.0,0.8,443.15,550.6268447332815,2.851992798994703,48.4303253422135,505.0485121900627,45.5783325432188,0.08277535499617081,0.0
1800000.0,600000.0,0.8,453.15,575.8796484545879,2.851992798994703,50.01470689967705,528.7169343539056,47.16271410068235,0.08189682380206817,0.0
1800000.0,600000.0,0.8,463.15,601.3836409549899,2.851992798994703,51.567851987869595,552.667781766115,48.715859188874894,0.08100629260801757,0.0
1800000.0,600000.0,0.8,473.15,627.1598825281733,2.851992798994703,53.09432292705053,576.9175524001174,50.242330128055826,0.08011088006063405,1.1368683772161603e-13
1800000.0,600000.0,0.8,483.15,653.2234894741888,2.851992798994703,54.59775745615398,601.4777248170295,51.74576465715928,0.07921601946496436,0.0
1800000.0,600000.0,0.8,493.15,679.5852275836792,2.851992798994703,56.08110572511726,626.3561146575565,53.22911292612256,0.07832588285561036,1.1368683772161603e-13
1800000.0,600000.0,0.8,503.15,706.2526134332195,2.851992798994703,57.54679499312316,651.557811239091,54.69480219412846,0.07744368113308255,0.0
1800000.0,600000.0,0.8,513.15,733.2306985987556,2.851992798994703,58.996847281852624,677.0858441158977,56.14485448285792,0.07657188193314034,0.0
1800000.0,600000.0,0.8,523.15,760.5226414806742,2.851992798994703,60.43296537115681,702.9416689085123,57.58097257216211,0.07571237124519627,-1.1368683772161603e-13
1800000.0,600000.0,0.8,533.15,788.1301324842489,2.851992798994703,61.85659691310837,729.1255283701353,59.00460411411367,0.07486657555919916,0.0
1800000.0,600000.0,0.8,543.15,816.0537153859834,2.851992798994703,63.26898307139473,755.6367251135835,60.41699027240003,0.0740355556666065,0.0
1800000.0,600000.0,0.8,553.15,844.2930336197745,2.851992798994703,64.6711959947329,782.4738304240364,61.8192031957382,0.07322007968098235,0.0
1800000.0,600000.0,0.8,563.15,872.8470212448095,2.851992798994703,66.06416808806709,809.6348459557372,63.21217528907239,0.07242068054367928,0.0
1800000.0,600000.0,0.8,573.15,901.7140524862414,2.851992798994703,67.44871516153636,837.1173301236997,64.59672236254166,0.07163770175748402,0.0
1800000.0,600000.0,0.8,583.15,930.8920598049108,2.851992798994703,68.82555494356295,864.9184976603426,65.97356214456825,0.07087133406035763,0.0
1800000.0,600000.0,0.8,593.15,960.378627758339,2.851992798994703,70.19532203752314,893.0352985198107,67.34332923852844,0.0701216450388087,-1.1368683772161603e-13
1800000.0,600000.0,0.8,603.15,990.1710680345809,2.851992798994703,71.55858011762705,921.4644807159486,68.70658731863234,0.06938860317844878,0.0
1800000.0,600000.0,0.8,613.15,1020.2664797043225,2.851992798994703,72.91583195828181,950.2026405450355,70.06383915928711,0.06867209748926761,-1.1368683772161603e-13
1800000.0,600000.0,0.8,623.15,1050.661797771635,2.851992798994703,74.26752774634446,979.2462628242853,71.41553494734976,0.06797195358089166,0.0
1800000.0,600000.0,0.85,373.15,375.39131453726856,2.851992798994703,37.74958511827816,340.49372221798507,34.89759231928346,0.09296323854029621,5.684341886080802e-14
1800000.0,600000.0,0.85,383.15,401.33501438703036,2.851992798994703,40.09217341687798,364.09483376914704,37.24018061788328,0.09279075904892375,5.684341886080802e-14
1800000.0,600000.0,0.85,393.15,426.4994516536465,2.851992798994703,42.23025013949617,387.121194313145,39.37825734050147,0.0923289753077571,5.684341886080802e-14
1800000.0,600000.0,0.85,403.15,451.31334139270297,2.851992798994703,44.23176066796877,409.93357352372885,41.37976786897407,0.09168744655604616,5.684341886080802e-14
1800000.0,600000.0,0.85,413.15,476.01434604328864,2.851992798994703,46.13511119133118,432.7312276509522,43.283118392336476,0.09092818053092946,0.0
1800000.0,600000.0,0.85,423.15,500.7450438986602,2.851992798994703,47.96407726582314,455.63295943183175,45.11208446682844,0.09008992703272393,0.0
1800000.0,600000.0,0.85,433.15,525.5958270596624,2.851992798994703,49.73442128438631,478.7133985742708,46.88242848539161,0.08919863148013503,0.0
1800000.0,600000.0,0.85,443.15,550.6268447332815,2.851992798994703,51.45722067610174,502.02161685617443,48.60522787710704,0.08827253582351395,0.0
1800000.0,600000.0,0.85,453.15,575.8796484545879,2.851992798994703,53.140626080906834,525.5910151726758,50.288633281912134,0.0873249009873245,0.0
1800000.0,600000.0,0.85,463.15,601.3836409549899,2.851992798994703,54.790842737111376,549.4447910168732,51.938849938116675,0.08636558496276754,1.1368683772161603e-13
1800000.0,600000.0,0.85,473.15,627.1598825281733,2.851992798994703,56.41271810999117,573.5991572171768,53.56072531099647,0.08540202714351776,1.1368683772161603e-13
1800000.0,600000.0,0.85,483.15,653.2234894741888,2.851992798994703,58.01011729716358,598.06536497602,55.15812449816888,0.08443989750363742,0.0
1800000.0,600000.0,0.85,493.15,679.5852275836792,2.851992798994703,59.586174832937076,622.8510455497367,56.734182033942375,0.0834835422124542,1.1368683772161603e-13
1800000.0,600000.0,0.85,503.15,706.2526134332195,2.851992798994703,61.14346968019335,647.9611365520209,58.29147688119865,0.08253629901322902,0.0
1800000.0,600000.0,0.85,513.15,733.2306985987556,2.851992798994703,62.684150236968414,673.3985411607819,59.83215743797371,0.08160072614569504,0.0
1800000.0,600000.0,0.85,523.15,760.5226414806742,2.851992798994703,64.21002570685407,699.1646085728149,61.35803290785937,0.08067877215121484,0.0
1800000.0,600000.0,0.85,533.15,788.1301324842489,2.851992798994703,65.72263422017754,725.2594910630661,62.87064142118284,0.07977190419431063,0.0
1800000.0,600000.0,0.85,543.15,816.0537153859834,2.851992798994703,67.22329451335688,751.6824136716214,64.37130171436218,0.07888120659301862,-1.1368683772161603e-13
1800000.0,600000.0,0.85,553.15,844.2930336197745,2.851992798994703,68.71314574440359,778.4318806743656,65.86115294540889,0.0780074575092009,0.0
1800000.0,600000.0,0.85,563.15,872.8470212448095,2.851992798994703,70.1931785935713,805.505835450233,67.3411857945766,0.07715118933274019,0.0
1800000.0,600000.0,0.85,573.15,901.7140524862414,2.851992798994703,71.66425985913234,832.9017854261037,68.81226706013764,0.07631273669341823,0.0
1800000.0,600000.0,0.85,583.15,930.8920598049108,2.851992798994703,73.12715212753555,860.61690047637,70.27515932854085,0.0754922749510492,0.0
1800000.0,600000.0,0.85,593.15,960.378627758339,2.851992798994703,74.58252966486849,888.6480908924653,71.73053686587379,0.07468985126554005,-1.1368683772161603e-13
1800000.0,600000.0,0.85,603.15,990.1710680345809,2.851992798994703,76.0309913749788,916.9920694585969,73.1789985759841,0.07390540982099103,-1.1368683772161603e-13
1800000.0,600000.0,0.85,613.15,1020.2664797043225,2.851992798994703,77.47307145567449,945.6454010476428,74.62107865667979,0.07313881239958533,-1.1368683772161603e-13
1800000.0,600000.0,0.85,623.15,1050.661797771635,2.851992798994703,78.90924823049107,974.6045423401387,76.05725543149637,0.07238985522535167,0.0
1800000.0,600000.0,0.9,373.15,375.39131453726856,2.851992798994703,39.97014894876513,338.27315838749814,37.11815614977043,0.09887856940836431,0.0
1800000.0,600000.0,0.9,383.15,401.33501438703036,2.851992798994703,42.45053655904729,361.73647062697773,39.59854376005259,0.09866705455673361,5.684341886080802e-14
1800000.0,600000.0,0.9,393.15,426.4994516536465,2.851992798994703,44.71438250064291,384.63706195199825,41.86238970164821,0.09815344319749326,5.684341886080802e-14
1800000.0,600000.0,0.9,403.15,451.31334139270297,2.851992798994703,46.833628942555166,407.3317052491425,43.981636143560465,0.09745255038957636,5.684341886080802e-14
1800000.0,600000.0,0.9,413.15,476.01434604328864,2.851992798994703,48.84894126140943,430.01739758087393,45.99694846241473,0.09662933238199459,0.0
1800000.0,600000.0,0.9,423.15,500.7450438986602,2.851992798994703,50.78549357557739,452.81154312207747,47.93350077658269,0.09572436384669117,5.684341886080802e-14
1800000.0,600000.0,0.9,433.15,525.5958270596624,2.851992798994703,52.659975477585455,475.78784438107164,49.807982678590754,0.09476479856628858,0.0
1800000.0,600000.0,0.9,443.15,550.6268447332815,2.851992798994703,54.4841160099901,498.99472152228606,51.6321232109954,0.0937697166508573,0.0
1800000.0,600000.0,0.9,453.15,575.8796484545879,2.851992798994703,56.26654526213661,522.4650959914461,53.41455246314191,0.09275297817258081,0.0
1800000.0,600000.0,0.9,463.15,601.3836409549899,2.851992798994703,58.01383348635328,546.2218002676314,55.16184068735858,0.09172487731751772,0.0
1800000.0,600000.0,0.9,473.15,627.1598825281733,2.851992798994703,59.73111329293181,570.2807620342361,56.87912049393711,0.09069317422640148,1.1368683772161603e-13
1800000.0,600000.0,0.9,483.15,653.2234894741888,2.851992798994703,61.4224771381733,594.6530051350102,58.5704843391786,0.08966377554231067,0.0
1800000.0,600000.0,0.9,493.15,679.5852275836792,2.851992798994703,63.09124394075689,619.345976441917,60.23925114176219,0.08864120156929804,1.1368683772161603e-13
1800000.0,600000.0,0.9,503.15,706.2526134332195,2.851992798994703,64.74014436726354,644.3644618649507,61.88815156826884,0.08762891689337549,0.0
1800000.0,600000.0,0.9,513.15,733.2306985987556,2.851992798994703,66.37145319208422,669.7112382056661,63.51946039308952,0.08662957035824975,0.0
1800000.0,600000.0,0.9,523.15,760.5226414806742,2.851992798994703,67.98708604255133,695.3875482371177,65.13509324355662,0.08564517305723342,-1.1368683772161603e-13
1800000.0,600000.0,0.9,533.15,788.1301324842489,2.851992798994703,69.58867152724683,721.3934537559968,66.73667872825213,0.08467723282942223,0.0
1800000.0,600000.0,0.9,543.15,816.0537153859834,2.851992798994703,71.17760595531901,747.7281022296592,68.32561315632431,0.08372685751943072,0.0
1800000.0,600000.0,0.9,553.15,844.2930336197745,2.851992798994703,72.75509549407451,774.3899309246948,69.90310269507981,0.08279483533741973,0.0
1800000.0,600000.0,0.9,563.15,872.8470212448095,2.851992798994703,74.3221890990755,801.3768249447287,71.4701963000808,0.0818816981218011,0.0
1800000.0,600000.0,0.9,573.15,901.7140524862414,2.851992798994703,75.87980455672835,828.6862407285078,73.02781175773364,0.08098777162935245,0.0
1800000.0,600000.0,0.9,583.15,930.8920598049108,2.851992798994703,77.42874931150814,856.3153032923974,74.57675651251344,0.08011321584174073,0.0
1800000.0,600000.0,0.9,593.15,960.378627758339,2.851992798994703,78.9697372922136,884.2608832651202,76.1177444932189,0.07925805749227113,-1.1368683772161603e-13
1800000.0,600000.0,0.9,603.15,990.1710680345809,2.851992798994703,80.5034026323303,912.5196582012453,77.6514098333356,0.07842221646353303,0.0
1800000.0,600000.0,0.9,613.15,1020.2664797043225,2.851992798994703,82.03031095306714,941.0881615502501,79.17831815407244,0.07760552730990306,0.0
1800000.0,600000.0,0.9,623.15,1050.661797771635,2.851992798994703,83.55096871463768,969.962821855992,80.69897591564298,0.07680775686981166,0.0
1800000.0,650000.0,0.7,373.15,367.26335973838644,2.7562729106999466,28.750364095127676,341.26926855395874,25.99409118442773,0.07077779608329064,-5.684341886080802e-14
1800000.0,650000.0,0.7,383.15,393.20705958814824,2.7562729106999466,30.556726563173928,365.4066059356743,27.800453652473983,0.07070181720946885,-5.684341886080802e-14
1800000.0,650000.0,0.7,393.15,418.3714968547644,2.7562729106999466,32.203430499508045,388.9243392659563,29.447157588808096,0.07038519069818595,0.0
1800000.0,650000.0,0.7,403.15,443.18538659382085,2.7562729106999466,33.74357517066714,412.19808433385367,30.987302259967194,0.06991950365991431,-5.684341886080802e-14
1800000.0,650000.0,0.7,413.15,467.8863912444066,2.7562729106999466,35.20715766674036,435.4355064883662,32.45088475604041,0.0693563338521835,-5.684341886080802e-14
1800000.0,650000.0,0.7,423.15,492.61708909977807,2.7562729106999466,36.61273081130057,458.76063119917745,33.856457900600624,0.06872773732326429,-5.684341886080802e-14
1800000.0,650000.0,0.7,433.15,517.4678722607803,2.7562729106999466,37.97258968206227,482.25155548941797,35.21631677136232,0.06805507869987125,0.0
1800000.0,650000.0,0.7,443.15,542.4988899343994,2.7562729106999466,39.29537541536451,505.95978742973483,36.53910250466456,0.0673533221590241,0.0
1800000.0,650000.0,0.7,453.15,567.7516936557059,2.7562729106999466,40.58744651353697,529.9205200528688,37.83117360283702,0.06663330823241626,1.1368683772161603e-13
1800000.0,650000.0,0.7,463.15,593.2556861561078,2.7562729106999466,41.85364358407608,554.1583154827317,39.09737067337613,0.06590306942812538,0.0
1800000.0,650000.0,0.7,473.15,619.0319277292912,2.7562729106999466,43.09774759714107,578.69045304285,40.341474686441124,0.06516864943367325,1.1368683772161603e-13
1800000.0,650000.0,0.7,483.15,645.0955346753068,2.7562729106999466,44.32277286978415,603.5290347162226,41.566499959084204,0.06443464219606743,1.1368683772161603e-13
1800000.0,650000.0,0.7,493.15,671.457272784797,2.7562729106999466,45.53116363651352,628.6823820589834,42.77489072581357,0.0637045608999204,1.1368683772161603e-13
1800000.0,650000.0,0.7,503.15,698.1246586343375,2.7562729106999466,46.72493065175763,654.1560008932798,43.96865774105768,0.06298109828561078,0.0
1800000.0,650000.0,0.7,513.15,725.1027437998736,2.7562729106999466,47.90574876314763,679.9532679474258,45.14947585244768,0.06226631499950415,1.1368683772161603e-13
1800000.0,650000.0,0.7,523.15,752.3946866817922,2.7562729106999466,49.07502822401293,706.0759313684792,46.318755313312984,0.06156177885517475,0.0
1800000.0,650000.0,0.7,533.15,780.0021776853669,2.7562729106999466,50.2339678565464,732.5244827395204,47.47769494584645,0.06086866973466035,0.0
1800000.0,650000.0,0.7,543.15,807.9257605871014,2.7562729106999466,51.38359538074047,759.298438117061,48.627322470040525,0.060187859877996894,-1.1368683772161603e-13
1800000.0,650000.0,0.7,553.15,836.1650788208925,2.7562729106999466,52.52479848304391,786.3965532485486,49.76852557234396,0.059519976178058535,0.0
1800000.0,650000.0,0.7,563.15,864.7190664459275,2.7562729106999466,53.65834908292745,813.8169902737,50.9020761722275,0.058865449077513204,1.1368683772161603e-13
1800000.0,650000.0,0.7,573.15,893.5860976873594,2.7562729106999466,54.7849225224622,841.5574480755971,52.028649611762255,0.05822455132909377,0.0
1800000.0,650000.0,0.7,583.15,922.7641050060288,2.7562729106999466,55.905112911630425,869.6152650050983,53.14884000093048,0.05759742897734761,0.0
1800000.0,650000.0,0.7,593.15,952.250672959457,2.7562729106999466,57.019445524607086,897.9875003455498,54.26317261390714,0.056984126296561244,0.0
1800000.0,650000.0,0.7,603.15,982.0431132356989,2.7562729106999466,58.12838690683874,926.67099923956,55.37211399613879,0.05638460598098915,1.1368683772161603e-13
1800000.0,650000.0,0.7,613.15,1012.1385249054405,2.7562729106999466,59.232353185783836,955.6624446303566,56.47608027508389,0.05579876556952537,0.0
1800000.0,650000.0,0.7,623.15,1042.533842972753,2.7562729106999466,60.33171695797541,984.9583989254775,57.57544404727546,0.055226450858516844,0.0
1800000.0,650000.0,0.75,373.15,367.26335973838644,2.7562729106999466,30.803961530493922,339.21567111859247,28.047688619793973,0.07636941686688606,0.0
1800000.0,650000.0,0.75,383.15,393.20705958814824,2.7562729106999466,32.73934988911496,363.22398260973324,29.983076978415014,0.07625264157215234,-5.684341886080802e-14
1800000.0,650000.0,0.75,393.15,418.3714968547644,2.7562729106999466,34.50367553518713,386.62409423027725,31.74740262448718,0.0758832828315456,-5.684341886080802e-14
1800000.0,650000.0,0.75,403.15,443.18538659382085,2.7562729106999466,36.15383054000058,409.78782896452026,33.39755762930063,0.07535798480627583,-5.684341886080802e-14
1800000.0,650000.0,0.75,413.15,467.8863912444066,2.7562729106999466,37.721954642936005,432.9207095121705,34.96568173223606,0.07473113641805255,0.0
1800000.0,650000.0,0.75,423.15,492.61708909977807,2.7562729106999466,39.227925869250555,456.1454361412275,36.47165295855061,0.07403651591787021,-5.684341886080802e-14
1800000.0,650000.0,0.75,433.15,517.4678722607803,2.7562729106999466,40.68491751649533,479.5392276549849,37.928644605795384,0.07329661731478679,0.0
1800000.0,650000.0,0.75,443.15,542.4988899343994,2.7562729106999466,42.10218794503342,503.15297490006594,39.34591503433347,0.07252718072675006,0.0
1800000.0,650000.0,0.75,453.15,567.7516936557059,2.7562729106999466,43.48654983593244,527.0214167304734,40.730276925232495,0.07173959563726465,0.0
1800000.0,650000.0,0.75,463.15,593.2556861561078,2.7562729106999466,44.843189554367214,551.1687695124406,42.086916643667266,0.07094228951493374,0.0
1800000.0,650000.0,0.75,473.15,619.0319277292912,2.7562729106999466,46.17615813979402,575.612042500197,43.41988522909407,0.07014159251585811,1.1368683772161603e-13
1800000.0,650000.0,0.75,483.15,645.0955346753068,2.7562729106999466,47.48868521762581,600.3631223683809,44.73241230692586,0.06934230653052162,0.0
1800000.0,650000.0,0.75,493.15,671.457272784797,2.7562729106999466,48.78338961055025,625.4301560849467,46.0271166998503,0.06854809466722696,1.1368683772161603e-13
1800000.0,650000.0,0.75,503.15,698.1246586343375,2.7562729106999466,50.06242569831176,650.8185058467257,47.306152787611815,0.06776175601668548,0.0
1800000.0,650000.0,0.75,513.15,725.1027437998736,2.7562729106999466,51.32758796051529,676.5314287500581,48.57131504981534,0.06698542443141119,1.1368683772161603e-13
1800000.0,650000.0,0.75,523.15,752.3946866817922,2.7562729106999466,52.580387382871,702.5705722096212,49.824114472171054,0.06622071547568358,0.0
1800000.0,650000.0,0.75,533.15,780.0021776853669,2.7562729106999466,53.82210841772822,728.9363421783386,51.06583550702827,0.06546883709807658,0.0
1800000.0,650000.0,0.75,543.15,807.9257605871014,2.7562729106999466,55.053852193650556,755.6281813041509,52.29757928295061,0.06473067431956513,0.0
1800000.0,650000.0,0.75,553.15,836.1650788208925,2.7562729106999466,56.27656980326143,782.644781928331,53.52029689256148,0.06400685492394928,1.1368683772161603e-13
1800000.0,650000.0,0.75,563.15,864.7190664459275,2.7562729106999466,57.49108830313664,809.9842510534908,54.734815392436694,0.06329780100420553,1.1368683772161603e-13
1800000.0,650000.0,0.75,573.15,893.5860976873594,2.7562729106999466,58.69813127406663,837.6442393239927,55.941858363366684,0.06260376980813231,0.0
1800000.0,650000.0,0.75,583.15,922.7641050060288,2.7562729106999466,59.89833526246133,865.6220426542674,57.14206235176138,0.06192488637319508,1.1368683772161603e-13
1800000.0,650000.0,0.75,593.15,952.250672959457,2.7562729106999466,61.09226306207897,893.914682808078,58.33599015137902,0.06126116978219529,0.0
1800000.0,650000.0,0.75,603.15,982.0431132356989,2.7562729106999466,62.280414543041495,922.5189716033574,59.524141632341546,0.06061255440834728,0.0
1800000.0,650000.0,0.75,613.15,1012.1385249054405,2.7562729106999466,63.463235556196885,951.4315622599436,60.70696264549694,0.059978907186808754,0.0
1800000.0,650000.0,0.75,623.15,1042.533842972753,2.7562729106999466,64.64112531211646,980.6489905713365,61.88485240141651,0.05936004170852983,0.0
1800000.0,650000.0,0.8,373.15,367.26335973838644,2.7562729106999466,32.857558965860164,337.16207368322625,30.101286055160216,0.08196103765048149,-5.684341886080802e-14
1800000.0,650000.0,0.8,383.15,393.20705958814824,2.7562729106999466,34.921973215055885,361.0413592837923,32.16570030435594,0.08180346593483555,-5.684341886080802e-14
1800000.0,650000.0,0.8,393.15,418.3714968547644,2.7562729106999466,36.803920570866325,384.32384919459804,34.047647660166376,0.08138137496490552,0.0
1800000.0,650000.0,0.8,403.15,443.18538659382085,2.7562729106999466,38.5640859093339,407.3775735951869,35.80781299863395,0.08079646595263708,0.0
1800000.0,650000.0,0.8,413.15,467.8863912444066,2.7562729106999466,40.23675161913177,430.4059125359748,37.480478708431825,0.08010593898392186,-5.684341886080802e-14
1800000.0,650000.0,0.8,423.15,492.61708909977807,2.7562729106999466,41.84312092720065,453.5302410832774,39.0868480165007,0.07934529451247636,-5.684341886080802e-14
1800000.0,650000.0,0.8,433.15,517.4678722607803,2.7562729106999466,43.39724535092828,476.826899820552,40.64097244022833,0.0785381559297021,0.0
1800000.0,650000.0,0.8,443.15,542.4988899343994,2.7562729106999466,44.90900047470233,500.346162370397,42.15272756400238,0.07770103929447601,0.0
1800000.0,650000.0,0.8,453.15,567.7516936557059,2.7562729106999466,46.38565315832791,524.122313408078,43.629380247627964,0.07684588304211303,0.0
1800000.0,650000.0,0.8,463.15,593.2556861561078,2.7562729106999466,47.83273552465835,548.1792235421494,45.0764626139584,0.07598150960174209,0.0
1800000.0,650000.0,0.8,473.15,619.0319277292912,2.7562729106999466,49.254568682446845,572.5336319575442,46.498295771746896,0.07511453559804279,1.1368683772161603e-13
1800000.0,650000.0,0.8,483.15,645.0955346753068,2.7562729106999466,50.65459756546758,597.1972100205392,47.898324654767634,0.07424997086497598,0.0
1800000.0,650000.0,0.8,493.15,671.457272784797,2.7562729106999466,52.03561558458698,622.17793011091,49.27934267388703,0.0733916284345335,1.1368683772161603e-13
1800000.0,650000.0,0.8,503.15,698.1246586343375,2.7562729106999466,53.3999207448659,647.4810108001715,50.643647834165954,0.07254241374776019,1.1368683772161603e-13
1800000.0,650000.0,0.8,513.15,725.1027437998736,2.7562729106999466,54.74942715788295,673.1095895526905,51.993154247183,0.07170453386331824,1.1368683772161603e-13
1800000.0,650000.0,0.8,523.15,752.3946866817922,2.7562729106999466,56.085746541728966,699.0652130507632,53.32947363102902,0.07087965209619226,0.0
1800000.0,650000.0,0.8,533.15,780.0021776853669,2.7562729106999466,57.410248978910154,725.3482016171566,54.653976068210206,0.07006900446149297,0.0
1800000.0,650000.0,0.8,543.15,807.9257605871014,2.7562729106999466,58.72410900656064,751.9579244912408,55.96783609586069,0.06927348876113336,0.0
1800000.0,650000.0,0.8,553.15,836.1650788208925,2.7562729106999466,60.02834112347895,778.8930106081135,57.272068212779004,0.06849373366984003,0.0
1800000.0,650000.0,0.8,563.15,864.7190664459275,2.7562729106999466,61.32382752334559,806.1515118332818,58.567554612645644,0.06773015293089757,1.1368683772161603e-13
1800000.0,650000.0,0.8,573.15,893.5860976873594,2.7562729106999466,62.61134002567106,833.7310305723882,59.85506711497111,0.06698298828717086,0.0
1800000.0,650000.0,0.8,583.15,922.7641050060288,2.7562729106999466,63.89155761329201,861.6288203034367,61.13528470259206,0.0662523437690423,1.1368683772161603e-13
1800000.0,650000.0,0.8,593.15,952.250672959457,2.7562729106999466,65.16508059955086,889.8418652706061,62.408807688850914,0.06553821326782935,0.0
1800000.0,650000.0,0.8,603.15,982.0431132356989,2.7562729106999466,66.43244217924425,918.3669439671546,63.6761692685443,0.0648405028357054,0.0
1800000.0,650000.0,0.8,613.15,1012.1385249054405,2.7562729106999466,67.69411792661016,947.2006798895303,64.93784501591021,0.06415904880409237,0.0
1800000.0,650000.0,0.8,623.15,1042.533842972753,2.7562729106999466,68.95053366625751,976.3395822171955,66.19426075555756,0.06349363255854282,0.0
1800000.0,650000.0,0.85,373.15,367.26335973838644,2.7562729106999466,34.91115640122653,335.10847624785987,32.15488349052658,0.08755265843407722,-5.684341886080802e-14
1800000.0,650000.0,0.85,383.15,393.20705958814824,2.7562729106999466,37.10459654099692,358.8587359578513,34.348323630296974,0.08735429029751905,-5.684341886080802e-14
1800000.0,650000.0,0.85,393.15,418.3714968547644,2.7562729106999466,39.1041656065454,382.02360415891894,36.34789269584545,0.08687946709826516,0.0
1800000.0,650000.0,0.85,403.15,443.18538659382085,2.7562729106999466,40.97434127866733,404.9673182258535,38.21806836796738,0.0862349470989986,-5.684341886080802e-14
1800000.0,650000.0,0.85,413.15,467.8863912444066,2.7562729106999466,42.751548595327534,427.891115559779,39.995275684627586,0.08548074154979116,-5.684341886080802e-14
1800000.0,650000.0,0.85,423.15,492.61708909977807,2.7562729106999466,44.458315985150755,450.9150460253273,41.702043074450806,0.08465407310708253,-5.684341886080802e-14
1800000.0,650000.0,0.85,433.15,517.4678722607803,2.7562729106999466,46.10957318536134,474.1145719861189,43.35330027466139,0.08377969454461764,0.0
1800000.0,650000.0,0.85,443.15,542.4988899343994,2.7562729106999466,47.71581300437113,497.5393498407282,44.95954009367118,0.08287489786220176,0.0
1800000.0,650000.0,0.85,453.15,567.7516936557059,2.7562729106999466,49.28475648072339,521.2232100856825,46.52848357002344,0.08195217044696142,0.0
1800000.0,650000.0,0.85,463.15,593.2556861561078,2.7562729106999466,50.82228149494959,545.1896775718582,48.066008584249644,0.08102072968855065,0.0
1800000.0,650000.0,0.85,473.15,619.0319277292912,2.7562729106999466,52.332979225099784,569.4552214148913,49.576706314399836,0.08008747868022766,1.1368683772161603e-13
1800000.0,650000.0,0.85,483.15,645.0955346753068,2.7562729106999466,53.820509913309245,594.0312976726974,51.064237002609296,0.07915763519943018,1.1368683772161603e-13
1800000.0,650000.0,0.85,493.15,671.457272784797,2.7562729106999466,55.28784155862359,618.9257041368734,52.53156864792364,0.07823516220183988,1.1368683772161603e-13
1800000.0,650000.0,0.85,503.15,698.1246586343375,2.7562729106999466,56.73741579141992,644.1435157536175,53.98114288071997,0.07732307147883473,0.0
1800000.0,650000.0,0.85,513.15,725.1027437998736,2.7562729106999466,58.171266355250616,669.6877503553228,55.41499344455067,0.07642364329522529,1.1368683772161603e-13
1800000.0,650000.0,0.85,523.15,752.3946866817922,2.7562729106999466,59.591105700587036,695.5598538919052,56.83483278988709,0.07553858871670109,0.0
1800000.0,650000.0,0.85,533.15,780.0021776853669,2.7562729106999466,60.99838954009197,721.7600610559748,58.24211662939202,0.0746691718249092,1.1368683772161603e-13
1800000.0,650000.0,0.85,543.15,807.9257605871014,2.7562729106999466,62.39436581947072,748.2876676783306,59.63809290877077,0.07381630320270159,0.0
1800000.0,650000.0,0.85,553.15,836.1650788208925,2.7562729106999466,63.78011244369624,775.1412392878962,61.02383953299629,0.07298061241573049,1.1368683772161603e-13
1800000.0,650000.0,0.85,563.15,864.7190664459275,2.7562729106999466,65.15656674355478,802.3187726130726,62.40029383285483,0.07216250485758988,1.1368683772161603e-13
1800000.0,650000.0,0.85,573.15,893.5860976873594,2.7562729106999466,66.52454877727548,829.8178218207838,63.768275866575536,0.0713622067662094,0.0
1800000.0,650000.0,0.85,583.15,922.7641050060288,2.7562729106999466,67.88477996412269,857.6355979526061,65.12850705342274,0.07057980116488952,0.0
1800000.0,650000.0,0.85,593.15,952.250672959457,2.7562729106999466,69.23789813702274,885.7690477331342,66.48162522632279,0.0698152567534634,0.0
1800000.0,650000.0,0.85,603.15,982.0431132356989,2.7562729106999466,70.584469815447,914.2149163309518,67.82819690474705,0.06906845126306353,1.1368683772161603e-13
1800000.0,650000.0,0.85,613.15,1012.1385249054405,2.7562729106999466,71.92500029702322,942.9697975191173,69.16872738632327,0.06833919042137576,0.0
1800000.0,650000.0,0.85,623.15,1042.533842972753,2.7562729106999466,73.25994202039857,972.0301738630544,70.50366910969862,0.06762722340855581,0.0
1800000.0,650000.0,0.9,373.15,367.26335973838644,2.7562729106999466,36.96475383659278,333.05487881249366,34.20848092589283,0.09314427921767267,-5.684341886080802e-14
1800000.0,650000.0,0.9,383.15,393.20705958814824,2.7562729106999466,39.28721986693796,356.67611263191026,36.53094695623801,0.09290511466020256,-5.684341886080802e-14
1800000.0,650000.0,0.9,393.15,418.3714968547644,2.7562729106999466,41.4044106422246,379.72335912323973,38.64813773152465,0.09237755923162509,0.0
1800000.0,650000.0,0.9,403.15,443.18538659382085,2.7562729106999466,43.384596648000645,402.5570628565202,40.6283237373007,0.09167342824535984,-5.684341886080802e-14
1800000.0,650000.0,0.9,413.15,467.8863912444066,2.7562729106999466,45.26634557152318,425.3763185835833,42.51007266082323,0.0908555441156602,0.0
1800000.0,650000.0,0.9,423.15,492.61708909977807,2.7562729106999466,47.07351104310074,448.2998509673773,44.31723813240079,0.08996285170168847,-5.684341886080802e-14
1800000.0,650000.0,0.9,433.15,517.4678722607803,2.7562729106999466,48.8219010197944,471.40224415168586,46.065628109094455,0.08902123315953318,0.0
1800000.0,650000.0,0.9,443.15,542.4988899343994,2.7562729106999466,50.52262553404004,494.73253731105933,47.76635262334009,0.08804875642992771,0.0
1800000.0,650000.0,0.9,453.15,567.7516936557059,2.7562729106999466,52.18385980311898,518.3241067632869,49.42758689241903,0.08705845785181002,1.1368683772161603e-13
1800000.0,650000.0,0.9,463.15,593.2556861561078,2.7562729106999466,53.811827465240725,542.200131601567,51.05555455454078,0.086059949775359,0.0
1800000.0,650000.0,0.9,473.15,619.0319277292912,2.7562729106999466,55.41138976775273,566.3768108722384,52.65511685705278,0.08506042176241253,0.0
1800000.0,650000.0,0.9,483.15,645.0955346753068,2.7562729106999466,56.98642226115102,590.8653853248557,54.23014935045107,0.08406529953388454,1.1368683772161603e-13
1800000.0,650000.0,0.9,493.15,671.457272784797,2.7562729106999466,58.54006753266032,615.6734781628367,55.783794621960375,0.08307869596914644,0.0
1800000.0,650000.0,0.9,503.15,698.1246586343375,2.7562729106999466,60.07491083797405,640.8060207070633,57.318637927274104,0.08210372920990942,1.1368683772161603e-13
1800000.0,650000.0,0.9,513.15,725.1027437998736,2.7562729106999466,61.59310555261839,666.2659111579551,58.83683264191844,0.08114275272713249,1.1368683772161603e-13
1800000.0,650000.0,0.9,523.15,752.3946866817922,2.7562729106999466,63.09646485944511,692.0544947330471,60.340191948745165,0.08019752533720993,0.0
1800000.0,650000.0,0.9,533.15,780.0021776853669,2.7562729106999466,64.58653010127391,718.1719204947929,61.83025719057396,0.0792693391883256,1.1368683772161603e-13
1800000.0,650000.0,0.9,543.15,807.9257605871014,2.7562729106999466,66.06462263238058,744.6174108654209,63.30834972168063,0.07835911764426955,-1.1368683772161603e-13
1800000.0,650000.0,0.9,553.15,836.1650788208925,2.7562729106999466,67.53188376391377,771.3894679676787,64.77561085321382,0.07746749116162124,0.0
1800000.0,650000.0,0.9,563.15,864.7190664459275,2.7562729106999466,68.98930596376397,798.4860333928634,66.23303305306402,0.0765948567842822,1.1368683772161603e-13
1800000.0,650000.0,0.9,573.15,893.5860976873594,2.7562729106999466,70.43775752887991,825.9046130691794,67.68148461817997,0.07574142524524795,0.0
1800000.0,650000.0,0.9,583.15,922.7641050060288,2.7562729106999466,71.87800231495336,853.6423756017754,69.12172940425341,0.07490725856073673,0.0
1800000.0,650000.0,0.9,593.15,952.250672959457,2.7562729106999466,73.31071567449486,881.6962301956621,70.55444276379491,0.07409230023909769,0.0
1800000.0,650000.0,0.9,603.15,982.0431132356989,2.7562729106999466,74.73649745164974,910.0628886947491,71.98022454094979,0.07329639969042165,1.1368683772161603e-13
1800000.0,650000.0,0.9,613.15,1012.1385249054405,2.7562729106999466,76.15588266743626,938.7389151487042,73.39960975673631,0.07251933203865914,0.0
1800000.0,650000.0,0.9,623.15,1042.533842972753,2.7562729106999466,77.56935037453985,967.7207655089131,74.8130774638399,0.07176081425856903,0.0
1800000.0,700000.0,0.7,373.15,359.51880369806196,2.6580671288321027,26.58927564339002,335.58759518350405,23.93120851455792,0.0665645531426954,0.0
1800000.0,700000.0,0.7,383.15,385.46250354782376,2.6580671288321027,28.280259161456254,359.84031151519963,25.622192032624152,0.06647129564301511,0.0
1800000.0,700000.0,0.7,393.15,410.62694081443993,2.6580671288321027,29.81998681049177,383.46502113278024,27.16191968165967,0.06614743696014332,0.0
1800000.0,700000.0,0.7,403.15,435.44083055349637,2.6580671288321027,31.258825897792704,406.8400717845358,28.600758768960603,0.0656823080476989,0.0
1800000.0,700000.0,0.7,413.15,460.1418352040821,2.6580671288321027,32.625207048862244,430.17469528405195,29.967139920030142,0.06512587560472331,0.0
1800000.0,700000.0,0.7,423.15,484.8725330594536,2.6580671288321027,33.93669697223755,453.59390321604815,31.278629843405447,0.06450897444333098,0.0
1800000.0,700000.0,0.7,433.15,509.7233162204558,2.6580671288321027,35.20493316682649,477.1764501824614,32.54686603799439,0.06385202521110069,0.0
1800000.0,700000.0,0.7,443.15,534.7543338940749,2.6580671288321027,36.43809504294372,500.9743059799633,33.78002791411162,0.06316924571349586,0.0
1800000.0,700000.0,0.7,453.15,560.0071376153813,2.6580671288321027,37.642201548460754,525.0230031957527,34.98413441962865,0.06247087236887348,0.0
1800000.0,700000.0,0.7,463.15,585.5111301157833,2.6580671288321027,38.82183440825715,549.3473628363582,36.16376727942505,0.06176444036558922,1.1368683772161603e-13
1800000.0,700000.0,0.7,473.15,611.2873716889667,2.6580671288321027,39.980571872117345,573.9648669456814,37.32250474328524,0.061055579538907216,1.1368683772161603e-13
1800000.0,700000.0,0.7,483.15,637.3509786349822,2.6580671288321027,41.12126621189993,598.8877795519144,38.46319908306783,0.06034853694811084,0.0
1800000.0,700000.0,0.7,493.15,663.7127167444725,2.6580671288321027,42.246229931646376,624.1245539416582,39.588162802814274,0.05964653351376964,1.1368683772161603e-13
1800000.0,700000.0,0.7,503.15,690.380102594013,2.6580671288321027,43.35736516042706,649.6808045624181,40.69929803159496,0.05895201480846951,0.0
1800000.0,700000.0,0.7,513.15,717.358187759549,2.6580671288321027,44.45625606496469,675.5599988234164,41.79818893613259,0.05826683189701448,0.0
1800000.0,700000.0,0.7,523.15,744.6501306414677,2.6580671288321027,45.54423638340877,701.7639613868911,42.88616925457667,0.05759237457949953,0.0
1800000.0,700000.0,0.7,533.15,772.2576216450424,2.6580671288321027,46.62243976698234,728.2932490068921,43.96437263815024,0.056929671402269254,1.1368683772161603e-13
1800000.0,700000.0,0.7,543.15,800.1812045467769,2.6580671288321027,47.69183796537388,755.1474337102352,45.03377083654178,0.05627946592678208,0.0
1800000.0,700000.0,0.7,553.15,828.420522780568,2.6580671288321027,48.753270241598365,782.3253196678018,46.095203112766264,0.0556422756863255,1.1368683772161603e-13
1800000.0,700000.0,0.7,563.15,856.9745104056029,2.6580671288321027,49.8074663448676,809.8251111895675,47.1493992160355,0.055018438289045325,0.0
1800000.0,700000.0,0.7,573.15,885.8415416470348,2.6580671288321027,50.85506467550947,837.6445441003575,48.196997546677366,0.054408147824119034,0.0
1800000.0,700000.0,0.7,583.15,915.0195489657043,2.6580671288321027,51.89662680949946,865.7809892850369,49.23855968066736,0.05381148384897825,1.1368683772161603e-13
1800000.0,700000.0,0.7,593.15,944.5061169191325,2.6580671288321027,52.932649230523964,894.2315348174407,50.27458210169186,0.05322843462960475,0.0
1800000.0,700000.0,0.7,603.15,974.2985571953744,2.6580671288321027,53.963572894490554,922.9930514297159,51.30550576565845,0.052658915880309826,1.1368683772161603e-13
1800000.0,700000.0,0.7,613.15,1004.393968865116,2.6580671288321027,54.98979109324026,952.0622449007078,52.331723964408155,0.05210278594517923,1.1368683772161603e-13
1800000.0,700000.0,0.7,623.15,1034.7892869324285,2.6580671288321027,56.01165597040509,981.4356980908555,53.353588841572986,0.05155985814245965,0.0
1800000.0,700000.0,0.75,373.15,359.51880369806196,2.6580671288321027,28.48850961791782,333.68836120897623,25.83044248908572,0.07184726424150861,0.0
1800000.0,700000.0,0.75,383.15,385.46250354782376,2.6580671288321027,30.300277672988827,357.820293003667,27.642210544156725,0.07171180151048648,0.0
1800000.0,700000.0,0.75,393.15,410.62694081443993,2.6580671288321027,31.94998586838413,381.3350220748879,29.291918739552028,0.07133462476050466,0.0
1800000.0,700000.0,0.75,403.15,435.44083055349637,2.6580671288321027,33.491599176206506,404.607298506122,30.833532047374405,0.07080992383782975,0.0
1800000.0,700000.0,0.75,413.15,460.1418352040821,2.6580671288321027,34.95557898092375,427.84432335199045,32.297511852091645,0.07019033998020861,0.0
1800000.0,700000.0,0.75,423.15,484.8725330594536,2.6580671288321027,36.3607467559689,451.1698534323168,33.702679627136796,0.0695083291571071,0.0
1800000.0,700000.0,0.75,433.15,509.7233162204558,2.6580671288321027,37.719571250171285,474.6618120991166,35.06150412133918,0.06878536454113285,0.0
1800000.0,700000.0,0.75,443.15,534.7543338940749,2.6580671288321027,39.040816117439654,498.37158490546733,36.38274898860755,0.06803637985253676,0.0
1800000.0,700000.0,0.75,453.15,560.0071376153813,2.6580671288321027,40.33093023049366,522.3342745137198,37.672863101661555,0.06727211239142396,0.0
1800000.0,700000.0,0.75,463.15,585.5111301157833,2.6580671288321027,41.594822580275476,546.57437466434,38.936755451443375,0.06650045310623512,0.0
1800000.0,700000.0,0.75,473.15,611.2873716889667,2.6580671288321027,42.836327005840026,571.1091118119588,40.178259877007925,0.065727285950627,0.0
1800000.0,700000.0,0.75,483.15,637.3509786349822,2.6580671288321027,44.058499512749954,595.9505462510645,41.40043238391785,0.06495703901261024,0.0
1800000.0,700000.0,0.75,493.15,663.7127167444725,2.6580671288321027,45.26381778390682,621.1069660893978,42.60575065507472,0.06419306061221337,0.0
1800000.0,700000.0,0.75,503.15,690.380102594013,2.6580671288321027,46.45431981474324,646.5838499081018,43.79625268591114,0.06343788374165542,1.1368683772161603e-13
1800000.0,700000.0,0.75,513.15,717.358187759549,2.6580671288321027,47.63170292674797,672.3845519616332,44.97363579791587,0.06269341671331222,0.0
1800000.0,700000.0,0.75,523.15,744.6501306414677,2.6580671288321027,48.79739612508088,698.510801645219,46.13932899624878,0.06196108359841788,0.0
1800000.0,700000.0,0.75,533.15,772.2576216450424,2.6580671288321027,49.95261403605249,724.9630747378219,47.294546907220386,0.06124192961213489,1.1368683772161603e-13
1800000.0,700000.0,0.75,543.15,800.1812045467769,2.6580671288321027,51.09839782004338,751.7408738555657,48.44033069121128,0.06053670145707547,0.0
1800000.0,700000.0,0.75,553.15,828.420522780568,2.6580671288321027,52.235646687426836,778.8429432219732,49.577579558594735,0.05984590940865288,1.1368683772161603e-13
1800000.0,700000.0,0.75,563.15,856.9745104056029,2.6580671288321027,53.36514251235803,806.267435022077,50.707075383525925,0.059169875845579645,0.0
1800000.0,700000.0,0.75,573.15,885.8415416470348,2.6580671288321027,54.48756929518864,834.0120394806783,51.82950216635654,0.05850877355558485,0.0
1800000.0,700000.0,0.75,583.15,915.0195489657043,2.6580671288321027,55.60352872446389,862.0740873700724,52.94546159563179,0.05786265621918011,1.1368683772161603e-13
1800000.0,700000.0,0.75,593.15,944.5061169191325,2.6580671288321027,56.71355274699,890.4506313009747,54.055485618157896,0.057231482835156756,0.0
1800000.0,700000.0,0.75,603.15,974.2985571953744,2.6580671288321027,57.81811381552555,919.138510508681,55.16004668669345,0.05661513740252034,1.1368683772161603e-13
1800000.0,700000.0,0.75,613.15,1004.393968865116,2.6580671288321027,58.917633314186006,948.1344026797622,56.259566185353904,0.0560134448526435,0.0
1800000.0,700000.0,0.75,623.15,1034.7892869324285,2.6580671288321027,60.01248853971972,977.4348655215408,57.35442141088762,0.055426183992406224,0.0
1800000.0,700000.0,0.8,373.15,359.51880369806196,2.6580671288321027,30.387743592445737,331.7891272344483,27.729676463613636,0.07712997534032215,0.0
1800000.0,700000.0,0.8,383.15,385.46250354782376,2.6580671288321027,32.3202961845214,355.80027449213446,29.662229055689302,0.07695230737795784,0.0
1800000.0,700000.0,0.8,393.15,410.62694081443993,2.6580671288321027,34.079984926276374,379.20502301699565,31.421917797444273,0.07652181256086572,0.0
1800000.0,700000.0,0.8,403.15,435.44083055349637,2.6580671288321027,35.7243724546202,402.37452522770826,33.0663053257881,0.07593753962796035,0.0
1800000.0,700000.0,0.8,413.15,460.1418352040821,2.6580671288321027,37.28595091298537,425.5139514199288,34.62788378415327,0.07525480435569418,5.684341886080802e-14
1800000.0,700000.0,0.8,423.15,484.8725330594536,2.6580671288321027,38.784796539700125,448.7458036485856,36.12672941086802,0.07450768387088298,0.0
1800000.0,700000.0,0.8,433.15,509.7233162204558,2.6580671288321027,40.234209333515956,472.14717401577195,37.576142204683855,0.07371870387116476,0.0
1800000.0,700000.0,0.8,443.15,534.7543338940749,2.6580671288321027,41.64353719193558,495.76886383097144,38.98547006310348,0.07290351399157766,0.0
1800000.0,700000.0,0.8,453.15,560.0071376153813,2.6580671288321027,43.01965891252656,519.645545831687,40.36159178369446,0.07207335241397443,0.0
1800000.0,700000.0,0.8,463.15,585.5111301157833,2.6580671288321027,44.36781075229379,543.8013864923216,41.70974362346169,0.071236465846881,1.1368683772161603e-13
1800000.0,700000.0,0.8,473.15,611.2873716889667,2.6580671288321027,45.6920821395627,568.2533566782361,43.0340150107306,0.07039899236234677,1.1368683772161603e-13
1800000.0,700000.0,0.8,483.15,637.3509786349822,2.6580671288321027,46.99573281359987,593.0133129502145,44.33766568476777,0.06956554107710947,0.0
1800000.0,700000.0,0.8,493.15,663.7127167444725,2.6580671288321027,48.28140563616727,618.0893782371373,45.62333850733517,0.0687395877106571,0.0
1800000.0,700000.0,0.8,503.15,690.380102594013,2.6580671288321027,49.55127446905954,643.4868952537855,46.89320734022744,0.0679237526748415,1.1368683772161603e-13
1800000.0,700000.0,0.8,513.15,717.358187759549,2.6580671288321027,50.80714978853113,669.20910509985,48.149082659699026,0.06712000152960979,0.0
1800000.0,700000.0,0.8,523.15,744.6501306414677,2.6580671288321027,52.05055586675299,695.2576419035469,49.392488737920885,0.06632979261733622,0.0
1800000.0,700000.0,0.8,533.15,772.2576216450424,2.6580671288321027,53.28278830512264,721.6329004687518,50.624721176290535,0.06555418782200054,1.1368683772161603e-13
1800000.0,700000.0,0.8,543.15,800.1812045467769,2.6580671288321027,54.504957674713104,748.3343140008959,51.846890545881,0.06479393698736914,1.1368683772161603e-13
1800000.0,700000.0,0.8,553.15,828.420522780568,2.6580671288321027,55.71802313325507,775.360566776145,53.05995600442297,0.06404954313097998,1.1368683772161603e-13
1800000.0,700000.0,0.8,563.15,856.9745104056029,2.6580671288321027,56.92281867984869,802.7097588545864,54.26475155101659,0.06332131340211423,0.0
1800000.0,700000.0,0.8,573.15,885.8415416470348,2.6580671288321027,58.12007391486806,830.3795348609989,55.46200678603596,0.06260939928705093,0.0
1800000.0,700000.0,0.8,583.15,915.0195489657043,2.6580671288321027,59.310430639428084,858.3671854551083,56.65236351059598,0.061913828589381714,1.1368683772161603e-13
1800000.0,700000.0,0.8,593.15,944.5061169191325,2.6580671288321027,60.49445626345603,886.6697277845086,57.83638913462393,0.06123453104070877,0.0
1800000.0,700000.0,0.8,603.15,974.2985571953744,2.6580671288321027,61.67265473656054,915.283969587646,59.01458760772844,0.06057135892473085,1.1368683772161603e-13
1800000.0,700000.0,0.8,613.15,1004.393968865116,2.6580671288321027,62.84547553513176,944.2065604588164,60.18740840629966,0.05992410376010777,0.0
1800000.0,700000.0,0.8,623.15,1034.7892869324285,2.6580671288321027,64.01332110903435,973.4340329522263,61.35525398020225,0.0592925098423528,-2.2737367544323206e-13
1800000.0,700000.0,0.85,373.15,359.51880369806196,2.6580671288321027,32.286977566973654,329.8898932599204,29.628910438141553,0.08241268643913569,0.0
1800000.0,700000.0,0.85,383.15,385.46250354782376,2.6580671288321027,34.340314696054094,353.7802559806018,31.682247567221992,0.08219281324542953,-5.684341886080802e-14
1800000.0,700000.0,0.85,393.15,410.62694081443993,2.6580671288321027,36.209983984168616,377.07502395910336,33.551916855336515,0.08170900036122676,5.684341886080802e-14
1800000.0,700000.0,0.85,403.15,435.44083055349637,2.6580671288321027,37.957145733034004,400.1417519492945,35.2990786042019,0.08106515541809121,0.0
1800000.0,700000.0,0.85,413.15,460.1418352040821,2.6580671288321027,39.61632284504699,423.1835794878672,36.958255716214886,0.08031926873117973,5.684341886080802e-14
1800000.0,700000.0,0.85,423.15,484.8725330594536,2.6580671288321027,41.20884632343135,446.3217538648543,38.55077919459925,0.07950703858465885,0.0
1800000.0,700000.0,0.85,433.15,509.7233162204558,2.6580671288321027,42.74884741686075,469.6325359324272,40.09078028802865,0.07865204320119693,0.0
1800000.0,700000.0,0.85,443.15,534.7543338940749,2.6580671288321027,44.24625826643163,493.1661427564754,41.58819113759953,0.07777064813061879,0.0
1800000.0,700000.0,0.85,453.15,560.0071376153813,2.6580671288321027,45.70838759455946,516.9568171496541,43.05032046572736,0.07687459243652492,0.0
1800000.0,700000.0,0.85,463.15,585.5111301157833,2.6580671288321027,47.14079892431223,541.0283983203032,44.48273179548013,0.07597247858752708,1.1368683772161603e-13
1800000.0,700000.0,0.85,473.15,611.2873716889667,2.6580671288321027,48.547837273285374,565.3976015445133,45.88977014445327,0.07507069877406655,1.1368683772161603e-13
1800000.0,700000.0,0.85,483.15,637.3509786349822,2.6580671288321027,49.9329661144499,590.0760796493645,47.274898985617796,0.07417404314160886,0.0
1800000.0,700000.0,0.85,493.15,663.7127167444725,2.6580671288321027,51.29899348842772,615.0717903848769,48.64092635959562,0.07328611480910081,0.0
1800000.0,700000.0,0.85,503.15,690.380102594013,2.6580671288321027,52.64822912337573,640.3899405994694,49.99016199454363,0.07240962160802741,1.1368683772161603e-13
1800000.0,700000.0,0.85,513.15,717.358187759549,2.6580671288321027,53.982596650314285,666.0336582380668,51.324529521482184,0.07154658634590734,1.1368683772161603e-13
1800000.0,700000.0,0.85,523.15,744.6501306414677,2.6580671288321027,55.30371560842497,692.0044821618749,52.64564847959287,0.07069850163625442,0.0
1800000.0,700000.0,0.85,533.15,772.2576216450424,2.6580671288321027,56.612962574192906,718.3027261996815,53.954895445360805,0.06986644603186634,1.1368683772161603e-13
1800000.0,700000.0,0.85,543.15,800.1812045467769,2.6580671288321027,57.9115175293826,744.9277541462264,55.2534504005505,0.06905117251766252,0.0
1800000.0,700000.0,0.85,553.15,828.420522780568,2.6580671288321027,59.200399579083545,771.8781903303166,56.54233245025144,0.06825317685330735,1.1368683772161603e-13
1800000.0,700000.0,0.85,563.15,856.9745104056029,2.6580671288321027,60.480494847339344,799.1520826870957,57.82242771850724,0.06747275095864881,0.0
1800000.0,700000.0,0.85,573.15,885.8415416470348,2.6580671288321027,61.75257853454724,826.7470302413196,59.09451140571514,0.06671002501851675,1.1368683772161603e-13
1800000.0,700000.0,0.85,583.15,915.0195489657043,2.6580671288321027,63.01733255439228,854.6602835401441,60.35926542556018,0.06596500095958333,1.1368683772161603e-13
1800000.0,700000.0,0.85,593.15,944.5061169191325,2.6580671288321027,64.27535977992183,882.8888242680428,61.61729265108973,0.06523757924626053,1.1368683772161603e-13
1800000.0,700000.0,0.85,603.15,974.2985571953744,2.6580671288321027,65.52719565759553,911.429428666611,62.869128528763426,0.06452758044694136,1.1368683772161603e-13
1800000.0,700000.0,0.85,613.15,1004.393968865116,2.6580671288321027,66.7733177560775,940.2787182378706,64.1152506272454,0.06383476266757201,0.0
1800000.0,700000.0,0.85,623.15,1034.7892869324285,2.6580671288321027,68.01415367834899,969.4332003829117,65.35608654951689,0.06315883569229938,-2.2737367544323206e-13
1800000.0,700000.0,0.9,373.15,359.51880369806196,2.6580671288321027,34.18621154150146,327.9906592853926,31.528144412669356,0.0876953975379489,0.0
1800000.0,700000.0,0.9,383.15,385.46250354782376,2.6580671288321027,36.36033320758666,351.7602374690692,33.70226607875456,0.08743331911290088,0.0
1800000.0,700000.0,0.9,393.15,410.62694081443993,2.6580671288321027,38.33998304206098,374.945024901211,35.68191591322888,0.08689618816158812,5.684341886080802e-14
1800000.0,700000.0,0.9,403.15,435.44083055349637,2.6580671288321027,40.18991901144781,397.9089786708807,37.53185188261571,0.08619277120822208,0.0
1800000.0,700000.0,0.9,413.15,460.1418352040821,2.6580671288321027,41.94669477710861,420.85320755580557,39.28862764827651,0.08538373310666529,0.0
1800000.0,700000.0,0.9,423.15,484.8725330594536,2.6580671288321027,43.6328961071627,443.897704081123,40.9748289783306,0.08450639329843497,0.0
1800000.0,700000.0,0.9,433.15,509.7233162204558,2.6580671288321027,45.26348550020554,467.11789784908234,42.60541837137344,0.08358538253122907,1.1368683772161603e-13
1800000.0,700000.0,0.9,443.15,534.7543338940749,2.6580671288321027,46.848979340927556,490.56342168197943,44.190912212095455,0.08263778226965968,0.0
1800000.0,700000.0,0.9,453.15,560.0071376153813,2.6580671288321027,48.397116276592364,514.2680884676212,45.73904914776026,0.08167583245907539,0.0
1800000.0,700000.0,0.9,463.15,585.5111301157833,2.6580671288321027,49.913787096330545,538.2554101482849,47.25571996749844,0.08070849132817295,0.0
1800000.0,700000.0,0.9,473.15,611.2873716889667,2.6580671288321027,51.40359240700805,562.5418464107906,48.74552527817595,0.07974240518578632,1.1368683772161603e-13
1800000.0,700000.0,0.9,483.15,637.3509786349822,2.6580671288321027,52.87019941529992,587.1388463485144,50.21213228646782,0.07878254520610825,0.0
1800000.0,700000.0,0.9,493.15,663.7127167444725,2.6580671288321027,54.31658134068817,612.0542025326165,51.658514211856065,0.07783264190754453,0.0
1800000.0,700000.0,0.9,503.15,690.380102594013,2.6580671288321027,55.74518377769191,637.2929859451532,53.08711664885981,0.07689549054121332,1.1368683772161603e-13
1800000.0,700000.0,0.9,513.15,717.358187759549,2.6580671288321027,57.15804351209744,662.8582113762836,54.49997638326534,0.07597317116220491,0.0
1800000.0,700000.0,0.9,523.15,744.6501306414677,2.6580671288321027,58.55687535009708,688.7513224202028,55.89880822126498,0.07506721065517276,0.0
1800000.0,700000.0,0.9,533.15,772.2576216450424,2.6580671288321027,59.943136843263055,714.9725519306114,57.28506971443095,0.07417870424173198,1.1368683772161603e-13
1800000.0,700000.0,0.9,543.15,800.1812045467769,2.6580671288321027,61.3180773840521,741.521194291557,58.66001025522,0.07330840804795592,0.0
1800000.0,700000.0,0.9,553.15,828.420522780568,2.6580671288321027,62.682776024912016,768.3958138844881,60.024708896079915,0.07245681057563473,1.1368683772161603e-13
1800000.0,700000.0,0.9,563.15,856.9745104056029,2.6580671288321027,64.03817101482977,795.5944065196053,61.38010388599767,0.07162418851518312,0.0
1800000.0,700000.0,0.9,573.15,885.8415416470348,2.6580671288321027,65.38508315422642,823.1145256216405,62.72701602539432,0.07081065074998256,0.0
1800000.0,700000.0,0.9,583.15,915.0195489657043,2.6580671288321027,66.72423446935672,850.9533816251796,64.06616734052461,0.07001617332978519,1.1368683772161603e-13
1800000.0,700000.0,0.9,593.15,944.5061169191325,2.6580671288321027,68.05626329638785,879.1079207515768,65.39819616755575,0.06924062745181254,0.0
1800000.0,700000.0,0.9,603.15,974.2985571953744,2.6580671288321027,69.38173657863075,907.5748877455758,66.72366944979865,0.06848380196915212,0.0
1800000.0,700000.0,0.9,613.15,1004.393968865116,2.6580671288321027,70.70115997702325,936.3508760169249,68.04309284819115,0.06774542157503628,0.0
1800000.0,700000.0,0.9,623.15,1034.7892869324285,2.6580671288321027,72.01498624766361,965.432367813597,69.35691911883151,0.06702516154224594,-2.2737367544323206e-13
2000000.0,500000.0,0.7,383.15,410.43388974831885,3.501015841443965,40.472620687841086,373.4622849019217,36.97160484639712,0.09007931793611972,5.684341886080802e-14
2000000.0,500000.0,0.7,393.15,436.94875555090255,3.501015841443965,42.84535373521561,397.6044176571309,39.344337893771645,0.09004336868786025,0.0
2000000.0,500000.0,0.7,403.15,462.66887063293893,3.501015841443965,45.02101446906279,421.1488720053201,41.519998627618826,0.08974020355166484,5.684341886080802e-14
2000000.0,500000.0,0.7,413.15,488.032996204348,3.501015841443965,47.06515351698792,444.4688585288041,43.564137675543954,0.08926473827458765,0.0
2000000.0,500000.0,0.7,423.15,513.2770407443451,3.501015841443965,49.01419622119621,467.7638603645928,45.51318037975224,0.08867176352511277,0.0
2000000.0,500000.0,0.7,433.15,538.5408135986945,3.501015841443965,50.89066604473186,491.1511633954066,47.38965020328789,0.08799639508585384,0.0
2000000.0,500000.0,0.7,443.15,563.9134123815592,3.501015841443965,52.709627299973505,514.7048009230296,49.20861145852954,0.08726270802942643,1.1368683772161603e-13
2000000.0,500000.0,0.7,453.15,589.4547343294852,3.501015841443965,54.48176494532125,538.4739852256079,50.98074910387729,0.08648797971207875,0.0
2000000.0,500000.0,0.7,463.15,615.2065113286304,3.501015841443965,56.21499069508142,562.492536474993,52.71397485363745,0.08568500801429059,0.0
2000000.0,500000.0,0.7,473.15,641.1984594657984,3.501015841443965,57.91535242032667,586.7841228869157,54.414336578882704,0.084863486141587,-1.1368683772161603e-13
2000000.0,500000.0,0.7,483.15,667.4519803336077,3.501015841443965,59.58758870231745,611.3654074727343,56.08657286087348,0.08403087340131965,-1.1368683772161603e-13
2000000.0,500000.0,0.7,493.15,693.9825294692043,3.501015841443965,61.23548727304942,636.2480580375989,57.734471431605456,0.08319297529833197,0.0
2000000.0,500000.0,0.7,503.15,720.8012028606031,3.501015841443965,62.86212686277437,661.4400918392728,59.3611110213304,0.08235434511727686,-1.1368683772161603e-13
2000000.0,500000.0,0.7,513.15,747.9158372884987,3.501015841443965,64.4700458096104,686.9468073203321,60.96902996816643,0.0815185705776791,1.1368683772161603e-13
2000000.0,500000.0,0.7,523.15,775.3317948664077,3.501015841443965,66.06136277952906,712.7714479283225,62.5603469380851,0.0806884837592201,1.1368683772161603e-13
2000000.0,500000.0,0.7,533.15,803.0525352876554,3.501015841443965,67.6378651767734,738.9156859523258,64.13684933532944,0.07986631822581255,1.1368683772161603e-13
2000000.0,500000.0,0.7,543.15,831.0800412766313,3.501015841443965,69.20107517875684,765.3799819393183,65.70005933731288,0.07905382884227408,1.1368683772161603e-13
2000000.0,500000.0,0.7,553.15,859.4151400643987,3.501015841443965,70.75229991951143,792.1638559863311,67.25128407806747,0.07825238460777886,1.1368683772161603e-13
2000000.0,500000.0,0.7,563.15,888.0577496659452,3.501015841443965,72.29267021665815,819.266095290731,68.7916543752142,0.07746304156581157,0.0
2000000.0,500000.0,0.7,573.15,917.0070697699078,3.501015841443965,73.82317086974206,846.6849147416098,70.3221550282981,0.076686600732471,0.0
2000000.0,500000.0,0.7,583.15,946.2617311732982,3.501015841443965,75.34466465816018,874.418082356582,71.84364881671623,0.07592365457666256,0.0
2000000.0,500000.0,0.7,593.15,975.8199137488929,3.501015841443965,76.85791156159411,902.4630180287427,73.35689572015015,0.07517462462753864,0.0
2000000.0,500000.0,0.7,603.15,1005.6794402293245,3.501015841443965,78.36358431046759,930.8168717603008,74.86256846902363,0.07443979211900043,1.1368683772161603e-13
2000000.0,500000.0,0.7,613.15,1035.8378512033091,3.501015841443965,79.8622810837864,959.4765859609665,76.36126524234244,0.07371932310992044,0.0
2000000.0,500000.0,0.7,623.15,1066.2924653769405,3.501015841443965,81.3545359655898,988.4389452527945,77.85352012414585,0.0730132891791786,0.0
2000000.0,500000.0,0.75,383.15,410.43388974831885,3.501015841443965,43.36352216554398,370.5713834242188,39.86250632410002,0.09712284321488171,0.0
2000000.0,500000.0,0.75,393.15,436.94875555090255,3.501015841443965,45.90573614487378,394.5440352474728,42.40472030342981,0.09704735341325364,-5.684341886080802e-14
2000000.0,500000.0,0.75,403.15,462.66887063293893,3.501015841443965,48.23680121685297,417.9330852575299,44.735785375409,0.09669071816785443,0.0
2000000.0,500000.0,0.75,413.15,488.032996204348,3.501015841443965,50.426950196772815,441.1070618490192,46.92593435532885,0.09615320013255853,0.0
2000000.0,500000.0,0.75,423.15,513.2770407443451,3.501015841443965,52.51521023699595,464.26284634879306,49.01419439555198,0.095492668685263,0.0
2000000.0,500000.0,0.75,433.15,538.5408135986945,3.501015841443965,54.52571361935558,487.5161158207829,51.02469777791161,0.0947462039821067,0.0
2000000.0,500000.0,0.75,443.15,563.9134123815592,3.501015841443965,56.4746006785431,510.93982754446,52.97358483709913,0.09393921774865635,0.0
2000000.0,500000.0,0.75,453.15,589.4547343294852,3.501015841443965,58.3733195842728,534.5824305866563,54.872303742828834,0.09308993642276368,0.0
2000000.0,500000.0,0.75,463.15,615.2065113286304,3.501015841443965,60.2303471733015,558.4771799967729,56.72933133185754,0.09221185128444441,0.0
2000000.0,500000.0,0.75,473.15,641.1984594657984,3.501015841443965,62.052163307492854,582.6473119997494,58.55114746604889,0.09131517177198087,1.1368683772161603e-13
2000000.0,500000.0,0.75,483.15,667.4519803336077,3.501015841443965,63.84384503819735,607.1091511368544,60.342829196753385,0.0904077461371718,-1.1368683772161603e-13
2000000.0,500000.0,0.75,493.15,693.9825294692043,3.501015841443965,65.60945064969582,631.8740946609524,62.10843480825185,0.0894956748489847,1.1368683772161603e-13
2000000.0,500000.0,0.75,503.15,720.8012028606031,3.501015841443965,67.35227878154396,656.9499399205032,63.85126294009999,0.08858373527499272,-1.1368683772161603e-13
2000000.0,500000.0,0.75,513.15,747.9158372884987,3.501015841443965,69.07504908172542,682.3418040482171,65.57403324028147,0.08767568484445282,1.1368683772161603e-13
2000000.0,500000.0,0.75,523.15,775.3317948664077,3.501015841443965,70.78003154949542,708.0527791583561,67.27901570805146,0.08677448307101074,1.1368683772161603e-13
2000000.0,500000.0,0.75,533.15,803.0525352876554,3.501015841443965,72.4691412608287,734.0844098682707,68.96812541938475,0.08588245773320446,0.0
2000000.0,500000.0,0.75,543.15,831.0800412766313,3.501015841443965,74.14400912009668,760.4370479979785,70.64299327865272,0.0850014315951292,0.0
2000000.0,500000.0,0.75,553.15,859.4151400643987,3.501015841443965,75.80603562804801,787.1101202777945,72.30501978660405,0.08413282058445702,1.1368683772161603e-13
2000000.0,500000.0,0.75,563.15,888.0577496659452,3.501015841443965,77.45643237499101,814.102333132398,73.95541653354705,0.0832777108936512,1.1368683772161603e-13
2000000.0,500000.0,0.75,573.15,917.0070697699078,3.501015841443965,79.09625450329506,841.4118311080567,75.5952386618511,0.08243692023096309,0.0
2000000.0,500000.0,0.75,583.15,946.2617311732982,3.501015841443965,80.72642641945743,869.0363205952847,77.22541057801347,0.08161104695870916,1.1368683772161603e-13
2000000.0,500000.0,0.75,593.15,975.8199137488929,3.501015841443965,82.34776238742238,896.9731672029144,78.84674654597842,0.08080050984311846,1.1368683772161603e-13
2000000.0,500000.0,0.75,603.15,1005.6794402293245,3.501015841443965,83.96098318978679,925.2194728809816,80.45996734834283,0.08000558043624277,1.1368683772161603e-13
2000000.0,500000.0,0.75,613.15,1035.8378512033091,3.501015841443965,85.56672973262822,953.7721373121248,82.06571389118426,0.07922640961213225,0.0
2000000.0,500000.0,0.75,623.15,1066.2924653769405,3.501015841443965,87.16557424884616,982.6279069695382,83.6645584074022,0.07846304942033544,0.0
2000000.0,500000.0,0.8,383.15,410.43388974831885,3.501015841443965,46.254423643246994,367.6804819465158,42.75340780180303,0.10416636849364398,5.684341886080802e-14
2000000.0,500000.0,0.8,393.15,436.94875555090255,3.501015841443965,48.96611855453206,391.4836528378145,45.46510271308809,0.10405133813864728,0.0
2000000.0,500000.0,0.8,403.15,462.66887063293893,3.501015841443965,51.45258796464314,414.71729850973975,47.95157212319918,0.10364123278404404,0.0
2000000.0,500000.0,0.8,413.15,488.032996204348,3.501015841443965,53.78874687655759,437.7452651692344,50.28773103511362,0.10304166199052915,0.0
2000000.0,500000.0,0.8,423.15,513.2770407443451,3.501015841443965,56.01622425279557,460.76183233299344,52.5152084113516,0.102313573845413,0.0
2000000.0,500000.0,0.8,433.15,538.5408135986945,3.501015841443965,58.1607611939793,483.8810682461592,54.65974535253533,0.10149601287835956,0.0
2000000.0,500000.0,0.8,443.15,563.9134123815592,3.501015841443965,60.239574057112684,507.17485416589045,56.73855821566872,0.10061572746788626,0.0
2000000.0,500000.0,0.8,453.15,589.4547343294852,3.501015841443965,62.26487422322435,530.6908759477047,58.76385838178039,0.09969189313344863,0.0
2000000.0,500000.0,0.8,463.15,615.2065113286304,3.501015841443965,64.2457036515216,554.4618235185528,60.74468781007763,0.09873869455459826,0.0
2000000.0,500000.0,0.8,473.15,641.1984594657984,3.501015841443965,66.18897419465904,578.5105011125834,62.68795835321507,0.09776685740237474,-1.1368683772161603e-13
2000000.0,500000.0,0.8,483.15,667.4519803336077,3.501015841443965,68.10010137407714,602.8528948009745,64.59908553263318,0.09678461887302378,1.1368683772161603e-13
2000000.0,500000.0,0.8,493.15,693.9825294692043,3.501015841443965,69.98341402634222,627.500131284306,66.48239818489826,0.09579837439963744,1.1368683772161603e-13
2000000.0,500000.0,0.8,503.15,720.8012028606031,3.501015841443965,71.84243070031353,652.4597880017336,68.34141485886957,0.09481312543270856,-1.1368683772161603e-13
2000000.0,500000.0,0.8,513.15,747.9158372884987,3.501015841443965,73.68005235384055,677.7368007761021,70.17903651239659,0.09383279911122668,0.0
2000000.0,500000.0,0.8,523.15,775.3317948664077,3.501015841443965,75.49870031946176,703.3341103883898,71.9976844780178,0.09286048238280135,0.0
2000000.0,500000.0,0.8,533.15,803.0525352876554,3.501015841443965,77.3004173448839,729.2531337842154,73.79940150343994,0.09189859724059624,0.0
2000000.0,500000.0,0.8,543.15,831.0800412766313,3.501015841443965,79.08694306143641,755.4941140566389,75.58592721999246,0.0909490343479842,0.0
2000000.0,500000.0,0.8,553.15,859.4151400643987,3.501015841443965,80.85977133658459,782.056384569258,77.35875549514063,0.09001325656113517,1.1368683772161603e-13
2000000.0,500000.0,0.8,563.15,888.0577496659452,3.501015841443965,82.62019453332364,808.9385709740654,79.11917869187968,0.08909238022149057,0.0
2000000.0,500000.0,0.8,573.15,917.0070697699078,3.501015841443965,84.36933813684806,836.1387474745037,80.8683222954041,0.08818723972945518,0.0
2000000.0,500000.0,0.8,583.15,946.2617311732982,3.501015841443965,86.10818818075442,863.6545588339877,82.60717233931047,0.0872984393407555,1.1368683772161603e-13
2000000.0,500000.0,0.8,593.15,975.8199137488929,3.501015841443965,87.8376132132504,891.4833163770863,84.33659737180645,0.08642639505869802,1.1368683772161603e-13
2000000.0,500000.0,0.8,603.15,1005.6794402293245,3.501015841443965,89.55838206910575,919.6220740016627,86.05736622766179,0.08557136875348488,1.1368683772161603e-13
2000000.0,500000.0,0.8,613.15,1035.8378512033091,3.501015841443965,91.27117838147026,948.0676886632826,87.7701625400263,0.08473349611434426,0.0
2000000.0,500000.0,0.8,623.15,1066.2924653769405,3.501015841443965,92.97661253210273,976.8168686862816,89.47559669065878,0.08391280966149249,0.0
2000000.0,500000.0,0.85,383.15,410.43388974831885,3.501015841443965,49.145325120949884,364.7895804688129,45.64430927950592,0.11120989377240596,0.0
2000000.0,500000.0,0.85,393.15,436.94875555090255,3.501015841443965,52.02650096419035,388.4232704281562,48.52548512274638,0.11105532286404093,0.0
2000000.0,500000.0,0.85,403.15,462.66887063293893,3.501015841443965,54.66837471243332,411.5015117619496,51.167358870989354,0.11059174740023363,0.0
2000000.0,500000.0,0.85,413.15,488.032996204348,3.501015841443965,57.150543556342484,434.3834684894495,53.64952771489852,0.10993012384850002,0.0
2000000.0,500000.0,0.85,423.15,513.2770407443451,3.501015841443965,59.51723826859531,457.2608183171937,56.01622242715134,0.10913447900556321,0.0
2000000.0,500000.0,0.85,433.15,538.5408135986945,3.501015841443965,61.7958087686029,480.2460206715356,58.29479292715894,0.1082458217746122,0.0
2000000.0,500000.0,0.85,443.15,563.9134123815592,3.501015841443965,64.00454743568216,503.40988078732096,60.50353159423819,0.10729223718711597,0.0
2000000.0,500000.0,0.85,453.15,589.4547343294852,3.501015841443965,66.1564288621759,526.7993213087532,62.655413020731935,0.10629384984413355,1.1368683772161603e-13
2000000.0,500000.0,0.85,463.15,615.2065113286304,3.501015841443965,68.2610601297418,550.4464670403325,64.76004428829783,0.10526553782475227,0.0
2000000.0,500000.0,0.85,473.15,641.1984594657984,3.501015841443965,70.32578508182522,574.373690225417,66.82476924038126,0.10421854303276863,1.1368683772161603e-13
2000000.0,500000.0,0.85,483.15,667.4519803336077,3.501015841443965,72.35635770995694,598.5966384650949,68.85534186851298,0.10316149160887576,-1.1368683772161603e-13
2000000.0,500000.0,0.85,493.15,693.9825294692043,3.501015841443965,74.35737740298862,623.1261679076597,70.85636156154466,0.10210107395029017,0.0
2000000.0,500000.0,0.85,503.15,720.8012028606031,3.501015841443965,76.33258261908323,647.9696360829638,72.83156677763927,0.10104251559042457,0.0
2000000.0,500000.0,0.85,513.15,747.9158372884987,3.501015841443965,78.28505562595558,673.1317975039871,74.78403978451162,0.0999899133780004,0.0
2000000.0,500000.0,0.85,523.15,775.3317948664077,3.501015841443965,80.2173690894281,698.6154416184235,76.71635324798415,0.09894648169459197,1.1368683772161603e-13
2000000.0,500000.0,0.85,533.15,803.0525352876554,3.501015841443965,82.13169342893922,724.42185770016,78.63067758749526,0.09791473674798817,1.1368683772161603e-13
2000000.0,500000.0,0.85,543.15,831.0800412766313,3.501015841443965,84.02987700277625,750.5511801152991,80.52886116133229,0.0968966371008393,-1.1368683772161603e-13
2000000.0,500000.0,0.85,553.15,859.4151400643987,3.501015841443965,85.91350704512116,777.0026488607214,82.4124912036772,0.09589369253781331,1.1368683772161603e-13
2000000.0,500000.0,0.85,563.15,888.0577496659452,3.501015841443965,87.7839566916565,803.7748088157326,84.28294085021254,0.09490704954933021,0.0
2000000.0,500000.0,0.85,573.15,917.0070697699078,3.501015841443965,89.64242177040107,830.8656638409507,86.14140592895711,0.09393755922794729,1.1368683772161603e-13
2000000.0,500000.0,0.85,583.15,946.2617311732982,3.501015841443965,91.48994994205167,858.2727970726904,87.98893410060771,0.0929858317228021,1.1368683772161603e-13
2000000.0,500000.0,0.85,593.15,975.8199137488929,3.501015841443965,93.32746403907845,885.9934655512583,89.82644819763449,0.09205228027427761,1.1368683772161603e-13
2000000.0,500000.0,0.85,603.15,1005.6794402293245,3.501015841443965,95.15578094842495,914.0246751223435,91.65476510698099,0.09113715707072723,0.0
2000000.0,500000.0,0.85,613.15,1035.8378512033091,3.501015841443965,96.97562703031208,942.3632400144409,93.47461118886812,0.09024058261655607,0.0
2000000.0,500000.0,0.85,623.15,1066.2924653769405,3.501015841443965,98.78765081535909,971.0058304030252,95.28663497391513,0.08936256990264932,0.0
2000000.0,500000.0,0.9,383.15,410.43388974831885,3.501015841443965,52.03622659865278,361.89867899111,48.535210757208816,0.11825341905116796,5.684341886080802e-14
2000000.0,500000.0,0.9,393.15,436.94875555090255,3.501015841443965,55.086883373848515,385.36288801849804,51.58586753240455,0.11805930758943432,-5.684341886080802e-14
2000000.0,500000.0,0.9,403.15,462.66887063293893,3.501015841443965,57.88416146022361,408.28572501415925,54.38314561877964,0.11754226201642347,5.684341886080802e-14
2000000.0,500000.0,0.9,413.15,488.032996204348,3.501015841443965,60.51234023612738,431.0216718096646,57.01132439468341,0.1168185857064709,0.0
2000000.0,500000.0,0.9,423.15,513.2770407443451,3.501015841443965,63.01825228439504,453.75980430139396,59.517236442951074,0.11595538416571342,0.0
2000000.0,500000.0,0.9,433.15,538.5408135986945,3.501015841443965,65.43085634322662,476.61097309691183,61.92984050178266,0.11499563067086506,0.0
2000000.0,500000.0,0.9,443.15,563.9134123815592,3.501015841443965,67.76952081425173,499.64490740875135,64.26850497280778,0.1139687469063459,0.0
2000000.0,500000.0,0.9,453.15,589.4547343294852,3.501015841443965,70.04798350112746,522.9077666698017,66.5469676596835,0.11289580655481853,0.0
2000000.0,500000.0,0.9,463.15,615.2065113286304,3.501015841443965,72.27641660796188,546.4311105621124,68.77540076651792,0.1117923810949061,1.1368683772161603e-13
2000000.0,500000.0,0.9,473.15,641.1984594657984,3.501015841443965,74.46259596899141,570.236879338251,70.96158012754745,0.11067022866316252,-1.1368683772161603e-13
2000000.0,500000.0,0.9,483.15,667.4519803336077,3.501015841443965,76.61261404583674,594.340382129215,73.11159820439278,0.10953836434472775,0.0
2000000.0,500000.0,0.9,493.15,693.9825294692043,3.501015841443965,78.731340779635,618.7522045310133,75.23032493819105,0.10840377350094288,0.0
2000000.0,500000.0,0.9,503.15,720.8012028606031,3.501015841443965,80.82273453785281,643.4794841641942,77.32171869640885,0.10727190574814041,0.0
2000000.0,500000.0,0.9,513.15,747.9158372884987,3.501015841443965,82.89005889807059,668.526794231872,79.38904305662663,0.1061470276447741,0.0
2000000.0,500000.0,0.9,523.15,775.3317948664077,3.501015841443965,84.93603785939456,693.8967728484571,81.4350220179506,0.10503248100638274,0.0
2000000.0,500000.0,0.9,533.15,803.0525352876554,3.501015841443965,86.9629695129944,719.5905816161048,83.46195367155045,0.10393087625537994,1.1368683772161603e-13
2000000.0,500000.0,0.9,543.15,831.0800412766313,3.501015841443965,88.97281094411598,745.6082461739592,85.47179510267202,0.10284423985369429,1.1368683772161603e-13
2000000.0,500000.0,0.9,553.15,859.4151400643987,3.501015841443965,90.96724275365752,771.948913152185,87.46622691221356,0.10177412851449119,1.1368683772161603e-13
2000000.0,500000.0,0.9,563.15,888.0577496659452,3.501015841443965,92.94771884998912,798.6110466573999,89.44670300854516,0.10072171887716957,1.1368683772161603e-13
2000000.0,500000.0,0.9,573.15,917.0070697699078,3.501015841443965,94.91550540395407,825.5925802073976,91.41448956251011,0.09968787872643939,1.1368683772161603e-13
2000000.0,500000.0,0.9,583.15,946.2617311732982,3.501015841443965,96.87171170334891,852.8910353113932,93.37069586190495,0.09867322410484869,1.1368683772161603e-13
2000000.0,500000.0,0.9,593.15,975.8199137488929,3.501015841443965,98.81731486490672,880.50361472543,95.31629902346276,0.09767816548985743,1.1368683772161603e-13
2000000.0,500000.0,0.9,603.15,1005.6794402293245,3.501015841443965,100.75317982774415,908.4272762430243,97.25216398630019,0.09670294538796959,1.1368683772161603e-13
2000000.0,500000.0,0.9,613.15,1035.8378512033091,3.501015841443965,102.6800756791539,936.658791365599,99.17905983770994,0.09574766911876786,0.0
2000000.0,500000.0,0.9,623.15,1066.2924653769405,3.501015841443965,104.59868909861544,965.1947921197689,101.09767325717148,0.09481233014380616,0.0
2000000.0,550000.0,0.7,383.15,401.34751364186513,3.4150767940615188,37.60977281424275,367.1528176216839,34.19469602018123,0.08519972058602118,0.0
2000000.0,550000.0,0.7,393.15,427.86237944444883,3.4150767940615188,39.84225431355473,391.43520192495566,36.42717751949321,0.0851376032798011,-5.684341886080802e-14
2000000.0,550000.0,0.7,403.15,453.5824945264852,3.4150767940615188,41.886958431928655,415.1106128886181,38.471881637867135,0.08481782719156662,0.0
2000000.0,550000.0,0.7,413.15,478.9466200978943,3.4150767940615188,43.80636580011295,438.5553310918429,40.39128900605143,0.08433359232767036,0.0
2000000.0,550000.0,0.7,423.15,504.19066463789136,3.4150767940615188,45.635187805223396,461.97055362672944,42.220111011161876,0.08373838306086899,5.684341886080802e-14
2000000.0,550000.0,0.7,433.15,529.4544374922408,3.4150767940615188,47.394880034318774,485.47463425198356,43.979803240257255,0.08306626619009456,0.0
2000000.0,550000.0,0.7,443.15,554.8270362751055,3.4150767940615188,49.09979188148852,509.1423211876784,45.684715087427,0.08234046306419482,0.0
2000000.0,550000.0,0.7,453.15,580.3683582230315,3.4150767940615188,50.76010275094339,533.0233322661496,47.34502595688187,0.08157754516776655,0.0
2000000.0,550000.0,0.7,463.15,606.1201352221767,3.4150767940615188,52.38335069736582,557.1518613188723,48.9682739033043,0.08078971652270668,1.1368683772161603e-13
2000000.0,550000.0,0.7,473.15,632.1120833593446,3.4150767940615188,53.975297860969555,581.5518622924367,50.560221066908035,0.07998616447609566,-1.1368683772161603e-13
2000000.0,550000.0,0.7,483.15,658.365604227154,3.4150767940615188,55.540458627611635,606.240222393604,52.125381833550115,0.07917391415783234,-1.1368683772161603e-13
2000000.0,550000.0,0.7,493.15,684.8961533627506,3.4150767940615188,57.082441207879455,631.2287889489327,53.667364413817936,0.07835839659825536,0.0
2000000.0,550000.0,0.7,503.15,711.7148267541494,3.4150767940615188,58.60417815012636,656.5257253980847,55.18910135606484,0.07754384099002204,-1.1368683772161603e-13
2000000.0,550000.0,0.7,513.15,738.829461182045,3.4150767940615188,60.10808704883745,682.1364509272689,56.69301025477593,0.07673355386244807,1.1368683772161603e-13
2000000.0,550000.0,0.7,523.15,766.245418759954,3.4150767940615188,61.5961856048305,708.064309949185,58.18110881076898,0.07593012289055617,0.0
2000000.0,550000.0,0.7,533.15,793.9661591812016,3.4150767940615188,63.070175889521025,734.311060085742,59.655099095459505,0.07513556894790124,1.1368683772161603e-13
2000000.0,550000.0,0.7,543.15,821.9936651701776,3.4150767940615188,64.53150728253298,760.8772346817062,61.116430488471465,0.07435146166949902,-1.1368683772161603e-13
2000000.0,550000.0,0.7,553.15,850.328763957945,3.4150767940615188,65.98142430088576,787.7624164511208,62.56634750682424,0.07357900868318576,-1.1368683772161603e-13
2000000.0,550000.0,0.7,563.15,878.9713735594914,3.4150767940615188,67.421003508511,814.965446845042,64.00592671444949,0.07281912544574738,-1.1368683772161603e-13
2000000.0,550000.0,0.7,573.15,907.9206936634541,3.4150767940615188,68.8511823918987,842.484588065617,65.43610559783718,0.07207249053196807,-1.1368683772161603e-13
2000000.0,550000.0,0.7,583.15,937.1753550668445,3.4150767940615188,70.27278223026963,870.3176496306364,66.85770543620811,0.07133958983742103,0.0
2000000.0,550000.0,0.7,593.15,966.7335376424392,3.4150767940615188,71.68652641182067,898.46208802468,68.27144961775915,0.07062075221291264,0.0
2000000.0,550000.0,0.7,603.15,996.5930641228708,3.4150767940615188,73.09305525169405,926.9150856652383,69.67797845763253,0.06991617839419548,0.0
2000000.0,550000.0,0.7,613.15,1026.7514750968553,3.4150767940615188,74.49293809076282,955.673613800154,71.0778612967013,0.06922596462790219,-2.2737367544323206e-13
2000000.0,550000.0,0.7,623.15,1057.2060892704867,3.4150767940615188,75.88668325788923,984.7344828066591,72.47160646382771,0.06855012206166533,-2.2737367544323206e-13
2000000.0,550000.0,0.75,383.15,401.34751364186513,3.4150767940615188,40.29618515811721,364.46640527780943,36.88110836405569,0.09189320255006202,0.0
2000000.0,550000.0,0.75,393.15,427.86237944444883,3.4150767940615188,42.688129621665695,388.5893266168447,39.273052827604175,0.09178898336095277,0.0
2000000.0,550000.0,0.75,403.15,453.5824945264852,3.4150767940615188,44.8788840342093,412.11868728633743,41.46380724014778,0.09141403766790797,0.0
2000000.0,550000.0,0.75,413.15,478.9466200978943,3.4150767940615188,46.93539192869247,435.4263049632634,43.52031513463095,0.09086673401252025,-5.684341886080802e-14
2000000.0,550000.0,0.75,423.15,504.19066463789136,3.4150767940615188,48.89484407702508,458.7108973549278,45.47976728296356,0.09020350925304622,0.0
2000000.0,550000.0,0.75,433.15,529.4544374922408,3.4150767940615188,50.7802286081987,482.08928567810364,47.36515181413718,0.0894602981107913,0.0
2000000.0,550000.0,0.75,443.15,554.8270362751055,3.4150767940615188,52.60691987302352,505.6351931961434,49.191843078962,0.08866158255231585,0.0
2000000.0,550000.0,0.75,453.15,580.3683582230315,3.4150767940615188,54.3858243760108,529.3976106410823,50.97074758194928,0.08782482170118858,-1.1368683772161603e-13
2000000.0,550000.0,0.75,463.15,606.1201352221767,3.4150767940615188,56.12501860432059,553.4101934119177,52.70994181025907,0.08696286222357213,-1.1368683772161603e-13
2000000.0,550000.0,0.75,473.15,632.1120833593446,3.4150767940615188,57.83067627961026,577.696483873796,54.41559948554874,0.08608536510860278,0.0
2000000.0,550000.0,0.75,483.15,658.365604227154,3.4150767940615188,59.507634243869575,602.2730467773459,56.092557449808055,0.08519970832263375,0.0
2000000.0,550000.0,0.75,493.15,684.8961533627506,3.4150767940615188,61.15975843701372,627.1514717197985,57.7446816429522,0.08431158703320694,0.0
2000000.0,550000.0,0.75,503.15,711.7148267541494,3.4150767940615188,62.79019087513548,652.3397126730755,59.37511408107396,0.08342542806345687,-1.1368683772161603e-13
2000000.0,550000.0,0.75,513.15,738.829461182045,3.4150767940615188,64.40152183804021,677.8430161380663,60.98644504397869,0.08254468486734025,-1.1368683772161603e-13
2000000.0,550000.0,0.75,523.15,766.245418759954,3.4150767940615188,65.99591314803273,703.6645824059827,62.58083635397121,0.08167205287210501,0.0
2000000.0,550000.0,0.75,533.15,793.9661591812016,3.4150767940615188,67.57518845305825,729.806047522205,64.16011165899673,0.08080963012978225,0.0
2000000.0,550000.0,0.75,543.15,821.9936651701776,3.4150767940615188,69.14090065985685,756.2678413043823,65.72582386579533,0.07995903940718095,0.0
2000000.0,550000.0,0.75,553.15,850.328763957945,3.4150767940615188,70.69438317952049,783.0494575724861,67.27930638545897,0.07912152244774166,-1.1368683772161603e-13
2000000.0,550000.0,0.75,563.15,878.9713735594914,3.4150767940615188,72.23678947340464,810.1496608801484,68.82171267934312,0.07829801373467035,-1.1368683772161603e-13
2000000.0,550000.0,0.75,573.15,907.9206936634541,3.4150767940615188,73.76912399132014,837.5666464661956,70.35404719725862,0.0774891988785722,-1.1368683772161603e-13
2000000.0,550000.0,0.75,583.15,937.1753550668445,3.4150767940615188,75.29226667528903,865.298165185617,71.87718988122751,0.07669556128703452,0.0
2000000.0,550000.0,0.75,593.15,966.7335376424392,3.4150767940615188,76.8069925840937,893.341621852407,73.39191579003219,0.07591741977733815,0.0
2000000.0,550000.0,0.75,603.15,996.5930641228708,3.4150767940615188,78.31398776967218,921.6941531472602,74.89891097561066,0.07515495910211985,0.0
2000000.0,550000.0,0.75,613.15,1026.7514750968553,3.4150767940615188,79.81386224010284,950.352689650814,76.39878544604132,0.07440825486891507,-2.2737367544323206e-13
2000000.0,550000.0,0.75,623.15,1057.2060892704867,3.4150767940615188,81.3071606334527,979.3140054310956,77.89208383939118,0.07367729398261387,-2.2737367544323206e-13
2000000.0,550000.0,0.8,383.15,401.34751364186513,3.4150767940615188,42.98259750199166,361.779992933935,39.56752070793014,0.09858668451410284,0.0
2000000.0,550000.0,0.8,393.15,427.86237944444883,3.4150767940615188,45.53400492977677,385.7434513087336,42.11892813571525,0.0984403634421047,0.0
2000000.0,550000.0,0.8,403.15,453.5824945264852,3.4150767940615188,47.87080963648995,409.12676168405676,44.45573284242843,0.09801024814424933,0.0
2000000.0,550000.0,0.8,413.15,478.9466200978943,3.4150767940615188,50.06441805727198,432.2972788346839,46.64934126321046,0.09739987569737013,0.0
2000000.0,550000.0,0.8,423.15,504.19066463789136,3.4150767940615188,52.15450034882664,455.4512410831262,48.73942355476512,0.09666863544522322,5.684341886080802e-14
2000000.0,550000.0,0.8,433.15,529.4544374922408,3.4150767940615188,54.165577182078614,478.7039371042237,50.750500388017095,0.09585433003148802,0.0
2000000.0,550000.0,0.8,443.15,554.8270362751055,3.4150767940615188,56.11404786455841,502.12806520460856,52.69897107049689,0.09498270204043667,0.0
2000000.0,550000.0,0.8,453.15,580.3683582230315,3.4150767940615188,58.01154600107821,525.7718890160147,54.59646920701669,0.0940720982346106,1.1368683772161603e-13
2000000.0,550000.0,0.8,463.15,606.1201352221767,3.4150767940615188,59.86668651127524,549.668525504963,56.45160971721372,0.09313600792443741,0.0
2000000.0,550000.0,0.8,473.15,632.1120833593446,3.4150767940615188,61.686054698250956,573.8411054551552,58.27097790418944,0.09218456574110988,0.0
2000000.0,550000.0,0.8,483.15,658.365604227154,3.4150767940615188,63.474809860127515,598.3058711610881,60.059733066065995,0.09122550248743518,-1.1368683772161603e-13
2000000.0,550000.0,0.8,493.15,684.8961533627506,3.4150767940615188,65.23707566614799,623.0741544906641,61.82199887208647,0.09026477746815854,0.0
2000000.0,550000.0,0.8,503.15,711.7148267541494,3.4150767940615188,66.97620360014447,648.1536999480663,63.56112680608295,0.08930701513689153,1.1368683772161603e-13
2000000.0,550000.0,0.8,513.15,738.829461182045,3.4150767940615188,68.69495662724285,673.5495813488636,65.27987983318133,0.08835581587223225,0.0
2000000.0,550000.0,0.8,523.15,766.245418759954,3.4150767940615188,70.39564069123496,699.2648548627806,66.98056389717344,0.08741398285365386,0.0
2000000.0,550000.0,0.8,533.15,793.9661591812016,3.4150767940615188,72.08020101659535,725.3010349586679,68.66512422253383,0.08648369131166313,0.0
2000000.0,550000.0,0.8,543.15,821.9936651701776,3.4150767940615188,73.75029403718048,751.6584479270587,70.33521724311896,0.08556661714486259,-1.1368683772161603e-13
2000000.0,550000.0,0.8,553.15,850.328763957945,3.4150767940615188,75.40734205815522,778.3364986938512,71.9922652640937,0.0846640362122976,0.0
2000000.0,550000.0,0.8,563.15,878.9713735594914,3.4150767940615188,77.05257543829829,805.3338749152548,73.63749864423677,0.08377690202359334,-1.1368683772161603e-13
2000000.0,550000.0,0.8,573.15,907.9206936634541,3.4150767940615188,78.68706559074158,832.6487048667741,75.27198879668006,0.08290590722517632,0.0
2000000.0,550000.0,0.8,583.15,937.1753550668445,3.4150767940615188,80.31175112030819,860.2786807405979,76.89667432624667,0.08205153273664774,0.0
2000000.0,550000.0,0.8,593.15,966.7335376424392,3.4150767940615188,81.9274587563665,888.2211556801342,78.51238196230499,0.08121408734176341,0.0
2000000.0,550000.0,0.8,603.15,996.5930641228708,3.4150767940615188,83.53492028765055,916.4732206292819,80.11984349358903,0.08039373981004445,-1.1368683772161603e-13
2000000.0,550000.0,0.8,613.15,1026.7514750968553,3.4150767940615188,85.1347863894431,945.0317655014738,81.71970959538157,0.07959054510992819,-2.2737367544323206e-13
2000000.0,550000.0,0.8,623.15,1057.2060892704867,3.4150767940615188,86.72763800901618,973.8935280555321,83.31256121495466,0.07880446590356244,-2.2737367544323206e-13
2000000.0,550000.0,0.85,383.15,401.34751364186513,3.4150767940615188,45.66900984586612,359.0935805900605,42.2539330518046,0.10528016647814367,0.0
2000000.0,550000.0,0.85,393.15,427.86237944444883,3.4150767940615188,48.379880237887846,382.8975760006225,44.96480344382633,0.10509174352325663,0.0
2000000.0,550000.0,0.85,403.15,453.5824945264852,3.4150767940615188,50.862735238770604,406.13483608177614,47.447658444709084,0.1046064586205907,0.0
2000000.0,550000.0,0.85,413.15,478.9466200978943,3.4150767940615188,53.19344418585138,429.16825270610445,49.77836739178986,0.10393301738221977,0.0
2000000.0,550000.0,0.85,423.15,504.19066463789136,3.4150767940615188,55.41415662062832,452.19158481132456,51.9990798265668,0.10313376163740046,0.0
2000000.0,550000.0,0.85,433.15,529.4544374922408,3.4150767940615188,57.55092575595854,475.3185885303438,54.13584896189702,0.10224836195218476,0.0
2000000.0,550000.0,0.85,443.15,554.8270362751055,3.4150767940615188,59.621175856093295,498.62093721307366,56.206099062031775,0.10130382152855749,0.0
2000000.0,550000.0,0.85,453.15,580.3683582230315,3.4150767940615188,61.63726762614562,522.1461673909474,58.2221908320841,0.10031937476803263,-1.1368683772161603e-13
2000000.0,550000.0,0.85,463.15,606.1201352221767,3.4150767940615188,63.60835441823001,545.9268575980082,60.19327762416849,0.09930915362530286,1.1368683772161603e-13
2000000.0,550000.0,0.85,473.15,632.1120833593446,3.4150767940615188,65.54143311689154,569.9857270365145,62.12635632283002,0.09828376637361681,1.1368683772161603e-13
2000000.0,550000.0,0.85,483.15,658.365604227154,3.4150767940615188,67.44198547638545,594.3386955448301,64.02690868232393,0.09725129665223659,0.0
2000000.0,550000.0,0.85,493.15,684.8961533627506,3.4150767940615188,69.31439289528213,618.9968372615301,65.8993161012206,0.09621796790310995,-1.1368683772161603e-13
2000000.0,550000.0,0.85,503.15,711.7148267541494,3.4150767940615188,71.16221632515348,643.9676872230575,67.74713953109196,0.09518860221032621,-1.1368683772161603e-13
2000000.0,550000.0,0.85,513.15,738.829461182045,3.4150767940615188,72.9883914164455,669.256146559661,69.57331462238398,0.09416694687712428,-1.1368683772161603e-13
2000000.0,550000.0,0.85,523.15,766.245418759954,3.4150767940615188,74.79536823443708,694.8651273195783,71.38029144037556,0.09315591283520257,1.1368683772161603e-13
2000000.0,550000.0,0.85,533.15,793.9661591812016,3.4150767940615188,76.58521358013257,720.7960223951305,73.17013678607105,0.09215775249354415,1.1368683772161603e-13
2000000.0,550000.0,0.85,543.15,821.9936651701776,3.4150767940615188,78.35968741450435,747.0490545497348,74.94461062044283,0.09117419488254454,-1.1368683772161603e-13
2000000.0,550000.0,0.85,553.15,850.328763957945,3.4150767940615188,80.12030093678972,773.6235398152168,76.7052241427282,0.09020654997685323,0.0
2000000.0,550000.0,0.85,563.15,878.9713735594914,3.4150767940615188,81.86836140319193,800.5180889503612,78.4532846091304,0.0892557903125163,-1.1368683772161603e-13
2000000.0,550000.0,0.85,573.15,907.9206936634541,3.4150767940615188,83.60500719016278,827.7307632673529,80.18993039610126,0.08832261557178019,-1.1368683772161603e-13
2000000.0,550000.0,0.85,583.15,937.1753550668445,3.4150767940615188,85.33123556532757,855.2591962955785,81.91615877126605,0.08740750418626121,0.0
2000000.0,550000.0,0.85,593.15,966.7335376424392,3.4150767940615188,87.04792492863955,883.1006895078611,83.63284813457803,0.08651075490618894,0.0
2000000.0,550000.0,0.85,603.15,996.5930641228708,3.4150767940615188,88.75585280562868,911.2522881113038,85.34077601156716,0.08563252051796882,-1.1368683772161603e-13
2000000.0,550000.0,0.85,613.15,1026.7514750968553,3.4150767940615188,90.45571053878335,939.7108413521336,87.04063374472183,0.08477283535094131,-2.2737367544323206e-13
2000000.0,550000.0,0.85,623.15,1057.2060892704867,3.4150767940615188,92.14811538457964,968.4730506799687,88.73303859051812,0.08393163782451099,-2.2737367544323206e-13
2000000.0,550000.0,0.9,383.15,401.34751364186513,3.4150767940615188,48.3554221897407,356.4071682461859,44.94034539567918,0.11197364844218481,5.684341886080802e-14
2000000.0,550000.0,0.9,393.15,427.86237944444883,3.4150767940615188,51.22575554599881,380.0517006925116,47.81067875193729,0.1117431236044083,-5.684341886080802e-14
2000000.0,550000.0,0.9,403.15,453.5824945264852,3.4150767940615188,53.854660841051256,403.14291047949547,50.43958404698974,0.11120266909693206,0.0
2000000.0,550000.0,0.9,413.15,478.9466200978943,3.4150767940615188,56.32247031443089,426.03922657752497,52.90739352036937,0.11046615906706965,0.0
2000000.0,550000.0,0.9,423.15,504.19066463789136,3.4150767940615188,58.67381289242999,448.93192853952286,55.25873609836847,0.10959888782957768,0.0
2000000.0,550000.0,0.9,433.15,529.4544374922408,3.4150767940615188,60.93627432983846,471.93323995646386,57.52119753577694,0.1086423938728815,0.0
2000000.0,550000.0,0.9,443.15,554.8270362751055,3.4150767940615188,63.12830384762818,495.11380922153876,59.71322705356666,0.10762494101667831,0.0
2000000.0,550000.0,0.9,453.15,580.3683582230315,3.4150767940615188,65.26298925121291,518.5204457658801,61.847912457151395,0.10656665130145444,-1.1368683772161603e-13
2000000.0,550000.0,0.9,463.15,606.1201352221767,3.4150767940615188,67.35002232518467,542.1851896910534,63.93494553112315,0.10548229932616814,1.1368683772161603e-13
2000000.0,550000.0,0.9,473.15,632.1120833593446,3.4150767940615188,69.39681153553224,566.1303486178739,65.98173474147072,0.10438296700612391,0.0
2000000.0,550000.0,0.9,483.15,658.365604227154,3.4150767940615188,71.40916109264339,590.3715199285722,67.99408429858187,0.10327709081703798,0.0
2000000.0,550000.0,0.9,493.15,684.8961533627506,3.4150767940615188,73.39171012441639,614.9195200323959,69.97663333035487,0.10217115833806154,-1.1368683772161603e-13
2000000.0,550000.0,0.9,503.15,711.7148267541494,3.4150767940615188,75.3482290501626,639.7816744980483,71.93315225610108,0.10107018928376105,0.0
2000000.0,550000.0,0.9,513.15,738.829461182045,3.4150767940615188,77.28182620564813,664.9627117704583,73.86674941158661,0.09997807788201628,0.0
2000000.0,550000.0,0.9,523.15,766.245418759954,3.4150767940615188,79.19509577763931,690.4653997763761,75.78001898357779,0.09889784281675142,1.1368683772161603e-13
2000000.0,550000.0,0.9,533.15,793.9661591812016,3.4150767940615188,81.09022614366981,716.2910098315933,77.67514934960829,0.09783181367542518,0.0
2000000.0,550000.0,0.9,543.15,821.9936651701776,3.4150767940615188,82.9690807918281,742.439661172411,79.55400399776659,0.09678177262022633,0.0
2000000.0,550000.0,0.9,553.15,850.328763957945,3.4150767940615188,84.83325981542444,768.910580936582,81.41818302136292,0.09574906374140914,0.0
2000000.0,550000.0,0.9,563.15,878.9713735594914,3.4150767940615188,86.68414736808558,795.7023029854674,83.26907057402406,0.09473467860143929,-1.1368683772161603e-13
2000000.0,550000.0,0.9,573.15,907.9206936634541,3.4150767940615188,88.52294878958422,822.8128216679315,85.1078719955227,0.09373932391838431,-1.1368683772161603e-13
2000000.0,550000.0,0.9,583.15,937.1753550668445,3.4150767940615188,90.35072001034673,850.2397118505594,86.93564321628521,0.09276347563587445,-1.1368683772161603e-13
2000000.0,550000.0,0.9,593.15,966.7335376424392,3.4150767940615188,92.16839110091236,877.9802233355883,88.75331430685084,0.09180742247061421,0.0
2000000.0,550000.0,0.9,603.15,996.5930641228708,3.4150767940615188,93.9767853236068,906.0313555933255,90.56170852954529,0.0908713012258932,0.0
2000000.0,550000.0,0.9,613.15,1026.7514750968553,3.4150767940615188,95.77663468812337,934.3899172027935,92.36155789406185,0.08995512559195419,-2.2737367544323206e-13
2000000.0,550000.0,0.9,623.15,1057.2060892704867,3.4150767940615188,97.56859276014333,963.052573304405,94.15351596608181,0.08905880974545975,-2.2737367544323206e-13
2000000.0,600000.0,0.7,383.15,392.7745623702074,3.3261102848601296,34.99589000336744,361.1047826517001,31.669779718507314,0.08063093375343679,0.0
2000000.0,600000.0,0.7,393.15,419.28942817279113,3.3261102848601296,37.09853415694332,385.5170043007079,33.772423872083195,0.08054680514903281,0.0
2000000.0,600000.0,0.7,403.15,445.0095432548275,3.3261102848601296,39.02218078639952,409.3134727532881,35.69607050153939,0.08021416853323213,0.0
2000000.0,600000.0,0.7,413.15,470.3736688262366,3.3261102848601296,40.82641971850209,432.87335939259464,37.50030943364196,0.07972450823452697,0.0
2000000.0,600000.0,0.7,423.15,495.6177133662336,3.3261102848601296,42.54434238841687,456.3994812626769,39.218232103556744,0.07913000493300908,0.0
2000000.0,600000.0,0.7,433.15,520.881486220583,3.3261102848601296,44.19639470647776,480.01120179896543,40.87028442161763,0.07846369184315734,-1.1368683772161603e-13
2000000.0,600000.0,0.7,443.15,546.2540850034477,3.3261102848601296,45.79625051750196,503.7839447708059,42.47014023264183,0.07774795905164494,0.0
2000000.0,600000.0,0.7,453.15,571.7954069513738,3.3261102848601296,47.3536112623699,527.767905973864,44.027500977509774,0.07699869646076735,0.0
2000000.0,600000.0,0.7,463.15,597.547183950519,3.3261102848601296,48.87566138861968,551.9976328467594,45.549551103759555,0.07622753872358869,-1.1368683772161603e-13
2000000.0,600000.0,0.7,473.15,623.5391320876869,3.3261102848601296,50.36789245919464,576.4973499133524,47.041782174334514,0.07544319153929081,-1.1368683772161603e-13
2000000.0,600000.0,0.7,483.15,649.7926529554964,3.3261102848601296,51.83460648181068,601.2841567585458,48.50849619695055,0.07465226942212419,0.0
2000000.0,600000.0,0.7,493.15,676.323202091093,3.3261102848601296,53.27924157771061,626.3700707982424,49.95313129285048,0.07385985153015993,0.0
2000000.0,600000.0,0.7,503.15,703.1418754824916,3.3261102848601296,54.70459177989315,651.7633939874587,51.37848149503302,0.0730698643993823,-1.1368683772161603e-13
2000000.0,600000.0,0.7,513.15,730.2565099103872,3.3261102848601296,56.112960266429,677.4696599288184,52.78684998156887,0.07228535352330726,-1.1368683772161603e-13
2000000.0,600000.0,0.7,523.15,757.6724674882962,3.3261102848601296,57.50626906385855,703.4923087092978,54.18015877899842,0.07150868099854155,-1.1368683772161603e-13
2000000.0,600000.0,0.7,533.15,785.3932079095439,3.3261102848601296,58.88613938567426,729.8331788087297,55.560029100814134,0.07074167250401425,0.0
2000000.0,600000.0,0.7,543.15,813.4207138985199,3.3261102848601296,60.253951636036156,756.4928725473438,56.92784135117603,0.0699857286376877,0.0
2000000.0,600000.0,0.7,553.15,841.7558126862872,3.3261102848601296,61.61089100799453,783.4710319631528,58.2847807231344,0.06924191059296728,0.0
2000000.0,600000.0,0.7,563.15,870.3984222878338,3.3261102848601296,62.95798267012415,810.7665499025697,59.631872385264025,0.06851100698059887,0.0
2000000.0,600000.0,0.7,573.15,899.3477423917965,3.3261102848601296,64.29611929308554,838.377733383571,60.97000900822541,0.06779358654537448,0.0
2000000.0,600000.0,0.7,583.15,928.6024037951868,3.3261102848601296,65.62608285012935,866.3024312299176,62.29997256526922,0.06709004016212966,-1.1368683772161603e-13
2000000.0,600000.0,0.7,593.15,958.1605863707814,3.3261102848601296,66.9485620755793,894.5381345800622,63.622451790719175,0.06640061456890177,0.0
2000000.0,600000.0,0.7,603.15,988.0201128512131,3.3261102848601296,68.26416658782843,923.0820565482447,64.93805630296829,0.0657254396528134,0.0
2000000.0,600000.0,0.7,613.15,1018.1785238251975,3.3261102848601296,69.57343841973925,951.9311956903185,66.24732813487911,0.06506455065069959,-1.1368683772161603e-13
2000000.0,600000.0,0.7,623.15,1048.6331379988292,3.3261102848601296,70.87686151200509,981.082386771684,67.55075122714496,0.06441790630044002,2.2737367544323206e-13
2000000.0,600000.0,0.75,383.15,392.7745623702074,3.3261102848601296,37.49559643217945,358.6050762228881,34.16948614731932,0.08699516063647998,-5.684341886080802e-14
2000000.0,600000.0,0.75,393.15,419.28942817279113,3.3261102848601296,39.748429453867836,382.8671090037834,36.42231916900771,0.08686677202363877,0.0
2000000.0,600000.0,0.75,403.15,445.0095432548275,3.3261102848601296,41.809479413999476,406.52617412568816,38.48336912913935,0.08647762663171128,0.0
2000000.0,600000.0,0.75,413.15,470.3736688262366,3.3261102848601296,43.74259255553794,429.9571865555588,40.41648227067781,0.08592420228694453,0.0
2000000.0,600000.0,0.75,423.15,495.6177133662336,3.3261102848601296,45.58322398758959,453.36059966350416,42.25711370272946,0.0852615081404563,0.0
2000000.0,600000.0,0.75,433.15,520.881486220583,3.3261102848601296,47.35328004265484,476.8543164627884,44.02716975779471,0.08452435135916901,-1.1368683772161603e-13
2000000.0,600000.0,0.75,443.15,546.2540850034477,3.3261102848601296,49.06741126875218,500.5127840195557,45.74130098389205,0.08373630923712608,-1.1368683772161603e-13
2000000.0,600000.0,0.75,453.15,571.7954069513738,3.3261102848601296,50.73601206682483,524.385505169409,47.4099017819647,0.08291410040304241,0.0
2000000.0,600000.0,0.75,463.15,597.547183950519,3.3261102848601296,52.36678005923529,548.5065141761438,49.04066977437516,0.08206995379035385,-1.1368683772161603e-13
2000000.0,600000.0,0.75,473.15,623.5391320876869,3.3261102848601296,53.96559906342288,572.8996433091241,50.63948877856275,0.08121300841057949,-1.1368683772161603e-13
2000000.0,600000.0,0.75,483.15,649.7926529554964,3.3261102848601296,55.537078373368594,597.5816848669879,52.210968088508466,0.08035019763771374,0.0
2000000.0,600000.0,0.75,493.15,676.323202091093,3.3261102848601296,57.08490169040428,622.5644106855488,53.75879140554415,0.0794868359378028,0.0
2000000.0,600000.0,0.75,503.15,703.1418754824916,3.3261102848601296,58.612062621314195,647.8559231460376,55.285952336454066,0.07862702288711959,-1.1368683772161603e-13
2000000.0,600000.0,0.75,513.15,730.2565099103872,3.3261102848601296,60.121028856888294,673.4615913383591,56.794918572028166,0.07777392984692147,-1.1368683772161603e-13
2000000.0,600000.0,0.75,523.15,757.6724674882962,3.3261102848601296,61.61385971127695,699.3847180618794,58.28774942641682,0.07693000858226011,-1.1368683772161603e-13
2000000.0,600000.0,0.75,533.15,785.3932079095439,3.3261102848601296,63.09229219893669,725.6270259954673,59.76618191407656,0.07609714638754556,0.0
2000000.0,600000.0,0.75,543.15,813.4207138985199,3.3261102848601296,64.5578053243244,752.1890188590556,61.23169503946428,0.07527678357979875,0.0
2000000.0,600000.0,0.75,553.15,841.7558126862872,3.3261102848601296,66.01166893713689,779.0702540340104,62.68555865227676,0.07447000389843338,0.0
2000000.0,600000.0,0.75,563.15,870.3984222878338,3.3261102848601296,67.45498143227584,806.269551140418,64.12887114741571,0.07367760499709271,0.0
2000000.0,600000.0,0.75,573.15,899.3477423917965,3.3261102848601296,68.88869924259163,833.7851534340649,65.56258895773149,0.07290015404204958,0.0
2000000.0,600000.0,0.75,583.15,928.6024037951868,3.3261102848601296,70.31366019656718,861.6148538834797,66.98754991170705,0.07213803199079578,0.0
2000000.0,600000.0,0.75,593.15,958.1605863707814,3.3261102848601296,71.73060222383495,889.7560944318066,68.40449193897481,0.07139146914617941,0.0
2000000.0,600000.0,0.75,603.15,988.0201128512131,3.3261102848601296,73.14017848695907,918.2060446491141,69.81406820209894,0.07066057390332935,0.0
2000000.0,600000.0,0.75,613.15,1018.1785238251975,3.3261102848601296,74.54296973543498,946.9616643746227,71.21685945057484,0.0699453561277447,-1.1368683772161603e-13
2000000.0,600000.0,0.75,623.15,1048.6331379988292,3.3261102848601296,75.9394944771484,976.0197538065407,72.61338419228827,0.069245746258659,0.0
2000000.0,600000.0,0.8,383.15,392.7745623702074,3.3261102848601296,39.99530286099133,356.1053697940762,36.6691925761312,0.09335938751952289,0.0
2000000.0,600000.0,0.8,393.15,419.28942817279113,3.3261102848601296,42.39832475079247,380.2172137068588,39.07221446593234,0.09318673889824501,0.0
2000000.0,600000.0,0.8,403.15,445.0095432548275,3.3261102848601296,44.59677804159955,403.7388754980881,41.27066775673942,0.0927410847301907,0.0
2000000.0,600000.0,0.8,413.15,470.3736688262366,3.3261102848601296,46.658765392573784,427.04101371852295,43.332655107713656,0.09212389633936209,0.0
2000000.0,600000.0,0.8,423.15,495.6177133662336,3.3261102848601296,48.62210558676219,450.32171806433155,45.29599530190206,0.09139301134790327,0.0
2000000.0,600000.0,0.8,433.15,520.881486220583,3.3261102848601296,50.51016537883179,473.69743112661143,47.184055093971665,0.09058501087518044,-1.1368683772161603e-13
2000000.0,600000.0,0.8,443.15,546.2540850034477,3.3261102848601296,52.33857202000229,497.24162326830555,49.01246173514216,0.089724659422607,0.0
2000000.0,600000.0,0.8,453.15,571.7954069513738,3.3261102848601296,54.11841287127987,521.0031043649541,50.792302586419744,0.08882950434531767,-1.1368683772161603e-13
2000000.0,600000.0,0.8,463.15,597.547183950519,3.3261102848601296,55.857898729851,545.0153955055281,52.53178844499087,0.08791236885711919,0.0
2000000.0,600000.0,0.8,473.15,623.5391320876869,3.3261102848601296,57.56330566765112,569.301936704896,54.23719538279099,0.08698282528186818,-1.1368683772161603e-13
2000000.0,600000.0,0.8,483.15,649.7926529554964,3.3261102848601296,59.239550264926514,593.8792129754299,55.913439980066386,0.0860481258533033,0.0
2000000.0,600000.0,0.8,493.15,676.323202091093,3.3261102848601296,60.89056180309784,618.7587505728552,57.56445151823771,0.08511382034544548,0.0
2000000.0,600000.0,0.8,503.15,703.1418754824916,3.3261102848601296,62.519533462735126,643.9484523046167,59.193423177875,0.08418418137485673,-1.1368683772161603e-13
2000000.0,600000.0,0.8,513.15,730.2565099103872,3.3261102848601296,64.12909744734748,669.4535227478999,60.80298716248735,0.08326250617053552,-1.1368683772161603e-13
2000000.0,600000.0,0.8,523.15,757.6724674882962,3.3261102848601296,65.72145035869546,695.2771274144609,62.395340073835335,0.08235133616597881,-1.1368683772161603e-13
2000000.0,600000.0,0.8,533.15,785.3932079095439,3.3261102848601296,67.29844501219911,721.4208731822049,63.97233472733898,0.08145262027107684,0.0
2000000.0,600000.0,0.8,543.15,813.4207138985199,3.3261102848601296,68.86165901261289,747.8851651707671,65.53554872775275,0.08056783852191006,0.0
2000000.0,600000.0,0.8,553.15,841.7558126862872,3.3261102848601296,70.41244686627947,774.6694761048678,67.08633658141933,0.07969809720389973,0.0
2000000.0,600000.0,0.8,563.15,870.3984222878338,3.3261102848601296,71.95198019442753,801.7725523782664,68.6258699095674,0.07884420301358655,0.0
2000000.0,600000.0,0.8,573.15,899.3477423917965,3.3261102848601296,73.48127919209796,829.1925734845586,70.15516890723782,0.07800672153872497,0.0
2000000.0,600000.0,0.8,583.15,928.6024037951868,3.3261102848601296,75.00123754300503,856.9272765370418,71.6751272581449,0.07718602381946194,0.0
2000000.0,600000.0,0.8,593.15,958.1605863707814,3.3261102848601296,76.5126423720906,884.9740542835509,73.18653208723046,0.07638232372345706,0.0
2000000.0,600000.0,0.8,603.15,988.0201128512131,3.3261102848601296,78.01619038608973,913.3300327499835,74.6900801012296,0.0755957081538453,-1.1368683772161603e-13
2000000.0,600000.0,0.8,613.15,1018.1785238251975,3.3261102848601296,79.51250105113047,941.9921330589273,76.18639076627034,0.07482616160478958,-1.1368683772161603e-13
2000000.0,600000.0,0.8,623.15,1048.6331379988292,3.3261102848601296,81.00212744229147,970.9571208413977,77.67601715743133,0.07407358621687775,0.0
2000000.0,600000.0,0.85,383.15,392.7745623702074,3.3261102848601296,42.495009289803335,353.6056633652642,39.168899004943206,0.0997236144025661,-5.684341886080802e-14
2000000.0,600000.0,0.85,393.15,419.28942817279113,3.3261102848601296,45.04822004771698,377.5673184099343,41.72210976285685,0.09950670577285096,0.0
2000000.0,600000.0,0.85,403.15,445.0095432548275,3.3261102848601296,47.38407666919951,400.9515768704881,44.05796638433938,0.09900454282866986,5.684341886080802e-14
2000000.0,600000.0,0.85,413.15,470.3736688262366,3.3261102848601296,49.57493822960975,424.124840881487,46.24882794474962,0.0983235903917799,0.0
2000000.0,600000.0,0.85,423.15,495.6177133662336,3.3261102848601296,51.66098718593479,447.282836465159,48.334876901074665,0.09752451455535027,-5.684341886080802e-14
2000000.0,600000.0,0.85,433.15,520.881486220583,3.3261102848601296,53.66705071500875,470.54054579043446,50.34094043014862,0.09664567039119187,-1.1368683772161603e-13
2000000.0,600000.0,0.85,443.15,546.2540850034477,3.3261102848601296,55.609732771252396,493.97046251705547,52.28362248639227,0.09571300960808793,-1.1368683772161603e-13
2000000.0,600000.0,0.85,453.15,571.7954069513738,3.3261102848601296,57.5008136757348,517.6207035604991,54.17470339087467,0.09474490828759272,0.0
2000000.0,600000.0,0.85,463.15,597.547183950519,3.3261102848601296,59.34901740046672,541.5242768349124,56.02290711560659,0.09375478392388455,0.0
2000000.0,600000.0,0.85,473.15,623.5391320876869,3.3261102848601296,61.161012271879244,565.7042301006678,57.834901987019116,0.09275264215315668,-1.1368683772161603e-13
2000000.0,600000.0,0.85,483.15,649.7926529554964,3.3261102848601296,62.94202215648443,590.176741083872,59.6159118716243,0.09174605406889286,0.0
2000000.0,600000.0,0.85,493.15,676.323202091093,3.3261102848601296,64.6962219157914,614.9530904601617,61.37011163093127,0.09074080475308818,0.0
2000000.0,600000.0,0.85,503.15,703.1418754824916,3.3261102848601296,66.42700430415606,640.0409814631957,63.10089401929593,0.08974133986259385,-1.1368683772161603e-13
2000000.0,600000.0,0.85,513.15,730.2565099103872,3.3261102848601296,68.13716603780667,665.4454541574407,64.81105575294653,0.08875108249414958,-1.1368683772161603e-13
2000000.0,600000.0,0.85,523.15,757.6724674882962,3.3261102848601296,69.82904100611387,691.1695367670425,66.50293072125373,0.08777266374969736,0.0
2000000.0,600000.0,0.85,533.15,785.3932079095439,3.3261102848601296,71.50459782546153,717.2147203689425,68.1784875406014,0.08680809415460812,0.0
2000000.0,600000.0,0.85,543.15,813.4207138985199,3.3261102848601296,73.16551270090113,743.5813114824789,69.839402416041,0.08585889346402109,0.0
2000000.0,600000.0,0.85,553.15,841.7558126862872,3.3261102848601296,74.81322479542204,770.2686981757253,71.48711451056191,0.0849261905093661,0.0
2000000.0,600000.0,0.85,563.15,870.3984222878338,3.3261102848601296,76.44897895657947,797.2755536161144,73.12286867171933,0.08401080103008066,0.0
2000000.0,600000.0,0.85,573.15,899.3477423917965,3.3261102848601296,78.07385914160405,824.5999935350525,74.74774885674391,0.08311328903540008,0.0
2000000.0,600000.0,0.85,583.15,928.6024037951868,3.3261102848601296,79.68881488944264,852.2396991906043,76.3627046045825,0.08223401564812782,0.0
2000000.0,600000.0,0.85,593.15,958.1605863707814,3.3261102848601296,81.29468252034626,880.1920141352953,77.96857223548612,0.08137317830073472,0.0
2000000.0,600000.0,0.85,603.15,988.0201128512131,3.3261102848601296,82.89220228522038,908.4540208508529,79.56609200036024,0.08053084240436123,-1.1368683772161603e-13
2000000.0,600000.0,0.85,613.15,1018.1785238251975,3.3261102848601296,84.4820323668262,937.0226017432316,81.15592208196607,0.0797069670818347,-1.1368683772161603e-13
2000000.0,600000.0,0.85,623.15,1048.6331379988292,3.3261102848601296,86.06476040743478,965.8944878762544,82.73865012257464,0.07890142617509673,0.0
2000000.0,600000.0,0.9,383.15,392.7745623702074,3.3261102848601296,44.99471571861533,351.1059569364522,41.668605433755204,0.10608784128560927,0.0
2000000.0,600000.0,0.9,393.15,419.28942817279113,3.3261102848601296,47.6981153446415,374.91742311300976,44.37200505978137,0.10582667264745693,0.0
2000000.0,600000.0,0.9,403.15,445.0095432548275,3.3261102848601296,50.17137529679947,398.16427824288814,46.84526501193934,0.10526800092714901,5.684341886080802e-14
2000000.0,600000.0,0.9,413.15,470.3736688262366,3.3261102848601296,52.491111066645594,421.20866804445114,49.165000781785466,0.10452328444419746,0.0
2000000.0,600000.0,0.9,423.15,495.6177133662336,3.3261102848601296,54.69986878510739,444.2439548659864,51.37375850024726,0.10365601776279725,-5.684341886080802e-14
2000000.0,600000.0,0.9,433.15,520.881486220583,3.3261102848601296,56.823936051185825,467.3836604542574,53.4978257663257,0.10270632990720353,-1.1368683772161603e-13
2000000.0,600000.0,0.9,443.15,546.2540850034477,3.3261102848601296,58.880893522502504,490.69930176580533,55.554783237642376,0.10170135979356885,0.0
2000000.0,600000.0,0.9,453.15,571.7954069513738,3.3261102848601296,60.88321448018984,514.238302756044,57.557104195329714,0.10066031222986799,0.0
2000000.0,600000.0,0.9,463.15,597.547183950519,3.3261102848601296,62.84013607108232,538.0331581642968,59.51402578622219,0.09959719899064969,0.0
2000000.0,600000.0,0.9,473.15,623.5391320876869,3.3261102848601296,64.75871887610748,562.1065234964395,61.43260859124735,0.09852245902444536,-1.1368683772161603e-13
2000000.0,600000.0,0.9,483.15,649.7926529554964,3.3261102848601296,66.64449404804233,586.4742691923141,63.318383763182204,0.0974439822844824,0.0
2000000.0,600000.0,0.9,493.15,676.323202091093,3.3261102848601296,68.50188202848507,611.147430347468,65.17577174362494,0.09636778916073103,0.0
2000000.0,600000.0,0.9,503.15,703.1418754824916,3.3261102848601296,70.33447514557699,636.1335106217748,67.00836486071685,0.09529849835033097,-1.1368683772161603e-13
2000000.0,600000.0,0.9,513.15,730.2565099103872,3.3261102848601296,72.14523462826584,661.4373855669816,68.8191243434057,0.09423965881776361,-1.1368683772161603e-13
2000000.0,600000.0,0.9,523.15,757.6724674882962,3.3261102848601296,73.93663165353239,687.0619461196239,70.61052136867225,0.09319399133341608,0.0
2000000.0,600000.0,0.9,533.15,785.3932079095439,3.3261102848601296,75.71075063872408,713.00856755568,72.38464035386394,0.09216356803813956,-1.1368683772161603e-13
2000000.0,600000.0,0.9,543.15,813.4207138985199,3.3261102848601296,77.46936638918937,739.2774577941906,74.14325610432924,0.09114994840613211,0.0
2000000.0,600000.0,0.9,553.15,841.7558126862872,3.3261102848601296,79.2140027245644,765.8679202465829,75.88789243970426,0.09015428381483219,0.0
2000000.0,600000.0,0.9,563.15,870.3984222878338,3.3261102848601296,80.94597771873116,792.7785548539628,77.61986743387102,0.0891773990465745,0.0
2000000.0,600000.0,0.9,573.15,899.3477423917965,3.3261102848601296,82.66643909111013,820.0074135855464,79.34032880625,0.08821985653207519,1.1368683772161603e-13
2000000.0,600000.0,0.9,583.15,928.6024037951868,3.3261102848601296,84.37639223588049,847.5521218441664,81.05028195102035,0.08728200747679397,-1.1368683772161603e-13
2000000.0,600000.0,0.9,593.15,958.1605863707814,3.3261102848601296,86.0767226686019,875.4099739870396,82.75061238374177,0.08636403287801236,0.0
2000000.0,600000.0,0.9,603.15,988.0201128512131,3.3261102848601296,87.7682141843508,903.5780089517224,84.44210389949066,0.08546597665487694,0.0
2000000.0,600000.0,0.9,613.15,1018.1785238251975,3.3261102848601296,89.45156368252192,932.0530704275358,86.12545339766179,0.0845877725588798,-1.1368683772161603e-13
2000000.0,600000.0,0.9,623.15,1048.6331379988292,3.3261102848601296,91.12739337257808,960.831854911111,87.80128308771795,0.08372926613331572,2.2737367544323206e-13
2000000.0,650000.0,0.7,383.15,384.64262621415673,3.2343717537339542,32.59251610467758,355.2844818632131,29.358144350943626,0.07632576929889708,0.0
2000000.0,650000.0,0.7,393.15,411.1574920167405,3.2343717537339542,34.574068736503946,379.8177950339705,31.339696982769993,0.07622309599430571,0.0
2000000.0,650000.0,0.7,403.15,436.8776070987768,3.2343717537339542,36.3849762094164,403.7270026430944,33.15060445568245,0.0758807590890947,0.0
2000000.0,650000.0,0.7,413.15,462.24173267018597,3.2343717537339542,38.08208458061423,427.39401984330567,34.847712826880276,0.0753885042477211,5.684341886080802e-14
2000000.0,650000.0,0.7,423.15,487.48577721018296,3.2343717537339542,39.69694326003501,451.0232057038819,36.46257150630106,0.07479720067931328,0.0
2000000.0,650000.0,0.7,433.15,512.7495500645324,3.2343717537339542,41.249037308511205,474.7348845097552,38.01466555477725,0.07413885697216681,0.0
2000000.0,650000.0,0.7,443.15,538.122148847397,3.2343717537339542,42.751397975840725,498.6051226252903,39.51702622210677,0.07343504872778091,0.0
2000000.0,650000.0,0.7,453.15,563.6634707953232,3.2343717537339542,44.21327175969211,522.684570789365,40.97890000595816,0.07270100357601206,0.0
2000000.0,650000.0,0.7,463.15,589.4152477944683,3.2343717537339542,45.6415062429657,547.0081133052365,42.407134489231744,0.07194780699670549,1.1368683772161603e-13
2000000.0,650000.0,0.7,473.15,615.4071959316362,3.2343717537339542,47.04133508754335,571.6002325978269,43.8069633338094,0.07118370344612575,0.0
2000000.0,650000.0,0.7,483.15,641.6607167994457,3.2343717537339542,48.41685782122647,596.4782307319532,45.18248606749252,0.07041491692503678,0.0
2000000.0,650000.0,0.7,493.15,668.1912659350423,3.2343717537339542,49.77135038206948,621.6542873067068,46.536978628335525,0.06964619413756237,0.0
2000000.0,650000.0,0.7,503.15,695.009939326441,3.2343717537339542,51.10747471692331,647.1368363632516,47.87310296318936,0.06888117745421728,0.0
2000000.0,650000.0,0.7,513.15,722.1245737543366,3.2343717537339542,52.42742489512626,672.9315206129443,49.193053141392305,0.06812266876009616,0.0
2000000.0,650000.0,0.7,523.15,749.5405313322456,3.2343717537339542,53.73303170810698,699.0418713778726,50.498659954373025,0.06737282087282977,0.0
2000000.0,650000.0,0.7,533.15,777.2612717534932,3.2343717537339542,55.025839266254565,725.4698042409726,51.79146751252061,0.0666332794321266,0.0
2000000.0,650000.0,0.7,543.15,805.2887777424692,3.2343717537339542,56.30716220542625,752.2159872907769,53.0727904516923,0.06590529002586566,0.0
2000000.0,650000.0,0.7,553.15,833.6238765302365,3.2343717537339542,57.578129157453546,779.280119126517,54.34375740371959,0.0651897803478383,0.0
2000000.0,650000.0,0.7,563.15,862.2664861317832,3.2343717537339542,58.839716293150325,806.6611415923668,55.60534453941637,0.06448742405479276,0.0
2000000.0,650000.0,0.7,573.15,891.2158062357457,3.2343717537339542,60.09277356154565,834.3574044279341,56.858401807811696,0.063798690967978,0.0
2000000.0,650000.0,0.7,583.15,920.4704676391361,3.2343717537339542,61.338045469501054,862.3667939233691,58.1036737157671,0.06312388692360114,0.0
2000000.0,650000.0,0.7,593.15,950.0286502147308,3.2343717537339542,62.57618772142753,890.6868342470372,59.34181596769358,0.06246318566738046,0.0
2000000.0,650000.0,0.7,603.15,979.8881766951624,3.2343717537339542,63.80778067886969,919.3147677700267,60.57340892513574,0.061816654558920936,0.0
2000000.0,650000.0,0.7,613.15,1010.0465876691469,3.2343717537339542,65.03334034830192,948.247619074579,61.79896859456797,0.06118427540771117,0.0
2000000.0,650000.0,0.7,623.15,1040.5012018427783,3.2343717537339542,66.25332742689433,977.482246169618,63.01895567316038,0.06056596144391831,0.0
2000000.0,650000.0,0.75,383.15,384.64262621415673,3.2343717537339542,34.92055296929751,352.9564449985932,31.686181215563558,0.08237823646181561,0.0
2000000.0,650000.0,0.75,393.15,411.1574920167405,3.2343717537339542,37.04364507482562,377.3482186956488,33.809273321091666,0.08222949594146056,0.0
2000000.0,650000.0,0.75,403.15,436.8776070987768,3.2343717537339542,38.98390308151755,401.12807577099323,35.7495313277836,0.0818296263001201,0.0
2000000.0,650000.0,0.75,413.15,462.24173267018597,3.2343717537339542,40.80223347922961,424.6738709446903,37.56786172549566,0.08127319337542528,5.684341886080802e-14
2000000.0,650000.0,0.75,423.15,487.48577721018296,3.2343717537339542,42.5324392071804,448.1877097567365,39.29806745344645,0.08061377232038261,0.0
2000000.0,650000.0,0.75,433.15,512.7495500645324,3.2343717537339542,44.195397116262114,471.7885247020043,40.96102536252816,0.07988505374090135,0.0
2000000.0,650000.0,0.75,443.15,538.122148847397,3.2343717537339542,45.80506925982924,495.5514513413018,42.570697506095286,0.07910972926365768,0.0
2000000.0,650000.0,0.75,453.15,563.6634707953232,3.2343717537339542,47.37136259967007,519.5264799493871,44.13699084593612,0.07830379851236287,0.0
2000000.0,650000.0,0.75,463.15,589.4152477944683,3.2343717537339542,48.90161383174895,543.7480057164533,45.667242078015,0.077478894970731,0.0
2000000.0,650000.0,0.75,473.15,615.4071959316362,3.2343717537339542,50.401430450939344,568.2401372344309,47.16705869720539,0.07664365806740589,0.0
2000000.0,650000.0,0.75,483.15,641.6607167994457,3.2343717537339542,51.87520480845682,593.0198837447228,48.64083305472287,0.0758045985693804,0.0
2000000.0,650000.0,0.75,493.15,668.1912659350423,3.2343717537339542,53.32644683793152,618.0991908508447,50.09207508419757,0.07496667142767956,1.1368683772161603e-13
2000000.0,650000.0,0.75,503.15,695.009939326441,3.2343717537339542,54.758008625274876,643.4863024549002,51.52363687154092,0.07413366911194727,-1.1368683772161603e-13
2000000.0,650000.0,0.75,513.15,722.1245737543366,3.2343717537339542,56.17224095906376,669.1867045490068,52.937869205329804,0.0733084998480318,0.0
2000000.0,650000.0,0.75,523.15,749.5405313322456,3.2343717537339542,57.5711054015432,695.2037976844363,54.33673364780925,0.07249338945184225,1.1368683772161603e-13
2000000.0,650000.0,0.75,533.15,777.2612717534932,3.2343717537339542,58.95625635670125,721.539387150526,55.7218846029673,0.07169003091747941,0.0
2000000.0,650000.0,0.75,543.15,805.2887777424692,3.2343717537339542,60.32910236295662,748.1940471332465,57.094730609222665,0.07089969733501182,0.0
2000000.0,650000.0,0.75,553.15,833.6238765302365,3.2343717537339542,61.69085266870027,775.1673956152703,58.45648091496632,0.07012332847072193,0.0
2000000.0,650000.0,0.75,563.15,862.2664861317832,3.2343717537339542,63.042553171232576,802.4583047142845,59.80818141749862,0.06936159804355185,0.0
2000000.0,650000.0,0.75,573.15,891.2158062357457,3.2343717537339542,64.38511453022738,830.0650634592523,61.15074277649343,0.0686149665980203,0.0
2000000.0,650000.0,0.75,583.15,920.4704676391361,3.2343717537339542,65.7193344316082,857.9855049612619,62.48496267787425,0.06788372345952444,0.0
2000000.0,650000.0,0.75,593.15,950.0286502147308,3.2343717537339542,67.04591541581532,886.2171065526494,63.81154366208136,0.06716802029881765,0.0
2000000.0,650000.0,0.75,603.15,979.8881766951624,3.2343717537339542,68.36547929878883,914.7570691501076,65.13110754505487,0.06646789816846294,0.0
2000000.0,650000.0,0.75,613.15,1010.0465876691469,3.2343717537339542,69.67857894460927,943.6023804782716,66.44420719087532,0.0657833094057637,0.0
2000000.0,650000.0,0.75,623.15,1040.5012018427783,3.2343717537339542,70.98570795738674,972.7498656391256,67.75133620365278,0.06511413546054716,0.0
2000000.0,650000.0,0.8,383.15,384.64262621415673,3.2343717537339542,37.24858983391733,350.6284081339734,34.014218080183376,0.08843070362473385,0.0
2000000.0,650000.0,0.8,393.15,411.1574920167405,3.2343717537339542,39.513221413147406,374.87864235732707,36.27884965941345,0.08823589588861569,0.0
2000000.0,650000.0,0.8,403.15,436.8776070987768,3.2343717537339542,41.5828299536187,398.5291488988921,38.348458199884746,0.08777849351114549,0.0
2000000.0,650000.0,0.8,413.15,462.24173267018597,3.2343717537339542,43.522382377844885,421.95372204607503,40.28801062411093,0.08715788250312921,0.0
2000000.0,650000.0,0.8,423.15,487.48577721018296,3.2343717537339542,45.36793515432579,445.35221380959115,42.13356340059184,0.08643034396145194,0.0
2000000.0,650000.0,0.8,433.15,512.7495500645324,3.2343717537339542,47.14175692401291,468.8421648942535,43.90738517027896,0.08563125050963569,0.0
2000000.0,650000.0,0.8,443.15,538.122148847397,3.2343717537339542,48.858740543817866,492.49778005731315,45.62436879008391,0.08478440979953468,0.0
2000000.0,650000.0,0.8,453.15,563.6634707953232,3.2343717537339542,50.52945343964803,516.368389109409,47.29508168591408,0.08390659344871368,1.1368683772161603e-13
2000000.0,650000.0,0.8,463.15,589.4152477944683,3.2343717537339542,52.16172142053221,540.4878981276701,48.92734966679826,0.08300998294475653,0.0
2000000.0,650000.0,0.8,473.15,615.4071959316362,3.2343717537339542,53.76152581433521,564.880041871035,50.527154060601255,0.08210361268868582,0.0
2000000.0,650000.0,0.8,483.15,641.6607167994457,3.2343717537339542,55.33355179568729,589.5615367574924,52.09918004195334,0.08119428021372423,0.0
2000000.0,650000.0,0.8,493.15,668.1912659350423,3.2343717537339542,56.88154329379368,614.5440943949826,53.64717154005973,0.08028714871779691,0.0
2000000.0,650000.0,0.8,503.15,695.009939326441,3.2343717537339542,58.408542533626544,639.8357685465485,55.17417077989259,0.07938616076967742,-1.1368683772161603e-13
2000000.0,650000.0,0.8,513.15,722.1245737543366,3.2343717537339542,59.91705702300137,665.4418884850692,56.68268526926742,0.07849433093596757,0.0
2000000.0,650000.0,0.8,523.15,749.5405313322456,3.2343717537339542,61.40917909497931,691.3657239910002,58.174807341245355,0.0776139580308546,0.0
2000000.0,650000.0,0.8,533.15,777.2612717534932,3.2343717537339542,62.88667344714806,717.6089700600792,59.65230169341411,0.07674678240283238,0.0
2000000.0,650000.0,0.8,543.15,805.2887777424692,3.2343717537339542,64.35104252048721,744.1721069757159,61.11667076675326,0.07589410464415826,0.0
2000000.0,650000.0,0.8,553.15,833.6238765302365,3.2343717537339542,65.803576179947,771.0546721040236,62.56920442621305,0.07505687659360556,0.0
2000000.0,650000.0,0.8,563.15,862.2664861317832,3.2343717537339542,67.2453900493146,798.2554678362025,64.01101829558064,0.07423577203231069,1.1368683772161603e-13
2000000.0,650000.0,0.8,573.15,891.2158062357457,3.2343717537339542,68.67745549890911,825.7727224905706,65.44308374517516,0.07343124222806262,0.0
2000000.0,650000.0,0.8,583.15,920.4704676391361,3.2343717537339542,70.1006233937156,853.6042159991545,66.86625163998164,0.07264355999544797,0.0
2000000.0,650000.0,0.8,593.15,950.0286502147308,3.2343717537339542,71.51564311020309,881.7473788582616,68.28127135646913,0.0718728549302548,0.0
2000000.0,650000.0,0.8,603.15,979.8881766951624,3.2343717537339542,72.92317791870819,910.1993705301882,69.68880616497424,0.07111914177800517,0.0
2000000.0,650000.0,0.8,613.15,1010.0465876691469,3.2343717537339542,74.32381754091661,938.9571418819643,71.08944578718265,0.07038234340381622,0.0
2000000.0,650000.0,0.8,623.15,1040.5012018427783,3.2343717537339542,75.71808848787914,968.0174851086332,72.48371673414519,0.069662309477176,0.0
2000000.0,650000.0,0.85,383.15,384.64262621415673,3.2343717537339542,39.57662669853715,348.30037126935355,36.342254944803194,0.09448317078765209,0.0
2000000.0,650000.0,0.85,393.15,411.1574920167405,3.2343717537339542,41.98279775146907,372.40906601900537,38.74842599773512,0.09424229583577054,0.0
2000000.0,650000.0,0.85,403.15,436.8776070987768,3.2343717537339542,44.181756825719845,395.93022202679094,40.94738507198589,0.09372736072217087,0.0
2000000.0,650000.0,0.85,413.15,462.24173267018597,3.2343717537339542,46.242531276460156,419.23357314745977,43.0081595227262,0.09304257163083314,0.0
2000000.0,650000.0,0.85,423.15,487.48577721018296,3.2343717537339542,48.20343110147119,442.5167178624457,44.969059347737236,0.09224691560252127,0.0
2000000.0,650000.0,0.85,433.15,512.7495500645324,3.2343717537339542,50.0881167317637,465.89580508650266,46.853744978029745,0.09137744727837,0.0
2000000.0,650000.0,0.85,443.15,538.122148847397,3.2343717537339542,51.9124118278065,489.4441087733245,48.67804007407255,0.09045909033541169,0.0
2000000.0,650000.0,0.85,453.15,563.6634707953232,3.2343717537339542,53.6875442796261,513.210298269431,50.45317252589215,0.08950938838506468,1.1368683772161603e-13
2000000.0,650000.0,0.85,463.15,589.4152477944683,3.2343717537339542,55.421829009315466,537.2277905388868,52.18745725558151,0.08854107091878205,0.0
2000000.0,650000.0,0.85,473.15,615.4071959316362,3.2343717537339542,57.1216211777312,561.519946507639,53.88724942399725,0.08756356730996598,0.0
2000000.0,650000.0,0.85,483.15,641.6607167994457,3.2343717537339542,58.79189878291776,586.1031897702619,55.55752702918381,0.08658396185806805,0.0
2000000.0,650000.0,0.85,493.15,668.1912659350423,3.2343717537339542,60.436639749655846,610.9889979391204,57.20226799592189,0.08560762600791427,1.1368683772161603e-13
2000000.0,650000.0,0.85,503.15,695.009939326441,3.2343717537339542,62.05907644197822,636.1852346381968,58.82470468824427,0.08463865242740758,-1.1368683772161603e-13
2000000.0,650000.0,0.85,513.15,722.1245737543366,3.2343717537339542,63.66187308693898,661.6970724211316,60.42750133320503,0.08368016202390335,0.0
2000000.0,650000.0,0.85,523.15,749.5405313322456,3.2343717537339542,65.24725278841552,687.527650297564,62.01288103468157,0.08273452660986706,0.0
2000000.0,650000.0,0.85,533.15,777.2612717534932,3.2343717537339542,66.81709053759475,713.6785529696324,63.5827187838608,0.08180353388818519,1.1368683772161603e-13
2000000.0,650000.0,0.85,543.15,805.2887777424692,3.2343717537339542,68.37298267801758,740.1501668181855,65.13861092428363,0.08088851195330442,0.0
2000000.0,650000.0,0.85,553.15,833.6238765302365,3.2343717537339542,69.91629969119374,766.9419485927767,66.68192793745979,0.07999042471648922,0.0
2000000.0,650000.0,0.85,563.15,862.2664861317832,3.2343717537339542,71.44822692739685,794.0526309581202,68.21385517366289,0.0791099460210698,1.1368683772161603e-13
2000000.0,650000.0,0.85,573.15,891.2158062357457,3.2343717537339542,72.96979646759108,821.4803815218886,69.73542471385713,0.07824751785810519,0.0
2000000.0,650000.0,0.85,583.15,920.4704676391361,3.2343717537339542,74.48191235582274,849.2229270370474,71.24754060208879,0.07740339653137127,0.0
2000000.0,650000.0,0.85,593.15,950.0286502147308,3.2343717537339542,75.98537080459064,877.2776511638741,72.75099905085669,0.07657768956169175,0.0
2000000.0,650000.0,0.85,603.15,979.8881766951624,3.2343717537339542,77.48087653862731,905.6416719102691,74.24650478489336,0.07577038538754716,0.0
2000000.0,650000.0,0.85,613.15,1010.0465876691469,3.2343717537339542,78.96905613722396,934.311903285657,75.73468438349,0.07498137740186873,0.0
2000000.0,650000.0,0.85,623.15,1040.5012018427783,3.2343717537339542,80.45046901837155,963.2851045781408,77.2160972646376,0.07421048349380484,0.0
2000000.0,650000.0,0.9,383.15,384.64262621415673,3.2343717537339542,41.904663563156966,345.9723344047337,38.67029180942301,0.10053563795057033,0.0
2000000.0,650000.0,0.9,393.15,411.1574920167405,3.2343717537339542,44.452374089790744,369.9394896806837,41.21800233605679,0.10024869578292539,0.0
2000000.0,650000.0,0.9,403.15,436.8776070987768,3.2343717537339542,46.780683697821104,393.3312951546897,43.54631194408715,0.09967622793319651,0.0
2000000.0,650000.0,0.9,413.15,462.24173267018597,3.2343717537339542,48.96268017507543,416.5134242488445,45.728308421341474,0.09892726075853707,0.0
2000000.0,650000.0,0.9,423.15,487.48577721018296,3.2343717537339542,51.03892704861658,439.68122191530034,47.804555294882626,0.0980634872435906,0.0
2000000.0,650000.0,0.9,433.15,512.7495500645324,3.2343717537339542,53.03447653951449,462.9494452787519,49.80010478578054,0.09712364404710432,0.0
2000000.0,650000.0,0.9,443.15,538.122148847397,3.2343717537339542,54.96608311179513,486.3904374893359,51.731711358061176,0.09613377087128869,0.0
2000000.0,650000.0,0.9,453.15,563.6634707953232,3.2343717537339542,56.84563511960406,510.052207429453,53.61126336587011,0.0951121833214155,1.1368683772161603e-13
2000000.0,650000.0,0.9,463.15,589.4152477944683,3.2343717537339542,58.68193659809872,533.9676829501035,55.44756484436477,0.09407215889280757,1.1368683772161603e-13
2000000.0,650000.0,0.9,473.15,615.4071959316362,3.2343717537339542,60.481716541127184,558.159851144243,57.24734478739323,0.0930235219312461,0.0
2000000.0,650000.0,0.9,483.15,641.6607167994457,3.2343717537339542,62.25024577014823,582.6448427830314,59.01587401641428,0.09197364350241187,0.0
2000000.0,650000.0,0.9,493.15,668.1912659350423,3.2343717537339542,63.991736205517896,607.4339014832583,60.75736445178394,0.09092810329803147,1.1368683772161603e-13
2000000.0,650000.0,0.9,503.15,695.009939326441,3.2343717537339542,65.7096103503299,632.5347007298451,62.47523859659594,0.08989114408513774,0.0
2000000.0,650000.0,0.9,513.15,722.1245737543366,3.2343717537339542,67.40668915087649,657.9522563571941,64.17231739714254,0.08886599311183899,0.0
2000000.0,650000.0,0.9,523.15,749.5405313322456,3.2343717537339542,69.08532648185175,683.6895766041278,65.8509547281178,0.08785509518887956,0.0
2000000.0,650000.0,0.9,533.15,777.2612717534932,3.2343717537339542,70.74750762804155,709.7481358791856,67.5131358743076,0.08686028537353813,0.0
2000000.0,650000.0,0.9,543.15,805.2887777424692,3.2343717537339542,72.39492283554794,736.1282266606552,69.16055108181399,0.08588291926245058,0.0
2000000.0,650000.0,0.9,553.15,833.6238765302365,3.2343717537339542,74.02902320244024,762.8292250815302,70.79465144870629,0.08492397283937259,0.0
2000000.0,650000.0,0.9,563.15,862.2664861317832,3.2343717537339542,75.6510638054791,789.849794080038,72.41669205174514,0.0839841200098289,0.0
2000000.0,650000.0,0.9,573.15,891.2158062357457,3.2343717537339542,77.26213743627281,817.188040553207,74.02776568253886,0.08306379348814749,-1.1368683772161603e-13
2000000.0,650000.0,0.9,583.15,920.4704676391361,3.2343717537339542,78.86320131792989,844.8416380749402,75.62882956419594,0.08216323306729455,0.0
2000000.0,650000.0,0.9,593.15,950.0286502147308,3.2343717537339542,80.45509849897842,872.8079234694862,77.22072674524446,0.08128252419312891,1.1368683772161603e-13
2000000.0,650000.0,0.9,603.15,979.8881766951624,3.2343717537339542,82.03857515854668,901.0839732903497,78.80420340481272,0.08042162899708939,0.0
2000000.0,650000.0,0.9,613.15,1010.0465876691469,3.2343717537339542,83.61429473353107,929.6666646893498,80.37992297979712,0.07958041139992103,0.0
2000000.0,650000.0,0.9,623.15,1040.5012018427783,3.2343717537339542,85.18284954886418,958.5527240476481,81.94847779513023,0.0787586575104339,0.0
2000000.0,700000.0,0.7,383.15,376.89417240040444,3.1400637452938827,30.369551196435467,349.6646849492629,27.229487451141583,0.07224703761726925,0.0
2000000.0,700000.0,0.7,393.15,403.4090382029882,3.1400637452938827,32.23745860472973,374.31164334355236,29.09739485943585,0.07212876287812511,0.0
2000000.0,700000.0,0.7,403.15,429.1291532850246,3.1400637452938827,33.94271412782313,398.32650290249535,30.802650382529247,0.0717794401679122,0.0
2000000.0,700000.0,0.7,413.15,454.4932788564337,3.1400637452938827,35.53954196815344,422.0938006335741,32.399478222859564,0.07128703488064998,0.0
2000000.0,700000.0,0.7,423.15,479.7373233964307,3.1400637452938827,37.05801504810935,445.81937209361524,33.91795130281547,0.0707010892183333,5.684341886080802e-14
2000000.0,700000.0,0.7,433.15,505.00109625078017,3.1400637452938827,38.516699024405334,469.6244609716687,35.376635279111454,0.07005259105723535,0.0
2000000.0,700000.0,0.7,443.15,530.3736950336448,3.1400637452938827,39.92801043013169,493.585748348807,36.78794668483781,0.06936231383516132,0.0
2000000.0,700000.0,0.7,453.15,555.9150169815708,3.1400637452938827,41.30076024938375,517.754320477481,38.16069650408987,0.0686448383986629,0.0
2000000.0,700000.0,0.7,463.15,581.6667939807161,3.1400637452938827,42.64147335019079,542.1653843758191,39.501409604896914,0.06791071798093136,0.0
2000000.0,700000.0,0.7,473.15,607.658742117884,3.1400637452938827,43.955136227510174,566.8436696356677,40.815072482216294,0.06716775330173443,1.1368683772161603e-13
2000000.0,700000.0,0.7,483.15,633.9122629856934,3.1400637452938827,45.245654321994515,591.8066724089928,42.105590576700635,0.0664217953102619,0.0
2000000.0,700000.0,0.7,493.15,660.44281212129,3.1400637452938827,46.51614809769345,617.0667277688905,43.37608435239957,0.06567727524065108,0.0
2000000.0,700000.0,0.7,503.15,687.2614855126888,3.1400637452938827,47.7691528743722,642.6323963836104,44.629089129078324,0.06493756753411777,0.0
2000000.0,700000.0,0.7,513.15,714.3761199405843,3.1400637452938827,49.00675812144578,668.5094255644324,45.8666943761519,0.06420524580240265,1.1368683772161603e-13
2000000.0,700000.0,0.7,523.15,741.7920775184933,3.1400637452938827,50.2307071674855,694.7014340963017,47.09064342219162,0.06348226794187839,0.0
2000000.0,700000.0,0.7,533.15,769.5128179397409,3.1400637452938827,51.442470211184116,721.2104114738507,48.302406465890236,0.06277011290755745,0.0
2000000.0,700000.0,0.7,543.15,797.5403239287169,3.1400637452938827,52.64329884632677,748.0370888276841,49.50323510103289,0.06206988363569868,0.0
2000000.0,700000.0,0.7,553.15,825.8754227164843,3.1400637452938827,53.834267492039594,775.1812189697386,50.694203746745714,0.06138238571139631,1.1368683772161603e-13
2000000.0,700000.0,0.7,563.15,854.5180323180308,3.1400637452938827,55.01630535939173,802.641790703933,51.87624161409785,0.06070818830279614,0.0
2000000.0,700000.0,0.7,573.15,883.4673524219935,3.1400637452938827,56.19022145571466,830.4171947115727,53.050157710420784,0.060047671897536126,0.0
2000000.0,700000.0,0.7,583.15,912.7220138253839,3.1400637452938827,57.35672438477655,858.5053531859012,54.21666063948267,0.059401066061999304,1.1368683772161603e-13
2000000.0,700000.0,0.7,593.15,942.2801964009785,3.1400637452938827,58.516438200895905,886.9038219453764,55.376374455602026,0.05876847955322742,1.1368683772161603e-13
2000000.0,700000.0,0.7,603.15,972.1397228814102,3.1400637452938827,59.66991523195314,915.6098713947509,56.52985148665926,0.05814992449758711,0.0
2000000.0,700000.0,0.7,613.15,1002.2981338553947,3.1400637452938827,60.817646546551494,944.6205510541371,57.677582801257614,0.05754533591656769,0.0
2000000.0,700000.0,0.7,623.15,1032.7527480290262,3.1400637452938827,61.96007057030569,973.9327412040143,58.82000682501181,0.05695458756925877,0.0
2000000.0,700000.0,0.75,383.15,376.89417240040444,3.1400637452938827,32.53880485332373,347.49543129237463,29.39874110802985,0.07800264175164068,0.0
2000000.0,700000.0,0.75,393.15,403.4090382029882,3.1400637452938827,34.54013421935332,372.0089677289288,31.400070474059437,0.07783680458408442,0.0
2000000.0,700000.0,0.75,403.15,429.1291532850246,3.1400637452938827,36.36719370838196,395.9020233219365,33.22712996308808,0.07742920682207498,0.0
2000000.0,700000.0,0.75,413.15,454.4932788564337,3.1400637452938827,38.07808068016439,419.55526192156316,34.93801693487051,0.07687246117869832,0.0
2000000.0,700000.0,0.75,423.15,479.7373233964307,3.1400637452938827,39.70501612297434,443.17237101875025,36.56495237768046,0.07621869426128647,0.0
2000000.0,700000.0,0.75,433.15,505.00109625078017,3.1400637452938827,41.26789181186294,466.8732681842111,38.12782806656906,0.07550048574079735,0.0
2000000.0,700000.0,0.75,443.15,530.3736950336448,3.1400637452938827,42.78001117514109,490.7337476037976,39.63994742984721,0.07473965583329431,0.0
2000000.0,700000.0,0.75,453.15,555.9150169815708,3.1400637452938827,44.250814552911095,514.8042661739537,41.110750807617215,0.07395150257108467,-1.1368683772161603e-13
2000000.0,700000.0,0.75,463.15,581.6667939807161,3.1400637452938827,45.68729287520435,539.1195648508055,42.54722912991047,0.07314708278038824,1.1368683772161603e-13
2000000.0,700000.0,0.75,473.15,607.658742117884,3.1400637452938827,47.0947888151895,563.7040170479884,43.95472506989562,0.07233455560385657,0.0
2000000.0,700000.0,0.75,483.15,633.9122629856934,3.1400637452938827,48.47748677356553,588.5748399574218,45.33742302827165,0.07152002836281282,0.0
2000000.0,700000.0,0.75,493.15,660.44281212129,3.1400637452938827,49.838730104671555,613.7441457619124,46.698666359377675,0.07070811507416555,0.0
2000000.0,700000.0,0.75,503.15,687.2614855126888,3.1400637452938827,51.18123522254161,639.220314035441,48.04117147724773,0.06990231882615916,0.0
2000000.0,700000.0,0.75,513.15,714.3761199405843,3.1400637452938827,52.50724084440619,665.0089428414719,49.36717709911231,0.06910530142471483,1.1368683772161603e-13
2000000.0,700000.0,0.75,523.15,741.7920775184933,3.1400637452938827,53.818614822305854,691.1135264414813,50.678551077011974,0.06831907836835656,0.0
2000000.0,700000.0,0.75,533.15,769.5128179397409,3.1400637452938827,55.11693236912578,717.5359493159091,51.9768686238319,0.06754516287719864,0.0
2000000.0,700000.0,0.75,543.15,797.5403239287169,3.1400637452938827,56.40353447820712,744.2768531958037,53.26347073291324,0.06678467424761066,0.0
2000000.0,700000.0,0.75,553.15,825.8754227164843,3.1400637452938827,57.67957231289963,771.3359141488785,54.53950856760575,0.0660384206472853,1.1368683772161603e-13
2000000.0,700000.0,0.75,563.15,854.5180323180308,3.1400637452938827,58.94604145649122,798.7120546068335,55.80597771119734,0.06530696322441996,0.0
2000000.0,700000.0,0.75,573.15,883.4673524219935,3.1400637452938827,60.20380870255153,826.4036074647358,57.06374495725765,0.0645906663113464,0.0
2000000.0,700000.0,0.75,583.15,912.7220138253839,3.1400637452938827,61.45363326940336,854.4084443012744,58.31356952410948,0.06388973711689797,1.1368683772161603e-13
2000000.0,700000.0,0.75,593.15,942.2801964009785,3.1400637452938827,62.6961837866744,882.7240763595979,59.556120041380524,0.06320425736299458,1.1368683772161603e-13
2000000.0,700000.0,0.75,603.15,972.1397228814102,3.1400637452938827,63.93205203423556,911.3477345924684,60.79198828894168,0.06253420867193347,1.1368683772161603e-13
2000000.0,700000.0,0.75,613.15,1002.2981338553947,3.1400637452938827,65.16176415701956,940.276433443669,62.02170041172568,0.061879493053784124,0.0
2000000.0,700000.0,0.75,623.15,1032.7527480290262,3.1400637452938827,66.38578989675618,969.5070218775638,63.2457261514623,0.06123994951566543,0.0
2000000.0,700000.0,0.8,383.15,376.89417240040444,3.1400637452938827,34.708058510212,345.3261776354864,31.567994764918115,0.0837582458860121,-5.684341886080802e-14
2000000.0,700000.0,0.8,393.15,403.4090382029882,3.1400637452938827,36.84280983397691,369.7062921143052,33.70274608868303,0.08354484629004373,0.0
2000000.0,700000.0,0.8,403.15,429.1291532850246,3.1400637452938827,38.791673288940686,393.47754374137776,35.651609543646806,0.08307897347623748,5.684341886080802e-14
2000000.0,700000.0,0.8,413.15,454.4932788564337,3.1400637452938827,40.61661939217546,417.01672320955214,37.47655564688158,0.08245788747674694,0.0
2000000.0,700000.0,0.8,423.15,479.7373233964307,3.1400637452938827,42.35201719783922,440.5253699438854,39.21195345254534,0.08173629930423937,0.0
2000000.0,700000.0,0.8,433.15,505.00109625078017,3.1400637452938827,44.01908459932043,464.1220753967536,40.87902085402655,0.08094838042435912,5.684341886080802e-14
2000000.0,700000.0,0.8,443.15,530.3736950336448,3.1400637452938827,45.6320119201506,487.88174685878806,42.491948174856724,0.08011699783142752,1.1368683772161603e-13
2000000.0,700000.0,0.8,453.15,555.9150169815708,3.1400637452938827,47.200868856438554,511.8542118704262,44.060805111144674,0.07925816674350665,0.0
2000000.0,700000.0,0.8,463.15,581.6667939807161,3.1400637452938827,48.733112400218026,536.0737453257918,45.59304865492415,0.07838344757984532,1.1368683772161603e-13
2000000.0,700000.0,0.8,473.15,607.658742117884,3.1400637452938827,50.23444140286883,560.564364460309,47.09437765757495,0.07750135790597872,1.1368683772161603e-13
2000000.0,700000.0,0.8,483.15,633.9122629856934,3.1400637452938827,51.70931922513654,585.3430075058508,48.56925547984266,0.07661826141536374,0.0
2000000.0,700000.0,0.8,493.15,660.44281212129,3.1400637452938827,53.161312111649664,610.4215637549343,50.021248366355785,0.07573895490768004,0.0
2000000.0,700000.0,0.8,503.15,687.2614855126888,3.1400637452938827,54.593317570711136,635.8082316872715,51.45325382541726,0.07486707011820072,0.0
2000000.0,700000.0,0.8,513.15,714.3761199405843,3.1400637452938827,56.0077235673666,661.5084601185116,52.86765982207272,0.07400535704702699,0.0
2000000.0,700000.0,0.8,523.15,741.7920775184933,3.1400637452938827,57.40652247712622,687.525618786661,54.26645873183234,0.07315588879483476,0.0
2000000.0,700000.0,0.8,533.15,769.5128179397409,3.1400637452938827,58.791394527067546,713.8614871579673,55.651330781773666,0.07232021284683995,0.0
2000000.0,700000.0,0.8,543.15,797.5403239287169,3.1400637452938827,60.163770110087704,740.5166175639231,57.023706364793824,0.07149946485952292,0.0
2000000.0,700000.0,0.8,553.15,825.8754227164843,3.1400637452938827,61.52487713375967,767.4906093280185,58.38481338846579,0.07069445558317429,0.0
2000000.0,700000.0,0.8,563.15,854.5180323180308,3.1400637452938827,62.87577755359048,794.7823185097342,59.7357138082966,0.0699057381460435,0.0
2000000.0,700000.0,0.8,573.15,883.4673524219935,3.1400637452938827,64.21739594938839,822.390020217899,61.07733220409451,0.06913366072515666,1.1368683772161603e-13
2000000.0,700000.0,0.8,583.15,912.7220138253839,3.1400637452938827,65.55054215403041,850.3115354166473,62.41047840873653,0.06837840817179687,1.1368683772161603e-13
2000000.0,700000.0,0.8,593.15,942.2801964009785,3.1400637452938827,66.87592937245266,878.5443307738198,63.73586562715878,0.06764003517276147,0.0
2000000.0,700000.0,0.8,603.15,972.1397228814102,3.1400637452938827,68.19418883651798,907.0855977901861,65.0541250912241,0.06691849284627982,1.1368683772161603e-13
2000000.0,700000.0,0.8,613.15,1002.2981338553947,3.1400637452938827,69.50588176748762,935.932315833201,66.36581802219374,0.06621365019100053,0.0
2000000.0,700000.0,0.8,623.15,1032.7527480290262,3.1400637452938827,70.81150922320643,965.0813025511135,67.67144547791254,0.06552531146207184,2.2737367544323206e-13
2000000.0,700000.0,0.85,383.15,376.89417240040444,3.1400637452938827,36.87731216710014,343.15692397859823,33.737248421806264,0.08951385002038323,-5.684341886080802e-14
2000000.0,700000.0,0.85,393.15,403.4090382029882,3.1400637452938827,39.14548544860049,367.4036164996816,36.00542170330661,0.08925288799600302,0.0
2000000.0,700000.0,0.85,403.15,429.1291532850246,3.1400637452938827,41.216152869499524,391.0530641608189,38.076089124205645,0.08872874013040026,5.684341886080802e-14
2000000.0,700000.0,0.85,413.15,454.4932788564337,3.1400637452938827,43.15515810418641,414.4781844975412,40.01509435889253,0.08804331377479531,0.0
2000000.0,700000.0,0.85,423.15,479.7373233964307,3.1400637452938827,44.99901827270421,437.8783688690204,41.85895452741033,0.08725390434719252,0.0
2000000.0,700000.0,0.85,433.15,505.00109625078017,3.1400637452938827,46.77027738677792,461.37088260929613,43.63021364148404,0.08639627510792089,0.0
2000000.0,700000.0,0.85,443.15,530.3736950336448,3.1400637452938827,48.48401266516,485.0297461137787,45.34394891986612,0.08549433982956052,0.0
2000000.0,700000.0,0.85,453.15,555.9150169815708,3.1400637452938827,50.1509231599659,508.90415756689885,47.01085941467202,0.08456483091592842,0.0
2000000.0,700000.0,0.85,463.15,581.6667939807161,3.1400637452938827,51.77893192523159,533.0279258007783,48.63886817993771,0.0836198123793022,0.0
2000000.0,700000.0,0.85,473.15,607.658742117884,3.1400637452938827,53.37409399054816,557.4247118726297,50.23403024525428,0.08266816020810086,0.0
2000000.0,700000.0,0.85,483.15,633.9122629856934,3.1400637452938827,54.94115167670755,582.1111750542798,51.80108793141367,0.08171649446791465,-1.1368683772161603e-13
2000000.0,700000.0,0.85,493.15,660.44281212129,3.1400637452938827,56.48389411862777,607.0989817479561,53.34383037333389,0.08076979474119451,0.0
2000000.0,700000.0,0.85,503.15,687.2614855126888,3.1400637452938827,58.00539991888055,632.3961493391021,54.86533617358667,0.07983182141024212,0.0
2000000.0,700000.0,0.85,513.15,714.3761199405843,3.1400637452938827,59.50820629032701,658.0079773955512,56.36814254503313,0.07890541266933916,0.0
2000000.0,700000.0,0.85,523.15,741.7920775184933,3.1400637452938827,60.99443013194657,683.9377111318406,57.85436638665269,0.07799269922131292,0.0
2000000.0,700000.0,0.85,533.15,769.5128179397409,3.1400637452938827,62.4658566850092,710.1870250000256,59.32579293971532,0.07709526281648113,0.0
2000000.0,700000.0,0.85,543.15,797.5403239287169,3.1400637452938827,63.92400574196805,736.7563819320428,60.78394199667417,0.0762142554714349,0.0
2000000.0,700000.0,0.85,553.15,825.8754227164843,3.1400637452938827,65.37018195461971,763.6453045071585,62.23011820932583,0.07535049051906328,0.0
2000000.0,700000.0,0.85,563.15,854.5180323180308,3.1400637452938827,66.80551365068997,790.8525824126348,63.665449905396095,0.07450451306766732,0.0
2000000.0,700000.0,0.85,573.15,883.4673524219935,3.1400637452938827,68.23098319622501,818.3764329710624,65.09091945093112,0.07367665513896665,0.0
2000000.0,700000.0,0.85,583.15,912.7220138253839,3.1400637452938827,69.64745103865722,846.2146265320205,66.50738729336334,0.07286707922669552,1.1368683772161603e-13
2000000.0,700000.0,0.85,593.15,942.2801964009785,3.1400637452938827,71.05567495823092,874.3645851880415,67.91561121293704,0.07207581298252838,0.0
2000000.0,700000.0,0.85,603.15,972.1397228814102,3.1400637452938827,72.4563256388004,902.8234609879037,69.3162618935065,0.07130277702062617,0.0
2000000.0,700000.0,0.85,613.15,1002.2981338553947,3.1400637452938827,73.84999937795546,931.5881982227331,70.70993563266157,0.07054780732821674,0.0
2000000.0,700000.0,0.85,623.15,1032.7527480290262,3.1400637452938827,75.23722854965692,960.655583224663,72.09716480436303,0.0698106734084785,2.2737367544323206e-13
2000000.0,700000.0,0.9,383.15,376.89417240040444,3.1400637452938827,39.04656582398841,340.98767032170997,35.90650207869453,0.09526945415475466,-5.684341886080802e-14
2000000.0,700000.0,0.9,393.15,403.4090382029882,3.1400637452938827,41.448161063223964,365.10094088505815,38.308097317930084,0.09496092970196204,0.0
2000000.0,700000.0,0.9,403.15,429.1291532850246,3.1400637452938827,43.640632450058355,388.6285845802601,40.500568704764476,0.09437850678456301,0.0
2000000.0,700000.0,0.9,413.15,454.4932788564337,3.1400637452938827,45.69369681619737,411.9396457855302,42.55363307090349,0.09362874007284368,0.0
2000000.0,700000.0,0.9,423.15,479.7373233964307,3.1400637452938827,47.64601934756921,435.2313677941554,44.50595560227533,0.09277150939014568,0.0
2000000.0,700000.0,0.9,433.15,505.00109625078017,3.1400637452938827,49.52147017423541,458.6196898218386,46.38140642894153,0.09184416979148266,5.684341886080802e-14
2000000.0,700000.0,0.9,443.15,530.3736950336448,3.1400637452938827,51.3360134101694,482.17774536876925,48.19594966487552,0.0908716818276935,1.1368683772161603e-13
2000000.0,700000.0,0.9,453.15,555.9150169815708,3.1400637452938827,53.10097746349336,505.9541032633714,49.96091371819948,0.0898714950883504,0.0
2000000.0,700000.0,0.9,463.15,581.6667939807161,3.1400637452938827,54.824751450245266,529.9821062757646,51.684687704951386,0.0888561771787593,1.1368683772161603e-13
2000000.0,700000.0,0.9,473.15,607.658742117884,3.1400637452938827,56.5137465782275,554.2850592849504,53.37368283293362,0.08783496251022302,0.0
2000000.0,700000.0,0.9,483.15,633.9122629856934,3.1400637452938827,58.17298412827868,578.8793426027086,55.0329203829848,0.08681472752046575,0.0
2000000.0,700000.0,0.9,493.15,660.44281212129,3.1400637452938827,59.80647612560587,603.776399740978,56.66641238031199,0.08580063457470899,0.0
2000000.0,700000.0,0.9,503.15,687.2614855126888,3.1400637452938827,61.417482267049955,628.9840669909327,58.277418521756076,0.08479657270228351,0.0
2000000.0,700000.0,0.9,513.15,714.3761199405843,3.1400637452938827,63.00868901328742,654.5074946725907,59.868625267993544,0.08380546829165132,1.1368683772161603e-13
2000000.0,700000.0,0.9,523.15,741.7920775184933,3.1400637452938827,64.58233778676693,680.3498034770203,61.44227404147305,0.08282950964779111,0.0
2000000.0,700000.0,0.9,533.15,769.5128179397409,3.1400637452938827,66.14031884295098,706.5125628420839,63.000255097657096,0.08187031278612246,0.0
2000000.0,700000.0,0.9,543.15,797.5403239287169,3.1400637452938827,67.68424137384864,732.9961463001622,64.54417762855475,0.08092904608334715,0.0
2000000.0,700000.0,0.9,553.15,825.8754227164843,3.1400637452938827,69.21548677547975,759.7999996862984,66.07542303018586,0.08000652545495227,0.0
2000000.0,700000.0,0.9,563.15,854.5180323180308,3.1400637452938827,70.73524974778947,786.9228463155353,67.59518600249558,0.07910328798929113,0.0
2000000.0,700000.0,0.9,573.15,883.4673524219935,3.1400637452938827,72.24457044306187,814.3628457242255,69.10450669776799,0.07821964955277691,0.0
2000000.0,700000.0,0.9,583.15,912.7220138253839,3.1400637452938827,73.74435992328404,842.1177176473936,70.60429617799015,0.07735575028159418,1.1368683772161603e-13
2000000.0,700000.0,0.9,593.15,942.2801964009785,3.1400637452938827,75.23542054400919,870.1848396022632,72.0953567987153,0.07651159079229529,0.0
2000000.0,700000.0,0.9,603.15,972.1397228814102,3.1400637452938827,76.71846244108258,898.5613241856215,73.57839869578869,0.07568706119497229,0.0
2000000.0,700000.0,0.9,613.15,1002.2981338553947,3.1400637452938827,78.19411698842352,927.2440806122651,75.05405324312963,0.07488196446543316,0.0
2000000.0,700000.0,0.9,623.15,1032.7527480290262,3.1400637452938827,79.66294787610741,956.2298638982126,76.52288413081352,0.07409603535488515,2.2737367544323206e-13
2200000.0,500000.0,0.7,383.15,400.37968374535126,3.966544672710297,41.67277387608867,362.6734545419729,37.70622920337837,0.09417618009649115,0.0
2200000.0,500000.0,0.7,393.15,428.9400214023652,3.966544672710297,44.50640747530444,388.40015859977103,40.53986280259414,0.09451172839982193,0.0
2200000.0,500000.0,0.7,403.15,455.8679736317104,3.966544672710297,47.010188561931486,412.8243297424892,43.04364388922119,0.09442129383713971,0.0
2200000.0,500000.0,0.7,413.15,482.0557000918563,3.966544672710297,49.31796569477127,436.70427906979535,45.35142102206097,0.09407921328057982,0.0
2200000.0,500000.0,0.7,423.15,507.90959910860636,3.966544672710297,51.492850062116744,460.3832937191999,47.526305389406446,0.09357237089595523,0.0
2200000.0,500000.0,0.7,433.15,533.6492116486683,3.966544672710297,53.57036299557053,484.04539332580805,49.60381832286023,0.09295210644013328,-1.1368683772161603e-13
2200000.0,500000.0,0.7,443.15,559.4066280102941,3.966544672710297,55.572850135917776,507.8003225470866,51.60630546320748,0.09225186631549498,0.0
2200000.0,500000.0,0.7,453.15,585.2674254347457,3.966544672710297,57.51549182303727,531.7184782844188,53.548947150326974,0.09149483607523515,0.0
2200000.0,500000.0,0.7,463.15,611.2898442753283,3.966544672710297,59.409175034187385,555.8472139138512,55.442630361477086,0.09069777762659087,0.0
2200000.0,500000.0,0.7,473.15,637.5147954403409,3.966544672710297,61.262019804616806,580.2193203084344,57.29547513190651,0.08987316928437979,0.0
2200000.0,500000.0,0.7,483.15,663.9715852821527,3.966544672710297,63.080264950486246,604.8578650043768,59.11372027777595,0.08903049706962347,-1.1368683772161603e-13
2200000.0,500000.0,0.7,493.15,690.6814326916582,3.966544672710297,64.86881829431164,629.7791590700568,60.90227362160134,0.08817708242750753,0.0
2200000.0,500000.0,0.7,503.15,717.6597477343379,3.966544672710297,66.63161623744864,654.9946761695996,62.66507156473834,0.08731863778423253,-1.1368683772161603e-13
2200000.0,500000.0,0.7,513.15,744.9176687192493,3.966544672710297,68.37186795058894,680.5123454413707,64.40532327787864,0.0864596531702784,-1.1368683772161603e-13
2200000.0,500000.0,0.7,523.15,772.4631327262399,3.966544672710297,70.09222639717231,706.3374510017778,66.12568172446201,0.08560367339614755,0.0
2200000.0,500000.0,0.7,533.15,800.3016410146827,3.966544672710297,71.79491124811652,732.4732744392765,67.82836657540622,0.08475350180390523,0.0
2200000.0,500000.0,0.7,543.15,828.4368184363622,3.966544672710297,73.48179920507036,758.921563904002,69.51525453236006,0.08391135326839654,0.0
2200000.0,500000.0,0.7,553.15,856.8708299745106,3.966544672710297,75.15449167160108,785.6828829756198,71.18794699889078,0.08307897119220223,-1.1368683772161603e-13
2200000.0,500000.0,0.7,563.15,885.6046958558795,3.966544672710297,76.81436632442568,812.7568742041641,72.84782165171538,0.08225771836192973,0.0
2200000.0,500000.0,0.7,573.15,914.6385331827,3.966544672710297,78.4626170135676,840.1424608418426,74.4960723408573,0.08144864844216729,0.0
2200000.0,500000.0,0.7,583.15,943.9717433748666,3.966544672710297,80.10028505238239,867.8380029951944,76.13374037967209,0.08065256286960502,0.0
2200000.0,500000.0,0.7,593.15,973.6031590179656,3.966544672710297,81.7282840551613,895.8414196355145,77.761739382451,0.0798700565648186,0.0
2200000.0,500000.0,0.7,603.15,1003.5311598798711,3.966544672710297,83.34741987048461,924.1502846820966,79.38087519777432,0.0791015549604625,1.1368683772161603e-13
2200000.0,500000.0,0.7,613.15,1033.7537652251337,3.966544672710297,84.95840673903679,952.7619031588072,80.99186206632649,0.07834734420405023,2.2737367544323206e-13
2200000.0,500000.0,0.7,623.15,1064.2687077128385,3.966544672710297,86.56188051075232,981.6733718747962,82.59533583804202,0.07760759593838207,2.2737367544323206e-13
2200000.0,500000.0,0.75,383.15,400.37968374535126,3.966544672710297,44.649400581523544,359.69682783653803,40.682855908813245,0.10161068995370974,0.0
2200000.0,500000.0,0.75,393.15,428.9400214023652,3.966544672710297,47.68543658068334,385.22112949439213,43.71889190797304,0.10192308883894687,0.0
2200000.0,500000.0,0.75,403.15,455.8679736317104,3.966544672710297,50.36805917349807,409.4664591309226,46.40151450078777,0.10178717783380617,5.684341886080802e-14
2200000.0,500000.0,0.75,413.15,482.0557000918563,3.966544672710297,52.840677530111975,433.18156723445463,48.874132857401676,0.10138689958046063,0.0
2200000.0,500000.0,0.75,423.15,507.90959910860636,3.966544672710297,55.17091078083939,456.7052330004773,51.20436610812909,0.10081393657059051,0.0
2200000.0,500000.0,0.75,433.15,533.6492116486683,3.966544672710297,57.3968174952541,480.2189388261245,53.4302728225438,0.1001224618274523,-1.1368683772161603e-13
2200000.0,500000.0,0.75,443.15,559.4066280102941,3.966544672710297,59.54233943134046,503.8308332516639,55.57579475863016,0.09934775881419744,0.0
2200000.0,500000.0,0.75,453.15,585.2674254347457,3.966544672710297,61.62374123896845,527.6102288684875,57.65719656625815,0.09851427580038218,0.0
2200000.0,500000.0,0.75,463.15,611.2898442753283,3.966544672710297,63.65268753662938,551.6037014114092,59.68614286391908,0.09763967686176071,-1.1368683772161603e-13
2200000.0,500000.0,0.75,473.15,637.5147954403409,3.966544672710297,65.6378783620894,575.8434617509619,61.6713336893791,0.09673710183742762,-1.1368683772161603e-13
2200000.0,500000.0,0.75,483.15,663.9715852821527,3.966544672710297,67.58599816123535,600.3521317936276,63.61945348852505,0.0958165302533092,0.0
2200000.0,500000.0,0.75,493.15,690.6814326916582,3.966544672710297,69.50230531533389,625.1456720490346,65.53576064262359,0.09488565573165017,0.0
2200000.0,500000.0,0.75,503.15,717.6597477343379,3.966544672710297,71.39101739726635,650.2352750097818,67.42447272455605,0.09395047296078132,0.0
2200000.0,500000.0,0.75,513.15,744.9176687192493,3.966544672710297,73.25557280420244,675.6286405877571,69.28902813149215,0.0930156862175414,0.0
2200000.0,500000.0,0.75,523.15,772.4631327262399,3.966544672710297,75.0988139969703,701.3308634019799,71.13226932426001,0.09208500226180918,0.0
2200000.0,500000.0,0.75,533.15,800.3016410146827,3.966544672710297,76.92311919441063,727.3450664929825,72.95657452170033,0.09116134565112287,-2.2737367544323206e-13
2200000.0,500000.0,0.75,543.15,828.4368184363622,3.966544672710297,78.73049914828967,753.6728639607828,74.76395447557937,0.09024702042660661,-1.1368683772161603e-13
2200000.0,500000.0,0.75,553.15,856.8708299745106,3.966544672710297,80.52266964814393,780.3147049990769,76.55612497543363,0.08934383374645972,0.0
2200000.0,500000.0,0.75,563.15,885.6046958558795,3.966544672710297,82.30110677617043,807.2701337524194,78.33456210346013,0.08845319189252362,0.0
2200000.0,500000.0,0.75,573.15,914.6385331827,3.966544672710297,84.06708965739398,834.5379881980163,80.10054498468368,0.08757617581008202,1.1368683772161603e-13
2200000.0,500000.0,0.75,583.15,943.9717433748666,3.966544672710297,85.82173398469551,862.1165540628813,81.85518931198521,0.08671360121367444,1.1368683772161603e-13
2200000.0,500000.0,0.75,593.15,973.6031590179656,3.966544672710297,87.56601863052998,890.0036850601458,83.59947395781968,0.08586606687075986,0.0
2200000.0,500000.0,0.75,603.15,1003.5311598798711,3.966544672710297,89.30080700409063,918.1968975484907,85.33426233138033,0.08503399370438619,0.0
2200000.0,500000.0,0.75,613.15,1033.7537652251337,3.966544672710297,91.02686436325358,946.6934455345904,87.06031969054328,0.08421765667918321,2.2737367544323206e-13
2200000.0,500000.0,0.75,623.15,1064.2687077128385,3.966544672710297,92.74487197580608,975.4903804097424,88.77832730309578,0.08341721095406855,2.2737367544323206e-13
2200000.0,500000.0,0.8,383.15,400.37968374535126,3.966544672710297,47.62602728695853,356.720201131103,43.65948261424823,0.10904519981092861,5.684341886080802e-14
2200000.0,500000.0,0.8,393.15,428.9400214023652,3.966544672710297,50.86446568606223,382.0421003890132,46.89792101335193,0.10933444927807182,0.0
2200000.0,500000.0,0.8,403.15,455.8679736317104,3.966544672710297,53.72592978506466,406.10858851935603,49.75938511235436,0.10915306183047264,5.684341886080802e-14
2200000.0,500000.0,0.8,413.15,482.0557000918563,3.966544672710297,56.36338936545281,429.6588553991138,52.39684469274251,0.10869458588034168,0.0
2200000.0,500000.0,0.8,423.15,507.90959910860636,3.966544672710297,58.84897149956203,453.0271722817546,54.882426826851734,0.10805550224522577,5.684341886080802e-14
2200000.0,500000.0,0.8,433.15,533.6492116486683,3.966544672710297,61.223271994937676,476.3924843264409,57.25672732222738,0.10729281721477132,-1.1368683772161603e-13
2200000.0,500000.0,0.8,443.15,559.4066280102941,3.966544672710297,63.51182872676314,499.8613439562412,59.54528405405284,0.1064436513128999,0.0
2200000.0,500000.0,0.8,453.15,585.2674254347457,3.966544672710297,65.73199065489973,523.5019794525563,61.76544598218943,0.10553371552552937,0.0
2200000.0,500000.0,0.8,463.15,611.2898442753283,3.966544672710297,67.89620003907126,547.3601889089674,63.92965536636096,0.10458157609693038,-1.1368683772161603e-13
2200000.0,500000.0,0.8,473.15,637.5147954403409,3.966544672710297,70.0137369195621,571.4676031934891,66.04719224685181,0.10360103439047565,-1.1368683772161603e-13
2200000.0,500000.0,0.8,483.15,663.9715852821527,3.966544672710297,72.09173137198435,595.8463985828786,68.12518669927405,0.10260256343699477,0.0
2200000.0,500000.0,0.8,493.15,690.6814326916582,3.966544672710297,74.13579233635613,620.5121850280124,70.16924766364583,0.10159422903579281,0.0
2200000.0,500000.0,0.8,503.15,717.6597477343379,3.966544672710297,76.15041855708417,645.475873849964,72.18387388437387,0.10058230813733025,-1.1368683772161603e-13
2200000.0,500000.0,0.8,513.15,744.9176687192493,3.966544672710297,78.13927765781595,670.7449357341437,74.17273298510565,0.0995717192648044,-1.1368683772161603e-13
2200000.0,500000.0,0.8,523.15,772.4631327262399,3.966544672710297,80.10540159676829,696.3242758021818,76.13885692405799,0.0985663311274708,1.1368683772161603e-13
2200000.0,500000.0,0.8,533.15,800.3016410146827,3.966544672710297,82.05132714070461,722.2168585466884,78.08478246799432,0.09756918949834034,-1.1368683772161603e-13
2200000.0,500000.0,0.8,543.15,828.4368184363622,3.966544672710297,83.97919909150899,748.4241640175635,80.01265441879869,0.09658268758481671,-1.1368683772161603e-13
2200000.0,500000.0,0.8,553.15,856.8708299745106,3.966544672710297,85.89084762468701,774.9465270225338,81.92430295197671,0.09560869630071749,0.0
2200000.0,500000.0,0.8,563.15,885.6046958558795,3.966544672710297,87.7878472279152,801.7833933006747,83.8213025552049,0.09464866542311752,-1.1368683772161603e-13
2200000.0,500000.0,0.8,573.15,914.6385331827,3.966544672710297,89.67156230122013,828.9335155541902,85.70501762850984,0.0937037031779965,0.0
2200000.0,500000.0,0.8,583.15,943.9717433748666,3.966544672710297,91.54318291700864,856.3951051305681,87.57663824429834,0.09277463955774386,1.1368683772161603e-13
2200000.0,500000.0,0.8,593.15,973.6031590179656,3.966544672710297,93.40375320589868,884.1659504847771,89.43720853318838,0.09186207717670114,0.0
2200000.0,500000.0,0.8,603.15,1003.5311598798711,3.966544672710297,95.25419413769664,912.2435104148847,91.28764946498634,0.09096643244830988,0.0
2200000.0,500000.0,0.8,613.15,1033.7537652251337,3.966544672710297,97.09532198747061,940.6249879103734,93.12877731476031,0.09008796915431642,0.0
2200000.0,500000.0,0.8,623.15,1064.2687077128385,3.966544672710297,98.92786344085982,969.3073889446887,94.96131876814952,0.08922682596975504,4.547473508864641e-13
2200000.0,500000.0,0.85,383.15,400.37968374535126,3.966544672710297,50.60265399239341,353.74357442566816,46.63610931968311,0.11647970966814719,0.0
2200000.0,500000.0,0.85,393.15,428.9400214023652,3.966544672710297,54.043494791441134,378.8630712836343,50.076950118730835,0.11674580971719677,0.0
2200000.0,500000.0,0.85,403.15,455.8679736317104,3.966544672710297,57.08380039663112,402.7507179077896,53.11725572392082,0.11651894582713883,0.0
2200000.0,500000.0,0.85,413.15,482.0557000918563,3.966544672710297,59.88610120079364,426.136143563773,55.91955652808334,0.11600227218022274,0.0
2200000.0,500000.0,0.85,423.15,507.90959910860636,3.966544672710297,62.52703221828455,449.34911156303207,58.560487545574254,0.11529706791986079,5.684341886080802e-14
2200000.0,500000.0,0.85,433.15,533.6492116486683,3.966544672710297,65.04972649462125,472.5660298267573,61.083181821910955,0.11446317260209034,0.0
2200000.0,500000.0,0.85,443.15,559.4066280102941,3.966544672710297,67.48131802218593,495.8918546608184,63.51477334947563,0.11353954381160254,0.0
2200000.0,500000.0,0.85,453.15,585.2674254347457,3.966544672710297,69.84024007083103,519.393730036625,65.87369539812073,0.1125531552506766,0.0
2200000.0,500000.0,0.85,463.15,611.2898442753283,3.966544672710297,72.13971254151326,543.1166764065254,68.17316786880296,0.11152347533210023,-1.1368683772161603e-13
2200000.0,500000.0,0.85,473.15,637.5147954403409,3.966544672710297,74.38959547703469,567.0917446360164,70.42305080432439,0.11046496694352348,0.0
2200000.0,500000.0,0.85,483.15,663.9715852821527,3.966544672710297,76.59746458273334,591.3406653721295,72.63091991002304,0.10938859662068032,1.1368683772161603e-13
2200000.0,500000.0,0.85,493.15,690.6814326916582,3.966544672710297,78.7692793573785,615.8786980069899,74.8027346846682,0.10830280233993561,0.0
2200000.0,500000.0,0.85,503.15,717.6597477343379,3.966544672710297,80.90981971690198,640.7164726901461,76.94327504419168,0.10721414331387918,0.0
2200000.0,500000.0,0.85,513.15,744.9176687192493,3.966544672710297,83.02298251142935,665.8612308805303,79.05643783871905,0.10612775231206724,-2.2737367544323206e-13
2200000.0,500000.0,0.85,523.15,772.4631327262399,3.966544672710297,85.11198919656628,691.3176882023839,81.14544452385599,0.10504765999313244,0.0
2200000.0,500000.0,0.85,533.15,800.3016410146827,3.966544672710297,87.17953508699871,717.0886506003942,83.21299041428841,0.10397703334555795,0.0
2200000.0,500000.0,0.85,543.15,828.4368184363622,3.966544672710297,89.2278990347283,743.1754640743442,85.261354362018,0.1029183547430268,0.0
2200000.0,500000.0,0.85,553.15,856.8708299745106,3.966544672710297,91.25902560122987,769.578349045991,87.29248092851957,0.10187355885497498,0.0
2200000.0,500000.0,0.85,563.15,885.6046958558795,3.966544672710297,93.27458767965994,796.2966528489299,89.30804300694965,0.10084413895371142,0.0
2200000.0,500000.0,0.85,573.15,914.6385331827,3.966544672710297,95.27603494504653,823.3290429103638,91.30949027233623,0.09983123054591127,0.0
2200000.0,500000.0,0.85,583.15,943.9717433748666,3.966544672710297,97.26463184932153,850.6736561982552,93.29808717661123,0.09883567790181304,1.1368683772161603e-13
2200000.0,500000.0,0.85,593.15,973.6031590179656,3.966544672710297,99.24148778126715,878.3282159094086,95.27494310855685,0.09785808748264217,0.0
2200000.0,500000.0,0.85,603.15,1003.5311598798711,3.966544672710297,101.20758127130289,906.2901232812784,97.24103659859259,0.09689887119223377,1.1368683772161603e-13
2200000.0,500000.0,0.85,613.15,1033.7537652251337,3.966544672710297,103.16377961168764,934.5565302861563,99.19723493897735,0.09595828162944964,2.2737367544323206e-13
2200000.0,500000.0,0.85,623.15,1064.2687077128385,3.966544672710297,105.11085490591358,963.1243974796349,101.14431023320329,0.09503644098544152,4.547473508864641e-13
2200000.0,500000.0,0.9,383.15,400.37968374535126,3.966544672710297,53.579280697828274,350.7669477202333,49.612736025117975,0.12391421952536577,0.0
2200000.0,500000.0,0.9,393.15,428.9400214023652,3.966544672710297,57.22252389682003,375.6840421782554,53.25597922410973,0.12415717015632172,5.684341886080802e-14
2200000.0,500000.0,0.9,403.15,455.8679736317104,3.966544672710297,60.44167100819771,399.392847296223,56.47512633548741,0.1238848298238053,0.0
2200000.0,500000.0,0.9,413.15,482.0557000918563,3.966544672710297,63.40881303613435,422.61343172843226,59.44226836342405,0.12330995848010355,0.0
2200000.0,500000.0,0.9,423.15,507.90959910860636,3.966544672710297,66.2050929370072,445.67105084430943,62.238548264296895,0.12253863359449606,5.684341886080802e-14
2200000.0,500000.0,0.9,433.15,533.6492116486683,3.966544672710297,68.87618099430483,468.73957532707374,64.90963632159453,0.12163352798940937,0.0
2200000.0,500000.0,0.9,443.15,559.4066280102941,3.966544672710297,71.45080731760862,491.9223653653957,67.48426264489832,0.12063543631030502,0.0
2200000.0,500000.0,0.9,453.15,585.2674254347457,3.966544672710297,73.94848948676221,515.2854806206939,69.98194481405191,0.11957259497582363,-1.1368683772161603e-13
2200000.0,500000.0,0.9,463.15,611.2898442753283,3.966544672710297,76.38322504395526,538.8731639040834,72.41668037124496,0.11846537456727009,-1.1368683772161603e-13
2200000.0,500000.0,0.9,473.15,637.5147954403409,3.966544672710297,78.76545403450727,562.7158860785439,74.79890936179697,0.11732889949657131,0.0
2200000.0,500000.0,0.9,483.15,663.9715852821527,3.966544672710297,81.10319779348234,586.8349321613805,77.13665312077204,0.11617462980436588,1.1368683772161603e-13
2200000.0,500000.0,0.9,493.15,690.6814326916582,3.966544672710297,83.40276637840073,611.2452109859677,79.43622170569043,0.11501137564407822,0.0
2200000.0,500000.0,0.9,503.15,717.6597477343379,3.966544672710297,85.66922087671969,635.9570715303286,81.70267620400939,0.11384597849042796,-1.1368683772161603e-13
2200000.0,500000.0,0.9,513.15,744.9176687192493,3.966544672710297,87.90668736504286,660.9775260269167,83.94014269233256,0.11268378535933024,-1.1368683772161603e-13
2200000.0,500000.0,0.9,523.15,772.4631327262399,3.966544672710297,90.11857679636427,686.3111006025858,86.15203212365397,0.11152898885879406,0.0
2200000.0,500000.0,0.9,533.15,800.3016410146827,3.966544672710297,92.30774303329271,711.9604426541002,88.34119836058241,0.11038487719277545,0.0
2200000.0,500000.0,0.9,543.15,828.4368184363622,3.966544672710297,94.4765989779476,737.9267641311249,90.5100543052373,0.10925402190123687,0.0
2200000.0,500000.0,0.9,553.15,856.8708299745106,3.966544672710297,96.62720357777272,764.2101710694482,92.66065890506242,0.10813842140923248,-1.1368683772161603e-13
2200000.0,500000.0,0.9,563.15,885.6046958558795,3.966544672710297,98.76132813140471,790.8099123971851,94.79478345869441,0.10703961248430531,-1.1368683772161603e-13
2200000.0,500000.0,0.9,573.15,914.6385331827,3.966544672710297,100.88050758887269,817.7245702665376,96.91396291616239,0.10595875791382575,0.0
2200000.0,500000.0,0.9,583.15,943.9717433748666,3.966544672710297,102.98608078163467,844.9522072659421,99.01953610892437,0.10489671624588247,1.1368683772161603e-13
2200000.0,500000.0,0.9,593.15,973.6031590179656,3.966544672710297,105.07922235663584,872.4904813340399,101.11267768392554,0.10385409778858343,1.1368683772161603e-13
2200000.0,500000.0,0.9,603.15,1003.5311598798711,3.966544672710297,107.1609684049089,900.3367361476724,103.1944237321986,0.10283130993615745,1.1368683772161603e-13
2200000.0,500000.0,0.9,613.15,1033.7537652251337,3.966544672710297,109.23223723590444,928.4880726619396,105.26569256319414,0.10182859410458261,2.2737367544323206e-13
2200000.0,500000.0,0.9,623.15,1064.2687077128385,3.966544672710297,111.29384637096734,956.9414060145812,107.32730169825705,0.100846056001128,4.547473508864641e-13
2200000.0,550000.0,0.7,383.15,391.28911949178297,3.884793772442441,38.88112470726971,356.2927885569557,34.99633093482727,0.0894385486115266,0.0
2200000.0,550000.0,0.7,393.15,419.8494571487969,3.884793772442441,41.56260855288129,382.17164236835805,37.677814780438844,0.08974124924755024,0.0
2200000.0,550000.0,0.7,403.15,446.7774093781421,3.884793772442441,43.928599913782094,406.7336032368024,40.04380614133965,0.0896280906348322,5.684341886080802e-14
2200000.0,550000.0,0.7,413.15,472.965135838288,3.884793772442441,46.10711682583485,430.7428127848956,42.22232305339241,0.08927153367987083,0.0
2200000.0,550000.0,0.7,423.15,498.81903485503807,3.884793772442441,48.15853008891537,454.54529853856513,44.27373631647293,0.08875711074125174,0.0
2200000.0,550000.0,0.7,433.15,524.5586473951,3.884793772442441,50.116812342958994,478.32662882458345,46.23201857051655,0.08813508041493477,0.0
2200000.0,550000.0,0.7,443.15,550.3160637567257,3.884793772442441,52.0033334204331,502.1975241087351,48.11853964799066,0.0874380066602273,0.0
2200000.0,550000.0,0.7,453.15,576.1768611811774,3.884793772442441,53.83261276284768,526.2290421907722,49.94781899040524,0.08668834581106039,-1.1368683772161603e-13
2200000.0,550000.0,0.7,463.15,602.19928002176,3.884793772442441,55.61506476024492,550.4690090339575,51.73027098780248,0.08590224648879229,1.1368683772161603e-13
2200000.0,550000.0,0.7,473.15,628.4242311867725,3.884793772442441,57.35845723235677,574.9505677268581,53.47366345991433,0.08509166388910541,1.1368683772161603e-13
2200000.0,550000.0,0.7,483.15,654.8810210285843,3.884793772442441,59.06875818445976,599.6970566165671,55.18396441201732,0.08426563397018745,-1.1368683772161603e-13
2200000.0,550000.0,0.7,493.15,681.5908684380898,3.884793772442441,60.75066213428345,624.7250000762488,56.86586836184101,0.0834310889348516,1.1368683772161603e-13
2200000.0,550000.0,0.7,503.15,708.5691834807697,3.884793772442441,62.40793415511889,650.0460430980933,58.523140382676445,0.08259340336421044,-1.1368683772161603e-13
2200000.0,550000.0,0.7,513.15,735.827104465681,3.884793772442441,64.04364353261865,675.6682547055048,60.1588497601762,0.08175677328964444,1.1368683772161603e-13
2200000.0,550000.0,0.7,523.15,763.3725684726716,3.884793772442441,65.66032741101482,701.5970348340992,61.77553363857238,0.08092448719001083,0.0
2200000.0,550000.0,0.7,533.15,791.2110767611144,3.884793772442441,67.2601084063138,727.835762127243,63.37531463387136,0.08009912461451281,1.1368683772161603e-13
2200000.0,550000.0,0.7,543.15,819.3462541827939,3.884793772442441,68.84478103455459,754.3862669206818,64.95998726211215,0.07928270487658781,0.0
2200000.0,550000.0,0.7,553.15,847.7802657209423,3.884793772442441,70.41587646534015,781.2491830280446,66.53108269289771,0.07847680039629192,0.0
2200000.0,550000.0,0.7,563.15,876.5141316023113,3.884793772442441,71.97471186959557,808.4242135051581,68.08991809715313,0.07768262443490943,0.0
2200000.0,550000.0,0.7,573.15,905.5479689291318,3.884793772442441,73.5224285991136,835.9103341024606,69.63763482667116,0.07690109990420729,0.0
2200000.0,550000.0,0.7,583.15,934.8811791212983,3.884793772442441,75.06002212666557,863.7059507670751,71.17522835422314,0.07613291394005949,0.0
2200000.0,550000.0,0.7,593.15,964.5125947643972,3.884793772442441,76.58836581129977,891.80902272554,72.70357203885733,0.07537856160044933,-1.1368683772161603e-13
2200000.0,550000.0,0.7,603.15,994.4405956263028,3.884793772442441,78.10822997028986,920.2171594284554,74.22343619784742,0.07463838114040507,0.0
2200000.0,550000.0,0.7,613.15,1024.6632009715654,3.884793772442441,79.62029733782332,948.9276974061846,75.73550356538088,0.0739125826843103,0.0
2200000.0,550000.0,0.7,623.15,1055.17814345927,3.884793772442441,81.12517570940918,977.9377615223034,77.24038193696674,0.07320127166749663,-2.2737367544323206e-13
2200000.0,550000.0,0.75,383.15,391.28911949178297,3.884793772442441,41.65834790064604,353.51556536357936,37.7735541282036,0.09653617298959125,0.0
2200000.0,550000.0,0.75,393.15,419.8494571487969,3.884793772442441,44.531366306658484,379.20288461458085,40.64657253421604,0.09681225458822179,0.0
2200000.0,550000.0,0.75,403.15,446.7774093781421,3.884793772442441,47.06635705048079,403.59584610010376,43.18156327803835,0.09665117880096409,0.0
2200000.0,550000.0,0.75,413.15,472.965135838288,3.884793772442441,49.40048231339443,427.449447297336,45.515688540951984,0.0962347646624725,0.0
2200000.0,550000.0,0.75,423.15,498.81903485503807,3.884793772442441,51.59842509526643,451.10540353221404,47.713631322823986,0.09565318880962523,5.684341886080802e-14
2200000.0,550000.0,0.75,433.15,524.5586473951,3.884793772442441,53.69658465317031,474.7468565143721,49.81179088072787,0.09495943137738304,0.0
2200000.0,550000.0,0.75,443.15,550.3160637567257,3.884793772442441,55.71785723617836,498.48300029298986,51.83306346373592,0.09418780747539543,0.0
2200000.0,550000.0,0.75,453.15,576.1768611811774,3.884793772442441,57.67779938876536,522.3838555648546,53.793005616322915,0.09336196789653418,-1.1368683772161603e-13
2200000.0,550000.0,0.75,463.15,602.19928002176,3.884793772442441,59.587569385976764,546.4965044082256,55.70277561353432,0.09249890768969624,1.1368683772161603e-13
2200000.0,550000.0,0.75,473.15,628.4242311867725,3.884793772442441,61.45548989181081,570.8535350674042,57.570696119368364,0.09161119712180212,0.0
2200000.0,550000.0,0.75,483.15,654.8810210285843,3.884793772442441,63.287955197635455,595.4778596033913,59.40316142519301,0.09070832642529761,0.0
2200000.0,550000.0,0.75,493.15,681.5908684380898,3.884793772442441,65.08999514387513,620.3856670666572,61.205201371432686,0.0897975665543883,-1.1368683772161603e-13
2200000.0,550000.0,0.75,503.15,708.5691834807697,3.884793772442441,66.86564373762742,645.5883335155847,62.98084996518498,0.08888454569220518,-1.1368683772161603e-13
2200000.0,550000.0,0.75,513.15,735.827104465681,3.884793772442441,68.61818949923432,671.0937087388891,64.73339572679188,0.08797364942651559,1.1368683772161603e-13
2200000.0,550000.0,0.75,523.15,763.3725684726716,3.884793772442441,70.35035079751594,696.9070114475979,66.46555702507351,0.0870683068400734,1.1368683772161603e-13
2200000.0,550000.0,0.75,533.15,791.2110767611144,3.884793772442441,72.06440186390769,723.0314686696493,68.17960809146525,0.0861712001942186,-1.1368683772161603e-13
2200000.0,550000.0,0.75,543.15,819.3462541827939,3.884793772442441,73.76226539416565,749.4687825610707,69.87747162172322,0.08528442189733101,0.0
2200000.0,550000.0,0.75,553.15,847.7802657209423,3.884793772442441,75.44558192715002,776.2194775662348,71.56078815470758,0.08440959414625337,0.0
2200000.0,550000.0,0.75,563.15,876.5141316023113,3.884793772442441,77.11576271742373,803.2831626573301,73.2309689449813,0.08354796152699952,-1.1368683772161603e-13
2200000.0,550000.0,0.75,573.15,905.5479689291318,3.884793772442441,78.77403064190736,830.6587320596669,74.88923686946492,0.08270046362980221,-1.1368683772161603e-13
2200000.0,550000.0,0.75,583.15,934.8811791212983,3.884793772442441,80.42145227857027,858.3445206151705,76.53665850612784,0.08186779263014494,-1.1368683772161603e-13
2200000.0,550000.0,0.75,593.15,964.5125947643972,3.884793772442441,82.05896336924984,886.3384251675899,78.1741695968074,0.08105043938374192,0.0
2200000.0,550000.0,0.75,603.15,994.4405956263028,3.884793772442441,83.68738925388199,914.6380001448632,79.80259548143955,0.0802487306254624,0.0
2200000.0,550000.0,0.75,613.15,1024.6632009715654,3.884793772442441,85.30746143338224,943.2405333106257,81.42266766093981,0.07946285919484221,0.0
2200000.0,550000.0,0.75,623.15,1055.17814345927,3.884793772442441,86.91983111722418,972.1431061144883,83.03503734478174,0.0786929087372505,-2.2737367544323206e-13
2200000.0,550000.0,0.8,383.15,391.28911949178297,3.884793772442441,44.43557109402248,350.73834217020294,40.550777321580036,0.10363379736765617,0.0
2200000.0,550000.0,0.8,393.15,419.8494571487969,3.884793772442441,47.50012406043569,376.23412686080366,43.615330287993245,0.10388325992889337,0.0
2200000.0,550000.0,0.8,403.15,446.7774093781421,3.884793772442441,50.204114187179485,400.45808896340503,46.31932041473704,0.10367426696709599,5.684341886080802e-14
2200000.0,550000.0,0.8,413.15,472.965135838288,3.884793772442441,52.69384780095401,424.1560818097764,48.80905402851157,0.10319799564507419,0.0
2200000.0,550000.0,0.8,423.15,498.81903485503807,3.884793772442441,55.0383201016176,447.6655085258629,51.15352632917516,0.10254926687799895,0.0
2200000.0,550000.0,0.8,433.15,524.5586473951,3.884793772442441,57.27635696338164,471.1670842041608,53.391563190939195,0.10178378233983133,0.0
2200000.0,550000.0,0.8,443.15,550.3160637567257,3.884793772442441,59.43238105192361,494.7684764772446,55.54758727948117,0.10093760829056354,0.0
2200000.0,550000.0,0.8,453.15,576.1768611811774,3.884793772442441,61.522986014683035,518.5386689389369,57.63819224224059,0.10003558998200798,-1.1368683772161603e-13
2200000.0,550000.0,0.8,463.15,602.19928002176,3.884793772442441,63.560074011708494,542.523999782494,59.67528023926605,0.09909556889060002,0.0
2200000.0,550000.0,0.8,473.15,628.4242311867725,3.884793772442441,65.55252255126484,566.7565024079502,61.6677287788224,0.09813073035449882,0.0
2200000.0,550000.0,0.8,483.15,654.8810210285843,3.884793772442441,67.50715221081116,591.2586625902156,63.622358438368714,0.09715101888040777,0.0
2200000.0,550000.0,0.8,493.15,681.5908684380898,3.884793772442441,69.42932815346681,616.0463340570655,65.54453438102438,0.096164044173925,0.0
2200000.0,550000.0,0.8,503.15,708.5691834807697,3.884793772442441,71.32335332013596,641.1306239330762,67.43855954769353,0.09517568802019992,-1.1368683772161603e-13
2200000.0,550000.0,0.8,513.15,735.827104465681,3.884793772442441,73.19273546584998,666.5191627722734,69.30794169340754,0.0941905255633867,1.1368683772161603e-13
2200000.0,550000.0,0.8,523.15,763.3725684726716,3.884793772442441,75.04037418401695,692.216988061097,71.15558041157452,0.09321212649013581,0.0
2200000.0,550000.0,0.8,533.15,791.2110767611144,3.884793772442441,76.86869532150146,718.2271752120555,72.98390154905903,0.09224327577392424,-1.1368683772161603e-13
2200000.0,550000.0,0.8,543.15,819.3462541827939,3.884793772442441,78.67974975377659,744.5512982014596,74.79495598133416,0.09128613891807408,1.1368683772161603e-13
2200000.0,550000.0,0.8,553.15,847.7802657209423,3.884793772442441,80.47528738896013,771.1897721044246,76.59049361651769,0.09034238789621511,0.0
2200000.0,550000.0,0.8,563.15,876.5141316023113,3.884793772442441,82.25681356525189,798.1421118095019,78.37201979280945,0.08941329861908959,-1.1368683772161603e-13
2200000.0,550000.0,0.8,573.15,905.5479689291318,3.884793772442441,84.02563268470135,825.4071300168729,80.14083891225891,0.08849982735539738,0.0
2200000.0,550000.0,0.8,583.15,934.8811791212983,3.884793772442441,85.78288243047497,852.9830904632657,81.89808865803253,0.0876026713202304,0.0
2200000.0,550000.0,0.8,593.15,964.5125947643972,3.884793772442441,87.52956092719967,880.8678276096401,83.64476715475723,0.08672231716703424,-1.1368683772161603e-13
2200000.0,550000.0,0.8,603.15,994.4405956263028,3.884793772442441,89.26654853747412,909.0588408612712,85.38175476503169,0.08585908011051974,-1.1368683772161603e-13
2200000.0,550000.0,0.8,613.15,1024.6632009715654,3.884793772442441,90.99462552894093,937.553369215067,87.1098317564985,0.0850131357053739,-2.2737367544323206e-13
2200000.0,550000.0,0.8,623.15,1055.17814345927,3.884793772442441,92.71448652503919,966.3484507066734,88.82969275259676,0.0841845458070044,-2.2737367544323206e-13
2200000.0,550000.0,0.85,383.15,391.28911949178297,3.884793772442441,47.21279428739892,347.96111897682647,43.32800051495648,0.1107314217457211,0.0
2200000.0,550000.0,0.85,393.15,419.8494571487969,3.884793772442441,50.468881814212885,373.26536910702646,46.58408804177044,0.11095426526956492,0.0
2200000.0,550000.0,0.85,403.15,446.7774093781421,3.884793772442441,53.34187132387818,397.32033182670637,49.45707755143574,0.11069735513322788,0.0
2200000.0,550000.0,0.85,413.15,472.965135838288,3.884793772442441,55.98721328851371,420.8627163222167,52.102419516071265,0.11016122662767612,0.0
2200000.0,550000.0,0.85,423.15,498.81903485503807,3.884793772442441,58.47821510796866,444.22561351951185,54.593421335526216,0.10944534494637244,0.0
2200000.0,550000.0,0.85,433.15,524.5586473951,3.884793772442441,60.85612927359296,467.58731189394945,56.97133550115052,0.10860813330227963,0.0
2200000.0,550000.0,0.85,443.15,550.3160637567257,3.884793772442441,63.146904867668866,491.0539526614993,59.26211109522642,0.10768740910573164,0.0
2200000.0,550000.0,0.85,453.15,576.1768611811774,3.884793772442441,65.36817264060082,514.6934823130191,61.483378868158375,0.10670921206748196,-1.1368683772161603e-13
2200000.0,550000.0,0.85,463.15,602.19928002176,3.884793772442441,67.53257863744034,538.5514951567621,63.647784864997895,0.10569223009150397,0.0
2200000.0,550000.0,0.85,473.15,628.4242311867725,3.884793772442441,69.649555210719,562.6594697484961,65.76476143827657,0.10465026358719572,-1.1368683772161603e-13
2200000.0,550000.0,0.85,483.15,654.8810210285843,3.884793772442441,71.72634922398684,587.0394655770399,67.84155545154441,0.10359371133551792,0.0
2200000.0,550000.0,0.85,493.15,681.5908684380898,3.884793772442441,73.76866116305848,611.7070010474739,69.88386739061605,0.10253052179346168,-1.1368683772161603e-13
2200000.0,550000.0,0.85,503.15,708.5691834807697,3.884793772442441,75.7810629026444,636.6729143505676,71.89626913020196,0.10146683034819451,1.1368683772161603e-13
2200000.0,550000.0,0.85,513.15,735.827104465681,3.884793772442441,77.76728143246554,661.944616805658,73.8824876600231,0.10040740170025768,-1.1368683772161603e-13
2200000.0,550000.0,0.85,523.15,763.3725684726716,3.884793772442441,79.73039757051808,687.526964674596,75.84560379807564,0.09935594614019837,-1.1368683772161603e-13
2200000.0,550000.0,0.85,533.15,791.2110767611144,3.884793772442441,81.67298877909535,713.4228817544614,77.78819500665291,0.09831535135363004,1.1368683772161603e-13
2200000.0,550000.0,0.85,543.15,819.3462541827939,3.884793772442441,83.59723411338764,739.6338138418487,79.71244034094521,0.09728785593881727,0.0
2200000.0,550000.0,0.85,553.15,847.7802657209423,3.884793772442441,85.50499285077001,766.1600666426148,81.62019907832757,0.09627518164617659,0.0
2200000.0,550000.0,0.85,563.15,876.5141316023113,3.884793772442441,87.39786441308027,793.0010609616735,83.51307064063784,0.09527863571117992,0.0
2200000.0,550000.0,0.85,573.15,905.5479689291318,3.884793772442441,89.27723472749511,820.1555279740792,85.39244095505268,0.0942991910809923,-1.1368683772161603e-13
2200000.0,550000.0,0.85,583.15,934.8811791212983,3.884793772442441,91.14431258237967,847.6216603113611,87.25951880993723,0.09333755001031586,-1.1368683772161603e-13
2200000.0,550000.0,0.85,593.15,964.5125947643972,3.884793772442441,93.00015848514973,875.39723005169,89.11536471270729,0.09239419495032682,-1.1368683772161603e-13
2200000.0,550000.0,0.85,603.15,994.4405956263028,3.884793772442441,94.84570782106626,903.479681577679,90.96091404862382,0.09146942959557706,-1.1368683772161603e-13
2200000.0,550000.0,0.85,613.15,1024.6632009715654,3.884793772442441,96.68178962449963,931.8662051195083,92.7969958520572,0.0905634122159056,-2.2737367544323206e-13
2200000.0,550000.0,0.85,623.15,1055.17814345927,3.884793772442441,98.50914193285419,960.5537952988583,94.62434816041176,0.08967618287675827,-2.2737367544323206e-13
2200000.0,550000.0,0.9,383.15,391.28911949178297,3.884793772442441,49.990017480775364,345.18389578345005,46.10522370833292,0.11782904612378604,0.0
2200000.0,550000.0,0.9,393.15,419.8494571487969,3.884793772442441,53.43763956799009,370.2966113532492,49.55284579554765,0.1180252706102365,0.0
2200000.0,550000.0,0.9,403.15,446.7774093781421,3.884793772442441,56.47962846057699,394.1825746900075,52.59483468813455,0.11772044329936003,5.684341886080802e-14
2200000.0,550000.0,0.9,413.15,472.965135838288,3.884793772442441,59.28057877607329,417.56935083465714,55.39578500363085,0.1171244576102778,0.0
2200000.0,550000.0,0.9,423.15,498.81903485503807,3.884793772442441,61.91811011431972,440.78571851316076,58.033316341877274,0.11634142301474593,5.684341886080802e-14
2200000.0,550000.0,0.9,433.15,524.5586473951,3.884793772442441,64.43590158380428,464.00753958373815,60.55110781136184,0.11543248426472791,0.0
2200000.0,550000.0,0.9,443.15,550.3160637567257,3.884793772442441,66.86142868341412,487.33942884575407,62.976634910971676,0.11443720992089976,0.0
2200000.0,550000.0,0.9,453.15,576.1768611811774,3.884793772442441,69.2133592665185,510.84829568710137,65.32856549407606,0.11338283415295577,0.0
2200000.0,550000.0,0.9,463.15,602.19928002176,3.884793772442441,71.50508326317207,534.5789905310304,67.62028949072963,0.11228889129240775,0.0
2200000.0,550000.0,0.9,473.15,628.4242311867725,3.884793772442441,73.74658787017304,558.5624370890421,69.86179409773061,0.11116979681989242,-1.1368683772161603e-13
2200000.0,550000.0,0.9,483.15,654.8810210285843,3.884793772442441,75.94554623716255,582.8202685638643,72.06075246472011,0.1100364037906281,-1.1368683772161603e-13
2200000.0,550000.0,0.9,493.15,681.5908684380898,3.884793772442441,78.10799417265015,607.367668037882,74.22320040020772,0.10889699941299837,1.1368683772161603e-13
2200000.0,550000.0,0.9,503.15,708.5691834807697,3.884793772442441,80.23877248515294,632.215204768059,76.3539787127105,0.10775797267618925,1.1368683772161603e-13
2200000.0,550000.0,0.9,513.15,735.827104465681,3.884793772442441,82.3418273990812,657.3700708390423,78.45703362663876,0.10662427783712879,-1.1368683772161603e-13
2200000.0,550000.0,0.9,523.15,763.3725684726716,3.884793772442441,84.42042095701909,682.836941288095,80.53562718457665,0.10549976579026077,-1.1368683772161603e-13
2200000.0,550000.0,0.9,533.15,791.2110767611144,3.884793772442441,86.47728223668923,708.6185882968676,82.5924884642468,0.10438742693333583,0.0
2200000.0,550000.0,0.9,543.15,819.3462541827939,3.884793772442441,88.5147184729986,734.7163294822378,84.62992470055616,0.10328957295956033,0.0
2200000.0,550000.0,0.9,553.15,847.7802657209423,3.884793772442441,90.53469831258012,761.1303611808047,86.64990454013768,0.10220797539613832,0.0
2200000.0,550000.0,0.9,563.15,876.5141316023113,3.884793772442441,92.53891526090842,787.8600101138453,88.65412148846599,0.10114397280326999,0.0
2200000.0,550000.0,0.9,573.15,905.5479689291318,3.884793772442441,94.52883677028888,814.9039259312854,90.64404299784644,0.10009855480658722,0.0
2200000.0,550000.0,0.9,583.15,934.8811791212983,3.884793772442441,96.50574273428437,842.2602301594563,92.62094896184193,0.09907242870040131,0.0
2200000.0,550000.0,0.9,593.15,964.5125947643972,3.884793772442441,98.4707560430998,869.9266324937399,94.58596227065736,0.0980660727336194,0.0
2200000.0,550000.0,0.9,603.15,994.4405956263028,3.884793772442441,100.42486710465839,897.9005222940868,96.54007333221595,0.09707977908063439,0.0
2200000.0,550000.0,0.9,613.15,1024.6632009715654,3.884793772442441,102.36895372005854,926.1790410239494,98.4841599476161,0.0961136887264375,0.0
2200000.0,550000.0,0.9,623.15,1055.17814345927,3.884793772442441,104.3037973406692,954.7591398910433,100.41900356822677,0.09516781994651216,-2.2737367544323206e-13
2200000.0,600000.0,0.7,383.15,382.71210686016235,3.799888623203966,36.333236530523514,350.17875895284277,32.53334790731955,0.08500736539073425,5.684341886080802e-14
2200000.0,600000.0,0.7,393.15,411.27244451717627,3.799888623203966,38.87376050403109,376.1985726363491,35.07387188082713,0.08528135630871889,0.0
2200000.0,600000.0,0.7,403.15,438.20039674652145,3.799888623203966,41.112304802552565,400.88798056717286,37.3124161793486,0.08514920674736882,0.0
2200000.0,600000.0,0.7,413.15,464.3881232066674,3.799888623203966,43.17142003318982,425.0165917966815,39.37153140998585,0.08478152097887369,5.684341886080802e-14
2200000.0,600000.0,0.7,423.15,490.2420222234174,3.799888623203966,45.10889733579022,448.9330135108312,41.30900871258625,0.0842624802444221,-5.684341886080802e-14
2200000.0,600000.0,0.7,433.15,515.9816347634794,3.799888623203966,46.957248758292295,472.82427462839104,43.157360135088325,0.08364127175741673,0.0
2200000.0,600000.0,0.7,443.15,541.7390511251051,3.799888623203966,48.73692415182374,496.8020155964854,44.937035528619774,0.08294959618527178,0.0
2200000.0,600000.0,0.7,453.15,567.5998485495568,3.799888623203966,50.46181972742826,520.9379174453325,46.661931104224294,0.08220920288027574,0.0
2200000.0,600000.0,0.7,463.15,593.6222673901394,3.799888623203966,52.1419037963961,545.2802522169472,48.34201517319214,0.08143564995586812,0.0
2200000.0,600000.0,0.7,473.15,619.8472185551519,3.799888623203966,53.784611439239,569.8624957391169,49.98472281603503,0.08064039221237154,0.0
2200000.0,600000.0,0.7,483.15,646.3040083969637,3.799888623203966,55.395654695390256,594.7082423247774,51.595766072186294,0.07983203786738063,0.0
2200000.0,600000.0,0.7,493.15,673.0138558064692,3.799888623203966,56.97952640982123,619.834218019852,53.17963778661726,0.0790171514714097,0.0
2200000.0,600000.0,0.7,503.15,699.992170849149,3.799888623203966,58.53982963829115,645.2522298340618,54.73994101508718,0.07820079037267383,0.0
2200000.0,600000.0,0.7,513.15,727.2500918340604,3.799888623203966,60.079501365293865,670.9704790919704,56.279612742089896,0.07738687608846867,1.1368683772161603e-13
2200000.0,600000.0,0.7,523.15,754.7955558410509,3.799888623203966,61.60096918604325,696.9944752782117,57.80108056283929,0.07657845904833516,0.0
2200000.0,600000.0,0.7,533.15,782.6340641294938,3.799888623203966,63.10626391269441,723.3276888400034,59.30637528949045,0.07577791206348217,0.0
2200000.0,600000.0,0.7,543.15,810.7692415511733,3.799888623203966,64.5971023223612,749.972027852016,60.797213699157226,0.0749870747228142,0.0
2200000.0,600000.0,0.7,553.15,839.2032530893216,3.799888623203966,66.07494915262005,776.9281925599056,62.27506052941608,0.07420736311515198,-1.1368683772161603e-13
2200000.0,600000.0,0.7,563.15,867.9371189706907,3.799888623203966,67.5410643465959,804.1959432472987,63.74117572339193,0.07343985448967116,0.0
2200000.0,600000.0,0.7,573.15,896.9709562975111,3.799888623203966,68.99653960477677,831.7743053159384,65.1966509815728,0.07268535343740617,-1.1368683772161603e-13
2200000.0,600000.0,0.7,583.15,926.3041664896776,3.799888623203966,70.44232704768748,859.6617280651941,66.64243842448352,0.07194444420673579,0.0
2200000.0,600000.0,0.7,593.15,955.9355821327766,3.799888623203966,71.87926196621615,887.8562087897644,68.07937334301218,0.07121753245247038,0.0
2200000.0,600000.0,0.7,603.15,985.8635829946821,3.799888623203966,73.30808107805159,916.3553905398345,69.50819245484762,0.07050487882279606,0.0
2200000.0,600000.0,0.7,613.15,1016.0861883399448,3.799888623203966,74.72943732443522,945.1566396387136,70.92954870123125,0.06980662616535917,-1.1368683772161603e-13
2200000.0,600000.0,0.7,623.15,1046.6011308276493,3.799888623203966,76.14391197224148,974.2571074786118,72.34402334903751,0.06912282169218378,0.0
2200000.0,600000.0,0.75,383.15,382.71210686016235,3.799888623203966,38.92846771127521,347.5835277720911,35.12857908807125,0.09178852317025533,0.0
2200000.0,600000.0,0.75,393.15,411.27244451717627,3.799888623203966,41.65045768289047,373.42187545748976,37.85056905968651,0.09203283508118844,0.0
2200000.0,600000.0,0.75,403.15,438.20039674652145,3.799888623203966,44.04889800273487,397.95138736699056,40.249009379530904,0.09185069132379879,0.0
2200000.0,600000.0,0.75,413.15,464.3881232066674,3.799888623203966,46.25509289270337,421.932918937168,42.455204269499404,0.09142181323747053,0.0
2200000.0,600000.0,0.75,423.15,490.2420222234174,3.799888623203966,48.33096143120376,445.71094941541764,44.53107280799979,0.09083487499916051,-5.684341886080802e-14
2200000.0,600000.0,0.75,433.15,515.9816347634794,3.799888623203966,50.31133795531315,469.47018543137017,46.51144933210918,0.09014167597928081,0.0
2200000.0,600000.0,0.75,443.15,541.7390511251051,3.799888623203966,52.21813301981113,493.320806728498,48.418244396607165,0.08937558460304872,0.0
2200000.0,600000.0,0.75,453.15,567.5998485495568,3.799888623203966,54.06623542224453,517.3335017505162,50.26634679904056,0.08855947887845822,0.0
2200000.0,600000.0,0.75,463.15,593.6222673901394,3.799888623203966,55.86632549613866,541.5558305172048,52.06643687293469,0.08770970991678732,0.0
2200000.0,600000.0,0.75,473.15,619.8472185551519,3.799888623203966,57.6263693991846,566.0207377791713,53.82648077598063,0.08683830331843512,0.0
2200000.0,600000.0,0.75,483.15,646.3040083969637,3.799888623203966,59.35248717363248,590.7514098465352,55.55259855042851,0.0859542844059042,-1.1368683772161603e-13
2200000.0,600000.0,0.75,493.15,673.0138558064692,3.799888623203966,61.04949258195131,615.7642518477219,57.24960395874734,0.08506452499428176,0.0
2200000.0,600000.0,0.75,503.15,699.992170849149,3.799888623203966,62.7212460410262,641.0708134313268,58.921357417822236,0.08417430918740948,0.0
2200000.0,600000.0,0.75,513.15,727.2500918340604,3.799888623203966,64.3708943199577,666.6790861373066,60.57100569675373,0.08328772505755071,0.0
2200000.0,600000.0,0.75,523.15,754.7955558410509,3.799888623203966,66.00103841361776,692.5944060506371,62.201149790413794,0.08240794385852539,1.1368683772161603e-13
2200000.0,600000.0,0.75,533.15,782.6340641294938,3.799888623203966,67.61385419217264,718.8200985605251,63.81396556896867,0.08153742405775233,0.0
2200000.0,600000.0,0.75,543.15,810.7692415511733,3.799888623203966,69.2111810596725,745.3579491147048,65.41129243646853,0.08067806360207112,0.0
2200000.0,600000.0,0.75,553.15,839.2032530893216,3.799888623203966,70.79458837780706,772.2085533347185,66.99469975460309,0.07983131560558003,0.0
2200000.0,600000.0,0.75,563.15,867.9371189706907,3.799888623203966,72.36542608563835,799.3715815082562,68.56553746243438,0.07899827759843714,1.1368683772161603e-13
2200000.0,600000.0,0.75,573.15,896.9709562975111,3.799888623203966,73.92486386226071,826.8459810584544,70.12497523905674,0.07817976128069569,-1.1368683772161603e-13
2200000.0,600000.0,0.75,583.15,926.3041664896776,3.799888623203966,75.47392183680809,854.6301332760735,71.67403321360412,0.0773763476474688,0.0
2200000.0,600000.0,0.75,593.15,955.9355821327766,3.799888623203966,77.0134949638031,882.7219757921774,73.21360634059913,0.07658843096650207,1.1368683772161603e-13
2200000.0,600000.0,0.75,603.15,985.8635829946821,3.799888623203966,78.54437258362677,911.1190990342593,74.7444839604228,0.07581625414479477,0.0
2200000.0,600000.0,0.75,613.15,1016.0861883399448,3.799888623203966,80.06725427618063,939.8188226869681,76.26736565297666,0.07505993736375878,0.0
2200000.0,600000.0,0.75,623.15,1046.6011308276493,3.799888623203966,81.58276282740151,968.8182566234518,77.78287420419754,0.0743195013965703,0.0
2200000.0,600000.0,0.8,383.15,382.71210686016235,3.799888623203966,41.52369889202691,344.9882965913394,37.723810268822945,0.09856968094977643,0.0
2200000.0,600000.0,0.8,393.15,411.27244451717627,3.799888623203966,44.42715486174985,370.64517827863034,40.627266238545886,0.098784313853658,5.684341886080802e-14
2200000.0,600000.0,0.8,403.15,438.20039674652145,3.799888623203966,46.98549120291718,395.01479416680826,43.18560257971322,0.09855217590022877,0.0
2200000.0,600000.0,0.8,413.15,464.3881232066674,3.799888623203966,49.338765752216915,418.8492460776544,45.538877129012945,0.09806210549606736,0.0
2200000.0,600000.0,0.8,423.15,490.2420222234174,3.799888623203966,51.55302552661742,442.488885320004,47.75313690341345,0.09740726975389917,-5.684341886080802e-14
2200000.0,600000.0,0.8,433.15,515.9816347634794,3.799888623203966,53.66542715233401,466.1160962343493,49.86553852913005,0.09664208020114494,1.1368683772161603e-13
2200000.0,600000.0,0.8,443.15,541.7390511251051,3.799888623203966,55.69934188779851,489.8395978605106,51.89945326459454,0.09580157302082562,0.0
2200000.0,600000.0,0.8,453.15,567.5998485495568,3.799888623203966,57.67065111706091,513.7290860556999,53.870762493856944,0.09490975487664093,0.0
2200000.0,600000.0,0.8,463.15,593.6222673901394,3.799888623203966,59.59074719588121,537.8314088174621,55.79085857267724,0.09398376987770653,0.0
2200000.0,600000.0,0.8,473.15,619.8472185551519,3.799888623203966,61.468127359130186,562.1789798192257,57.668238735926224,0.0930362144244987,0.0
2200000.0,600000.0,0.8,483.15,646.3040083969637,3.799888623203966,63.309319651874596,586.7945773682931,59.50943102867063,0.09207653094442761,0.0
2200000.0,600000.0,0.8,493.15,673.0138558064692,3.799888623203966,65.1194587540815,611.6942856755917,61.31957013087754,0.091111898517154,0.0
2200000.0,600000.0,0.8,503.15,699.992170849149,3.799888623203966,66.90266244376136,636.8893970285916,63.10277382055739,0.0901478280021453,0.0
2200000.0,600000.0,0.8,513.15,727.2500918340604,3.799888623203966,68.66228727462155,662.3876931826428,64.86239865141758,0.08918857402663277,0.0
2200000.0,600000.0,0.8,523.15,754.7955558410509,3.799888623203966,70.40110764119238,688.1943368230625,66.60121901798841,0.08823742866871578,0.0
2200000.0,600000.0,0.8,533.15,782.6340641294938,3.799888623203966,72.12144447165076,714.312508281047,68.32155584844679,0.08729693605202236,0.0
2200000.0,600000.0,0.8,543.15,810.7692415511733,3.799888623203966,73.82525979698403,740.7438703773933,70.02537117378006,0.08636905248132834,0.0
2200000.0,600000.0,0.8,553.15,839.2032530893216,3.799888623203966,75.5142276029943,767.4889141095314,71.71433897979033,0.08545526809600835,-1.1368683772161603e-13
2200000.0,600000.0,0.8,563.15,867.9371189706907,3.799888623203966,77.18978782468103,794.5472197692136,73.38989920147706,0.08455670070720338,0.0
2200000.0,600000.0,0.8,573.15,896.9709562975111,3.799888623203966,78.85318811974489,821.9176568009702,75.05329949654092,0.08367416912398547,-1.1368683772161603e-13
2200000.0,600000.0,0.8,583.15,926.3041664896776,3.799888623203966,80.50551662592846,849.5985384869531,76.7056280027245,0.08280825108820157,1.1368683772161603e-13
2200000.0,600000.0,0.8,593.15,955.9355821327766,3.799888623203966,82.14772796138982,877.5877427945908,78.34783933818585,0.08195932948053351,0.0
2200000.0,600000.0,0.8,603.15,985.8635829946821,3.799888623203966,83.78066408920195,905.8828075286841,79.98077546599798,0.08112762946679349,0.0
2200000.0,600000.0,0.8,613.15,1016.0861883399448,3.799888623203966,85.40507122792606,934.4810057352228,81.60518260472209,0.0803132485621584,-1.1368683772161603e-13
2200000.0,600000.0,0.8,623.15,1046.6011308276493,3.799888623203966,87.02161368256155,963.3794057682918,83.22172505935758,0.07951618110095683,0.0
2200000.0,600000.0,0.85,383.15,382.71210686016235,3.799888623203966,44.11893007277849,342.39306541058784,40.31904144957453,0.10535083872929722,0.0
2200000.0,600000.0,0.85,393.15,411.27244451717627,3.799888623203966,47.203852040609114,367.8684810997711,43.40396341740515,0.10553579262612728,5.684341886080802e-14
2200000.0,600000.0,0.85,403.15,438.20039674652145,3.799888623203966,49.92208440309961,392.07820096662584,46.12219577989565,0.10525366047665903,-5.684341886080802e-14
2200000.0,600000.0,0.85,413.15,464.3881232066674,3.799888623203966,52.42243861173047,415.76557321814084,48.6225499885265,0.10470239775466422,5.684341886080802e-14
2200000.0,600000.0,0.85,423.15,490.2420222234174,3.799888623203966,54.77508962203097,439.2668212245904,50.975200998827006,0.10397966450863762,0.0
2200000.0,600000.0,0.85,433.15,515.9816347634794,3.799888623203966,57.019516349354994,462.7620070373283,53.21962772615103,0.10314248442300927,1.1368683772161603e-13
2200000.0,600000.0,0.85,443.15,541.7390511251051,3.799888623203966,59.180550755785895,486.3583889925232,55.38066213258193,0.10222756143860255,0.0
2200000.0,600000.0,0.85,453.15,567.5998485495568,3.799888623203966,61.27506681187719,510.12467036088356,57.475178188673226,0.10126003087482344,0.0
2200000.0,600000.0,0.85,463.15,593.6222673901394,3.799888623203966,63.31516889562376,534.1069871177197,59.5152802724198,0.10025782983862576,0.0
2200000.0,600000.0,0.85,473.15,619.8472185551519,3.799888623203966,65.3098853190759,558.33722185928,61.50999669587193,0.09923412553056246,0.0
2200000.0,600000.0,0.85,483.15,646.3040083969637,3.799888623203966,67.26615213011682,582.8377448900509,63.46626350691285,0.09819877748295118,0.0
2200000.0,600000.0,0.85,493.15,673.0138558064692,3.799888623203966,69.18942492621159,607.6243195034616,65.38953630300762,0.09715927204002606,0.0
2200000.0,600000.0,0.85,503.15,699.992170849149,3.799888623203966,71.08407884649641,632.7079806258565,67.28419022329244,0.09612134681688095,1.1368683772161603e-13
2200000.0,600000.0,0.85,513.15,727.2500918340604,3.799888623203966,72.95368022928538,658.096300227979,69.15379160608141,0.09508942299571481,0.0
2200000.0,600000.0,0.85,523.15,754.7955558410509,3.799888623203966,74.8011768687669,683.794267595488,71.00128824556293,0.09406691347890604,0.0
2200000.0,600000.0,0.85,533.15,782.6340641294938,3.799888623203966,76.62903475112887,709.8049180015689,72.8291461279249,0.09305644804629239,0.0
2200000.0,600000.0,0.85,543.15,810.7692415511733,3.799888623203966,78.43933853429567,736.1297916400815,74.6394499110917,0.09206004136058568,1.1368683772161603e-13
2200000.0,600000.0,0.85,553.15,839.2032530893216,3.799888623203966,80.23386682818132,762.7692748843443,76.43397820497735,0.09107922058643642,-1.1368683772161603e-13
2200000.0,600000.0,0.85,563.15,867.9371189706907,3.799888623203966,82.0141495637237,789.7228580301709,78.21426094051974,0.09011512381596962,1.1368683772161603e-13
2200000.0,600000.0,0.85,573.15,896.9709562975111,3.799888623203966,83.78151237722905,816.9893325434861,79.98162375402508,0.08916857696727523,-1.1368683772161603e-13
2200000.0,600000.0,0.85,583.15,926.3041664896776,3.799888623203966,85.53711141504905,844.5669436978325,81.73722279184508,0.08824015452893456,1.1368683772161603e-13
2200000.0,600000.0,0.85,593.15,955.9355821327766,3.799888623203966,87.28196095897677,872.4535097970038,83.4820723357728,0.0873302279945652,0.0
2200000.0,600000.0,0.85,603.15,985.8635829946821,3.799888623203966,89.01695559477713,900.6465160231089,85.21706697157316,0.0864390047887922,1.1368683772161603e-13
2200000.0,600000.0,0.85,613.15,1016.0861883399448,3.799888623203966,90.74288817967148,929.1431887834773,86.94299955646751,0.08556655976055803,0.0
2200000.0,600000.0,0.85,623.15,1046.6011308276493,3.799888623203966,92.46046453772159,957.9405549131318,88.66057591451762,0.08471286080534338,-2.2737367544323206e-13
2200000.0,600000.0,0.9,383.15,382.71210686016235,3.799888623203966,46.714161253530186,339.7978342298361,42.914272630326224,0.1121319965088183,5.684341886080802e-14
2200000.0,600000.0,0.9,393.15,411.27244451717627,3.799888623203966,49.98054921946849,365.0917839209117,46.18066059626453,0.11228727139859683,0.0
2200000.0,600000.0,0.9,403.15,438.20039674652145,3.799888623203966,52.85867760328192,389.14160776644354,49.05878898007795,0.11195514505308898,-5.684341886080802e-14
2200000.0,600000.0,0.9,413.15,464.3881232066674,3.799888623203966,55.50611147124402,412.68190035862733,51.706222848040056,0.11134269001326107,0.0
2200000.0,600000.0,0.9,423.15,490.2420222234174,3.799888623203966,57.99715371744451,436.04475712917684,54.19726509424055,0.11055205926337604,0.0
2200000.0,600000.0,0.9,433.15,515.9816347634794,3.799888623203966,60.373605546375856,459.40791784030745,56.57371692317189,0.10964288864487336,1.1368683772161603e-13
2200000.0,600000.0,0.9,443.15,541.7390511251051,3.799888623203966,62.6617596237734,482.8771801245357,58.86187100056944,0.10865354985637969,0.0
2200000.0,600000.0,0.9,453.15,567.5998485495568,3.799888623203966,64.87948250669346,506.52025466606733,61.079593883489494,0.10761030687300593,0.0
2200000.0,600000.0,0.9,463.15,593.6222673901394,3.799888623203966,67.03959059536643,530.3825654179769,63.239701972162464,0.10653188979954516,0.0
2200000.0,600000.0,0.9,473.15,619.8472185551519,3.799888623203966,69.15164327902149,554.4954638993345,65.35175465581752,0.10543203663662602,-1.1368683772161603e-13
2200000.0,600000.0,0.9,483.15,646.3040083969637,3.799888623203966,71.22298460835894,578.8809124118087,67.42309598515497,0.1043210240214746,0.0
2200000.0,600000.0,0.9,493.15,673.0138558064692,3.799888623203966,73.25939109834167,603.5543533313315,69.4595024751377,0.10320664556289813,0.0
2200000.0,600000.0,0.9,503.15,699.992170849149,3.799888623203966,75.26549524923146,628.5265642231215,71.4656066260275,0.10209486563161661,1.1368683772161603e-13
2200000.0,600000.0,0.9,513.15,727.2500918340604,3.799888623203966,77.24507318394922,653.8049072733152,73.44518456074525,0.10099027196479685,0.0
2200000.0,600000.0,0.9,523.15,754.7955558410509,3.799888623203966,79.20124609634141,679.3941983679135,75.40135747313744,0.09989639828909629,0.0
2200000.0,600000.0,0.9,533.15,782.6340641294938,3.799888623203966,81.1366250306071,705.2973277220907,77.33673640740314,0.09881596004056256,0.0
2200000.0,600000.0,0.9,543.15,810.7692415511733,3.799888623203966,83.05341727160709,731.5157129027701,79.25352864840312,0.09775103023984276,0.0
2200000.0,600000.0,0.9,553.15,839.2032530893216,3.799888623203966,84.95350605336856,758.049635659157,81.15361743016459,0.09670317307686474,0.0
2200000.0,600000.0,0.9,563.15,867.9371189706907,3.799888623203966,86.83851130276615,784.8984962911285,83.03862267956218,0.09567354692473558,0.0
2200000.0,600000.0,0.9,573.15,896.9709562975111,3.799888623203966,88.70983663471299,812.0610082860021,84.90994801150902,0.09466298481056473,0.0
2200000.0,600000.0,0.9,583.15,926.3041664896776,3.799888623203966,90.56870620416966,839.535348908712,86.76881758096569,0.09367205796966757,0.0
2200000.0,600000.0,0.9,593.15,955.9355821327766,3.799888623203966,92.41619395656372,867.3192767994169,88.61630533335975,0.0927011265085969,0.0
2200000.0,600000.0,0.9,603.15,985.8635829946821,3.799888623203966,94.25324710035231,895.4102245175338,90.45335847714834,0.09175038011079091,0.0
2200000.0,600000.0,0.9,613.15,1016.0861883399448,3.799888623203966,96.08070513141668,923.8053718317321,92.28081650821271,0.09081987095895744,-1.1368683772161603e-13
2200000.0,600000.0,0.9,623.15,1046.6011308276493,3.799888623203966,97.89931539288163,952.5017040579717,94.09942676967766,0.08990954050972991,0.0
2200000.0,650000.0,0.7,383.15,374.57621274551263,3.7121080506768194,33.99148967465991,344.2968311215296,30.27938162398309,0.08083637079366524,-5.684341886080802e-14
2200000.0,650000.0,0.7,393.15,403.13655040252655,3.7121080506768194,36.400447361245284,370.4482110919581,32.688339310568466,0.08108503006718093,0.0
2200000.0,650000.0,0.7,403.15,430.0645026318718,3.7121080506768194,38.52023388773448,395.2563767948141,34.80812583705766,0.08093698880991544,0.0
2200000.0,650000.0,0.7,413.15,456.25222909201767,3.7121080506768194,40.468233014564376,419.4961041281301,36.75612496388756,0.08056097618862158,0.0
2200000.0,650000.0,0.7,423.15,482.10612810876773,3.7121080506768194,42.299789119073075,443.5184470403715,38.58768106839626,0.08003980621397641,0.0
2200000.0,650000.0,0.7,433.15,507.8457406488297,3.7121080506768194,44.04602742042043,467.51182127908606,40.33391936974361,0.07942159624734181,0.0
2200000.0,650000.0,0.7,443.15,533.6031570104553,3.7121080506768194,45.72652461214073,491.58874044899153,42.01441656146391,0.07873719637802047,0.0
2200000.0,650000.0,0.7,453.15,559.463954434907,3.7121080506768194,47.35458515362465,515.8214773319593,43.64247710294783,0.07800766565386578,0.0
2200000.0,650000.0,0.7,463.15,585.4863732754898,3.7121080506768194,48.93975341936853,540.258727906798,45.22764536869171,0.0772479897621984,1.1368683772161603e-13
2200000.0,650000.0,0.7,473.15,611.7113244405024,3.7121080506768194,50.48914804392983,564.9342844472493,46.77703999325301,0.0764691417737563,1.1368683772161603e-13
2200000.0,650000.0,0.7,483.15,638.1681142823139,3.7121080506768194,52.00823753649159,589.8719847964993,48.296129485814774,0.07567932086379585,-1.1368683772161603e-13
2200000.0,650000.0,0.7,493.15,664.8779616918196,3.7121080506768194,53.50132282084145,615.0887469216549,49.789214770164634,0.07488474222167503,1.1368683772161603e-13
2200000.0,650000.0,0.7,503.15,691.8562767344993,3.7121080506768194,54.9718527441537,640.5965320410224,51.25974469347688,0.07409016354584273,0.0
2200000.0,650000.0,0.7,513.15,719.1141977194108,3.7121080506768194,56.42263835247979,666.4036674176077,52.71053030180297,0.07329924853238672,1.1368683772161603e-13
2200000.0,650000.0,0.7,523.15,746.6596617264012,3.7121080506768194,57.85600295360817,692.5157668234699,54.14389490293135,0.07251482526555897,0.0
2200000.0,650000.0,0.7,533.15,774.498170014844,3.7121080506768194,59.27388996264757,718.9363881028734,55.561781911970755,0.0717390744911713,0.0
2200000.0,650000.0,0.7,543.15,802.6333474365235,3.7121080506768194,60.67794214952993,745.6675133376705,56.965834098853115,0.07097366970957841,0.0
2200000.0,650000.0,0.7,553.15,831.067358974672,3.7121080506768194,62.06956101019517,772.7099060151536,58.357452959518355,0.07021988329744627,0.0
2200000.0,650000.0,0.7,563.15,859.8012248560409,3.7121080506768194,63.449952010262294,800.0633808964554,59.737843959585476,0.06947866813005246,0.0
2200000.0,650000.0,0.7,573.15,888.8350621828614,3.7121080506768194,64.82015958703403,827.7270106465043,61.10805153635721,0.06875072118136734,0.0
2200000.0,650000.0,0.7,583.15,918.1682723750279,3.7121080506768194,66.1810945955941,855.6992858301106,62.468986544917286,0.06803653363378438,0.0
2200000.0,650000.0,0.7,593.15,947.7996880181269,3.7121080506768194,67.53355609232187,883.9782399764819,63.821448041645056,0.06733643073368943,0.0
2200000.0,650000.0,0.7,603.15,977.7276888800324,3.7121080506768194,68.87824881441193,912.5615481162973,65.16614076373511,0.06665060374671565,0.0
2200000.0,650000.0,0.7,613.15,1007.9502942252951,3.7121080506768194,70.21579734594562,941.4466049300263,66.5036892952688,0.06597913575329938,1.1368683772161603e-13
2200000.0,650000.0,0.7,623.15,1038.4652367129997,3.7121080506768194,71.54675770325795,970.6305870604185,67.83464965258113,0.06532202259104468,0.0
2200000.0,650000.0,0.75,383.15,374.57621274551263,3.7121080506768194,36.419453222849874,341.8688675733396,32.707345172173056,0.08731826544040172,-5.684341886080802e-14
2200000.0,650000.0,0.75,393.15,403.13655040252655,3.7121080506768194,39.00047931561991,367.8481791375835,35.288371264943095,0.08753453694463605,0.0
2200000.0,650000.0,0.75,403.15,430.0645026318718,3.7121080506768194,41.2716791654299,392.5049315171187,37.55957111475308,0.0873347390563491,0.0
2200000.0,650000.0,0.75,413.15,456.25222909201767,3.7121080506768194,43.358821087033256,416.60551605566127,39.64671303635644,0.0868964807366682,-5.684341886080802e-14
2200000.0,650000.0,0.75,423.15,482.10612810876773,3.7121080506768194,45.32120262757829,440.4970335318663,41.60909457690147,0.08630691905976781,-5.684341886080802e-14
2200000.0,650000.0,0.75,433.15,507.8457406488297,3.7121080506768194,47.19217223616468,464.3656764633418,43.48006418548786,0.08561667590228722,0.0
2200000.0,650000.0,0.75,443.15,533.6031570104553,3.7121080506768194,48.992704941579376,488.32256011955286,45.28059689090256,0.0848581877674598,0.0
2200000.0,650000.0,0.75,453.15,559.463954434907,3.7121080506768194,50.73705552174069,512.4390069638432,47.024947471063875,0.08405357860554566,0.0
2200000.0,650000.0,0.75,463.15,585.4863732754898,3.7121080506768194,52.43545009218063,536.7630312339859,48.72334204150381,0.08321857564151702,1.1368683772161603e-13
2200000.0,650000.0,0.75,473.15,611.7113244405024,3.7121080506768194,54.095515761353425,561.3279167298257,50.38340771067661,0.08236468036088665,1.1368683772161603e-13
2200000.0,650000.0,0.75,483.15,638.1681142823139,3.7121080506768194,55.723111646241044,586.1571106867498,52.011003595564226,0.08150047367072857,0.0
2200000.0,650000.0,0.75,493.15,664.8779616918196,3.7121080506768194,57.32284587947302,611.2672238630233,53.6107378287962,0.08063244823513273,1.1368683772161603e-13
2200000.0,650000.0,0.75,503.15,691.8562767344993,3.7121080506768194,58.89841365445033,636.6699711307258,55.18630560377351,0.07976556325288833,0.0
2200000.0,650000.0,0.75,513.15,719.1141977194108,3.7121080506768194,60.45282680622826,662.3734789638593,56.74071875555144,0.07890362745652667,1.1368683772161603e-13
2200000.0,650000.0,0.75,523.15,746.6596617264012,3.7121080506768194,61.98857459315157,688.3831951839265,58.27646654247475,0.07804957135052654,-1.1368683772161603e-13
2200000.0,650000.0,0.75,533.15,774.498170014844,3.7121080506768194,63.5077392456939,714.702538819827,59.79563119501708,0.07720564555223033,0.0
2200000.0,650000.0,0.75,543.15,802.6333474365235,3.7121080506768194,65.01208087449614,741.3333746127042,61.29997282381932,0.07637356835421948,0.0
2200000.0,650000.0,0.75,553.15,831.067358974672,3.7121080506768194,66.50310108235199,768.2763659429968,62.79099303167517,0.0755546374834688,0.0
2200000.0,650000.0,0.75,563.15,859.8012248560409,3.7121080506768194,67.98209143956657,795.5312414671512,64.26998338888976,0.07474981603992327,0.0
2200000.0,650000.0,0.75,573.15,888.8350621828614,3.7121080506768194,69.45017098610802,823.0969992474303,65.7380629354312,0.07395979944129027,0.0
2200000.0,650000.0,0.75,583.15,918.1682723750279,3.7121080506768194,70.90831563813659,850.9720647875682,67.19620758745977,0.07318506815057244,-1.1368683772161603e-13
2200000.0,650000.0,0.75,593.15,947.7996880181269,3.7121080506768194,72.35738152748766,879.1544145413161,68.64527347681084,0.07242592959737078,0.0
2200000.0,650000.0,0.75,603.15,977.7276888800324,3.7121080506768194,73.798123729727,907.6416732009823,70.08601567905018,0.07168255177403467,0.0
2200000.0,650000.0,0.75,613.15,1007.9502942252951,3.7121080506768194,75.23121144208451,936.4311908338874,71.5191033914077,0.07095499034144027,1.1368683772161603e-13
2200000.0,650000.0,0.75,623.15,1038.4652367129997,3.7121080506768194,76.65724039634783,965.5201043673287,72.94513234567101,0.07024321062162896,0.0
2200000.0,650000.0,0.8,383.15,374.57621274551263,3.7121080506768194,38.84741677103983,339.4409040251496,35.135308720363014,0.09380016008713818,0.0
2200000.0,650000.0,0.8,393.15,403.13655040252655,3.7121080506768194,41.60051126999455,365.24814718320886,37.88840321931773,0.09398404382209119,-5.684341886080802e-14
2200000.0,650000.0,0.8,403.15,430.0645026318718,3.7121080506768194,44.02312444312521,389.7534862394234,40.311016392448394,0.0937324893027825,0.0
2200000.0,650000.0,0.8,413.15,456.25222909201767,3.7121080506768194,46.24940915950213,413.71492798319235,42.53730110882531,0.09323198528471478,0.0
2200000.0,650000.0,0.8,423.15,482.10612810876773,3.7121080506768194,48.34261613608349,437.47562002336105,44.630508085406674,0.0925740319055592,0.0
2200000.0,650000.0,0.8,433.15,507.8457406488297,3.7121080506768194,50.33831705190905,461.2195316475974,46.62620900123223,0.09181175555723287,5.684341886080802e-14
2200000.0,650000.0,0.8,443.15,533.6031570104553,3.7121080506768194,52.25888527101802,485.05637979011425,48.546777220341205,0.09097917915689915,-1.1368683772161603e-13
2200000.0,650000.0,0.8,453.15,559.463954434907,3.7121080506768194,54.11952588985674,509.0565365957272,50.40741783917992,0.09009949155722555,-1.1368683772161603e-13
2200000.0,650000.0,0.8,463.15,585.4863732754898,3.7121080506768194,55.93114676499262,533.2673345611739,52.2190387143158,0.08918916152083543,1.1368683772161603e-13
2200000.0,650000.0,0.8,473.15,611.7113244405024,3.7121080506768194,57.7018834787769,557.7215490124022,53.98977542810008,0.0882602189480168,1.1368683772161603e-13
2200000.0,650000.0,0.8,483.15,638.1681142823139,3.7121080506768194,59.43798575599049,582.4422365770004,55.72587770531367,0.08732162647766127,0.0
2200000.0,650000.0,0.8,493.15,664.8779616918196,3.7121080506768194,61.144368938104485,607.4457008043919,57.43226088742767,0.08638015424859027,1.1368683772161603e-13
2200000.0,650000.0,0.8,503.15,691.8562767344993,3.7121080506768194,62.82497456474707,632.743410220429,59.112866514070255,0.08544096295993409,0.0
2200000.0,650000.0,0.8,513.15,719.1141977194108,3.7121080506768194,64.48301525997685,658.3432905101107,60.770907209300034,0.08450800638066677,1.1368683772161603e-13
2200000.0,650000.0,0.8,523.15,746.6596617264012,3.7121080506768194,66.12114623269508,684.250623544383,62.409038182018264,0.08358431743549424,0.0
2200000.0,650000.0,0.8,533.15,774.498170014844,3.7121080506768194,67.74158852874011,710.4686895367809,64.02948047806329,0.08267221661328922,0.0
2200000.0,650000.0,0.8,543.15,802.6333474365235,3.7121080506768194,69.34621959946259,736.9992358877379,65.63411154878577,0.08177346699886084,-1.1368683772161603e-13
2200000.0,650000.0,0.8,553.15,831.067358974672,3.7121080506768194,70.9366411545088,763.84282587084,67.22453310383199,0.08088939166949133,0.0
2200000.0,650000.0,0.8,563.15,859.8012248560409,3.7121080506768194,72.5142308688711,790.9991020378467,68.80212281819428,0.08002096394979435,0.0
2200000.0,650000.0,0.8,573.15,888.8350621828614,3.7121080506768194,74.08018238518177,818.4669878483564,70.36807433450495,0.07916887770121293,1.1368683772161603e-13
2200000.0,650000.0,0.8,583.15,918.1682723750279,3.7121080506768194,75.63553668067907,846.2448437450257,71.92342863000225,0.07833360266736049,0.0
2200000.0,650000.0,0.8,593.15,947.7996880181269,3.7121080506768194,77.18120696265368,874.3305891061501,73.46909891197686,0.07751542846105236,0.0
2200000.0,650000.0,0.8,603.15,977.7276888800324,3.7121080506768194,78.71799864504207,902.7217982856672,75.00589059436525,0.0767144998013537,0.0
2200000.0,650000.0,0.8,613.15,1007.9502942252951,3.7121080506768194,80.24662553822343,931.4157767377485,76.53451748754661,0.07593084492958117,1.1368683772161603e-13
2200000.0,650000.0,0.8,623.15,1038.4652367129997,3.7121080506768194,81.7677230894377,960.4096216742388,78.05561503876088,0.07516439865221322,0.0
2200000.0,650000.0,0.85,383.15,374.57621274551263,3.7121080506768194,41.27538031922979,337.01294047695967,37.56327226855297,0.10028205473387465,0.0
2200000.0,650000.0,0.85,393.15,403.13655040252655,3.7121080506768194,44.20054322436918,362.64811522883423,40.48843517369236,0.10043355069954632,-5.684341886080802e-14
2200000.0,650000.0,0.85,403.15,430.0645026318718,3.7121080506768194,46.77456972082052,387.0020409617281,43.062461670143705,0.10013023954921588,0.0
2200000.0,650000.0,0.85,413.15,456.25222909201767,3.7121080506768194,49.13999723197101,410.8243399107235,45.42788918129419,0.0995674898327614,0.0
2200000.0,650000.0,0.85,423.15,482.10612810876773,3.7121080506768194,51.364029644588705,434.45420651485585,47.65192159391189,0.0988411447513506,0.0
2200000.0,650000.0,0.85,433.15,507.8457406488297,3.7121080506768194,53.4844618676533,458.0733868318532,49.772353816976484,0.09800683521217829,0.0
2200000.0,650000.0,0.85,443.15,533.6031570104553,3.7121080506768194,55.52506560045667,481.7901994606756,51.81295754977985,0.0971001705463385,0.0
2200000.0,650000.0,0.85,453.15,559.463954434907,3.7121080506768194,57.501996257972785,505.67406622761115,53.78988820729597,0.09614540450890542,0.0
2200000.0,650000.0,0.85,463.15,585.4863732754898,3.7121080506768194,59.42684343780473,529.7716378883619,55.71473538712791,0.09515974740015405,1.1368683772161603e-13
2200000.0,650000.0,0.85,473.15,611.7113244405024,3.7121080506768194,61.308251196200494,554.1151812949786,57.596143145523676,0.09415575753514716,2.2737367544323206e-13
2200000.0,650000.0,0.85,483.15,638.1681142823139,3.7121080506768194,63.15285986573983,578.727362467251,59.44075181506301,0.09314277928459382,-1.1368683772161603e-13
2200000.0,650000.0,0.85,493.15,664.8779616918196,3.7121080506768194,64.96589199673606,603.6241777457603,61.253783946059244,0.09212786026204799,0.0
2200000.0,650000.0,0.85,503.15,691.8562767344993,3.7121080506768194,66.7515354750437,628.8168493101324,63.03942742436688,0.09111636266697966,0.0
2200000.0,650000.0,0.85,513.15,719.1141977194108,3.7121080506768194,68.51320371372543,654.3131020563621,64.80109566304861,0.09011238530480688,0.0
2200000.0,650000.0,0.85,523.15,746.6596617264012,3.7121080506768194,70.25371787223848,680.1180519048396,66.54160982156166,0.0891190635204618,0.0
2200000.0,650000.0,0.85,533.15,774.498170014844,3.7121080506768194,71.97543781178642,706.2348402537345,68.2633297611096,0.08813878767434824,0.0
2200000.0,650000.0,0.85,543.15,802.6333474365235,3.7121080506768194,73.68035832442902,732.6650971627714,69.9682502737522,0.0871733656435022,0.0
2200000.0,650000.0,0.85,553.15,831.067358974672,3.7121080506768194,75.37018122666562,759.4092857986832,71.6580731759888,0.08622414585551386,0.0
2200000.0,650000.0,0.85,563.15,859.8012248560409,3.7121080506768194,77.0463702981756,786.4669626085422,73.33426224749878,0.08529211185966543,0.0
2200000.0,650000.0,0.85,573.15,888.8350621828614,3.7121080506768194,78.71019378425576,813.8369764492825,74.99808573357895,0.08437795596113587,0.0
2200000.0,650000.0,0.85,583.15,918.1682723750279,3.7121080506768194,80.36275772322155,841.5176227024832,76.65064967254473,0.08348213718414853,0.0
2200000.0,650000.0,0.85,593.15,947.7996880181269,3.7121080506768194,82.00503239781945,869.5067636709844,78.29292434714263,0.08260492732473369,-1.1368683772161603e-13
2200000.0,650000.0,0.85,603.15,977.7276888800324,3.7121080506768194,83.63787356035714,897.8019233703521,79.92576550968032,0.08174644782867271,0.0
2200000.0,650000.0,0.85,613.15,1007.9502942252951,3.7121080506768194,85.26203963436232,926.4003626416096,81.5499315836855,0.08090669951772207,1.1368683772161603e-13
2200000.0,650000.0,0.85,623.15,1038.4652367129997,3.7121080506768194,86.87820578252757,955.299138981149,83.16609773185075,0.08008558668279749,0.0
2200000.0,650000.0,0.9,383.15,374.57621274551263,3.7121080506768194,43.703343867419754,334.5849769287697,39.991235816742936,0.10676394938061112,0.0
2200000.0,650000.0,0.9,393.15,403.13655040252655,3.7121080506768194,46.800575178743806,360.0480832744596,43.08846712806699,0.10688305757700144,-5.684341886080802e-14
2200000.0,650000.0,0.9,403.15,430.0645026318718,3.7121080506768194,49.526014998515834,384.25059568403276,45.813906947839016,0.10652798979564927,0.0
2200000.0,650000.0,0.9,413.15,456.25222909201767,3.7121080506768194,52.03058530443988,407.93375183825464,48.318477253763064,0.10590299438080798,0.0
2200000.0,650000.0,0.9,423.15,482.10612810876773,3.7121080506768194,54.38544315309392,431.4327930063506,50.6733351024171,0.105108257597142,5.684341886080802e-14
2200000.0,650000.0,0.9,433.15,507.8457406488297,3.7121080506768194,56.630606683397666,454.92724201610883,52.91849863272085,0.10420191486712392,0.0
2200000.0,650000.0,0.9,443.15,533.6031570104553,3.7121080506768194,58.791245929895204,478.5240191312371,55.079137879218386,0.10322116193577763,-1.1368683772161603e-13
2200000.0,650000.0,0.9,453.15,559.463954434907,3.7121080506768194,60.88446662608883,502.2915958594951,57.17235857541201,0.1021913174605853,0.0
2200000.0,650000.0,0.9,463.15,585.4863732754898,3.7121080506768194,62.92254011061671,526.2759412155498,59.21043205993989,0.10113033327947245,1.1368683772161603e-13
2200000.0,650000.0,0.9,473.15,611.7113244405024,3.7121080506768194,64.91461891362408,550.508813577555,61.202510862947264,0.10005129612227749,2.2737367544323206e-13
2200000.0,650000.0,0.9,483.15,638.1681142823139,3.7121080506768194,66.86773397548927,575.0124883575015,63.155625924812455,0.09896393209152653,0.0
2200000.0,650000.0,0.9,493.15,664.8779616918196,3.7121080506768194,68.78741505536763,599.8026546871288,65.07530700469081,0.09787556627550568,0.0
2200000.0,650000.0,0.9,503.15,691.8562767344993,3.7121080506768194,70.67809638534044,624.8902883998358,66.96598833466362,0.09679176237402541,-1.1368683772161603e-13
2200000.0,650000.0,0.9,513.15,719.1141977194108,3.7121080506768194,72.54339216747402,650.2829136026135,68.8312841167972,0.09571676422894698,1.1368683772161603e-13
2200000.0,650000.0,0.9,523.15,746.6596617264012,3.7121080506768194,74.38628951178188,675.9854802652961,70.67418146110506,0.09465380960542935,0.0
2200000.0,650000.0,0.9,533.15,774.498170014844,3.7121080506768194,76.20928709483263,702.0009909706882,72.49717904415581,0.09360535873540712,0.0
2200000.0,650000.0,0.9,543.15,802.6333474365235,3.7121080506768194,78.01449704939546,728.330958437805,74.30238899871864,0.09257326428814355,0.0
2200000.0,650000.0,0.9,553.15,831.067358974672,3.7121080506768194,79.80372129882244,754.9757457265264,76.09161324814562,0.09155890004153638,0.0
2200000.0,650000.0,0.9,563.15,859.8012248560409,3.7121080506768194,81.57850972748012,781.9348231792377,77.8664016768033,0.09056325976953651,0.0
2200000.0,650000.0,0.9,573.15,888.8350621828614,3.7121080506768194,83.34020518332953,809.2069650502087,79.62809713265271,0.08958703422105856,0.0
2200000.0,650000.0,0.9,583.15,918.1682723750279,3.7121080506768194,85.0899787657638,836.7904016599409,81.37787071508698,0.08863067170093633,0.0
2200000.0,650000.0,0.9,593.15,947.7996880181269,3.7121080506768194,86.82885783298524,864.6829382358185,83.11674978230842,0.08769442618841503,0.0
2200000.0,650000.0,0.9,603.15,977.7276888800324,3.7121080506768194,88.55774847567221,892.8820484550371,84.8456404249954,0.08677839585599176,0.0
2200000.0,650000.0,0.9,613.15,1007.9502942252951,3.7121080506768194,90.27745373050124,921.3849485454707,86.56534567982442,0.08588255410586298,0.0
2200000.0,650000.0,0.9,623.15,1038.4652367129997,3.7121080506768194,91.98868847561744,950.1886562880591,88.27658042494062,0.08500677471338175,0.0
2200000.0,700000.0,0.7,383.15,366.8238854658677,3.621673508129432,31.826436219085007,338.6191227549121,28.204762710955574,0.0768891117194711,5.684341886080802e-14
2200000.0,700000.0,0.7,393.15,395.3842231228816,3.621673508129432,34.11182151362125,364.8940751173898,30.490148005491818,0.07711523683132843,5.684341886080802e-14
2200000.0,700000.0,0.7,403.15,422.3121753522268,3.621673508129432,36.12025190196803,389.81359695838825,32.4985783938386,0.07695392245495496,-5.684341886080802e-14
2200000.0,700000.0,0.7,413.15,448.49990181237274,3.621673508129432,37.96419551680854,414.15737980369363,34.342522008679104,0.07657197218974218,0.0
2200000.0,700000.0,0.7,423.15,474.35380082912275,3.621673508129432,39.6966613833115,438.2788129539407,36.07498787518207,0.0760508038770357,0.0
2200000.0,700000.0,0.7,433.15,500.0934133691847,3.621673508129432,41.347450463800925,462.3676364135132,37.72577695567149,0.0754374601767073,5.684341886080802e-14
2200000.0,700000.0,0.7,443.15,525.8508297308105,3.621673508129432,42.93530600487522,486.5371972340647,39.31363249674579,0.0747619482066253,0.0
2200000.0,700000.0,0.7,453.15,551.7116271552621,3.621673508129432,44.4729673266256,510.860333336766,40.85129381849617,0.07404464906627722,0.0
2200000.0,700000.0,0.7,463.15,577.7340459958448,3.621673508129432,45.969573589980484,535.3861459139937,42.34790008185105,0.07329999049797323,1.1368683772161603e-13
2200000.0,700000.0,0.7,473.15,603.9589971608573,3.621673508129432,47.43194078453607,560.1487298844506,43.810267276406634,0.0725384794039889,0.0
2200000.0,700000.0,0.7,483.15,630.415787002669,3.621673508129432,48.86530443661136,585.1721560741871,45.24363092848193,0.0717679218402733,0.0
2200000.0,700000.0,0.7,493.15,657.1256344121746,3.621673508129432,50.27378182645922,610.4735260938448,46.65210831832979,0.07099419939698744,0.0
2200000.0,700000.0,0.7,503.15,684.1039494548544,3.621673508129432,51.66067422502593,636.0649487379578,48.039000716896496,0.0702217853809755,1.1368683772161603e-13
2200000.0,700000.0,0.7,513.15,711.3618704397658,3.621673508129432,53.02867214625946,661.9548718016357,49.40699863813003,0.06945410021426435,0.0
2200000.0,700000.0,0.7,523.15,738.9073344467563,3.621673508129432,54.379999082673926,688.1490088722118,50.75832557454449,0.06869376335606261,0.0
2200000.0,700000.0,0.7,533.15,766.7458427351992,3.621673508129432,55.7165147987596,714.6510014445689,52.094841290630164,0.06794277632441167,1.1368683772161603e-13
2200000.0,700000.0,0.7,543.15,794.8810201568787,3.621673508129432,57.039791230175176,741.4629024348329,53.41811772204574,0.06720265847019857,0.0
2200000.0,700000.0,0.7,553.15,823.3150316950271,3.621673508129432,58.35116934395582,768.5855358592006,54.729495835826384,0.0664745495088924,1.1368683772161603e-13
2200000.0,700000.0,0.7,563.15,852.048897576396,3.621673508129432,59.65180246666074,796.0187686178647,56.03012895853131,0.06575928813229591,1.1368683772161603e-13
2200000.0,700000.0,0.7,573.15,881.0827349032165,3.621673508129432,60.94268980274326,823.7617186086027,57.32101629461383,0.06505747306569379,0.0
2200000.0,700000.0,0.7,583.15,910.415945095383,3.621673508129432,62.22470271577849,851.8129158877339,58.60302920764906,0.06436951101675763,1.1368683772161603e-13
2200000.0,700000.0,0.7,593.15,940.047360738482,3.621673508129432,63.49860558612086,880.1704286604905,59.87693207799143,0.06369565468590149,0.0
2200000.0,700000.0,0.7,603.15,969.9753616003875,3.621673508129432,64.76507254633518,908.8319625621817,61.14339903820574,0.06303603313936106,0.0
2200000.0,700000.0,0.7,613.15,1000.1979669456501,3.621673508129432,66.02470104321698,937.7949394105626,62.403027535087546,0.06239067624347458,0.0
2200000.0,700000.0,0.7,623.15,1030.7129094333548,3.621673508129432,67.2780229282342,967.05656001325,63.65634942010476,0.061759534432435224,0.0
2200000.0,700000.0,0.75,383.15,366.8238854658677,3.621673508129432,34.09975309187686,336.34580588212026,30.47807958374743,0.08308640955874548,5.684341886080802e-14
2200000.0,700000.0,0.75,393.15,395.3842231228816,3.621673508129432,36.54838019316562,362.4575164378454,32.92670668503619,0.08327774544206556,5.684341886080802e-14
2200000.0,700000.0,0.75,403.15,422.3121753522268,3.621673508129432,38.70026989496569,387.23357896539056,35.07859638683626,0.08306318982534468,0.0
2200000.0,700000.0,0.75,413.15,448.49990181237274,3.621673508129432,40.67592376800918,411.44565155249296,37.054250259879744,0.08261819034997508,5.684341886080802e-14
2200000.0,700000.0,0.75,423.15,474.35380082912275,3.621673508129432,42.53213719640521,435.443337140847,38.910463688275776,0.08202835862232831,0.0
2200000.0,700000.0,0.75,433.15,500.0934133691847,3.621673508129432,44.30083978264383,459.4142470946703,40.679166274514394,0.081343135476339,0.0
2200000.0,700000.0,0.75,443.15,525.8508297308105,3.621673508129432,46.002113576652015,483.4703896622879,42.38044006852258,0.0805940347954146,0.0
2200000.0,700000.0,0.75,453.15,551.7116271552621,3.621673508129432,47.64960784995603,507.6836928134356,44.027934341826594,0.07980244057723347,0.0
2200000.0,700000.0,0.75,463.15,577.7340459958448,3.621673508129432,49.25311456069338,532.1026049432808,45.63144105256395,0.0789834723586502,1.1368683772161603e-13
2200000.0,700000.0,0.75,473.15,603.9589971608573,3.621673508129432,50.81993655486009,556.7607341141266,47.19826304673066,0.07814812473794469,0.0
2200000.0,700000.0,0.75,483.15,630.415787002669,3.621673508129432,52.355683324940735,581.6817771858578,48.7340098168113,0.07730455172850069,0.0
2200000.0,700000.0,0.75,493.15,657.1256344121746,3.621673508129432,53.86476624263486,606.8825416776691,50.243092734505424,0.07645888412107055,1.1368683772161603e-13
2200000.0,700000.0,0.75,503.15,684.1039494548544,3.621673508129432,55.35072238395631,632.3749005790274,51.72904887582688,0.07561577289101822,1.1368683772161603e-13
2200000.0,700000.0,0.75,513.15,711.3618704397658,3.621673508129432,56.81643444242084,658.1671095054743,53.19476093429141,0.07477876330566645,1.1368683772161603e-13
2200000.0,700000.0,0.75,523.15,738.9073344467563,3.621673508129432,58.26428473143629,684.2647232234494,54.64261122330686,0.07395056007154069,0.0
2200000.0,700000.0,0.75,533.15,766.7458427351992,3.621673508129432,59.69626585581386,710.6712503875148,56.07459234768443,0.07313321993067547,0.0
2200000.0,700000.0,0.75,543.15,794.8810201568787,3.621673508129432,61.11406203233055,737.3886316326775,57.49238852420112,0.07232829450733942,0.0
2200000.0,700000.0,0.75,553.15,823.3150316950271,3.621673508129432,62.51911001138133,764.4175951917751,58.897436503251896,0.07153693815354598,0.0
2200000.0,700000.0,0.75,563.15,852.048897576396,3.621673508129432,63.91264549999358,791.7579255845319,60.29097199186415,0.07075999061011444,0.0
2200000.0,700000.0,0.75,573.15,881.0827349032165,3.621673508129432,65.2957390743678,819.4086693369782,61.67406556623837,0.06999804118623777,0.0
2200000.0,700000.0,0.75,583.15,910.415945095383,3.621673508129432,66.66932433833415,847.3682942651783,63.04765083020472,0.06925147913967973,0.0
2200000.0,700000.0,0.75,593.15,940.047360738482,3.621673508129432,68.0342202708437,875.6348139757677,64.41254676271427,0.06852053359536385,1.1368683772161603e-13
2200000.0,700000.0,0.75,603.15,969.9753616003875,3.621673508129432,69.39114915678766,904.2058859517292,65.76947564865823,0.0678053054256383,1.1368683772161603e-13
2200000.0,700000.0,0.75,613.15,1000.1979669456501,3.621673508129432,70.74075111773237,933.0788893360473,67.11907760960294,0.0671057928807509,0.0
2200000.0,700000.0,0.75,623.15,1030.7129094333548,3.621673508129432,72.08359599453676,962.2509869469474,68.46192248640733,0.06642191230926271,0.0
2200000.0,700000.0,0.8,383.15,366.8238854658677,3.621673508129432,36.373069964668595,334.07248900932854,32.75139645653916,0.08928370739801954,0.0
2200000.0,700000.0,0.8,393.15,395.3842231228816,3.621673508129432,38.98493887270999,360.02095775830105,35.363265364580556,0.08944025405280269,0.0
2200000.0,700000.0,0.8,403.15,422.3121753522268,3.621673508129432,41.28028788796347,384.65356097239277,37.658614379834034,0.08917245719573466,0.0
2200000.0,700000.0,0.8,413.15,448.49990181237274,3.621673508129432,43.38765201920981,408.73392330129235,39.76597851108038,0.08866440851020796,0.0
2200000.0,700000.0,0.8,423.15,474.35380082912275,3.621673508129432,45.367613009498804,432.6078613277534,41.74593950136937,0.08800591336762068,-5.684341886080802e-14
2200000.0,700000.0,0.8,433.15,500.0934133691847,3.621673508129432,47.254229101486736,456.4608577758274,43.6325555933573,0.08724881077597073,5.684341886080802e-14
2200000.0,700000.0,0.8,443.15,525.8508297308105,3.621673508129432,49.06892114842893,480.403582090511,45.447247640299494,0.08642612138420415,0.0
2200000.0,700000.0,0.8,453.15,551.7116271552621,3.621673508129432,50.82624837328645,504.50705229010515,47.204574865157014,0.0855602320881897,0.0
2200000.0,700000.0,0.8,463.15,577.7340459958448,3.621673508129432,52.53665553140629,528.819063972568,48.914982023276856,0.08466695421932718,0.0
2200000.0,700000.0,0.8,473.15,603.9589971608573,3.621673508129432,54.20793232518411,553.3727383438027,50.58625881705468,0.08375777007190048,0.0
2200000.0,700000.0,0.8,483.15,630.415787002669,3.621673508129432,55.84606221327023,578.1913982975283,52.2243887051408,0.08284118161672828,0.0
2200000.0,700000.0,0.8,493.15,657.1256344121746,3.621673508129432,57.45575065881049,603.2915572614935,53.834077150681054,0.08192356884515366,0.0
2200000.0,700000.0,0.8,503.15,684.1039494548544,3.621673508129432,59.040770542886804,628.684852420097,55.41909703475737,0.0810097604010611,1.1368683772161603e-13
2200000.0,700000.0,0.8,513.15,711.3618704397658,3.621673508129432,60.60419673858222,654.379347209313,56.982523230452784,0.08010342639706854,0.0
2200000.0,700000.0,0.8,523.15,738.9073344467563,3.621673508129432,62.14857038019877,680.380437574687,58.52689687206934,0.07920735678701891,0.0
2200000.0,700000.0,0.8,533.15,766.7458427351992,3.621673508129432,63.67601691286813,706.6914993304605,60.054343404738695,0.07832366353693927,0.0
2200000.0,700000.0,0.8,543.15,794.8810201568787,3.621673508129432,65.18833283448592,733.3143608305221,61.566659326356486,0.07745393054448026,1.1368683772161603e-13
2200000.0,700000.0,0.8,553.15,823.3150316950271,3.621673508129432,66.68705067880684,760.2496545243496,63.06537717067741,0.07659932679819956,1.1368683772161603e-13
2200000.0,700000.0,0.8,563.15,852.048897576396,3.621673508129432,68.17348853332666,787.4970825511988,64.55181502519723,0.07576069308793328,0.0
2200000.0,700000.0,0.8,573.15,881.0827349032165,3.621673508129432,69.64878834599233,815.0556200653535,66.0271148378629,0.07493860930678174,1.1368683772161603e-13
2200000.0,700000.0,0.8,583.15,910.415945095383,3.621673508129432,71.11394596088981,842.9236726426226,67.49227245276037,0.07413344726260182,0.0
2200000.0,700000.0,0.8,593.15,940.047360738482,3.621673508129432,72.56983495556679,871.0991992910447,68.94816144743736,0.07334541250482644,0.0
2200000.0,700000.0,0.8,603.15,969.9753616003875,3.621673508129432,74.01722576724016,899.5798093412768,70.39555225911073,0.07257457771191557,0.0
2200000.0,700000.0,0.8,613.15,1000.1979669456501,3.621673508129432,75.45680119224778,928.3628392615318,71.83512768411835,0.07182090951802725,0.0
2200000.0,700000.0,0.8,623.15,1030.7129094333548,3.621673508129432,76.88916906083911,957.4454138806451,73.26749555270968,0.07108429018608999,-2.2737367544323206e-13
2200000.0,700000.0,0.85,383.15,366.8238854658677,3.621673508129432,38.64638683746045,331.7991721365367,35.024713329331014,0.0954810052372939,0.0
2200000.0,700000.0,0.85,393.15,395.3842231228816,3.621673508129432,41.42149755225435,357.5843990787567,37.79982404412492,0.0956027626635398,0.0
2200000.0,700000.0,0.85,403.15,422.3121753522268,3.621673508129432,43.86030588096124,382.07354297939503,40.23863237283181,0.09528172456612465,0.0
2200000.0,700000.0,0.85,413.15,448.49990181237274,3.621673508129432,46.09938027041044,406.02219505009174,42.47770676228101,0.09471062667044085,0.0
2200000.0,700000.0,0.85,423.15,474.35380082912275,3.621673508129432,48.20308882259251,429.7723855146597,44.58141531446308,0.09398346811291329,0.0
2200000.0,700000.0,0.85,433.15,500.0934133691847,3.621673508129432,50.20761842032976,453.5074684569844,46.585944912200326,0.09315448607560267,0.0
2200000.0,700000.0,0.85,443.15,525.8508297308105,3.621673508129432,52.13572872020572,477.3367745187342,48.514055212076286,0.09225820797299346,0.0
2200000.0,700000.0,0.85,453.15,551.7116271552621,3.621673508129432,54.002888896616874,501.3304117667747,50.38121538848744,0.09131802359914595,0.0
2200000.0,700000.0,0.85,463.15,577.7340459958448,3.621673508129432,55.82019650211919,525.535523001855,52.198522993989755,0.09035043608000416,0.0
2200000.0,700000.0,0.85,473.15,603.9589971608573,3.621673508129432,57.595928095508015,549.9847425734787,53.97425458737858,0.08936741540585608,0.0
2200000.0,700000.0,0.85,483.15,630.415787002669,3.621673508129432,59.336441101599604,574.7010194091989,55.71476759347017,0.08837781150495568,0.0
2200000.0,700000.0,0.85,493.15,657.1256344121746,3.621673508129432,61.046735074986124,599.7005728453179,57.42506156685669,0.08738825356923677,0.0
2200000.0,700000.0,0.85,503.15,684.1039494548544,3.621673508129432,62.730818701817185,624.9948042611666,59.10914519368775,0.08640374791110382,1.1368683772161603e-13
2200000.0,700000.0,0.85,513.15,711.3618704397658,3.621673508129432,64.3919590347436,650.5915849131516,60.770285526614174,0.08542808948847065,0.0
2200000.0,700000.0,0.85,523.15,738.9073344467563,3.621673508129432,66.03285602896125,676.4961519259244,62.411182520831815,0.08446415350249714,1.1368683772161603e-13
2200000.0,700000.0,0.85,533.15,766.7458427351992,3.621673508129432,67.6557679699224,702.7117482734062,64.03409446179296,0.08351410714320308,0.0
2200000.0,700000.0,0.85,543.15,794.8810201568787,3.621673508129432,69.26260363664129,729.2400900283668,65.64093012851185,0.08257956658162109,0.0
2200000.0,700000.0,0.85,553.15,823.3150316950271,3.621673508129432,70.85499134623213,756.0817138569244,67.23331783810269,0.08166171544285288,0.0
2200000.0,700000.0,0.85,563.15,852.048897576396,3.621673508129432,72.4343315666595,783.2362395178659,68.81265805853006,0.0807613955657518,1.1368683772161603e-13
2200000.0,700000.0,0.85,573.15,881.0827349032165,3.621673508129432,74.00183761761687,810.702570793729,70.38016410948744,0.07987917742732574,1.1368683772161603e-13
2200000.0,700000.0,0.85,583.15,910.415945095383,3.621673508129432,75.55856758344547,838.479051020067,71.93689407531603,0.07901541538552392,0.0
2200000.0,700000.0,0.85,593.15,940.047360738482,3.621673508129432,77.10544964028965,866.5635846063218,73.48377613216022,0.07817029141428881,0.0
2200000.0,700000.0,0.85,603.15,969.9753616003875,3.621673508129432,78.64330237769266,894.9537327308243,75.02162886956323,0.07734384999819284,0.0
2200000.0,700000.0,0.85,613.15,1000.1979669456501,3.621673508129432,80.1728512667634,923.6467891870162,76.55117775863397,0.0765360261553038,0.0
2200000.0,700000.0,0.85,623.15,1030.7129094333548,3.621673508129432,81.69474212714168,952.6398408143425,78.07306861901225,0.07574666806291748,0.0
2200000.0,700000.0,0.9,383.15,366.8238854658677,3.621673508129432,40.919703710252186,329.525855263745,37.29803020212275,0.10167830307656797,0.0
2200000.0,700000.0,0.9,393.15,395.3842231228816,3.621673508129432,43.85805623179872,355.1478403992123,40.23638272366929,0.10176527127427694,0.0
2200000.0,700000.0,0.9,403.15,422.3121753522268,3.621673508129432,46.4403238739589,379.49352498639735,42.81865036582947,0.10139099193651437,0.0
2200000.0,700000.0,0.9,413.15,448.49990181237274,3.621673508129432,48.81110852161096,403.3104667988912,45.18943501348153,0.10075684483067347,5.684341886080802e-14
2200000.0,700000.0,0.9,423.15,474.35380082912275,3.621673508129432,51.03856463568623,426.936909701566,47.416891127556795,0.09996102285820592,0.0
2200000.0,700000.0,0.9,433.15,500.0934133691847,3.621673508129432,53.16100773917267,450.55407913814145,49.539334231043235,0.09906016137523439,5.684341886080802e-14
2200000.0,700000.0,0.9,443.15,525.8508297308105,3.621673508129432,55.20253629198251,474.2699669469574,51.58086278385308,0.09809029456178278,0.0
2200000.0,700000.0,0.9,453.15,551.7116271552621,3.621673508129432,57.17952941994718,498.1537712434444,53.55785591181775,0.09707581511010198,0.0
2200000.0,700000.0,0.9,463.15,577.7340459958448,3.621673508129432,59.10373747283209,522.2519820311421,55.482063964702654,0.09603391794068113,0.0
2200000.0,700000.0,0.9,473.15,603.9589971608573,3.621673508129432,60.98392386583204,546.5967468031547,57.36225035770261,0.09497706073981187,0.0
2200000.0,700000.0,0.9,483.15,630.415787002669,3.621673508129432,62.82681998992898,571.2106405208696,59.205146481799545,0.09391444139318307,0.0
2200000.0,700000.0,0.9,493.15,657.1256344121746,3.621673508129432,64.63771949116187,596.1095884291421,61.01604598303244,0.09285293829332006,0.0
2200000.0,700000.0,0.9,503.15,684.1039494548544,3.621673508129432,66.42086686074757,621.3047561022362,62.79919335261813,0.09179773542114654,1.1368683772161603e-13
2200000.0,700000.0,0.9,513.15,711.3618704397658,3.621673508129432,68.17972133090498,646.8038226169901,64.55804782277555,0.09075275257987274,1.1368683772161603e-13
2200000.0,700000.0,0.9,523.15,738.9073344467563,3.621673508129432,69.91714167772362,672.6118662771621,66.29546816959419,0.08972095021797521,0.0
2200000.0,700000.0,0.9,533.15,766.7458427351992,3.621673508129432,71.63551902697667,698.7319972163519,68.01384551884723,0.08870455074946688,0.0
2200000.0,700000.0,0.9,543.15,794.8810201568787,3.621673508129432,73.33687443879666,725.1658192262114,69.71520093066722,0.08770520261876193,0.0
2200000.0,700000.0,0.9,553.15,823.3150316950271,3.621673508129432,75.02293201365764,751.9137731894988,71.4012585055282,0.08672410408750646,1.1368683772161603e-13
2200000.0,700000.0,0.9,563.15,852.048897576396,3.621673508129432,76.69517459999234,778.9753964845331,73.07350109186291,0.08576209804357035,0.0
2200000.0,700000.0,0.9,573.15,881.0827349032165,3.621673508129432,78.3548868892414,806.3495215221045,74.73321338111197,0.08481974554786971,1.1368683772161603e-13
2200000.0,700000.0,0.9,583.15,910.415945095383,3.621673508129432,80.00318920600088,834.0344293975115,76.38151569787145,0.08389738350844576,0.0
2200000.0,700000.0,0.9,593.15,940.047360738482,3.621673508129432,81.6410643250125,862.0279699215989,78.01939081688306,0.08299517032375116,0.0
2200000.0,700000.0,0.9,603.15,969.9753616003875,3.621673508129432,83.26937898814515,890.3276561203718,79.64770548001572,0.0821131222844701,0.0
2200000.0,700000.0,0.9,613.15,1000.1979669456501,3.621673508129432,84.88890134127881,918.9307391125008,81.26722783314938,0.08125114279258015,0.0
2200000.0,700000.0,0.9,623.15,1030.7129094333548,3.621673508129432,86.50031519344402,947.8342677480401,82.87864168531459,0.08040904593974475,0.0
2400000.0,500000.0,0.7,393.15,419.78032570959317,4.431780959741794,45.63126069934783,378.58084596998714,41.19947973960603,0.09814533272840449,0.0
2400000.0,500000.0,0.7,403.15,448.422183575322,4.431780959741794,48.54110087304865,404.3128636620151,44.109319913306855,0.09836560618303523,0.0
2400000.0,500000.0,0.7,413.15,475.66511715347303,4.431780959741794,51.146235513126015,428.95066260008883,46.71445455338422,0.09820870370511495,0.0
2400000.0,500000.0,0.7,423.15,502.25638215060354,4.431780959741794,53.56304611708375,453.12511699326154,49.13126515734196,0.09782108680623944,5.684341886080802e-14
2400000.0,500000.0,0.7,433.15,528.5501957627807,4.431780959741794,55.848981777441224,477.13299494508124,51.41720081769943,0.09727969307342012,1.1368683772161603e-13
2400000.0,500000.0,0.7,443.15,554.7441602063884,4.431780959741794,58.0374764757558,501.1384646903744,53.60569551601401,0.0966313831876489,0.0
2400000.0,500000.0,0.7,453.15,580.9603423633254,4.431780959741794,60.15009708564868,525.2420262374184,55.71831612590689,0.095907262618386,1.1368683772161603e-13
2400000.0,500000.0,0.7,463.15,607.2792822304575,4.431780959741794,62.20174893780763,549.5093142523917,57.769967978065836,0.09512915995731698,-1.1368683772161603e-13
2400000.0,500000.0,0.7,473.15,633.75644143745,4.431780959741794,64.20324457914603,573.9849778180458,59.77146361940424,0.09431298794191982,0.0
2400000.0,500000.0,0.7,483.15,660.431092856637,4.431780959741794,66.16271348401031,598.7001603323685,61.73093252426852,0.09347066361951065,0.0
2400000.0,500000.0,0.7,493.15,687.3315444701844,4.431780959741794,68.08644038883794,623.6768850410883,63.65465942909615,0.09261128772747226,0.0
2400000.0,500000.0,0.7,503.15,714.4784049040084,4.431780959741794,69.97939445118722,648.9307914125628,65.54761349144542,0.0917419099605283,1.1368683772161603e-13
2400000.0,500000.0,0.7,513.15,741.886722445986,4.431780959741794,71.84557863014739,674.4729247755804,67.41379767040559,0.09086804714356339,0.0
2400000.0,500000.0,0.7,523.15,769.5674387021768,4.431780959741794,73.688268730707,700.3109509312114,69.2564877709652,0.08999404637982288,1.1368683772161603e-13
2400000.0,500000.0,0.7,533.15,797.528406591753,4.431780959741794,75.51018184425845,726.4500057072362,71.07840088451665,0.08912334695170425,1.1368683772161603e-13
2400000.0,500000.0,0.7,543.15,825.7751213181251,4.431780959741794,77.31359804590652,752.8933042319603,72.88181708616472,0.08825867382614863,1.1368683772161603e-13
2400000.0,500000.0,0.7,553.15,854.3112564594499,4.431780959741794,79.100450240314,779.6425871788775,74.6686692805722,0.08740218359058502,1.1368683772161603e-13
2400000.0,500000.0,0.7,563.15,883.1390642754112,4.431780959741794,80.87239175548893,806.698453479664,76.44061079574713,0.08655557645212346,1.1368683772161603e-13
2400000.0,500000.0,0.7,573.15,912.2596792583056,4.431780959741794,82.63084804783203,834.0606121702152,78.19906708809023,0.08572018348072603,1.1368683772161603e-13
2400000.0,500000.0,0.7,583.15,941.6733513718135,4.431780959741794,84.37705684137437,861.7280754901809,79.94527588163257,0.08489703543714991,0.0
2400000.0,500000.0,0.7,593.15,971.3796273051961,4.431780959741794,86.11209970244859,889.6993085624893,81.68031874270679,0.08408691766503745,0.0
2400000.0,500000.0,0.7,603.15,1001.377492705303,4.431780959741794,87.83692717409482,917.9723464909498,83.40514621435302,0.08329041427626581,1.1368683772161603e-13
2400000.0,500000.0,0.7,613.15,1031.6654847219345,4.431780959741794,89.5523790001187,946.5448866815574,85.1205980403769,0.08250794400020034,2.2737367544323206e-13
2400000.0,500000.0,0.7,623.15,1062.2417817006406,4.431780959741794,91.25920055797464,975.4143621024075,86.82741959823284,0.08173978946603176,2.2737367544323206e-13
2400000.0,500000.0,0.75,393.15,419.78032570959317,4.431780959741794,48.89063646358694,375.321470205748,44.45885550384514,0.10590981230168961,0.0
2400000.0,500000.0,0.75,403.15,448.422183575322,4.431780959741794,52.008322363980696,400.84564217108306,47.5765414042389,0.10609765338749665,0.0
2400000.0,500000.0,0.75,413.15,475.66511715347303,4.431780959741794,54.79953804977785,425.29736006343694,50.36775709003606,0.10588911247360805,0.0
2400000.0,500000.0,0.75,423.15,502.25638215060354,4.431780959741794,57.38897798258974,449.29918512775555,52.95719702284795,0.10543857461022473,5.684341886080802e-14
2400000.0,500000.0,0.75,433.15,528.5501957627807,4.431780959741794,59.838194761544116,473.14378196097834,55.40641380180232,0.10482715595600563,1.1368683772161603e-13
2400000.0,500000.0,0.75,443.15,554.7441602063884,4.431780959741794,62.183010509738466,496.9929306563917,57.75122954999667,0.10410425867035852,0.0
2400000.0,500000.0,0.75,453.15,580.9603423633254,4.431780959741794,64.44653259176644,520.9455907313007,60.01475163202465,0.10330266501132734,0.0
2400000.0,500000.0,0.75,463.15,607.2792822304575,4.431780959741794,66.6447310047939,545.0663321854053,62.212950045052104,0.10244536882034253,1.1368683772161603e-13
2400000.0,500000.0,0.75,473.15,633.75644143745,4.431780959741794,68.78919062051364,569.399031776678,64.35740966077184,0.10154912116522248,1.1368683772161603e-13
2400000.0,500000.0,0.75,483.15,660.431092856637,4.431780959741794,70.88862159001106,593.9742522263676,66.45684063026926,0.10062645649043567,0.0
2400000.0,500000.0,0.75,493.15,687.3315444701844,4.431780959741794,72.9497575594692,618.813567870457,68.5179765997274,0.0996869373317401,1.1368683772161603e-13
2400000.0,500000.0,0.75,503.15,714.4784049040084,4.431780959741794,74.97792262627208,643.932263237478,70.54614166653027,0.09873796210258909,1.1368683772161603e-13
2400000.0,500000.0,0.75,513.15,741.886722445986,4.431780959741794,76.97740567515791,669.34109773057,72.54562471541611,0.09778531212451762,-1.1368683772161603e-13
2400000.0,500000.0,0.75,523.15,769.5674387021768,4.431780959741794,78.95171649718611,695.0475031647323,74.51993553744431,0.09683353503510637,1.1368683772161603e-13
2400000.0,500000.0,0.75,533.15,797.528406591753,4.431780959741794,80.90376626170543,721.0564212897892,76.47198530196363,0.09588622131814409,1.1368683772161603e-13
2400000.0,500000.0,0.75,543.15,825.7751213181251,4.431780959741794,82.83599790632842,747.3709043715385,78.40421694658662,0.09494620862570385,0.0
2400000.0,500000.0,0.75,553.15,854.3112564594499,4.431780959741794,84.75048240033654,773.992555018855,80.31870144059474,0.09401573587296762,1.1368683772161603e-13
2400000.0,500000.0,0.75,563.15,883.1390642754112,4.431780959741794,86.64899116659537,800.9218540685575,82.21721020685357,0.0930965614960202,1.1368683772161603e-13
2400000.0,500000.0,0.75,573.15,912.2596792583056,4.431780959741794,88.53305147981993,828.1584087382273,84.10127052007813,0.09219005556450219,1.1368683772161603e-13
2400000.0,500000.0,0.75,583.15,941.6733513718135,4.431780959741794,90.40398947290099,855.7011428586543,85.97220851315919,0.09129727244369436,0.0
2400000.0,500000.0,0.75,593.15,971.3796273051961,4.431780959741794,92.2629639669091,883.5484442980287,87.8311830071673,0.090419008735883,1.1368683772161603e-13
2400000.0,500000.0,0.75,603.15,1001.377492705303,4.431780959741794,94.11099340081587,911.6982802642289,89.67921244107407,0.08955584991110431,0.0
2400000.0,500000.0,0.75,613.15,1031.6654847219345,4.431780959741794,95.94897750012716,940.148288181549,91.51719654038536,0.08870820813109984,2.2737367544323206e-13
2400000.0,500000.0,0.75,623.15,1062.2417817006406,4.431780959741794,97.77771488354425,968.8958477768379,93.34593392380245,0.08787635313530631,4.547473508864641e-13
2400000.0,500000.0,0.8,393.15,419.78032570959317,4.431780959741794,52.15001222782605,372.0620944415089,47.71823126808426,0.11367429187497474,0.0
2400000.0,500000.0,0.8,403.15,448.422183575322,4.431780959741794,55.47554385491274,397.378420680151,51.04376289517095,0.11382970059195804,0.0
2400000.0,500000.0,0.8,413.15,475.66511715347303,4.431780959741794,58.452840586429694,421.6440575267851,54.0210596266879,0.11356952124210118,0.0
2400000.0,500000.0,0.8,423.15,502.25638215060354,4.431780959741794,61.21490984809573,445.47325326224956,56.783128888353936,0.11305606241420998,5.684341886080802e-14
2400000.0,500000.0,0.8,433.15,528.5501957627807,4.431780959741794,63.82740774564701,469.15456897687545,59.395626785905215,0.11237461883859114,1.1368683772161603e-13
2400000.0,500000.0,0.8,443.15,554.7441602063884,4.431780959741794,66.32854454372101,492.8473966224092,61.896763583979215,0.11157713415306794,0.0
2400000.0,500000.0,0.8,453.15,580.9603423633254,4.431780959741794,68.7429680978842,516.649155225183,64.3111871381424,0.11069806740426869,0.0
2400000.0,500000.0,0.8,463.15,607.2792822304575,4.431780959741794,71.08771307178004,540.6233501184191,66.65593211203824,0.10976157768336788,1.1368683772161603e-13
2400000.0,500000.0,0.8,473.15,633.75644143745,4.431780959741794,73.37513666188123,564.8130857353106,68.94335570213943,0.10878525438852513,0.0
2400000.0,500000.0,0.8,483.15,660.431092856637,4.431780959741794,75.6145296960118,589.2483441203669,71.18274873627,0.10778224936136069,0.0
2400000.0,500000.0,0.8,493.15,687.3315444701844,4.431780959741794,77.81307473010045,613.9502506998258,73.38129377035865,0.1067625869360079,0.0
2400000.0,500000.0,0.8,503.15,714.4784049040084,4.431780959741794,79.97645080135693,638.9337350623931,75.54466984161513,0.10573401424464986,1.1368683772161603e-13
2400000.0,500000.0,0.8,513.15,741.886722445986,4.431780959741794,82.10923272016842,664.2092706855593,77.67745176042662,0.10470257710547182,1.1368683772161603e-13
2400000.0,500000.0,0.8,523.15,769.5674387021768,4.431780959741794,84.21516426366522,689.7840553982533,79.78338330392342,0.10367302369038986,1.1368683772161603e-13
2400000.0,500000.0,0.8,533.15,797.528406591753,4.431780959741794,86.29735067915242,715.6628368723423,81.86556971941062,0.10264909568458394,1.1368683772161603e-13
2400000.0,500000.0,0.8,543.15,825.7751213181251,4.431780959741794,88.3583977667503,741.8485045111165,83.9266168070085,0.10163374342525906,1.1368683772161603e-13
2400000.0,500000.0,0.8,553.15,854.3112564594499,4.431780959741794,90.40051456035883,768.3425228588327,85.96873360061703,0.10062928815534992,1.1368683772161603e-13
2400000.0,500000.0,0.8,563.15,883.1390642754112,4.431780959741794,92.42559057770157,795.1452546574513,87.99380961795977,0.0996375465399167,1.1368683772161603e-13
2400000.0,500000.0,0.8,573.15,912.2596792583056,4.431780959741794,94.43525491180783,822.2562053062394,90.00347395206603,0.09865992764827834,1.1368683772161603e-13
2400000.0,500000.0,0.8,583.15,941.6733513718135,4.431780959741794,96.43092210442782,849.6742102271274,91.99914114468602,0.09769750945023904,0.0
2400000.0,500000.0,0.8,593.15,971.3796273051961,4.431780959741794,98.4138282313696,877.3975800335681,93.9820472716278,0.09675109980672855,1.1368683772161603e-13
2400000.0,500000.0,0.8,603.15,1001.377492705303,4.431780959741794,100.38505962753692,905.4242140375078,95.95327866779512,0.09582128554594282,1.1368683772161603e-13
2400000.0,500000.0,0.8,613.15,1031.6654847219345,4.431780959741794,102.34557600013562,933.7516896815405,97.91379504039382,0.09490847226199933,2.2737367544323206e-13
2400000.0,500000.0,0.8,623.15,1062.2417817006406,4.431780959741794,104.29622920911386,962.3773334512682,99.86444824937206,0.09401291680458086,4.547473508864641e-13
2400000.0,500000.0,0.85,393.15,419.78032570959317,4.431780959741794,55.409387992065284,368.8027186772697,50.97760703232349,0.12143877144826015,0.0
2400000.0,500000.0,0.85,403.15,448.422183575322,4.431780959741794,58.94276534584479,393.91119918921896,54.510984386103,0.12156174779641946,0.0
2400000.0,500000.0,0.85,413.15,475.66511715347303,4.431780959741794,62.10614312308165,417.99075499013315,57.67436216333986,0.12124993001059454,0.0
2400000.0,500000.0,0.85,423.15,502.25638215060354,4.431780959741794,65.04084171360172,441.64732139674356,60.60906075385993,0.12067355021819527,5.684341886080802e-14
2400000.0,500000.0,0.85,433.15,528.5501957627807,4.431780959741794,67.81662072975003,465.16535599277245,63.384839770008234,0.1199220817211769,0.0
2400000.0,500000.0,0.85,443.15,554.7441602063884,4.431780959741794,70.47407857770357,488.70186258842665,66.04229761796176,0.11905000963577737,0.0
2400000.0,500000.0,0.85,453.15,580.9603423633254,4.431780959741794,73.03940360400198,512.3527197190651,68.60762264426018,0.11809346979721005,0.0
2400000.0,500000.0,0.85,463.15,607.2792822304575,4.431780959741794,75.53069513876632,536.180368051433,71.09891417902452,0.11707778654639343,0.0
2400000.0,500000.0,0.85,473.15,633.75644143745,4.431780959741794,77.96108270324883,560.2271396939428,73.52930174350703,0.1160213876118278,1.1368683772161603e-13
2400000.0,500000.0,0.85,483.15,660.431092856637,4.431780959741794,80.34043780201254,584.5224360143661,75.90865684227074,0.11493804223228571,1.1368683772161603e-13
2400000.0,500000.0,0.85,493.15,687.3315444701844,4.431780959741794,82.67639190073172,609.0869335291944,78.24461094098992,0.11383823654027575,1.1368683772161603e-13
2400000.0,500000.0,0.85,503.15,714.4784049040084,4.431780959741794,84.97497897644166,633.9352068873085,80.54319801669986,0.11273006638671046,0.0
2400000.0,500000.0,0.85,513.15,741.886722445986,4.431780959741794,87.24105976517895,659.077443640549,82.80927880543715,0.11161984208642604,-1.1368683772161603e-13
2400000.0,500000.0,0.85,523.15,769.5674387021768,4.431780959741794,89.47861203014432,684.5206076317742,85.04683107040252,0.11051251234567333,1.1368683772161603e-13
2400000.0,500000.0,0.85,533.15,797.528406591753,4.431780959741794,91.69093509659952,710.2692524548953,87.25915413685772,0.10941197005102393,-1.1368683772161603e-13
2400000.0,500000.0,0.85,543.15,825.7751213181251,4.431780959741794,93.8807976271722,736.3261046506947,89.4490166674304,0.10832127822481429,0.0
2400000.0,500000.0,0.85,553.15,854.3112564594499,4.431780959741794,96.05054672038136,762.6924906988102,91.61876576063956,0.10724284043773251,1.1368683772161603e-13
2400000.0,500000.0,0.85,563.15,883.1390642754112,4.431780959741794,98.202189988808,789.3686552463448,93.7704090290662,0.10617853158381345,2.2737367544323206e-13
2400000.0,500000.0,0.85,573.15,912.2596792583056,4.431780959741794,100.33745834379597,816.3540018742513,95.90567738405417,0.10512979973205476,1.1368683772161603e-13
2400000.0,500000.0,0.85,583.15,941.6733513718135,4.431780959741794,102.45785473595443,843.6472775956008,98.02607377621263,0.10409774645678348,0.0
2400000.0,500000.0,0.85,593.15,971.3796273051961,4.431780959741794,104.56469249583036,871.2467157691075,100.13291153608856,0.10308319087757434,0.0
2400000.0,500000.0,0.85,603.15,1001.377492705303,4.431780959741794,106.65912585425797,899.1501478107867,102.22734489451616,0.10208672118078134,1.1368683772161603e-13
2400000.0,500000.0,0.85,613.15,1031.6654847219345,4.431780959741794,108.74217450014409,927.355091181532,104.31039354040229,0.10110873639289884,2.2737367544323206e-13
2400000.0,500000.0,0.85,623.15,1062.2417817006406,4.431780959741794,110.81474353468349,955.8588191256987,106.38296257494169,0.10014948047385541,2.2737367544323206e-13
2400000.0,500000.0,0.9,393.15,419.78032570959317,4.431780959741794,58.6687637563044,365.5433429130306,54.23698279656261,0.12920325102154528,0.0
2400000.0,500000.0,0.9,403.15,448.422183575322,4.431780959741794,62.40998683677684,390.4439776982869,57.978205877035045,0.12929379500088087,0.0
2400000.0,500000.0,0.9,413.15,475.66511715347303,4.431780959741794,65.75944565973349,414.3374524534813,61.32766469999169,0.12893033877908766,0.0
2400000.0,500000.0,0.9,423.15,502.25638215060354,4.431780959741794,68.86677357910771,437.82138953123757,64.43499261936591,0.12829103802218053,5.684341886080802e-14
2400000.0,500000.0,0.9,433.15,528.5501957627807,4.431780959741794,71.80583371385292,461.17614300866956,67.37405275411112,0.1274695446037624,0.0
2400000.0,500000.0,0.9,443.15,554.7441602063884,4.431780959741794,74.61961261168611,484.55632855444406,70.18783165194431,0.12652288511848678,0.0
2400000.0,500000.0,0.9,453.15,580.9603423633254,4.431780959741794,77.33583911011974,508.0562842129474,72.90405815037794,0.1254888721901514,0.0
2400000.0,500000.0,0.9,463.15,607.2792822304575,4.431780959741794,79.97367720575258,531.7373859844466,75.54189624601078,0.12439399540941896,1.1368683772161603e-13
2400000.0,500000.0,0.9,473.15,633.75644143745,4.431780959741794,82.54702874461631,555.6411936525753,78.11524778487451,0.12325752083513027,1.1368683772161603e-13
2400000.0,500000.0,0.9,483.15,660.431092856637,4.431780959741794,85.06634590801329,579.7965279083654,80.63456494827149,0.12209383510321073,0.0
2400000.0,500000.0,0.9,493.15,687.3315444701844,4.431780959741794,87.53970907136309,604.223616358563,83.10792811162129,0.12091388614454375,1.1368683772161603e-13
2400000.0,500000.0,0.9,503.15,714.4784049040084,4.431780959741794,89.97350715152652,628.9366787122236,85.54172619178472,0.11972611852877124,0.0
2400000.0,500000.0,0.9,513.15,741.886722445986,4.431780959741794,92.37288681018946,653.9456165955384,87.94110585044766,0.11853710706738024,0.0
2400000.0,500000.0,0.9,523.15,769.5674387021768,4.431780959741794,94.74205979662342,679.2571598652951,90.31027883688162,0.11735200100095682,1.1368683772161603e-13
2400000.0,500000.0,0.9,533.15,797.528406591753,4.431780959741794,97.08451951404649,704.8756680374483,92.65273855430469,0.11617484441746377,-1.1368683772161603e-13
2400000.0,500000.0,0.9,543.15,825.7751213181251,4.431780959741794,99.4031974875941,730.8037047902727,94.9714165278523,0.11500881302436951,1.1368683772161603e-13
2400000.0,500000.0,0.9,553.15,854.3112564594499,4.431780959741794,101.70057888040377,757.0424585387879,97.26879792066197,0.11385639272011495,0.0
2400000.0,500000.0,0.9,563.15,883.1390642754112,4.431780959741794,103.97878939991445,783.5920558352384,99.54700844017265,0.11271951662771021,1.1368683772161603e-13
2400000.0,500000.0,0.9,573.15,912.2596792583056,4.431780959741794,106.23966177578387,810.4517984422633,101.80788081604207,0.11159967181583091,1.1368683772161603e-13
2400000.0,500000.0,0.9,583.15,941.6733513718135,4.431780959741794,108.48478736748127,837.620344964074,104.05300640773947,0.11049798346332818,0.0
2400000.0,500000.0,0.9,593.15,971.3796273051961,4.431780959741794,110.71555676029087,865.0958515046469,106.28377580054907,0.10941528194841989,1.1368683772161603e-13
2400000.0,500000.0,0.9,603.15,1001.377492705303,4.431780959741794,112.933192080979,892.8760815840657,108.5014111212372,0.10835215681561984,1.1368683772161603e-13
2400000.0,500000.0,0.9,613.15,1031.6654847219345,4.431780959741794,115.13877300015255,920.9584926815236,110.70699204041075,0.10730900052379835,2.2737367544323206e-13
2400000.0,500000.0,0.9,623.15,1062.2417817006406,4.431780959741794,117.3332578602531,949.340304800129,112.9014769005113,0.10628604414312996,2.2737367544323206e-13
2400000.0,550000.0,0.7,393.15,410.68559484674097,4.354196668757883,42.75039193153358,372.28939958396523,38.39619526277569,0.09349291950964174,5.684341886080802e-14
2400000.0,550000.0,0.7,403.15,439.3274527124697,4.354196668757883,45.51284623784921,398.1688031433784,41.158649569091324,0.09368558535318476,0.0
2400000.0,550000.0,0.7,413.15,466.5703862906208,4.354196668757883,47.982971113492965,422.9416118458857,43.628774444735086,0.0935095233788783,0.0
2400000.0,550000.0,0.7,423.15,493.1616512877513,4.354196668757883,50.272409269638125,447.243438686871,45.91821260088024,0.09310986059231875,5.684341886080802e-14
2400000.0,550000.0,0.7,433.15,519.4554648999284,4.354196668757883,52.43627386069484,471.37338770799147,48.08207719193696,0.09256246288832447,0.0
2400000.0,550000.0,0.7,443.15,545.6494293435361,4.354196668757883,54.50663805307937,495.49698795921466,50.15244138432149,0.09191330309766704,0.0
2400000.0,550000.0,0.7,453.15,571.8656115004732,4.354196668757883,56.5041934105067,519.7156147587243,52.14999674174882,0.09119274824887014,1.1368683772161603e-13
2400000.0,550000.0,0.7,463.15,598.1845513676052,4.354196668757883,58.44324265785294,544.0955053785101,54.089045989095055,0.09042200415479379,1.1368683772161603e-13
2400000.0,550000.0,0.7,473.15,624.6617105745977,4.354196668757883,60.334162045828414,568.6817451975271,55.97996537707053,0.08961645067948397,1.1368683772161603e-13
2400000.0,550000.0,0.7,483.15,651.3363619937846,4.354196668757883,62.18475306519412,593.5058055973484,57.830556396436236,0.08878754476322033,0.0
2400000.0,550000.0,0.7,493.15,678.2368136073321,4.354196668757883,64.00104672777863,618.5899635483115,59.64685005902075,0.08794398779650071,-1.1368683772161603e-13
2400000.0,550000.0,0.7,503.15,705.383674041156,4.354196668757883,65.78781138859387,643.9500593213202,61.43361471983599,0.0870924816956447,0.0
2400000.0,550000.0,0.7,513.15,732.7919915831338,4.354196668757883,67.54888807206567,669.5973001798261,63.194691403307786,0.08623823967669339,0.0
2400000.0,550000.0,0.7,523.15,760.4727078393245,4.354196668757883,69.2874199068998,695.5394846011826,64.93322323814192,0.08538534331183553,0.0
2400000.0,550000.0,0.7,533.15,788.4336757289007,4.354196668757883,71.00601379868307,721.7818585989754,66.65181712992519,0.08453699934659198,1.1368683772161603e-13
2400000.0,550000.0,0.7,543.15,816.6803904552729,4.354196668757883,72.70685724028293,748.3277298837479,68.35266057152505,0.08369572891718467,0.0
2400000.0,550000.0,0.7,553.15,845.2165255965975,4.354196668757883,74.3918045518389,775.1789177135166,70.03760788308102,0.08286350983689636,0.0
2400000.0,550000.0,0.7,563.15,874.0443334125589,4.354196668757883,76.06244176285155,802.3360883184653,71.70824509409367,0.082041885466062,0.0
2400000.0,550000.0,0.7,573.15,903.1649483954533,4.354196668757883,77.72013624333334,829.7990088208779,73.36593957457546,0.08123204925624725,0.0
2400000.0,550000.0,0.7,583.15,932.5786205089613,4.354196668757883,79.36607523294492,857.5667419447743,75.01187856418704,0.08043491123917122,0.0
2400000.0,550000.0,0.7,593.15,962.2848964423438,4.354196668757883,81.00129614868457,885.6377969624172,76.6470994799267,0.07965115088400339,0.0
2400000.0,550000.0,0.7,603.15,992.2827618424507,4.354196668757883,82.62671071010223,914.0102478011064,78.27251404134435,0.0788812595071283,0.0
2400000.0,550000.0,0.7,613.15,1022.5707538590822,4.354196668757883,84.24312435059761,942.6818261772424,79.88892768183973,0.07812557456816237,0.0
2400000.0,550000.0,0.7,623.15,1053.1470508377884,4.354196668757883,85.8512519891141,971.649995517432,81.49705532035622,0.0773843075907819,0.0
2400000.0,550000.0,0.75,393.15,410.68559484674097,4.354196668757883,45.80399135521462,369.2358001602842,41.44979468645674,0.10092828968575075,0.0
2400000.0,550000.0,0.75,403.15,439.3274527124697,4.354196668757883,48.76376382626698,394.91788555496066,44.4095671575091,0.10108534507306148,-5.684341886080802e-14
2400000.0,550000.0,0.75,413.15,466.5703862906208,4.354196668757883,51.410326193028126,419.5142567663505,47.05612952427025,0.10085537125144411,0.0
2400000.0,550000.0,0.75,423.15,493.1616512877513,4.354196668757883,53.86329564604082,443.65255231046837,49.50909897728293,0.10039121827093411,0.0
2400000.0,550000.0,0.75,433.15,519.4554648999284,4.354196668757883,56.18172199360165,467.62793957508467,51.82752532484376,0.09977279829913462,0.0
2400000.0,550000.0,0.75,443.15,545.6494293435361,4.354196668757883,58.399969342585074,491.603656669709,54.04577267382719,0.0990485278044714,0.0
2400000.0,550000.0,0.75,453.15,571.8656115004732,4.354196668757883,60.540207225542865,515.6796009436881,56.18601055678498,0.09825037461050146,1.1368683772161603e-13
2400000.0,550000.0,0.75,463.15,598.1845513676052,4.354196668757883,62.61775999055675,539.9209880458063,58.26356332179887,0.09740064866033941,0.0
2400000.0,550000.0,0.75,473.15,624.6617105745977,4.354196668757883,64.64374504910177,564.3721621942539,60.28954838034389,0.09651551769498773,0.0
2400000.0,550000.0,0.75,483.15,651.3363619937846,4.354196668757883,66.62652114127937,589.0640375212631,62.27232447252149,0.09560701368168928,1.1368683772161603e-13
2400000.0,550000.0,0.75,493.15,678.2368136073321,4.354196668757883,68.57255006547715,614.018460210613,64.21835339671927,0.09468426382690978,0.0
2400000.0,550000.0,0.75,503.15,705.383674041156,4.354196668757883,70.4869407734935,639.2509299364204,66.13274410473562,0.09375428796907066,0.0
2400000.0,550000.0,0.75,513.15,732.7919915831338,4.354196668757883,72.37380864864168,664.77237960325,68.0196119798838,0.09282253731094045,1.1368683772161603e-13
2400000.0,550000.0,0.75,523.15,760.4727078393245,4.354196668757883,74.2365213288212,690.5903831792612,69.88232466006332,0.09189327104008092,0.0
2400000.0,550000.0,0.75,533.15,788.4336757289007,4.354196668757883,76.07787192716042,716.7100004704981,71.72367525840254,0.09096982722369712,0.0
2400000.0,550000.0,0.75,543.15,816.6803904552729,4.354196668757883,77.90020418601739,743.1343829380135,73.54600751725951,0.09005482239662935,0.0
2400000.0,550000.0,0.75,553.15,845.2165255965975,4.354196668757883,79.70550487697008,769.8652173883854,75.3513082082122,0.08915030164019255,0.0
2400000.0,550000.0,0.75,563.15,874.0443334125589,4.354196668757883,81.49547331734095,796.9030567639759,77.14127664858307,0.08825785340589985,0.0
2400000.0,550000.0,0.75,573.15,903.1649483954533,4.354196668757883,83.27157454642862,824.2475705177826,78.91737787767075,0.08737869867278834,0.0
2400000.0,550000.0,0.75,583.15,932.5786205089613,4.354196668757883,85.0350806067267,851.8977365709925,80.68088393796882,0.08651376105312886,0.0
2400000.0,550000.0,0.75,593.15,962.2848964423438,4.354196668757883,86.78710301644774,879.8519900946541,82.43290634768987,0.08566372251341774,-1.1368683772161603e-13
2400000.0,550000.0,0.75,603.15,992.2827618424507,4.354196668757883,88.52861861796654,908.1083398932421,84.17442194920866,0.08482906807018928,-1.1368683772161603e-13
2400000.0,550000.0,0.75,613.15,1022.5707538590822,4.354196668757883,90.26049037564033,936.6644601521997,85.90629370688245,0.0840101219232806,0.0
2400000.0,550000.0,0.75,623.15,1053.1470508377884,4.354196668757883,91.98348427405092,965.5177632324952,87.62928760529304,0.08320707686128269,0.0
2400000.0,550000.0,0.8,393.15,410.68559484674097,4.354196668757883,48.857590778895535,366.1822007366033,44.50339411013765,0.10836365986185943,0.0
2400000.0,550000.0,0.8,403.15,439.3274527124697,4.354196668757883,52.014681414684866,391.66696796654276,47.66048474592698,0.10848510479293842,0.0
2400000.0,550000.0,0.8,413.15,466.5703862906208,4.354196668757883,54.837681272563294,416.0869016868154,50.48348460380541,0.10820121912400991,-5.684341886080802e-14
2400000.0,550000.0,0.8,423.15,493.1616512877513,4.354196668757883,57.454182022443625,440.06166593406556,53.09998535368574,0.10767257594954968,0.0
2400000.0,550000.0,0.8,433.15,519.4554648999284,4.354196668757883,59.92717012650834,463.882491442178,55.57297345775045,0.10698313370994456,0.0
2400000.0,550000.0,0.8,443.15,545.6494293435361,4.354196668757883,62.29330063209078,487.71032538020324,57.9391039633329,0.10618375251127578,0.0
2400000.0,550000.0,0.8,453.15,571.8656115004732,4.354196668757883,64.57622104057903,511.643587128652,60.22202437182115,0.1053080009721328,1.1368683772161603e-13
2400000.0,550000.0,0.8,463.15,598.1845513676052,4.354196668757883,66.79227732326055,535.7464707131024,62.43808065450267,0.10437929316588503,1.1368683772161603e-13
2400000.0,550000.0,0.8,473.15,624.6617105745977,4.354196668757883,68.95332805237523,560.0625791909804,64.59913138361735,0.10341458471049164,0.0
2400000.0,550000.0,0.8,483.15,651.3363619937846,4.354196668757883,71.06828921736474,584.6222694451778,66.71409254860686,0.10242648260015841,0.0
2400000.0,550000.0,0.8,493.15,678.2368136073321,4.354196668757883,73.14405340317568,609.4469568729145,68.7898567344178,0.10142453985731885,-1.1368683772161603e-13
2400000.0,550000.0,0.8,503.15,705.383674041156,4.354196668757883,75.18607015839301,634.5518005515208,70.83187348963513,0.10041609424249646,1.1368683772161603e-13
2400000.0,550000.0,0.8,513.15,732.7919915831338,4.354196668757883,77.19872922521783,659.9474590266738,72.84453255645995,0.09940683494518769,2.2737367544323206e-13
2400000.0,550000.0,0.8,523.15,760.4727078393245,4.354196668757883,79.1856227507426,685.6412817573398,74.83142608198472,0.09840119876832631,0.0
2400000.0,550000.0,0.8,533.15,788.4336757289007,4.354196668757883,81.14973005563778,711.6381423420207,76.7955333868799,0.09740265510080227,1.1368683772161603e-13
2400000.0,550000.0,0.8,543.15,816.6803904552729,4.354196668757883,83.09355113175197,737.9410359922787,78.73935446299409,0.09641391587607416,2.2737367544323206e-13
2400000.0,550000.0,0.8,553.15,845.2165255965975,4.354196668757883,85.0192052021015,764.551517063254,80.66500853334362,0.09543709344348904,0.0
2400000.0,550000.0,0.8,563.15,874.0443334125589,4.354196668757883,86.92850487183034,791.4700252094865,82.57430820307246,0.09447382134573767,0.0
2400000.0,550000.0,0.8,573.15,903.1649483954533,4.354196668757883,88.82301284952392,818.6961322146873,84.46881618076604,0.09352534808932945,0.0
2400000.0,550000.0,0.8,583.15,932.5786205089613,4.354196668757883,90.70408598050848,846.2287311972108,86.3498893117506,0.09259261086708652,0.0
2400000.0,550000.0,0.8,593.15,962.2848964423438,4.354196668757883,92.57290988421092,874.0661832268909,88.21871321545304,0.0916762941428321,-1.1368683772161603e-13
2400000.0,550000.0,0.8,603.15,992.2827618424507,4.354196668757883,94.43052652583108,902.2064319853775,90.0763298570732,0.09077687663325047,0.0
2400000.0,550000.0,0.8,613.15,1022.5707538590822,4.354196668757883,96.27785640068306,930.6470941271571,91.92365973192518,0.08989466927839884,0.0
2400000.0,550000.0,0.8,623.15,1053.1470508377884,4.354196668757883,98.11571655898774,959.3855309475583,93.76151989022986,0.0890298461317835,2.2737367544323206e-13
2400000.0,550000.0,0.85,393.15,410.68559484674097,4.354196668757883,51.91119020257658,363.1286013129222,47.5569935338187,0.11579903003796845,5.684341886080802e-14
2400000.0,550000.0,0.85,403.15,439.3274527124697,4.354196668757883,55.26559900310263,388.41605037812496,50.91140233434474,0.11588486451281511,0.0
2400000.0,550000.0,0.85,413.15,466.5703862906208,4.354196668757883,58.26503635209857,412.6595466072801,53.91083968334068,0.11554706699657595,0.0
2400000.0,550000.0,0.85,423.15,493.1616512877513,4.354196668757883,61.04506839884631,436.47077955766287,56.69087173008843,0.11495393362816504,0.0
2400000.0,550000.0,0.85,433.15,519.4554648999284,4.354196668757883,63.672618259415145,460.1370433092712,59.318421590657266,0.11419346912075473,0.0
2400000.0,550000.0,0.85,443.15,545.6494293435361,4.354196668757883,66.18663192159647,483.81699409069756,61.83243525283859,0.11331897721808014,0.0
2400000.0,550000.0,0.85,453.15,571.8656115004732,4.354196668757883,68.61223485561518,507.60757331361583,64.2580381868573,0.11236562733376412,1.1368683772161603e-13
2400000.0,550000.0,0.85,463.15,598.1845513676052,4.354196668757883,70.96679465596436,531.5719533803987,66.61259798720648,0.11135793767143065,1.1368683772161603e-13
2400000.0,550000.0,0.85,473.15,624.6617105745977,4.354196668757883,73.2629110556487,555.7529961877069,68.90871438689082,0.11031365172599558,0.0
2400000.0,550000.0,0.85,483.15,651.3363619937846,4.354196668757883,75.51005729344999,580.1805013690927,71.15586062469211,0.10924595151862736,-1.1368683772161603e-13
2400000.0,550000.0,0.85,493.15,678.2368136073321,4.354196668757883,77.71555674087408,604.8754535352159,73.3613600721162,0.10816481588772775,1.1368683772161603e-13
2400000.0,550000.0,0.85,503.15,705.383674041156,4.354196668757883,79.88519954329263,629.8526711666213,75.53100287453475,0.10707790051592242,0.0
2400000.0,550000.0,0.85,513.15,732.7919915831338,4.354196668757883,82.02364980179398,655.1225384500976,77.6694531330361,0.10599113257943492,1.1368683772161603e-13
2400000.0,550000.0,0.85,523.15,760.4727078393245,4.354196668757883,84.13472417266411,680.6921803354184,79.78052750390623,0.10490912649657186,0.0
2400000.0,550000.0,0.85,533.15,788.4336757289007,4.354196668757883,86.22158818411513,706.5662842135434,81.86739151535726,0.10383548297790744,0.0
2400000.0,550000.0,0.85,543.15,816.6803904552729,4.354196668757883,88.28689807748643,732.7476890465442,83.93270140872855,0.10277300935551885,2.2737367544323206e-13
2400000.0,550000.0,0.85,553.15,845.2165255965975,4.354196668757883,90.33290552723291,759.2378167381227,85.97870885847503,0.10172388524678551,-1.1368683772161603e-13
2400000.0,550000.0,0.85,563.15,874.0443334125589,4.354196668757883,92.36153642631974,786.0369936549971,88.00733975756187,0.10068978928557551,0.0
2400000.0,550000.0,0.85,573.15,903.1649483954533,4.354196668757883,94.3744511526192,813.144693911592,90.02025448386132,0.09967199750587055,0.0
2400000.0,550000.0,0.85,583.15,932.5786205089613,4.354196668757883,96.37309135429025,840.559725823429,92.01889468553237,0.09867146068104415,0.0
2400000.0,550000.0,0.85,593.15,962.2848964423438,4.354196668757883,98.35871675197407,868.2803763591277,94.00452008321619,0.09768886577224645,0.0
2400000.0,550000.0,0.85,603.15,992.2827618424507,4.354196668757883,100.3324344336954,896.3045240775133,95.97823776493752,0.09672468519631144,-1.1368683772161603e-13
2400000.0,550000.0,0.85,613.15,1022.5707538590822,4.354196668757883,102.29522242572554,924.6297281021145,97.94102575696766,0.09577921663351685,0.0
2400000.0,550000.0,0.85,623.15,1053.1470508377884,4.354196668757883,104.24794884392433,953.2532986626218,99.89375217516645,0.09485261540228408,0.0
2400000.0,550000.0,0.9,393.15,410.68559484674097,4.354196668757883,54.96478962625749,360.0750018892413,50.610592957499605,0.12323440021407712,5.684341886080802e-14
2400000.0,550000.0,0.9,403.15,439.3274527124697,4.354196668757883,58.5165165915204,385.16513278970723,54.16231992276252,0.12328462423269183,-5.684341886080802e-14
2400000.0,550000.0,0.9,413.15,466.5703862906208,4.354196668757883,61.69239143163373,409.23219152774493,57.338194762875844,0.12289291486914176,0.0
2400000.0,550000.0,0.9,423.15,493.1616512877513,4.354196668757883,64.635954775249,432.8798931812602,60.281758106491125,0.12223529130678039,0.0
2400000.0,550000.0,0.9,433.15,519.4554648999284,4.354196668757883,67.41806639232196,456.3915951763644,63.06386972356408,0.12140380453156491,0.0
2400000.0,550000.0,0.9,443.15,545.6494293435361,4.354196668757883,70.07996321110218,479.9236628011918,65.7257665423443,0.12045420192488451,0.0
2400000.0,550000.0,0.9,453.15,571.8656115004732,4.354196668757883,72.64824867065134,503.57155949857963,68.29405200189346,0.11942325369539546,1.1368683772161603e-13
2400000.0,550000.0,0.9,463.15,598.1845513676052,4.354196668757883,75.14131198866805,527.3974360476951,70.78711531991017,0.11833658217697607,0.0
2400000.0,550000.0,0.9,473.15,624.6617105745977,4.354196668757883,77.57249405892216,551.4434131844334,73.21829739016428,0.1172127187414995,0.0
2400000.0,550000.0,0.9,483.15,651.3363619937846,4.354196668757883,79.95182536953524,575.7387332930074,75.59762870077736,0.11606542043709629,0.0
2400000.0,550000.0,0.9,493.15,678.2368136073321,4.354196668757883,82.2870600785726,600.3039501975175,77.93286340981471,0.1149050919181368,0.0
2400000.0,550000.0,0.9,503.15,705.383674041156,4.354196668757883,84.58432892819215,625.1535417817219,80.23013225943427,0.11373970678934822,0.0
2400000.0,550000.0,0.9,513.15,732.7919915831338,4.354196668757883,86.84857037837,650.2976178735217,82.49437370961212,0.11257543021368198,0.0
2400000.0,550000.0,0.9,523.15,760.4727078393245,4.354196668757883,89.0838255945855,675.7430789134968,84.72962892582763,0.11141705422481726,1.1368683772161603e-13
2400000.0,550000.0,0.9,533.15,788.4336757289007,4.354196668757883,91.29344631259248,701.494426085066,86.9392496438346,0.11026831085501257,1.1368683772161603e-13
2400000.0,550000.0,0.9,543.15,816.6803904552729,4.354196668757883,93.48024502322089,727.5543421008098,89.12604835446301,0.10913210283496352,2.2737367544323206e-13
2400000.0,550000.0,0.9,553.15,845.2165255965975,4.354196668757883,95.64660585236433,753.9241164129912,91.29240918360645,0.108010677050082,-1.1368683772161603e-13
2400000.0,550000.0,0.9,563.15,874.0443334125589,4.354196668757883,97.79456798080913,780.6039621005077,93.44037131205125,0.10690575722541334,0.0
2400000.0,550000.0,0.9,573.15,903.1649483954533,4.354196668757883,99.92588945571427,807.593255608497,95.57169278695639,0.10581864692241141,0.0
2400000.0,550000.0,0.9,583.15,932.5786205089613,4.354196668757883,102.04209672807204,834.8907204496471,97.68790005931416,0.10475031049500182,1.1368683772161603e-13
2400000.0,550000.0,0.9,593.15,962.2848964423438,4.354196668757883,104.14452361973724,862.4945694913645,99.79032695097936,0.10370143740166081,0.0
2400000.0,550000.0,0.9,603.15,992.2827618424507,4.354196668757883,106.23434234155994,890.4026161696487,101.88014567280206,0.10267249375937264,0.0
2400000.0,550000.0,0.9,613.15,1022.5707538590822,4.354196668757883,108.31258845076826,918.6123620770718,103.95839178201038,0.10166376398863508,0.0
2400000.0,550000.0,0.9,623.15,1053.1470508377884,4.354196668757883,110.38018112886115,947.1210663776849,106.02598446010327,0.10067538467278488,2.2737367544323206e-13
2400000.0,600000.0,0.7,393.15,402.1045430856571,4.273330648982606,40.11981460693595,366.2580591277038,35.84648395795334,0.08914717471947899,-5.684341886080802e-14
2400000.0,600000.0,0.7,403.15,430.7464009513859,4.273330648982606,42.74585996662674,392.27387163374175,38.47252931764413,0.08931596232184455,5.684341886080802e-14
2400000.0,600000.0,0.7,413.15,457.98933452953696,4.273330648982606,45.091213614658336,417.17145156386124,40.81788296567573,0.08912409064635822,0.0
2400000.0,600000.0,0.7,423.15,484.58059952666747,4.273330648982606,47.26307427756058,441.5908558980895,42.98974362857797,0.08871536266736604,0.0
2400000.0,600000.0,0.7,433.15,510.8744131388446,4.273330648982606,49.31435797249654,465.83338581533064,45.04102732351393,0.0881645785444196,0.0
2400000.0,600000.0,0.7,443.15,537.0683775824523,4.273330648982606,51.27585750077153,490.0658507306634,47.00252685178892,0.08751683922141358,-1.1368683772161603e-13
2400000.0,600000.0,0.7,453.15,563.2845597393892,4.273330648982606,53.16744084431138,514.3904495440605,48.89411019532877,0.0868017937824361,-1.1368683772161603e-13
2400000.0,600000.0,0.7,463.15,589.6034996065214,4.273330648982606,55.002843255322546,538.8739870001815,50.72951260633994,0.08604004664184466,-1.1368683772161603e-13
2400000.0,600000.0,0.7,473.15,616.0806588135138,4.273330648982606,56.79202973074105,563.5619597317555,52.51869908175844,0.0852464662385315,-2.2737367544323206e-13
2400000.0,600000.0,0.7,483.15,642.7553102327008,4.273330648982606,58.542492399656794,588.4861484820267,54.269161750674186,0.08443207062890974,-1.1368683772161603e-13
2400000.0,600000.0,0.7,493.15,669.6557618462483,4.273330648982606,60.26002285516763,613.6690696400633,55.98669220618502,0.08360518253711294,-1.1368683772161603e-13
2400000.0,600000.0,0.7,503.15,696.8026222800722,4.273330648982606,61.949199916249256,639.1267530128056,57.67586926726665,0.08277217596934425,-1.1368683772161603e-13
2400000.0,600000.0,0.7,513.15,724.21093982205,4.273330648982606,63.61371172506211,664.8705587459705,59.3403810760795,0.08193797941061255,0.0
2400000.0,600000.0,0.7,523.15,751.8916560782407,4.273330648982606,65.25657613102801,690.9084105961953,60.983245482045405,0.08110642668935215,-1.1368683772161603e-13
2400000.0,600000.0,0.7,533.15,779.8526239678168,4.273330648982606,66.88029598600383,717.2456586307957,62.60696533702122,0.08028050866647453,-1.1368683772161603e-13
2400000.0,600000.0,0.7,543.15,808.099338694189,4.273330648982606,68.48697134755855,743.8856979956131,64.21364069857594,0.07946255815818266,-1.1368683772161603e-13
2400000.0,600000.0,0.7,553.15,836.6354738355137,4.273330648982606,70.07838231794257,770.8304221665538,65.80505166895996,0.07865438859205906,-1.1368683772161603e-13
2400000.0,600000.0,0.7,563.15,865.463281651475,4.273330648982606,71.65605136737832,798.0805609330794,67.38272071839572,0.07785739978455951,-1.1368683772161603e-13
2400000.0,600000.0,0.7,573.15,894.5838966343694,4.273330648982606,73.2212910074594,825.6359362758926,68.94796035847679,0.07707265983422561,-1.1368683772161603e-13
2400000.0,600000.0,0.7,583.15,923.9975687478774,4.273330648982606,74.77524079982167,853.4956585970384,70.50191015083907,0.07630096932655055,-1.1368683772161603e-13
2400000.0,600000.0,0.7,593.15,953.70384468126,4.273330648982606,76.3188964670261,881.6582788632165,72.04556581804349,0.07554291221518776,-1.1368683772161603e-13
2400000.0,600000.0,0.7,603.15,983.7017100813669,4.273330648982606,77.85313306425698,910.1219076660925,73.57980241527437,0.07479889651629072,-1.1368683772161603e-13
2400000.0,600000.0,0.7,613.15,1013.9897020979982,4.273330648982606,79.37872362256003,938.8843091244208,75.10539297357742,0.07406918711125014,-1.1368683772161603e-13
2400000.0,600000.0,0.7,623.15,1044.5659990767042,4.273330648982606,80.89635429563978,967.9429754300471,76.62302364665717,0.07335393236462277,0.0
2400000.0,600000.0,0.75,393.15,402.1045430856571,4.273330648982606,42.985515650288434,363.3923580843513,38.712185001305826,0.09627393091417841,-5.684341886080802e-14
2400000.0,600000.0,0.75,403.15,430.7464009513859,4.273330648982606,45.79913567852869,389.22059592183984,41.525805029546085,0.09640429946211597,0.0
2400000.0,600000.0,0.75,413.15,457.98933452953696,4.273330648982606,48.31201458713389,413.9506505913857,44.03868393815128,0.09615657094589199,0.0
2400000.0,600000.0,0.75,423.15,484.58059952666747,4.273330648982606,50.639008154529144,438.2149220211209,46.365677505546536,0.0956820754913341,0.0
2400000.0,600000.0,0.75,433.15,510.8744131388446,4.273330648982606,52.83681211338914,462.31093167443805,48.563481464406536,0.09505952973066208,0.0
2400000.0,600000.0,0.75,443.15,537.0683775824523,4.273330648982606,54.93841875082662,486.4032894806083,50.66508810184401,0.09433638288276573,-1.1368683772161603e-13
2400000.0,600000.0,0.75,453.15,563.2845597393892,4.273330648982606,56.965115190333684,510.5927751980382,52.691784541351076,0.09354381125896581,-1.1368683772161603e-13
2400000.0,600000.0,0.75,463.15,589.6034996065214,4.273330648982606,58.93161777355988,534.9452124819442,54.65828712457727,0.09270346455042092,-1.1368683772161603e-13
2400000.0,600000.0,0.75,473.15,616.0806588135138,4.273330648982606,60.84860328293685,559.5053861795597,56.57527263395424,0.09183095074419378,-2.2737367544323206e-13
2400000.0,600000.0,0.75,483.15,642.7553102327008,4.273330648982606,62.72409899963229,584.3045418820511,58.45076835064968,0.09093782255877182,0.0
2400000.0,600000.0,0.75,493.15,669.6557618462483,4.273330648982606,64.56431020196527,609.3647822932656,60.29097955298266,0.0900327944416692,0.0
2400000.0,600000.0,0.75,503.15,696.8026222800722,4.273330648982606,66.37414276741002,634.7018101616449,62.10081211842741,0.08912252929706493,-1.1368683772161603e-13
2400000.0,600000.0,0.75,513.15,724.21093982205,4.273330648982606,68.15754827685235,660.3267221941802,63.884217627869745,0.08821216874128841,0.0
2400000.0,600000.0,0.75,523.15,751.8916560782407,4.273330648982606,69.9177601403871,686.2472265868362,65.6444294914045,0.08730570283728968,-1.1368683772161603e-13
2400000.0,600000.0,0.75,533.15,779.8526239678168,4.273330648982606,71.65745998500404,712.4684946317955,67.38412933602143,0.08640623531299711,-1.1368683772161603e-13
2400000.0,600000.0,0.75,543.15,808.099338694189,4.273330648982606,73.37889787238417,738.9937714707875,69.10556722340156,0.08551617841324995,-1.1368683772161603e-13
2400000.0,600000.0,0.75,553.15,836.6354738355137,4.273330648982606,75.08398105493863,765.8248234295577,70.81065040595603,0.08463739898731298,0.0
2400000.0,600000.0,0.75,563.15,865.463281651475,4.273330648982606,76.77434075076249,792.9622715496952,72.50101010177988,0.08377132992104948,-1.1368683772161603e-13
2400000.0,600000.0,0.75,573.15,894.5838966343694,4.273330648982606,78.45138322227774,820.4058440610743,74.17805257329513,0.08291905639300019,-1.1368683772161603e-13
2400000.0,600000.0,0.75,583.15,923.9975687478774,4.273330648982606,80.11632942838035,848.1545699684797,75.84299877939775,0.08208138348477875,-1.1368683772161603e-13
2400000.0,600000.0,0.75,593.15,953.70384468126,4.273330648982606,81.77024621467083,876.2069291155718,77.49691556568823,0.08125888974641671,-1.1368683772161603e-13
2400000.0,600000.0,0.75,603.15,983.7017100813669,4.273330648982606,83.41407114027534,904.5609695900741,79.14074049129273,0.08045197002325696,-1.1368683772161603e-13
2400000.0,600000.0,0.75,613.15,1013.9897020979982,4.273330648982606,85.0486324527429,933.214400294238,80.77530180376029,0.07966086996409522,-1.1368683772161603e-13
2400000.0,600000.0,0.75,623.15,1044.5659990767042,4.273330648982606,86.67466531675704,962.1646644089299,82.40133466777444,0.07888571401003794,0.0
2400000.0,600000.0,0.8,393.15,402.1045430856571,4.273330648982606,45.851216693641035,360.5266570409987,41.57788604465843,0.1034006871088781,-5.684341886080802e-14
2400000.0,600000.0,0.8,403.15,430.7464009513859,4.273330648982606,48.852411390430525,386.167320209938,44.57908074144792,0.10349263660238711,0.0
2400000.0,600000.0,0.8,413.15,457.98933452953696,4.273330648982606,51.53281555960956,410.72984961891,47.25948491062695,0.10318905124542603,0.0
2400000.0,600000.0,0.8,423.15,484.58059952666747,4.273330648982606,54.01494203149783,434.8389881441522,49.741611382515224,0.10264878831530241,5.684341886080802e-14
2400000.0,600000.0,0.8,433.15,510.8744131388446,4.273330648982606,56.359266254281856,458.78847753354535,52.08593560529925,0.10195448091690476,0.0
2400000.0,600000.0,0.8,443.15,537.0683775824523,4.273330648982606,58.60098000088171,482.7407282305532,54.327649351899105,0.10115592654411787,-1.1368683772161603e-13
2400000.0,600000.0,0.8,453.15,563.2845597393892,4.273330648982606,60.762789536355875,506.795100852016,56.48945888737327,0.10028582873549531,-1.1368683772161603e-13
2400000.0,600000.0,0.8,463.15,589.6034996065214,4.273330648982606,62.86039229179721,531.0164379637068,58.587061642814604,0.09936688245899719,-1.1368683772161603e-13
2400000.0,600000.0,0.8,473.15,616.0806588135138,4.273330648982606,64.90517683513265,555.4488126273638,60.63184618615004,0.09841543524985609,-2.2737367544323206e-13
2400000.0,600000.0,0.8,483.15,642.7553102327008,4.273330648982606,66.90570559960778,580.1229352820757,62.63237495062518,0.0974435744886339,-1.1368683772161603e-13
2400000.0,600000.0,0.8,493.15,669.6557618462483,4.273330648982606,68.86859754876303,605.0604949464679,64.59526689978043,0.09646040634622566,0.0
2400000.0,600000.0,0.8,503.15,696.8026222800722,4.273330648982606,70.79908561857069,630.2768673104841,66.52575496958808,0.0954728826247855,0.0
2400000.0,600000.0,0.8,513.15,724.21093982205,4.273330648982606,72.70138482864247,655.7828856423902,68.42805417965987,0.09448635807196411,-1.1368683772161603e-13
2400000.0,600000.0,0.8,523.15,751.8916560782407,4.273330648982606,74.57894414974632,681.586042577477,70.30561350076371,0.09350497898522739,-1.1368683772161603e-13
2400000.0,600000.0,0.8,533.15,779.8526239678168,4.273330648982606,76.43462398400438,707.6913306327951,72.16129333502177,0.09253196195951985,-1.1368683772161603e-13
2400000.0,600000.0,0.8,543.15,808.099338694189,4.273330648982606,78.2708243972098,734.1018449459618,73.99749374822719,0.09156979866831723,-1.1368683772161603e-13
2400000.0,600000.0,0.8,553.15,836.6354738355137,4.273330648982606,80.08957979193447,760.8192246925619,75.81624914295186,0.09062040938256663,-1.1368683772161603e-13
2400000.0,600000.0,0.8,563.15,865.463281651475,4.273330648982606,81.89263013414666,787.843982166311,77.61929948516405,0.08968526005753946,-1.1368683772161603e-13
2400000.0,600000.0,0.8,573.15,894.5838966343694,4.273330648982606,83.68147543709632,815.1757518462557,79.40814478811372,0.08876545295177506,-1.1368683772161603e-13
2400000.0,600000.0,0.8,583.15,923.9975687478774,4.273330648982606,85.45741805693903,842.813481339921,81.18408740795643,0.08786179764300697,-1.1368683772161603e-13
2400000.0,600000.0,0.8,593.15,953.70384468126,4.273330648982606,87.22159596231533,870.7555793679272,82.94826531333273,0.0869748672776454,0.0
2400000.0,600000.0,0.8,603.15,983.7017100813669,4.273330648982606,88.9750092162937,899.0000315140558,84.70167856731109,0.08610504353022319,-1.1368683772161603e-13
2400000.0,600000.0,0.8,613.15,1013.9897020979982,4.273330648982606,90.71854128292576,927.5444914640551,86.44521063394315,0.08525255281694029,-1.1368683772161603e-13
2400000.0,600000.0,0.8,623.15,1044.5659990767042,4.273330648982606,92.45297633787408,956.3863533878128,88.17964568889147,0.08441749565545288,0.0
2400000.0,600000.0,0.85,393.15,402.1045430856571,4.273330648982606,48.716917736993636,357.6609559976461,44.44358708801103,0.11052744330357782,-5.684341886080802e-14
2400000.0,600000.0,0.85,403.15,430.7464009513859,4.273330648982606,51.90568710233248,383.11404449803604,47.63235645334987,0.11058097374265853,0.0
2400000.0,600000.0,0.85,413.15,457.98933452953696,4.273330648982606,54.75361653208511,407.50904864643445,50.4802858831025,0.1102215315449598,0.0
2400000.0,600000.0,0.85,423.15,484.58059952666747,4.273330648982606,57.390875908466406,431.4630542671836,53.1175452594838,0.1096155011392705,5.684341886080802e-14
2400000.0,600000.0,0.85,433.15,510.8744131388446,4.273330648982606,59.88172039517446,455.26602339265276,55.608389746191854,0.10884943210314724,-1.1368683772161603e-13
2400000.0,600000.0,0.85,443.15,537.0683775824523,4.273330648982606,62.26354125093692,479.078166980498,57.99021060195431,0.10797547020547023,-1.1368683772161603e-13
2400000.0,600000.0,0.85,453.15,563.2845597393892,4.273330648982606,64.56046388237819,502.9974265059937,60.28713323339558,0.10702784621202503,-1.1368683772161603e-13
2400000.0,600000.0,0.85,463.15,589.6034996065214,4.273330648982606,66.78916681003454,527.0876634454695,62.515836161051936,0.10603030036757345,-1.1368683772161603e-13
2400000.0,600000.0,0.85,473.15,616.0806588135138,4.273330648982606,68.96175038732845,551.392239075168,64.68841973834584,0.10499991975551838,-2.2737367544323206e-13
2400000.0,600000.0,0.85,483.15,642.7553102327008,4.273330648982606,71.08731219958328,575.9413286821002,66.81398155060067,0.10394932641849598,-1.1368683772161603e-13
2400000.0,600000.0,0.85,493.15,669.6557618462483,4.273330648982606,73.17288489556068,600.7562075996702,68.89955424657808,0.10288801825078193,0.0
2400000.0,600000.0,0.85,503.15,696.8026222800722,4.273330648982606,75.22402846973134,625.8519244593235,70.95069782074873,0.10182323595250603,-1.1368683772161603e-13
2400000.0,600000.0,0.85,513.15,724.21093982205,4.273330648982606,77.2452213804326,651.2390490906,72.97189073144999,0.1007605474026398,0.0
2400000.0,600000.0,0.85,523.15,751.8916560782407,4.273330648982606,79.24012815910542,676.9248585681179,74.96679751012282,0.09970425513316494,-1.1368683772161603e-13
2400000.0,600000.0,0.85,533.15,779.8526239678168,4.273330648982606,81.2117879830047,702.9141666337948,76.93845733402209,0.09865768860604257,-1.1368683772161603e-13
2400000.0,600000.0,0.85,543.15,808.099338694189,4.273330648982606,83.16275092203543,729.2099184211362,78.88942027305282,0.09762341892338454,-1.1368683772161603e-13
2400000.0,600000.0,0.85,553.15,836.6354738355137,4.273330648982606,85.09517852893029,755.8136259555661,80.82184787994768,0.09660341977782025,-1.1368683772161603e-13
2400000.0,600000.0,0.85,563.15,865.463281651475,4.273330648982606,87.01091951753082,782.7256927829268,82.73758886854822,0.09559919019402943,-1.1368683772161603e-13
2400000.0,600000.0,0.85,573.15,894.5838966343694,4.273330648982606,88.9115676519149,809.9456596314371,84.63823700293229,0.0946118495105499,-1.1368683772161603e-13
2400000.0,600000.0,0.85,583.15,923.9975687478774,4.273330648982606,90.7985066854977,837.4723927113623,86.52517603651509,0.09364221180123518,-1.1368683772161603e-13
2400000.0,600000.0,0.85,593.15,953.70384468126,4.273330648982606,92.67294570996008,865.3042296202825,88.39961506097747,0.09269084480887434,-1.1368683772161603e-13
2400000.0,600000.0,0.85,603.15,983.7017100813669,4.273330648982606,94.53594729231204,893.4390934380374,90.26261664332944,0.09175811703718942,0.0
2400000.0,600000.0,0.85,613.15,1013.9897020979982,4.273330648982606,96.38845011310862,921.8745826338723,92.11511946412601,0.09084423566978536,-1.1368683772161603e-13
2400000.0,600000.0,0.85,623.15,1044.5659990767042,4.273330648982606,98.23128735899134,950.6080423666956,93.95795671000873,0.08994927730086803,0.0
2400000.0,600000.0,0.9,393.15,402.1045430856571,4.273330648982606,51.58261878034624,354.7952549542935,47.30928813136363,0.11765419949827752,-5.684341886080802e-14
2400000.0,600000.0,0.9,403.15,430.7464009513859,4.273330648982606,54.95896281423443,380.0607687861341,50.685632165251825,0.11766931088292995,0.0
2400000.0,600000.0,0.9,413.15,457.98933452953696,4.273330648982606,57.97441750456067,404.2882476739589,53.70108685557806,0.11725401184449359,0.0
2400000.0,600000.0,0.9,423.15,484.58059952666747,4.273330648982606,60.76680978543498,428.0871203902151,56.49347913645237,0.11658221396323858,0.0
2400000.0,600000.0,0.9,433.15,510.8744131388446,4.273330648982606,63.40417453606706,451.74356925176016,59.13084388708445,0.1157443832893897,-1.1368683772161603e-13
2400000.0,600000.0,0.9,443.15,537.0683775824523,4.273330648982606,65.92610250099202,475.4156057304429,61.65277185200941,0.11479501386682238,-1.1368683772161603e-13
2400000.0,600000.0,0.9,453.15,563.2845597393892,4.273330648982606,68.35813822840038,499.1997521599715,64.08480757941777,0.11376986368855455,-1.1368683772161603e-13
2400000.0,600000.0,0.9,463.15,589.6034996065214,4.273330648982606,70.71794132827188,523.1588889272322,66.44461067928927,0.11269371827614971,-1.1368683772161603e-13
2400000.0,600000.0,0.9,473.15,616.0806588135138,4.273330648982606,73.01832393952424,547.3356655229722,68.74499329054163,0.11158440426118066,-1.1368683772161603e-13
2400000.0,600000.0,0.9,483.15,642.7553102327008,4.273330648982606,75.26891879955878,571.7597220821247,70.99558815057617,0.11045507834835808,-1.1368683772161603e-13
2400000.0,600000.0,0.9,493.15,669.6557618462483,4.273330648982606,77.47717224235832,596.4519202528726,73.20384159337571,0.1093156301553382,0.0
2400000.0,600000.0,0.9,503.15,696.8026222800722,4.273330648982606,79.64897132089199,621.4269816081629,75.37564067190938,0.10817358928022656,-1.1368683772161603e-13
2400000.0,600000.0,0.9,513.15,724.21093982205,4.273330648982606,81.78905793222285,646.6952125388098,77.51572728324024,0.10703473673331566,0.0
2400000.0,600000.0,0.9,523.15,751.8916560782407,4.273330648982606,83.90131216846453,672.2636745587587,79.62798151948192,0.1059035312811025,0.0
2400000.0,600000.0,0.9,533.15,779.8526239678168,4.273330648982606,85.98895198200492,698.1370026347946,81.71562133302231,0.10478341525256517,-1.1368683772161603e-13
2400000.0,600000.0,0.9,543.15,808.099338694189,4.273330648982606,88.05467744686105,724.3179918963106,83.78134679787844,0.10367703917845182,-1.1368683772161603e-13
2400000.0,600000.0,0.9,553.15,836.6354738355137,4.273330648982606,90.10077726592613,750.8080272185703,85.82744661694352,0.1025864301730739,-1.1368683772161603e-13
2400000.0,600000.0,0.9,563.15,865.463281651475,4.273330648982606,92.12920890091499,777.6074033995427,87.85587825193238,0.1015131203305194,-1.1368683772161603e-13
2400000.0,600000.0,0.9,573.15,894.5838966343694,4.273330648982606,94.14165986673325,804.7155674166188,89.86832921775064,0.10045824606932452,-1.1368683772161603e-13
2400000.0,600000.0,0.9,583.15,923.9975687478774,4.273330648982606,96.13959531405638,832.1313040828037,91.86626466507377,0.09942262595946338,-1.1368683772161603e-13
2400000.0,600000.0,0.9,593.15,953.70384468126,4.273330648982606,98.1242954576048,859.8528798726378,93.8509648086222,0.09840682234010327,-1.1368683772161603e-13
2400000.0,600000.0,0.9,603.15,983.7017100813669,4.273330648982606,100.0968853683304,887.8781553620191,95.8235547193478,0.09741119054415566,-1.1368683772161603e-13
2400000.0,600000.0,0.9,613.15,1013.9897020979982,4.273330648982606,102.05835894329148,916.2046738036894,97.78502829430887,0.09643591852263045,-1.1368683772161603e-13
2400000.0,600000.0,0.9,623.15,1044.5659990767042,4.273330648982606,104.00959838010836,944.8297313455786,99.73626773112575,0.09548105894628296,0.0
2400000.0,650000.0,0.7,393.15,393.96471402447315,4.189485022989742,37.70085967309901,360.4533393743639,33.51137465010927,0.08506186837846481,0.0
2400000.0,650000.0,0.7,403.15,422.60657189020196,4.189485022989742,40.199715590710404,386.5963413224813,36.01023056772066,0.08520982152893858,0.0
2400000.0,650000.0,0.7,413.15,449.849505468353,4.189485022989742,42.42890214920556,411.61008834213715,38.23941712621582,0.08500491088992865,5.684341886080802e-14
2400000.0,650000.0,0.7,423.15,476.44077046548347,4.189485022989742,44.49141816962755,436.1388373188457,40.30193314663781,0.08458959779462775,0.0
2400000.0,650000.0,0.7,433.15,502.73458407766066,4.189485022989742,46.43809841156064,460.48597068908975,42.248613388570895,0.08403761095147669,0.0
2400000.0,650000.0,0.7,443.15,528.9285485212685,4.189485022989742,48.298522844411316,484.8195106998468,44.10903782142157,0.08339318787903907,1.1368683772161603e-13
2400000.0,650000.0,0.7,453.15,555.1447306782054,4.189485022989742,50.091779170074616,509.24243653112046,45.90229414708487,0.08268527396631735,1.1368683772161603e-13
2400000.0,650000.0,0.7,463.15,581.4636705453374,4.189485022989742,51.83106453244458,533.8220910358826,47.641579509454836,0.08193388843153901,0.0
2400000.0,650000.0,0.7,473.15,607.9408297523299,4.189485022989742,53.52595362652151,558.6043611487981,49.33646860353177,0.08115340537932127,0.0
2400000.0,650000.0,0.7,483.15,634.615481171517,4.189485022989742,55.183644820411686,583.6213213740949,50.99415979742194,0.08035442139433059,1.1368683772161603e-13
2400000.0,650000.0,0.7,493.15,661.5159327850645,4.189485022989742,56.809702283066464,608.8957155249876,52.62021726007672,0.0795448977903511,1.1368683772161603e-13
2400000.0,650000.0,0.7,503.15,688.6627932188884,4.189485022989742,58.408524748065275,634.4437534938128,54.21903972507553,0.07873089741301335,1.1368683772161603e-13
2400000.0,650000.0,0.7,513.15,716.071110760866,4.189485022989742,59.983655070985435,660.2769407128703,55.79417004799569,0.07791708003512561,0.0
2400000.0,650000.0,0.7,523.15,743.7518270170567,4.189485022989742,61.53799202987435,686.4033200101721,57.34850700688461,0.07710704689881645,0.0
2400000.0,650000.0,0.7,533.15,771.712794906633,4.189485022989742,63.07393956974009,712.8283403598825,58.88445454675035,0.07630358720937701,1.1368683772161603e-13
2400000.0,650000.0,0.7,543.15,799.9595096330052,4.189485022989742,64.59351463294519,739.5554800230497,60.404029609955444,0.07550885873919644,1.1368683772161603e-13
2400000.0,650000.0,0.7,553.15,828.4956447743299,4.189485022989742,66.09842676876579,766.5867030285538,61.90894174577605,0.07472452285810041,1.1368683772161603e-13
2400000.0,650000.0,0.7,563.15,857.3234525902911,4.189485022989742,67.59013802607544,793.9227995872054,63.400653003085694,0.0739518472421685,0.0
2400000.0,650000.0,0.7,573.15,886.4440675731855,4.189485022989742,69.06990876643569,821.5636438297396,64.88042374344595,0.07319178515241107,0.0
2400000.0,650000.0,0.7,583.15,915.8577396866935,4.189485022989742,70.53883322755667,849.5083914821265,66.34934820456692,0.07244503739987437,1.1368683772161603e-13
2400000.0,650000.0,0.7,593.15,945.5640156200761,4.189485022989742,71.99786749632564,877.7556331467401,67.8083824733359,0.07171210129952856,1.1368683772161603e-13
2400000.0,650000.0,0.7,603.15,975.561881020183,4.189485022989742,73.44785177378635,906.3035142693863,69.25836675079661,0.07099330970001662,1.1368683772161603e-13
2400000.0,650000.0,0.7,613.15,1005.8498730368144,4.189485022989742,74.88952828790224,935.1498297719019,70.7000432649125,0.07028886234429624,1.1368683772161603e-13
2400000.0,650000.0,0.7,623.15,1036.4261700155205,4.189485022989742,76.32355584598426,964.2920991925258,72.13407082299452,0.06959885123502266,0.0
2400000.0,650000.0,0.75,393.15,393.96471402447315,4.189485022989742,40.393778221177406,357.7604208262855,36.20429319818766,0.09189729919806637,0.0
2400000.0,650000.0,0.75,403.15,422.60657189020196,4.189485022989742,43.07112384718971,383.724933066002,38.88163882419997,0.09200434023137213,0.0
2400000.0,650000.0,0.75,413.15,449.849505468353,4.189485022989742,45.45953801700589,408.57945247433685,41.27005299401615,0.09174191033298691,0.0
2400000.0,650000.0,0.75,423.15,476.44077046548347,4.189485022989742,47.66937661031529,432.9608788781579,43.47989158732555,0.09125980453949316,0.0
2400000.0,650000.0,0.75,433.15,502.73458407766066,4.189485022989742,49.75510544095794,457.16896365969245,45.5656204179682,0.09063553982776999,0.0
2400000.0,650000.0,0.75,443.15,528.9285485212685,4.189485022989742,51.748417333297894,481.3696162109602,47.55893231030815,0.08991560853213387,1.1368683772161603e-13
2400000.0,650000.0,0.75,453.15,555.1447306782054,4.189485022989742,53.66976339650853,505.66445230468656,49.480278373518786,0.0891304116551193,1.1368683772161603e-13
2400000.0,650000.0,0.75,463.15,581.4636705453374,4.189485022989742,55.53328342761926,530.1198721407079,51.34379840462952,0.08830095671579223,0.0
2400000.0,650000.0,0.75,473.15,607.9408297523299,4.189485022989742,57.34923602841585,554.7810787469039,53.15975100542611,0.08744231083653807,0.0
2400000.0,650000.0,0.75,483.15,634.615481171517,4.189485022989742,59.12533373615541,579.6796324583512,54.93584871316567,0.08656556661957354,1.1368683772161603e-13
2400000.0,650000.0,0.75,493.15,661.5159327850645,4.189485022989742,60.86753816042829,604.8378796476259,56.678053137438546,0.08567904464344023,1.1368683772161603e-13
2400000.0,650000.0,0.75,503.15,688.6627932188884,4.189485022989742,62.58056223006989,630.2717160118082,58.391077207080144,0.08478906916715159,1.1368683772161603e-13
2400000.0,650000.0,0.75,513.15,716.071110760866,4.189485022989742,64.26820186177012,655.9923939220856,60.07871683878038,0.08390048968033825,0.0
2400000.0,650000.0,0.75,523.15,743.7518270170567,4.189485022989742,65.93356288915105,682.0077491508954,61.744077866161305,0.08301704362031141,0.0
2400000.0,650000.0,0.75,533.15,771.712794906633,4.189485022989742,67.5792209675787,708.323058962044,63.38973594458896,0.08214161584849487,0.0
2400000.0,650000.0,0.75,543.15,799.9595096330052,4.189485022989742,69.20733710672707,734.9416575492678,65.01785208373732,0.08127642874520656,0.0
2400000.0,650000.0,0.75,553.15,828.4956447743299,4.189485022989742,70.8197429665348,761.8653868307847,66.63025794354506,0.08042318431461902,1.1368683772161603e-13
2400000.0,650000.0,0.75,563.15,857.3234525902911,4.189485022989742,72.41800502793794,789.0949325853429,68.2285200049482,0.07958317225407122,0.0
2400000.0,650000.0,0.75,573.15,886.4440675731855,4.189485022989742,74.0034736783239,816.6300789178513,69.81398865533416,0.07875735335052063,1.1368683772161603e-13
2400000.0,650000.0,0.75,583.15,915.8577396866935,4.189485022989742,75.57732131523919,844.469903394444,71.38783629224945,0.07794642464524082,1.1368683772161603e-13
2400000.0,650000.0,0.75,593.15,945.5640156200761,4.189485022989742,77.14057231749175,872.612928325574,72.951087294502,0.0771508708975802,1.1368683772161603e-13
2400000.0,650000.0,0.75,603.15,975.561881020183,4.189485022989742,78.69412690048549,901.0572391426872,74.50464187749574,0.07637100559893067,1.1368683772161603e-13
2400000.0,650000.0,0.75,613.15,1005.8498730368144,4.189485022989742,80.23878030846664,929.8005777513374,76.0492952854769,0.07560700391189837,1.1368683772161603e-13
2400000.0,650000.0,0.75,623.15,1036.4261700155205,4.189485022989742,81.7752384064116,958.8404166320985,77.58575338342186,0.07485892929764598,0.0
2400000.0,650000.0,0.8,393.15,393.96471402447315,4.189485022989742,43.08669676925591,355.067502278207,38.897211746266166,0.09873273001766819,0.0
2400000.0,650000.0,0.8,403.15,422.60657189020196,4.189485022989742,45.94253210366913,380.8535248095226,41.75304708067939,0.09879885893380595,0.0
2400000.0,650000.0,0.8,413.15,449.849505468353,4.189485022989742,48.49017388480634,405.5488166065364,44.300688861816596,0.09847890977604544,5.684341886080802e-14
2400000.0,650000.0,0.8,423.15,476.44077046548347,4.189485022989742,50.847335051002915,429.7829204374703,46.65785002801317,0.09793001128435833,0.0
2400000.0,650000.0,0.8,433.15,502.73458407766066,4.189485022989742,53.072112470355115,453.85195663029526,48.88262744736537,0.09723346870406305,0.0
2400000.0,650000.0,0.8,443.15,528.9285485212685,4.189485022989742,55.19831182218436,477.91972172207375,51.008826799194615,0.09643802918522847,1.1368683772161603e-13
2400000.0,650000.0,0.8,453.15,555.1447306782054,4.189485022989742,57.247747622942434,502.0864680782526,53.05826259995269,0.09557554934392125,1.1368683772161603e-13
2400000.0,650000.0,0.8,463.15,581.4636705453374,4.189485022989742,59.23550232279382,526.4176532455333,55.04601729980408,0.09466802500004524,1.1368683772161603e-13
2400000.0,650000.0,0.8,473.15,607.9408297523299,4.189485022989742,61.172518430310305,550.9577963450093,56.98303340732056,0.09373121629375507,0.0
2400000.0,650000.0,0.8,483.15,634.615481171517,4.189485022989742,63.06702265189902,575.7379435426076,58.87753762890928,0.09277671184481631,1.1368683772161603e-13
2400000.0,650000.0,0.8,493.15,661.5159327850645,4.189485022989742,64.92537403779023,600.7800437702639,60.73588901480049,0.09181319149652954,1.1368683772161603e-13
2400000.0,650000.0,0.8,503.15,688.6627932188884,4.189485022989742,66.7525997120745,626.0996785298036,62.563114689084756,0.09084724092128983,1.1368683772161603e-13
2400000.0,650000.0,0.8,513.15,716.071110760866,4.189485022989742,68.55274865255481,651.7078471313009,64.36326362956507,0.08988389932555088,0.0
2400000.0,650000.0,0.8,523.15,743.7518270170567,4.189485022989742,70.32913374842774,677.6121782916188,66.139648725438,0.08892704034180637,0.0
2400000.0,650000.0,0.8,533.15,771.712794906633,4.189485022989742,72.0845023654172,703.8177775642055,67.89501734242745,0.08797964448761258,1.1368683772161603e-13
2400000.0,650000.0,0.8,543.15,799.9595096330052,4.189485022989742,73.82115958050883,730.327835075486,69.63167455751909,0.08704399875121653,1.1368683772161603e-13
2400000.0,650000.0,0.8,553.15,828.4956447743299,4.189485022989742,75.54105916430382,757.1440706330158,71.35157414131407,0.08612184577113764,0.0
2400000.0,650000.0,0.8,563.15,857.3234525902911,4.189485022989742,77.24587202980044,784.2670655834804,73.0563870068107,0.08521449726597394,0.0
2400000.0,650000.0,0.8,573.15,886.4440675731855,4.189485022989742,78.93703859021213,811.6965140059631,74.74755356722238,0.08432292154863022,1.1368683772161603e-13
2400000.0,650000.0,0.8,583.15,915.8577396866935,4.189485022989742,80.6158094029217,839.4314153067616,76.42632437993196,0.08344781189060727,0.0
2400000.0,650000.0,0.8,593.15,945.5640156200761,4.189485022989742,82.28327713865787,867.470223504408,78.09379211566812,0.08258964049563186,1.1368683772161603e-13
2400000.0,650000.0,0.8,603.15,975.561881020183,4.189485022989742,83.9404020271846,895.810964015988,79.75091700419486,0.08174870149784473,1.1368683772161603e-13
2400000.0,650000.0,0.8,613.15,1005.8498730368144,4.189485022989742,85.58803232903104,924.4513257307731,81.3985473060413,0.08092514547950048,0.0
2400000.0,650000.0,0.8,623.15,1036.4261700155205,4.189485022989742,87.22692096683895,953.3887340716711,83.0374359438492,0.08011900736026929,0.0
2400000.0,650000.0,0.85,393.15,393.96471402447315,4.189485022989742,45.77961531733442,352.37458373012845,41.590130294344675,0.10556816083727004,5.684341886080802e-14
2400000.0,650000.0,0.85,403.15,422.60657189020196,4.189485022989742,48.813940360148436,377.9821165530432,44.62445533715869,0.10559337763623951,5.684341886080802e-14
2400000.0,650000.0,0.85,413.15,449.849505468353,4.189485022989742,51.520809752606674,402.5181807387361,47.33132472961693,0.10521590921910372,0.0
2400000.0,650000.0,0.85,423.15,476.44077046548347,4.189485022989742,54.02529349169053,426.60496199678266,49.83580846870079,0.10460021802922348,0.0
2400000.0,650000.0,0.85,433.15,502.73458407766066,4.189485022989742,56.3891194997523,450.5349496008981,52.199634476762554,0.10383139758035612,0.0
2400000.0,650000.0,0.85,443.15,528.9285485212685,4.189485022989742,58.64820631107082,474.4698272331873,54.45872128808108,0.10296044983832305,1.1368683772161603e-13
2400000.0,650000.0,0.85,453.15,555.1447306782054,4.189485022989742,60.825731849376346,498.5084838518187,56.6362468263866,0.1020206870327232,1.1368683772161603e-13
2400000.0,650000.0,0.85,463.15,581.4636705453374,4.189485022989742,62.9377212179685,522.7154343503587,58.74823619497876,0.10103509328429847,0.0
2400000.0,650000.0,0.85,473.15,607.9408297523299,4.189485022989742,64.99580083220475,547.1345139431149,60.80631580921501,0.10002012175097204,0.0
2400000.0,650000.0,0.85,483.15,634.615481171517,4.189485022989742,67.00871156764275,571.7962546268639,62.819226544653006,0.09898785707005926,1.1368683772161603e-13
2400000.0,650000.0,0.85,493.15,661.5159327850645,4.189485022989742,68.98320991515206,596.7222078929021,64.79372489216232,0.09794733834961868,0.0
2400000.0,650000.0,0.85,503.15,688.6627932188884,4.189485022989742,70.92463719407922,621.9276410477988,66.73515217108948,0.09690541267542824,1.1368683772161603e-13
2400000.0,650000.0,0.85,513.15,716.071110760866,4.189485022989742,72.83729544333939,647.4233003405163,68.64781042034964,0.09586730897076336,0.0
2400000.0,650000.0,0.85,523.15,743.7518270170567,4.189485022989742,74.72470460770454,673.2166074323419,70.5352195847148,0.09483703706330147,0.0
2400000.0,650000.0,0.85,533.15,771.712794906633,4.189485022989742,76.58978376325581,699.3124961663668,72.40029874026607,0.09381767312673045,1.1368683772161603e-13
2400000.0,650000.0,0.85,543.15,799.9595096330052,4.189485022989742,78.4349820542906,725.7140126017042,74.24549703130086,0.0928115687572265,1.1368683772161603e-13
2400000.0,650000.0,0.85,553.15,828.4956447743299,4.189485022989742,80.2623753620726,752.4227544352469,76.07289033908286,0.09182050722765599,1.1368683772161603e-13
2400000.0,650000.0,0.85,563.15,857.3234525902911,4.189485022989742,82.07373903166317,779.4391985816177,77.88425400867342,0.09084582227787691,0.0
2400000.0,650000.0,0.85,573.15,886.4440675731855,4.189485022989742,83.87060350210034,806.7629490940749,79.6811184791106,0.08988848974673978,0.0
2400000.0,650000.0,0.85,583.15,915.8577396866935,4.189485022989742,85.65429749060445,834.3929272190787,81.4648124676147,0.08894919913597396,1.1368683772161603e-13
2400000.0,650000.0,0.85,593.15,945.5640156200761,4.189485022989742,87.42598195982399,862.3275186832418,83.23649693683424,0.08802841009368353,1.1368683772161603e-13
2400000.0,650000.0,0.85,603.15,975.561881020183,4.189485022989742,89.18667715388351,890.5646888892892,84.99719213089377,0.08712639739675856,1.1368683772161603e-13
2400000.0,650000.0,0.85,613.15,1005.8498730368144,4.189485022989742,90.93728434959543,919.1020737102086,86.74779932660569,0.0862432870471026,1.1368683772161603e-13
2400000.0,650000.0,0.85,623.15,1036.4261700155205,4.189485022989742,92.67860352726653,947.9370515112436,88.48911850427679,0.08537908542289285,0.0
2400000.0,650000.0,0.9,393.15,393.96471402447315,4.189485022989742,48.47253386541293,349.68166518205,44.283048842423185,0.11240359165687187,0.0
2400000.0,650000.0,0.9,403.15,422.60657189020196,4.189485022989742,51.68534861662774,375.1107082965639,47.495863593638,0.11238789633867305,5.684341886080802e-14
2400000.0,650000.0,0.9,413.15,449.849505468353,4.189485022989742,54.551445620407115,399.4875448709356,50.36196059741737,0.11195290866216223,5.684341886080802e-14
2400000.0,650000.0,0.9,423.15,476.44077046548347,4.189485022989742,57.20325193237828,423.427003556095,53.013766909388536,0.1112704247740889,-5.684341886080802e-14
2400000.0,650000.0,0.9,433.15,502.73458407766066,4.189485022989742,59.70612652914948,447.2179425715009,55.516641506159736,0.11042932645664919,5.684341886080802e-14
2400000.0,650000.0,0.9,443.15,528.9285485212685,4.189485022989742,62.09810079995741,471.0199327443007,57.908615776967665,0.10948287049141786,1.1368683772161603e-13
2400000.0,650000.0,0.9,453.15,555.1447306782054,4.189485022989742,64.40371607581025,494.9304996253848,60.21423105282051,0.10846582472152515,1.1368683772161603e-13
2400000.0,650000.0,0.9,463.15,581.4636705453374,4.189485022989742,66.63994011314307,519.0132154551841,62.450455090153326,0.1074021615685515,0.0
2400000.0,650000.0,0.9,473.15,607.9408297523299,4.189485022989742,68.81908323409908,543.3112315412205,64.62959821110934,0.10630902720818884,0.0
2400000.0,650000.0,0.9,483.15,634.615481171517,4.189485022989742,70.95040048338647,567.8545657111201,66.76091546039673,0.10519900229530221,1.1368683772161603e-13
2400000.0,650000.0,0.9,493.15,661.5159327850645,4.189485022989742,73.041045792514,592.6643720155402,68.85156076952426,0.10408148520270798,1.1368683772161603e-13
2400000.0,650000.0,0.9,503.15,688.6627932188884,4.189485022989742,75.09667467608384,617.7556035657942,70.9071896530941,0.10296358442956648,1.1368683772161603e-13
2400000.0,650000.0,0.9,513.15,716.071110760866,4.189485022989742,77.12184223412407,643.1387535497316,72.93235721113433,0.10185071861597599,0.0
2400000.0,650000.0,0.9,523.15,743.7518270170567,4.189485022989742,79.12027546698123,668.8210365730652,74.93079044399148,0.10074703378479644,1.1368683772161603e-13
2400000.0,650000.0,0.9,533.15,771.712794906633,4.189485022989742,81.09506516109442,694.8072147685282,76.90558013810468,0.09965570176584831,1.1368683772161603e-13
2400000.0,650000.0,0.9,543.15,799.9595096330052,4.189485022989742,83.04880452807237,721.1001901279225,78.85931950508262,0.09857913876323648,1.1368683772161603e-13
2400000.0,650000.0,0.9,553.15,828.4956447743299,4.189485022989742,84.98369155984162,747.7014382374779,80.79420653685187,0.0975191686841746,1.1368683772161603e-13
2400000.0,650000.0,0.9,563.15,857.3234525902911,4.189485022989742,86.90160603352567,774.6113315797552,82.71212101053592,0.09647714728977963,0.0
2400000.0,650000.0,0.9,573.15,886.4440675731855,4.189485022989742,88.80416841398878,801.8293841821865,84.61468339099903,0.09545405794484961,0.0
2400000.0,650000.0,0.9,583.15,915.8577396866935,4.189485022989742,90.69278557828697,829.3544391313962,86.50330055529723,0.0944505863813404,1.1368683772161603e-13
2400000.0,650000.0,0.9,593.15,945.5640156200761,4.189485022989742,92.5686867809901,857.1848138620757,88.37920175800036,0.0934671796917352,1.1368683772161603e-13
2400000.0,650000.0,0.9,603.15,975.561881020183,4.189485022989742,94.43295228058263,885.31841376259,90.24346725759288,0.09250409329567262,1.1368683772161603e-13
2400000.0,650000.0,0.9,613.15,1005.8498730368144,4.189485022989742,96.28653637016006,913.7528216896441,92.09705134717032,0.09156142861470495,0.0
2400000.0,650000.0,0.9,623.15,1036.4261700155205,4.189485022989742,98.13028608769388,942.4853689508162,93.94080106470413,0.09063916348551616,0.0
2400000.0,700000.0,0.7,393.15,386.20853716005945,4.102900065211114,35.463261328338646,354.8481758969319,31.360361263127533,0.08120059047304438,0.0
2400000.0,700000.0,0.7,403.15,414.8503950257882,4.102900065211114,37.84277851337416,381.11051657762516,33.73987844816304,0.08133023097655645,0.0
2400000.0,700000.0,0.7,413.15,442.09332860393926,4.102900065211114,39.963129252078474,406.2330994170719,35.86022918686736,0.08111461283550304,-5.684341886080802e-14
2400000.0,700000.0,0.7,423.15,468.68459360106976,4.102900065211114,41.92331709161808,430.8641765746628,37.820417026406965,0.08069481596529407,0.0
2400000.0,700000.0,0.7,433.15,494.9784072132469,4.102900065211114,43.77219363318302,455.30911364527503,39.669293567971906,0.08014348300830335,-5.684341886080802e-14
2400000.0,700000.0,0.7,443.15,521.1723716568547,4.102900065211114,45.538183379778175,479.73708834228756,41.43528331456706,0.07950399055659935,0.0
2400000.0,700000.0,0.7,453.15,547.3885538137916,4.102900065211114,47.23963042497984,504.2518234540229,43.13673035976873,0.07880458964518794,0.0
2400000.0,700000.0,0.7,463.15,573.7074936809237,4.102900065211114,48.88921865191532,528.9211750942195,44.786318586704205,0.0780647265026188,-1.1368683772161603e-13
2400000.0,700000.0,0.7,473.15,600.1846528879162,4.102900065211114,50.49615020554804,553.7914027475792,46.393250140336924,0.07729829464499954,0.0
2400000.0,700000.0,0.7,483.15,626.8593043071031,4.102900065211114,52.06734292829817,578.8948614440161,47.96444286308705,0.07651548367157825,-1.1368683772161603e-13
2400000.0,700000.0,0.7,493.15,653.7597559206507,4.102900065211114,53.60814374928339,604.2545122365784,49.505243684072276,0.07572390811110269,0.0
2400000.0,700000.0,0.7,503.15,680.9066163544745,4.102900065211114,55.12277934529306,629.8867370743926,51.019879280081945,0.07492933400065745,-1.1368683772161603e-13
2400000.0,700000.0,0.7,513.15,708.3149338964523,4.102900065211114,56.61465374068159,655.8031802209819,52.51175367547047,0.07413616622002085,0.0
2400000.0,700000.0,0.7,523.15,735.995650152643,4.102900065211114,58.0865519196745,682.0119982981796,53.98365185446338,0.07334778655725392,-1.1368683772161603e-13
2400000.0,700000.0,0.7,533.15,763.9566180422192,4.102900065211114,59.540783296899754,708.5187348105305,55.43788323168864,0.0725667949231967,0.0
2400000.0,700000.0,0.7,543.15,792.2033327685914,4.102900065211114,60.97928537342674,735.3269474603758,56.876385308215625,0.07179518559893468,0.0
2400000.0,700000.0,0.7,553.15,820.739467909916,4.102900065211114,62.403700262445255,762.4386677126819,58.30080019723414,0.0710344786338863,0.0
2400000.0,700000.0,0.7,563.15,849.5672757258774,4.102900065211114,63.81543226013426,789.8547435309542,59.71253219492314,0.07028581950017349,0.0
2400000.0,700000.0,0.7,573.15,878.6878907087718,4.102900065211114,65.21569188121101,817.5750988927718,61.1127918159999,0.06955005578454573,0.0
2400000.0,700000.0,0.7,583.15,908.1015628222798,4.102900065211114,66.60553004113119,845.5989328463597,62.50262997592007,0.0688277969500116,0.0
2400000.0,700000.0,0.7,593.15,937.8078387556624,4.102900065211114,67.9858649414014,873.924873879472,63.882964876190286,0.06811946140368574,1.1368683772161603e-13
2400000.0,700000.0,0.7,603.15,967.8057041557691,4.102900065211114,69.35750346766017,902.5511007533202,65.25460340244905,0.06742531390571993,-1.1368683772161603e-13
2400000.0,700000.0,0.7,613.15,998.0936961724007,4.102900065211114,70.72115840395865,931.475437833653,66.61825833874754,0.06674549553235588,1.1368683772161603e-13
2400000.0,700000.0,0.7,623.15,1028.6699931511066,4.102900065211114,72.07746241682558,960.6954307994922,67.97456235161447,0.06608004783282265,0.0
2400000.0,700000.0,0.75,393.15,386.20853716005945,4.102900065211114,37.99635142322001,352.31508580205053,33.893451358008896,0.08775945660663158,0.0
2400000.0,700000.0,0.75,403.15,414.8503950257882,4.102900065211114,40.54583412147232,378.407460969527,36.4429340562612,0.08784596686715415,0.0
2400000.0,700000.0,0.75,413.15,442.09332860393926,4.102900065211114,42.817638484369844,403.37859018478053,38.71473841915873,0.08757141516116912,-5.684341886080802e-14
2400000.0,700000.0,0.75,423.15,468.68459360106976,4.102900065211114,44.917839741019414,427.86965392526145,40.8149396758083,0.0870840224599931,0.0
2400000.0,700000.0,0.75,433.15,494.9784072132469,4.102900065211114,46.898778892696136,452.1825283857619,42.79587882748502,0.0864600924077233,-5.684341886080802e-14
2400000.0,700000.0,0.75,443.15,521.1723716568547,4.102900065211114,48.79091076404799,476.48436095801776,44.68801069883688,0.08574516441992042,0.0
2400000.0,700000.0,0.75,453.15,547.3885538137916,4.102900065211114,50.613889741049846,500.87756413795285,46.51098967583873,0.08496887512861777,0.0
2400000.0,700000.0,0.75,463.15,573.7074936809237,4.102900065211114,52.38130569848069,525.4290880476541,48.27840563326957,0.0841516036743985,0.0
2400000.0,700000.0,0.75,473.15,600.1846528879162,4.102900065211114,54.10301807737292,550.1845348757544,50.000118012161806,0.08330789161564794,0.0
2400000.0,700000.0,0.75,483.15,626.8593043071031,4.102900065211114,55.78643885174801,575.1757655205663,51.68353878653689,0.08244838743147495,-1.1368683772161603e-13
2400000.0,700000.0,0.75,493.15,653.7597559206507,4.102900065211114,57.437296874232125,600.4253591116296,53.33439680902101,0.08158103389816855,0.0
2400000.0,700000.0,0.75,503.15,680.9066163544745,4.102900065211114,59.06012072709971,625.949395692586,54.95722066188859,0.08071183234512484,-1.1368683772161603e-13
2400000.0,700000.0,0.75,513.15,708.3149338964523,4.102900065211114,60.65855757930165,651.7592763823618,56.555657514090534,0.07984535523340855,0.0
2400000.0,700000.0,0.75,523.15,735.995650152643,4.102900065211114,62.23559134250844,677.8629588753456,58.132691277297326,0.07898510169895814,0.0
2400000.0,700000.0,0.75,533.15,763.9566180422192,4.102900065211114,63.79369638953544,704.2658217178948,59.690796324324324,0.07813375120342969,1.1368683772161603e-13
2400000.0,700000.0,0.75,543.15,792.2033327685914,4.102900065211114,65.33494861438568,730.9712842194168,61.232048549174564,0.07729334883656809,0.0
2400000.0,700000.0,0.75,553.15,820.739467909916,4.102900065211114,66.86110742404847,757.9812605510787,62.75820735883735,0.07646544343560881,0.0
2400000.0,700000.0,0.75,563.15,849.5672757258774,4.102900065211114,68.37367742157238,785.2964983695161,64.27077735636126,0.07565119231016493,0.0
2400000.0,700000.0,0.75,573.15,878.6878907087718,4.102900065211114,69.87395558701176,812.9168351869711,65.77105552180065,0.07485144181143552,0.0
2400000.0,700000.0,0.75,583.15,908.1015628222798,4.102900065211114,71.36306790121202,840.8413949862788,67.2601678360009,0.07406679009224883,0.0
2400000.0,700000.0,0.75,593.15,937.8078387556624,4.102900065211114,72.84199815150164,869.0687406693718,68.73909808629053,0.07329763651527751,0.0
2400000.0,700000.0,0.75,603.15,967.8057041557691,4.102900065211114,74.3116108582071,897.5969933627732,70.20871079299599,0.07254422090252098,-1.1368683772161603e-13
2400000.0,700000.0,0.75,613.15,998.0936961724007,4.102900065211114,75.772669718527,926.4239265190847,71.66976965331588,0.07180665495450275,0.0
2400000.0,700000.0,0.75,623.15,1028.6699931511066,4.102900065211114,77.2258525894559,955.5470406268619,73.12295252424478,0.07108494756442592,0.0
2400000.0,700000.0,0.8,393.15,386.20853716005945,4.102900065211114,40.52944151810138,349.7819957071692,36.42654145289026,0.09431832274021877,0.0
2400000.0,700000.0,0.8,403.15,414.8503950257882,4.102900065211114,43.24888972957048,375.7044053614289,39.14598966435936,0.09436170275775185,-5.684341886080802e-14
2400000.0,700000.0,0.8,413.15,442.09332860393926,4.102900065211114,45.672147716661215,400.52408095248916,41.5692476514501,0.0940282174868352,-5.684341886080802e-14
2400000.0,700000.0,0.8,423.15,468.68459360106976,4.102900065211114,47.91236239042063,424.87513127586027,43.809462325209516,0.09347322895469189,-5.684341886080802e-14
2400000.0,700000.0,0.8,433.15,494.9784072132469,4.102900065211114,50.025364152209136,449.0559431262489,45.92246408699802,0.09277670180714302,-5.684341886080802e-14
2400000.0,700000.0,0.8,443.15,521.1723716568547,4.102900065211114,52.04363814831781,473.23163357374796,47.940738083106694,0.09198633828324149,0.0
2400000.0,700000.0,0.8,453.15,547.3885538137916,4.102900065211114,53.988149057119855,497.50330482188286,49.88524899190874,0.09113316061204761,0.0
2400000.0,700000.0,0.8,463.15,573.7074936809237,4.102900065211114,55.87339274504606,521.9370010010888,51.770492679834945,0.09023848084617822,-1.1368683772161603e-13
2400000.0,700000.0,0.8,473.15,600.1846528879162,4.102900065211114,57.709885949197805,546.5776670039295,53.60698588398669,0.08931748858629635,0.0
2400000.0,700000.0,0.8,483.15,626.8593043071031,4.102900065211114,59.50553477519786,571.4566695971164,55.40263470998674,0.08838129119137167,0.0
2400000.0,700000.0,0.8,493.15,653.7597559206507,4.102900065211114,61.26644999918097,596.5962059866808,57.163549933969854,0.0874381596852346,0.0
2400000.0,700000.0,0.8,503.15,680.9066163544745,4.102900065211114,62.99746210890636,622.0120543107794,58.894562043695245,0.08649433068959225,-1.1368683772161603e-13
2400000.0,700000.0,0.8,513.15,708.3149338964523,4.102900065211114,64.70246141792182,647.7153725437416,60.59956135271071,0.08555454424679641,-1.1368683772161603e-13
2400000.0,700000.0,0.8,523.15,735.995650152643,4.102900065211114,66.3846307653424,673.7139194525117,62.28173070013128,0.08462241684066239,-1.1368683772161603e-13
2400000.0,700000.0,0.8,533.15,763.9566180422192,4.102900065211114,68.04660948217125,700.0129086252591,63.94370941696013,0.08370070748366283,0.0
2400000.0,700000.0,0.8,543.15,792.2033327685914,4.102900065211114,69.69061185534484,726.6156209784576,65.58771179013372,0.08279151207420178,0.0
2400000.0,700000.0,0.8,553.15,820.739467909916,4.102900065211114,71.31851458565193,753.5238533894752,67.21561452044081,0.08189640823733162,0.0
2400000.0,700000.0,0.8,563.15,849.5672757258774,4.102900065211114,72.93192258301052,780.7382532080779,68.8290225177994,0.08101656512015638,0.0
2400000.0,700000.0,0.8,573.15,878.6878907087718,4.102900065211114,74.53221929281251,808.2585714811704,70.4293192276014,0.08015282783832532,-1.1368683772161603e-13
2400000.0,700000.0,0.8,583.15,908.1015628222798,4.102900065211114,76.12060576129285,836.083857126198,72.01770569608173,0.07930578323448605,0.0
2400000.0,700000.0,0.8,593.15,937.8078387556624,4.102900065211114,77.69813136160164,864.2126074592718,73.59523129639052,0.07847581162686902,0.0
2400000.0,700000.0,0.8,603.15,967.8057041557691,4.102900065211114,79.26571824875427,892.642885972226,75.16281818354315,0.07766312789932227,-1.1368683772161603e-13
2400000.0,700000.0,0.8,613.15,998.0936961724007,4.102900065211114,80.82418103309558,921.3724152045162,76.72128096788447,0.07686781437664987,0.0
2400000.0,700000.0,0.8,623.15,1028.6699931511066,4.102900065211114,82.37424276208645,950.3986504542313,78.27134269687534,0.07608984729602943,0.0
2400000.0,700000.0,0.85,393.15,386.20853716005945,4.102900065211114,43.06253161298274,347.2489056122878,38.95963154777162,0.10087718887380595,0.0
2400000.0,700000.0,0.85,403.15,414.8503950257882,4.102900065211114,45.95194533766864,373.0013497533307,41.84904527245752,0.10087743864834954,-5.684341886080802e-14
2400000.0,700000.0,0.85,413.15,442.09332860393926,4.102900065211114,48.52665694895247,397.6695717201979,44.423756883741355,0.100485019812501,0.0
2400000.0,700000.0,0.85,423.15,468.68459360106976,4.102900065211114,50.906885039821965,421.8806086264589,46.80398497461085,0.09986243544939093,-5.684341886080802e-14
2400000.0,700000.0,0.85,433.15,494.9784072132469,4.102900065211114,53.15194941172225,445.92935786673576,49.04904934651113,0.09909331120656298,0.0
2400000.0,700000.0,0.85,443.15,521.1723716568547,4.102900065211114,55.29636553258775,469.978906189478,51.19346546737663,0.09822751214656279,0.0
2400000.0,700000.0,0.85,453.15,547.3885538137916,4.102900065211114,57.362408373189744,494.129045505813,53.25950830797863,0.09729744609547723,0.0
2400000.0,700000.0,0.85,463.15,573.7074936809237,4.102900065211114,59.365479791611435,518.4449139545234,55.26257972640032,0.09632535801795794,0.0
2400000.0,700000.0,0.85,473.15,600.1846528879162,4.102900065211114,61.316753821022694,542.9707991321046,57.21385375581158,0.09532708555694476,0.0
2400000.0,700000.0,0.85,483.15,626.8593043071031,4.102900065211114,63.2246306986477,567.7375736736666,59.121730633436584,0.09431419495126836,-1.1368683772161603e-13
2400000.0,700000.0,0.85,493.15,653.7597559206507,4.102900065211114,65.09560312412982,592.7670528617319,60.99270305891871,0.09329528547230065,0.0
2400000.0,700000.0,0.85,503.15,680.9066163544745,4.102900065211114,66.93480349071301,618.0747129289726,62.83190342550189,0.09227682903405965,0.0
2400000.0,700000.0,0.85,513.15,708.3149338964523,4.102900065211114,68.74636525654199,643.6714687051215,64.64346519133088,0.09126373326018426,-1.1368683772161603e-13
2400000.0,700000.0,0.85,523.15,735.995650152643,4.102900065211114,70.53367018817622,669.5648800296779,66.4307701229651,0.09025973198236646,0.0
2400000.0,700000.0,0.85,533.15,763.9566180422192,4.102900065211114,72.29952257480693,695.7599955326234,68.19662250959581,0.08926766376389582,0.0
2400000.0,700000.0,0.85,543.15,792.2033327685914,4.102900065211114,74.04627509630379,722.2599577374987,69.94337503109267,0.08828967531183521,0.0
2400000.0,700000.0,0.85,553.15,820.739467909916,4.102900065211114,75.77592174725514,749.066446227872,71.67302168204402,0.08732737303905412,0.0
2400000.0,700000.0,0.85,563.15,849.5672757258774,4.102900065211114,77.49016774444887,776.1800080466396,73.38726767923775,0.08638193793014809,0.0
2400000.0,700000.0,0.85,573.15,878.6878907087718,4.102900065211114,79.1904829986135,803.6003077753694,75.08758293340239,0.08545421386521539,-1.1368683772161603e-13
2400000.0,700000.0,0.85,583.15,908.1015628222798,4.102900065211114,80.87814362137345,831.3263192661174,76.77524355616234,0.08454477637672302,1.1368683772161603e-13
2400000.0,700000.0,0.85,593.15,937.8078387556624,4.102900065211114,82.55426457170188,859.3564742491716,78.45136450649076,0.08365398673846079,0.0
2400000.0,700000.0,0.85,603.15,967.8057041557691,4.102900065211114,84.21982563930145,887.6887785816789,80.11692557409033,0.08278203489612357,-1.1368683772161603e-13
2400000.0,700000.0,0.85,613.15,998.0936961724007,4.102900065211114,85.87569234766391,916.3209038899478,81.7727922824528,0.08192897379879673,1.1368683772161603e-13
2400000.0,700000.0,0.85,623.15,1028.6699931511066,4.102900065211114,87.52263293471677,945.250260281601,83.41973286950565,0.0810947470276327,0.0
2400000.0,700000.0,0.9,393.15,386.20853716005945,4.102900065211114,45.595621707864105,344.71581551740644,41.49272164265299,0.10743605500739314,0.0
2400000.0,700000.0,0.9,403.15,414.8503950257882,4.102900065211114,48.65500094576681,370.29829414523255,44.55210088055569,0.10739317453894726,-5.684341886080802e-14
2400000.0,700000.0,0.9,413.15,442.09332860393926,4.102900065211114,51.38116618124384,394.8150624879065,47.278266116032725,0.10694182213816708,0.0
2400000.0,700000.0,0.9,423.15,468.68459360106976,4.102900065211114,53.9014076892233,418.8860859770576,49.79850762401218,0.10625164194408997,0.0
2400000.0,700000.0,0.9,433.15,494.9784072132469,4.102900065211114,56.27853467123536,442.80277260722266,52.175634606024246,0.10540992060598293,-5.684341886080802e-14
2400000.0,700000.0,0.9,443.15,521.1723716568547,4.102900065211114,58.54909291685757,466.7261788052082,54.44619285164645,0.10446868600988386,0.0
2400000.0,700000.0,0.9,453.15,547.3885538137916,4.102900065211114,60.73666768925975,490.75478618974296,56.63376762404863,0.10346173157890705,0.0
2400000.0,700000.0,0.9,463.15,573.7074936809237,4.102900065211114,62.8575668381768,514.9528269079581,58.754666772965685,0.10241223518973766,-1.1368683772161603e-13
2400000.0,700000.0,0.9,473.15,600.1846528879162,4.102900065211114,64.92362169284746,539.3639312602799,60.820721627636345,0.10133668252759297,0.0
2400000.0,700000.0,0.9,483.15,626.8593043071031,4.102900065211114,66.94372662209766,564.0184777502166,62.84082655688654,0.10024709871116524,0.0
2400000.0,700000.0,0.9,493.15,653.7597559206507,4.102900065211114,68.92475624907867,588.9378997367832,64.82185618386755,0.0991524112593667,0.0
2400000.0,700000.0,0.9,503.15,680.9066163544745,4.102900065211114,70.87214487251966,614.137371547166,66.76924480730854,0.09805932737852704,-1.1368683772161603e-13
2400000.0,700000.0,0.9,513.15,708.3149338964523,4.102900065211114,72.79026909516205,639.6275648665014,68.68736902995093,0.09697292227357196,-1.1368683772161603e-13
2400000.0,700000.0,0.9,523.15,735.995650152643,4.102900065211114,74.68270961101015,665.415840606844,70.57980954579904,0.09589704712407068,-1.1368683772161603e-13
2400000.0,700000.0,0.9,533.15,763.9566180422192,4.102900065211114,76.55243566744262,691.5070824399877,72.4495356022315,0.09483462004412882,0.0
2400000.0,700000.0,0.9,543.15,792.2033327685914,4.102900065211114,78.40193833726283,717.9042944965396,74.29903827205172,0.09378783854946875,1.1368683772161603e-13
2400000.0,700000.0,0.9,553.15,820.739467909916,4.102900065211114,80.23332890885835,744.6090390662688,76.13042884364724,0.09275833784077663,0.0
2400000.0,700000.0,0.9,563.15,849.5672757258774,4.102900065211114,82.048412905887,771.6217628852015,77.94551284067589,0.09174731074013955,0.0
2400000.0,700000.0,0.9,573.15,878.6878907087718,4.102900065211114,83.84874670441425,798.9420440695686,79.74584663920314,0.09075559989210519,0.0
2400000.0,700000.0,0.9,583.15,908.1015628222798,4.102900065211114,85.63568148145428,826.5687814060366,81.53278141624317,0.08978376951896025,0.0
2400000.0,700000.0,0.9,593.15,937.8078387556624,4.102900065211114,87.41039778180188,854.5003410390716,83.30749771659076,0.08883216185005231,0.0
2400000.0,700000.0,0.9,603.15,967.8057041557691,4.102900065211114,89.17393302984861,882.7346711911317,85.0710329646375,0.08790094189292487,-1.1368683772161603e-13
2400000.0,700000.0,0.9,613.15,998.0936961724007,4.102900065211114,90.9272036622325,911.2693925753792,86.82430359702138,0.08699013322094384,0.0
2400000.0,700000.0,0.9,623.15,1028.6699931511066,4.102900065211114,92.67102310734708,940.1018701089707,88.56812304213597,0.08609964675923597,0.0
2600000.0,500000.0,0.7,393.15,408.7799571627058,4.896726833343273,46.157963665808786,367.5187203302403,41.261236832465514,0.10093752423395454,0.0
2600000.0,500000.0,0.7,403.15,440.11444727328217,4.896726833343273,49.62957685929851,395.3815972473269,44.73285002595524,0.10163913114667439,5.684341886080802e-14
2600000.0,500000.0,0.7,413.15,468.76776610041895,4.896726833343273,52.5882545171302,421.076238416632,47.69152768378693,0.10173806974938311,0.0
2600000.0,500000.0,0.7,423.15,496.270209382226,4.896726833343273,55.272689662831716,445.8942465527376,50.375962829488444,0.10150914134499056,-5.684341886080802e-14
2600000.0,500000.0,0.7,433.15,523.2176484211458,4.896726833343273,57.77965773236344,470.33471752212563,52.88293089902017,0.10107252891525918,-1.1368683772161603e-13
2600000.0,500000.0,0.7,443.15,549.910688256922,4.896726833343273,60.160021716450224,494.6473933738151,55.26329488310695,0.10049503685458024,-1.1368683772161603e-13
2600000.0,500000.0,0.7,453.15,576.5241566939081,4.896726833343273,62.44458364222897,518.9762998850225,57.5478568088857,0.09981863923776461,-1.1368683772161603e-13
2600000.0,500000.0,0.7,463.15,603.169014932083,4.896726833343273,64.65373127333575,543.4120104920906,59.75700443999248,0.09907174102224256,-2.2737367544323206e-13
2600000.0,500000.0,0.7,473.15,629.9197401737769,4.896726833343273,66.80179557817871,568.0146714289414,61.90506874483544,0.09827453371719641,0.0
2600000.0,500000.0,0.7,483.15,656.8282049967992,4.896726833343273,68.89929551192222,592.8256363182203,64.00256867857894,0.09744187017500387,-1.1368683772161603e-13
2600000.0,500000.0,0.7,493.15,683.9314451125844,4.896726833343273,70.95421017990098,617.8739617660267,66.05748334655772,0.0965849484164071,-1.1368683772161603e-13
2600000.0,500000.0,0.7,503.15,711.2563319941319,4.896726833343273,72.97275210904563,643.1803067184295,68.07602527570236,0.09571236446477642,0.0
2600000.0,500000.0,0.7,513.15,738.8225398235202,4.896726833343273,74.95986261833633,668.7594040385272,70.06313578499305,0.09483080443340125,-1.1368683772161603e-13
2600000.0,500000.0,0.7,523.15,766.6445106541887,4.896726833343273,76.91954246213986,694.6216950253921,72.0228156287966,0.09394551793938823,0.0
2600000.0,500000.0,0.7,533.15,794.7328012786354,4.896726833343273,78.85508003828244,720.7744480736964,73.95835320493916,0.09306065269477806,-1.1368683772161603e-13
2600000.0,500000.0,0.7,543.15,823.0950328393211,4.896726833343273,80.7692133874544,747.22254628521,75.87248655411113,0.092179497539165,-1.1368683772161603e-13
2600000.0,500000.0,0.7,553.15,851.7365764847607,4.896726833343273,82.66424799146364,773.9690553266404,77.76752115812036,0.0913046630908797,-1.1368683772161603e-13
2600000.0,500000.0,0.7,563.15,880.6610585498768,4.896726833343273,84.54214423322026,801.0156411499999,79.64541739987698,0.09043821868429557,-1.1368683772161603e-13
2600000.0,500000.0,0.7,573.15,909.8707392500525,4.896726833343273,86.40458352615265,828.3628825572431,81.50785669280938,0.08958179791559297,-1.1368683772161603e-13
2600000.0,500000.0,0.7,583.15,939.3668007979041,4.896726833343273,88.25301912638895,856.0105085048584,83.35629229304567,0.0887366811582465,0.0
2600000.0,500000.0,0.7,593.15,969.1495694220264,4.896726833343273,90.08871573852329,883.9575805168464,85.19198890518001,0.08790386086224661,-1.1368683772161603e-13
2600000.0,500000.0,0.7,603.15,999.2186883440584,4.896726833343273,91.91278078500345,912.2026343923982,87.01605395166018,0.08708409376916915,0.0
2600000.0,500000.0,0.7,613.15,1029.5732538326229,4.896726833343273,93.7261893808525,940.7437912851136,88.82946254750922,0.08627794303789303,0.0
2600000.0,500000.0,0.7,623.15,1060.2119230965052,4.896726833343273,95.52980449088803,969.5788454389605,90.63307765754476,0.08548581249005152,0.0
2600000.0,500000.0,0.75,393.15,408.7799571627058,4.896726833343273,49.45496107050939,364.22172292553967,44.55823423716612,0.10900298181554606,0.0
2600000.0,500000.0,0.75,403.15,440.11444727328217,4.896726833343273,53.17454663496267,391.8366274716628,48.277819801619394,0.10969378556128614,0.0
2600000.0,500000.0,0.75,413.15,468.76776610041895,4.896726833343273,56.34455841121089,417.3199345225513,51.44783157786762,0.10975121435044771,5.684341886080802e-14
2600000.0,500000.0,0.75,423.15,496.270209382226,4.896726833343273,59.22073892446258,441.9461972911067,54.32401209111931,0.10946458414004677,0.0
2600000.0,500000.0,0.75,433.15,523.2176484211458,4.896726833343273,61.906776141817915,466.2075991126712,57.01004930847464,0.10896048610077921,-1.1368683772161603e-13
2600000.0,500000.0,0.75,443.15,549.910688256922,4.896726833343273,64.4571661247681,490.3502489654972,59.56043929142482,0.10830929560619448,-1.1368683772161603e-13
2600000.0,500000.0,0.75,453.15,576.5241566939081,4.896726833343273,66.90491104524536,514.5159724820061,62.00818421190208,0.10755522295455845,-1.1368683772161603e-13
2600000.0,500000.0,0.75,463.15,603.169014932083,4.896726833343273,69.27185493571683,538.7938868297094,64.37512810237357,0.10672817487088959,-1.1368683772161603e-13
2600000.0,500000.0,0.75,473.15,629.9197401737769,4.896726833343273,71.57335240519151,563.2431146019285,66.67662557184823,0.10584939845424443,1.1368683772161603e-13
2600000.0,500000.0,0.75,483.15,656.8282049967992,4.896726833343273,73.82067376277386,587.9042580673686,68.9239469294306,0.10493451165022134,0.0
2600000.0,500000.0,0.75,493.15,683.9314451125844,4.896726833343273,76.02236804989387,612.8058038960339,71.1256412165506,0.10399527865668227,-2.2737367544323206e-13
2600000.0,500000.0,0.75,503.15,711.2563319941319,4.896726833343273,78.18509154540602,637.9679672820691,73.28836471206276,0.1030407202233068,-1.1368683772161603e-13
2600000.0,500000.0,0.75,513.15,738.8225398235202,4.896726833343273,80.31413851964614,663.4051281372174,75.41741168630287,0.10207784362442103,-1.1368683772161603e-13
2600000.0,500000.0,0.75,523.15,766.6445106541887,4.896726833343273,82.4137954951498,689.1274419923823,77.51706866180652,0.10111214204828793,-1.1368683772161603e-13
2600000.0,500000.0,0.75,533.15,794.7328012786354,4.896726833343273,84.48758575530258,715.141942356676,79.5908589219593,0.10014794757924497,0.0
2600000.0,500000.0,0.75,543.15,823.0950328393211,4.896726833343273,86.5384429151297,741.4533167575346,81.64171608178643,0.09918868760531563,0.0
2600000.0,500000.0,0.75,553.15,851.7365764847607,4.896726833343273,88.56883713371097,768.064466184393,83.6721103003677,0.09823707541795908,-1.1368683772161603e-13
2600000.0,500000.0,0.75,563.15,880.6610585498768,4.896726833343273,90.58086882130732,794.9769165619127,85.68414198796404,0.09729525469089567,-1.1368683772161603e-13
2600000.0,500000.0,0.75,573.15,909.8707392500525,4.896726833343273,92.57633949230635,822.1911265910894,87.67961265896307,0.09636491083473207,-1.1368683772161603e-13
2600000.0,500000.0,0.75,583.15,939.3668007979041,4.896726833343273,94.55680620684521,849.7067214244022,89.66007937350193,0.09544735804729748,0.0
2600000.0,500000.0,0.75,593.15,969.1495694220264,4.896726833343273,96.52362400556054,877.5226722498091,91.62689717221727,0.09454360819337822,-1.1368683772161603e-13
2600000.0,500000.0,0.75,603.15,999.2186883440584,4.896726833343273,98.47797941250377,905.6374357648979,93.58125257916049,0.09365442587372616,-1.1368683772161603e-13
2600000.0,500000.0,0.75,613.15,1029.5732538326229,4.896726833343273,100.4209171937704,934.0490634721957,95.52419036042713,0.09278037284363687,0.0
2600000.0,500000.0,0.75,623.15,1060.2119230965052,4.896726833343273,102.35336195452302,962.7552879753255,97.45663512117974,0.0919218441125839,0.0
2600000.0,500000.0,0.8,393.15,408.7799571627058,4.896726833343273,52.75195847521,360.92472552083905,47.85523164186673,0.11706843939713761,0.0
2600000.0,500000.0,0.8,403.15,440.11444727328217,4.896726833343273,56.719516410626824,388.2916576959986,51.82278957728355,0.11774843997589791,5.684341886080802e-14
2600000.0,500000.0,0.8,413.15,468.76776610041895,4.896726833343273,60.1008623052917,413.5636306284705,55.204135471948426,0.11776435895151258,5.684341886080802e-14
2600000.0,500000.0,0.8,423.15,496.270209382226,4.896726833343273,63.168788186093444,437.9981480294759,58.27206135275017,0.11742002693510296,0.0
2600000.0,500000.0,0.8,433.15,523.2176484211458,4.896726833343273,66.03389455127251,462.08048070321655,61.13716771792924,0.1168484432862995,0.0
2600000.0,500000.0,0.8,443.15,549.910688256922,4.896726833343273,68.75431053308596,486.0531045571793,63.85758369974268,0.11612355435780872,-1.1368683772161603e-13
2600000.0,500000.0,0.8,453.15,576.5241566939081,4.896726833343273,71.36523844826175,510.05564507898976,66.46851161491847,0.11529180667135229,-1.1368683772161603e-13
2600000.0,500000.0,0.8,463.15,603.169014932083,4.896726833343273,73.88997859809804,534.1757631673282,68.99325176475477,0.11438460871953682,-1.1368683772161603e-13
2600000.0,500000.0,0.8,473.15,629.9197401737769,4.896726833343273,76.3449092322042,558.4715577749158,71.44818239886092,0.11342426319129228,0.0
2600000.0,500000.0,0.8,483.15,656.8282049967992,4.896726833343273,78.7420520136254,582.982879816517,73.84532518028212,0.1124271531254386,0.0
2600000.0,500000.0,0.8,493.15,683.9314451125844,4.896726833343273,81.09052591988677,607.7376460260409,76.19379908654349,0.11140560889695744,-1.1368683772161603e-13
2600000.0,500000.0,0.8,503.15,711.2563319941319,4.896726833343273,83.39743098176643,632.7556278457088,78.50070414842315,0.11036907598183718,-1.1368683772161603e-13
2600000.0,500000.0,0.8,513.15,738.8225398235202,4.896726833343273,85.66841442095581,658.0508522359077,80.77168758761255,0.10932488281544062,-1.1368683772161603e-13
2600000.0,500000.0,0.8,523.15,766.6445106541887,4.896726833343273,87.90804852815974,683.6331889593722,83.01132169481647,0.10827876615718768,0.0
2600000.0,500000.0,0.8,533.15,794.7328012786354,4.896726833343273,90.12009147232283,709.5094366396559,85.22336463897955,0.10723524246371204,-1.1368683772161603e-13
2600000.0,500000.0,0.8,543.15,823.0950328393211,4.896726833343273,92.30767244280503,735.6840872298593,87.41094560946175,0.10619787767146628,0.0
2600000.0,500000.0,0.8,553.15,851.7365764847607,4.896726833343273,94.4734262759583,762.1598770421457,89.57669944261502,0.10516948774503843,-1.1368683772161603e-13
2600000.0,500000.0,0.8,563.15,880.6610585498768,4.896726833343273,96.61959340939438,788.9381919738257,91.7228665760511,0.10415229069749576,-1.1368683772161603e-13
2600000.0,500000.0,0.8,573.15,909.8707392500525,4.896726833343273,98.74809545846027,816.0193706249355,93.851368625117,0.10314802375387147,-1.1368683772161603e-13
2600000.0,500000.0,0.8,583.15,939.3668007979041,4.896726833343273,100.86059328730171,843.4029343439457,95.96386645395845,0.10215803493634874,-1.1368683772161603e-13
2600000.0,500000.0,0.8,593.15,969.1495694220264,4.896726833343273,102.958532272598,871.0877639827717,98.06180543925473,0.10118335552451005,-1.1368683772161603e-13
2600000.0,500000.0,0.8,603.15,999.2186883440584,4.896726833343273,105.04317804000387,899.0722371373978,100.1464512066606,0.10022475797828297,-1.1368683772161603e-13
2600000.0,500000.0,0.8,613.15,1029.5732538326229,4.896726833343273,107.11564500668854,927.3543356592776,102.21891817334526,0.09928280264938091,0.0
2600000.0,500000.0,0.8,623.15,1060.2119230965052,4.896726833343273,109.17691941815778,955.9317305116907,104.2801925848145,0.09835787573511608,0.0
2600000.0,500000.0,0.85,393.15,408.7799571627058,4.896726833343273,56.048955879910736,357.6277281161383,51.15222904656746,0.12513389697872945,0.0
2600000.0,500000.0,0.85,403.15,440.11444727328217,4.896726833343273,60.26448618629097,384.74668792033447,55.3677593529477,0.12580309439050966,0.0
2600000.0,500000.0,0.85,413.15,468.76776610041895,4.896726833343273,63.85716619937238,409.80732673438985,58.96043936602911,0.12577750355257716,0.0
2600000.0,500000.0,0.85,423.15,496.270209382226,4.896726833343273,67.11683744772431,434.05009876784504,62.220110614381035,0.12537546973015917,-5.684341886080802e-14
2600000.0,500000.0,0.85,433.15,523.2176484211458,4.896726833343273,70.16101296072709,457.953362293762,65.26428612738383,0.12473640047181975,-1.1368683772161603e-13
2600000.0,500000.0,0.85,443.15,549.910688256922,4.896726833343273,73.05145494140382,481.75596014886145,68.15472810806054,0.12393781310942295,-1.1368683772161603e-13
2600000.0,500000.0,0.85,453.15,576.5241566939081,4.896726833343273,75.82556585127814,505.5953176759733,70.92883901793488,0.12302839038814616,-1.1368683772161603e-13
2600000.0,500000.0,0.85,463.15,603.169014932083,4.896726833343273,78.50810226047912,529.5576395049472,73.61137542713584,0.12204104256818382,-1.1368683772161603e-13
2600000.0,500000.0,0.85,473.15,629.9197401737769,4.896726833343273,81.116466059217,553.7000009479032,76.21973922587372,0.12099912792834032,-1.1368683772161603e-13
2600000.0,500000.0,0.85,483.15,656.8282049967992,4.896726833343273,83.66343026447691,578.0615015656655,78.76670343113364,0.11991979460065585,0.0
2600000.0,500000.0,0.85,493.15,683.9314451125844,4.896726833343273,86.15868378987966,602.6694881560481,81.26195695653638,0.11881593913723262,-2.2737367544323206e-13
2600000.0,500000.0,0.85,503.15,711.2563319941319,4.896726833343273,88.60977041812683,627.5432884093483,83.71304358478355,0.11769743174036756,0.0
2600000.0,500000.0,0.85,513.15,738.8225398235202,4.896726833343273,91.02269032226549,652.696576334598,86.12596348892222,0.11657192200646019,-1.1368683772161603e-13
2600000.0,500000.0,0.85,523.15,766.6445106541887,4.896726833343273,93.40230156116979,678.1389359263621,88.50557472782651,0.11544539026608752,0.0
2600000.0,500000.0,0.85,533.15,794.7328012786354,4.896726833343273,95.75259718934295,703.8769309226358,90.85587035599968,0.11432253734817896,-1.1368683772161603e-13
2600000.0,500000.0,0.85,543.15,823.0950328393211,4.896726833343273,98.07690197048034,729.914857702184,93.18017513713707,0.11320706773761695,0.0
2600000.0,500000.0,0.85,553.15,851.7365764847607,4.896726833343273,100.37801541820565,756.2552878998983,95.48128858486237,0.1121019000721178,-1.1368683772161603e-13
2600000.0,500000.0,0.85,563.15,880.6610585498768,4.896726833343273,102.65831799748167,782.8994673857384,97.7615911641384,0.11100932670409612,-1.1368683772161603e-13
2600000.0,500000.0,0.85,573.15,909.8707392500525,4.896726833343273,104.91985142461397,809.8476146587818,100.02312459127069,0.10993113667301058,-1.1368683772161603e-13
2600000.0,500000.0,0.85,583.15,939.3668007979041,4.896726833343273,107.16438036775799,837.0991472634894,102.2676535344147,0.10886871182539974,0.0
2600000.0,500000.0,0.85,593.15,969.1495694220264,4.896726833343273,109.39344053963525,864.6528557157344,104.49671370629198,0.10782310285564167,0.0
2600000.0,500000.0,0.85,603.15,999.2186883440584,4.896726833343273,111.6083766675042,892.5070385098974,106.71164983416094,0.10679509008284,0.0
2600000.0,500000.0,0.85,613.15,1029.5732538326229,4.896726833343273,113.81037281960644,920.6596078463597,108.91364598626316,0.10578523245512475,0.0
2600000.0,500000.0,0.85,623.15,1060.2119230965052,4.896726833343273,116.00047688179276,949.1081730480557,111.10375004844948,0.10479390735764847,0.0
2600000.0,500000.0,0.9,393.15,408.7799571627058,4.896726833343273,59.34595328461134,354.3307307114377,54.44922645126807,0.13319935456032098,0.0
2600000.0,500000.0,0.9,403.15,440.11444727328217,4.896726833343273,63.809455961955244,381.20171814467017,58.91272912861197,0.13385774880512166,5.684341886080802e-14
2600000.0,500000.0,0.9,413.15,468.76776610041895,4.896726833343273,67.61347009345307,406.05102284030914,62.7167432601098,0.13379064815364178,0.0
2600000.0,500000.0,0.9,423.15,496.270209382226,4.896726833343273,71.06488670935505,430.10204950621426,66.16815987601177,0.13333091252521512,0.0
2600000.0,500000.0,0.9,433.15,523.2176484211458,4.896726833343273,74.28813137018156,453.82624388430753,69.39140453683828,0.13262435765733974,-1.1368683772161603e-13
2600000.0,500000.0,0.9,443.15,549.910688256922,4.896726833343273,77.34859934972168,477.45881574054357,72.45187251637842,0.1317520718610372,-1.1368683772161603e-13
2600000.0,500000.0,0.9,453.15,576.5241566939081,4.896726833343273,80.28589325429452,501.13499027295694,75.38916642095126,0.13076497410493998,-1.1368683772161603e-13
2600000.0,500000.0,0.9,463.15,603.169014932083,4.896726833343273,83.1262259228602,524.939515842566,78.22949908951693,0.12969747641683085,0.0
2600000.0,500000.0,0.9,473.15,629.9197401737769,4.896726833343273,85.88802288622979,548.9284441208903,80.99129605288653,0.12857399266538835,0.0
2600000.0,500000.0,0.9,483.15,656.8282049967992,4.896726833343273,88.58480851532856,573.140123314814,83.6880816819853,0.12741243607587333,-1.1368683772161603e-13
2600000.0,500000.0,0.9,493.15,683.9314451125844,4.896726833343273,91.22684165987256,597.6013302860551,86.3301148265293,0.12622626937750786,-1.1368683772161603e-13
2600000.0,500000.0,0.9,503.15,711.2563319941319,4.896726833343273,93.82210985448724,622.3309489729879,88.92538302114397,0.12502578749889798,-1.1368683772161603e-13
2600000.0,500000.0,0.9,513.15,738.8225398235202,4.896726833343273,96.3769662235753,647.3423004332883,91.48023939023201,0.12381896119747993,-2.2737367544323206e-13
2600000.0,500000.0,0.9,523.15,766.6445106541887,4.896726833343273,98.89655459417973,672.6446828933523,93.99982776083647,0.12261201437498727,-1.1368683772161603e-13
2600000.0,500000.0,0.9,533.15,794.7328012786354,4.896726833343273,101.38510290636309,698.2444252056156,96.48837607301982,0.12140983223264588,0.0
2600000.0,500000.0,0.9,543.15,823.0950328393211,4.896726833343273,103.84613149815564,724.1456281745087,98.94940466481236,0.12021625780376757,0.0
2600000.0,500000.0,0.9,553.15,851.7365764847607,4.896726833343273,106.2826045604531,750.350698757651,101.38587772710983,0.11903431239919732,-2.2737367544323206e-13
2600000.0,500000.0,0.9,563.15,880.6610585498768,4.896726833343273,108.69704258556874,776.8607427976514,103.80031575222546,0.11786636271069623,-1.1368683772161603e-13
2600000.0,500000.0,0.9,573.15,909.8707392500525,4.896726833343273,111.09160739076766,803.6758586926281,106.1948805574244,0.11671424959214972,-1.1368683772161603e-13
2600000.0,500000.0,0.9,583.15,939.3668007979041,4.896726833343273,113.46816744821426,830.7953601830332,108.571440614871,0.11557938871445075,0.0
2600000.0,500000.0,0.9,593.15,969.1495694220264,4.896726833343273,115.82834880667274,858.2179474486969,110.93162197332947,0.11446285018677352,0.0
2600000.0,500000.0,0.9,603.15,999.2186883440584,4.896726833343273,118.17357529500453,885.9418398823971,113.27684846166125,0.11336542218739701,0.0
2600000.0,500000.0,0.9,613.15,1029.5732538326229,4.896726833343273,120.50510063252459,913.9648800334415,115.60837379918132,0.11228766226086882,0.0
2600000.0,500000.0,0.9,623.15,1060.2119230965052,4.896726833343273,122.82403434542753,942.284615584421,117.92730751208427,0.11122993898018066,0.0
2600000.0,550000.0,0.7,393.15,399.6810809180179,4.823287924194942,43.34772243704833,361.15664640516457,38.52443451285339,0.09638793616242114,-5.684341886080802e-14
2600000.0,550000.0,0.7,403.15,431.0155710285943,4.823287924194942,46.6570069169685,389.1818520358208,41.833718992773555,0.09705848652506857,-5.684341886080802e-14
2600000.0,550000.0,0.7,413.15,459.6688898557311,4.823287924194942,49.47305213617289,415.01912564375317,44.649764211977946,0.09713462276290104,-5.684341886080802e-14
2600000.0,550000.0,0.7,423.15,487.1713331375382,4.823287924194942,52.025325796537565,439.9692952651956,47.20203787234262,0.09689001519926572,-5.684341886080802e-14
2600000.0,550000.0,0.7,433.15,514.1187721764579,4.823287924194942,54.40689040366665,464.53516969698626,49.58360247947171,0.09644386698732219,-1.1368683772161603e-13
2600000.0,550000.0,0.7,443.15,540.8118120122342,4.823287924194942,56.66665960946668,488.9684403269624,51.843371685271734,0.09586212899525008,0.0
2600000.0,550000.0,0.7,453.15,567.4252804492204,4.823287924194942,58.83425816625438,513.414310207161,54.010970242059436,0.09518604845963141,0.0
2600000.0,550000.0,0.7,463.15,594.0701386873952,4.823287924194942,60.929298136367926,537.9641284752223,56.10601021217298,0.09444341090117718,-1.1368683772161603e-13
2600000.0,550000.0,0.7,473.15,620.8208639290889,4.823287924194942,62.965566926455125,562.6785849268288,58.14227900226018,0.09365387405681856,-1.1368683772161603e-13
2600000.0,550000.0,0.7,483.15,647.7293287521114,4.823287924194942,64.95318496580235,587.599431710504,60.12989704160741,0.09283182708038122,0.0
2600000.0,550000.0,0.7,493.15,674.8325688678967,4.823287924194942,66.89982907253015,612.7560277195615,62.07654114833521,0.09198806342805178,0.0
2600000.0,550000.0,0.7,503.15,702.1574557494442,4.823287924194942,68.8114763190325,638.1692673546066,63.98818839483755,0.09113082524565673,0.0
2600000.0,550000.0,0.7,513.15,729.7236635788325,4.823287924194942,70.69288063253858,663.8540708704888,65.86959270834363,0.09026648852977438,0.0
2600000.0,550000.0,0.7,523.15,757.545634409501,4.823287924194942,72.54789092698739,689.8210314067085,67.72460300279245,0.08940003073951193,0.0
2600000.0,550000.0,0.7,533.15,785.6339250339477,4.823287924194942,74.37967068375076,716.0775422743917,69.55638275955582,0.0885353604817285,1.1368683772161603e-13
2600000.0,550000.0,0.7,543.15,813.9961565946334,4.823287924194942,76.19085383259691,742.6285906862314,71.36756590840197,0.08767555636499487,0.0
2600000.0,550000.0,0.7,553.15,842.6377002400731,4.823287924194942,77.98365810508001,769.4773300591879,73.16037018088507,0.08682304406750516,0.0
2600000.0,550000.0,0.7,563.15,871.562182305189,4.823287924194942,79.75996919700526,796.6255010323788,74.93668127281032,0.08597973018357771,-1.1368683772161603e-13
2600000.0,550000.0,0.7,573.15,900.7718630053648,4.823287924194942,81.52140440598502,824.0737465235746,76.69811648179008,0.08514710509039655,1.1368683772161603e-13
2600000.0,550000.0,0.7,583.15,930.2679245532164,4.823287924194942,83.26936152951396,851.8218509478974,78.44607360531901,0.0843263231321177,0.0
2600000.0,550000.0,0.7,593.15,960.0506931773386,4.823287924194942,85.0050569788285,879.8689241227052,80.18176905463356,0.08351826588371886,-1.1368683772161603e-13
2600000.0,550000.0,0.7,603.15,990.1198120993706,4.823287924194942,86.72955587008991,908.2135441534757,81.90626794589497,0.0827235925844444,-1.1368683772161603e-13
2600000.0,550000.0,0.7,613.15,1020.4743775879352,4.823287924194942,88.44379605756794,936.8538694545622,83.620508133373,0.08194278070070146,0.0
2600000.0,550000.0,0.7,623.15,1051.1130468518174,4.823287924194942,90.14860753028282,965.7877272457297,85.32531960608787,0.08117615879818564,0.0
2600000.0,550000.0,0.75,393.15,399.6810809180179,4.823287924194942,46.443988325408895,358.060380516804,41.62070040121395,0.10413477742207952,-5.684341886080802e-14
2600000.0,550000.0,0.75,403.15,431.0155710285943,4.823287924194942,49.989650268180526,385.84920868460875,45.16636234398558,0.10479055834618367,-5.684341886080802e-14
2600000.0,550000.0,0.75,413.15,459.6688898557311,4.823287924194942,53.00684157447086,411.48533620545516,48.18355365027592,0.10482230734692208,0.0
2600000.0,550000.0,0.75,423.15,487.1713331375382,4.823287924194942,55.7414204962902,436.25320056544297,50.91813257209526,0.10451791620037719,0.0
2600000.0,550000.0,0.75,433.15,514.1187721764579,4.823287924194942,58.29309686107142,460.6489632395815,53.469808936876476,0.10400283325683418,-1.1368683772161603e-13
2600000.0,550000.0,0.75,443.15,540.8118120122342,4.823287924194942,60.71427815300005,484.92082178342906,55.89099022880511,0.1033464672689892,0.0
2600000.0,550000.0,0.75,453.15,567.4252804492204,4.823287924194942,63.03670517812972,509.2118631952856,58.21341725393478,0.10259221656082765,0.0
2600000.0,550000.0,0.75,463.15,594.0701386873952,4.823287924194942,65.28139086039423,533.6120357511959,60.45810293619928,0.10176930129796147,0.0
2600000.0,550000.0,0.75,473.15,620.8208639290889,4.823287924194942,67.463107421202,558.181044432082,62.63981949700705,0.10089838009078553,-2.2737367544323206e-13
2600000.0,550000.0,0.75,483.15,647.7293287521114,4.823287924194942,69.59269817764545,582.959918498661,64.7694102534505,0.09999456158366732,0.0
2600000.0,550000.0,0.75,493.15,674.8325688678967,4.823287924194942,71.67838829199655,607.9774685000949,66.85510036780161,0.09906916686009708,1.1368683772161603e-13
2600000.0,550000.0,0.75,503.15,702.1574557494442,4.823287924194942,73.72658177039202,633.254161903247,68.90329384619707,0.09813082989007571,1.1368683772161603e-13
2600000.0,550000.0,0.75,513.15,729.7236635788325,4.823287924194942,75.74237210629136,658.8045793967361,70.91908418209641,0.09718621955369133,0.0
2600000.0,550000.0,0.75,523.15,757.545634409501,4.823287924194942,77.72988313605799,684.6390391976379,72.90659521186305,0.09624053245147798,0.0
2600000.0,550000.0,0.75,533.15,785.6339250339477,4.823287924194942,79.69250430401868,710.7647086541239,74.86921637982374,0.09529784037341386,0.0
2600000.0,550000.0,0.75,543.15,813.9961565946334,4.823287924194942,81.63305767778238,737.1863868410459,76.80976975358743,0.09436134204235361,0.0
2600000.0,550000.0,0.75,553.15,842.6377002400731,4.823287924194942,83.55391939830011,763.9070687659679,78.73063147410517,0.0934335497351641,0.0
2600000.0,550000.0,0.75,563.15,871.562182305189,4.823287924194942,85.45710985393427,790.9283603754498,80.63382192973933,0.09251643034404208,-1.1368683772161603e-13
2600000.0,550000.0,0.75,573.15,900.7718630053648,4.823287924194942,87.34436186355539,818.2507890660044,82.52107393936045,0.09161151377889894,0.0
2600000.0,550000.0,0.75,583.15,930.2679245532164,4.823287924194942,89.21717306733643,845.8740394100749,84.39388514314149,0.09071997745560634,0.0
2600000.0,550000.0,0.75,593.15,960.0506931773386,4.823287924194942,91.07684676303063,873.797134338503,86.25355883883569,0.0898427129440165,-1.1368683772161603e-13
2600000.0,550000.0,0.75,603.15,990.1198120993706,4.823287924194942,92.92452414652472,902.0185758770408,88.10123622232977,0.08898037908718034,0.0
2600000.0,550000.0,0.75,613.15,1020.4743775879352,4.823287924194942,94.76121006168006,930.53645545045,89.93792213748512,0.08813344471231967,0.0
2600000.0,550000.0,0.75,623.15,1051.1130468518174,4.823287924194942,96.58779378244583,959.3485409935666,91.76450585825089,0.08730222323192945,0.0
2600000.0,550000.0,0.8,393.15,399.6810809180179,4.823287924194942,49.54025421376945,354.96411462844344,44.71696628957451,0.11188161868173789,-5.684341886080802e-14
2600000.0,550000.0,0.8,403.15,431.0155710285943,4.823287924194942,53.322293619392674,382.5165653333966,48.49900569519773,0.11252263016729905,-5.684341886080802e-14
2600000.0,550000.0,0.8,413.15,459.6688898557311,4.823287924194942,56.54063101276895,407.9515467671571,51.717343088574005,0.11250999193094338,0.0
2600000.0,550000.0,0.8,423.15,487.1713331375382,4.823287924194942,59.457515196042834,432.5371058656903,54.63422727184789,0.11214581720148865,0.0
2600000.0,550000.0,0.8,433.15,514.1187721764579,4.823287924194942,62.17930331847619,456.7627567821767,57.35601539428124,0.11156179952634618,-1.1368683772161603e-13
2600000.0,550000.0,0.8,443.15,540.8118120122342,4.823287924194942,64.76189669653331,480.8732032398958,59.93860877233837,0.11083080554272813,0.0
2600000.0,550000.0,0.8,453.15,567.4252804492204,4.823287924194942,67.23915219000506,505.0094161834103,62.415864265810114,0.10999838466202387,0.0
2600000.0,550000.0,0.8,463.15,594.0701386873952,4.823287924194942,69.63348358442052,529.2599430271697,64.81019566022557,0.10909519169474574,-1.1368683772161603e-13
2600000.0,550000.0,0.8,473.15,620.8208639290889,4.823287924194942,71.96064791594877,553.6835039373352,67.13735999175383,0.10814288612475234,-2.2737367544323206e-13
2600000.0,550000.0,0.8,483.15,647.7293287521114,4.823287924194942,74.23221138948843,578.3204052868178,69.40892346529348,0.10715729608695325,1.1368683772161603e-13
2600000.0,550000.0,0.8,493.15,674.8325688678967,4.823287924194942,76.45694751146296,603.1989092806286,71.63365958726801,0.10615027029214236,0.0
2600000.0,550000.0,0.8,503.15,702.1574557494442,4.823287924194942,78.64168722175143,628.3390564518876,73.81839929755648,0.10513083453449452,1.1368683772161603e-13
2600000.0,550000.0,0.8,513.15,729.7236635788325,4.823287924194942,80.79186358004412,653.7550879229833,75.96857565584918,0.10410595057760826,0.0
2600000.0,550000.0,0.8,523.15,757.545634409501,4.823287924194942,82.91187534512848,679.4570469885673,78.08858742093354,0.10308103416344389,1.1368683772161603e-13
2600000.0,550000.0,0.8,533.15,785.6339250339477,4.823287924194942,85.00533792428661,705.4518750338559,80.18205000009166,0.10206032026509924,1.1368683772161603e-13
2600000.0,550000.0,0.8,543.15,813.9961565946334,4.823287924194942,87.07526152296795,731.7441829958602,82.251973598773,0.10104712771971248,1.1368683772161603e-13
2600000.0,550000.0,0.8,553.15,842.6377002400731,4.823287924194942,89.12418069151998,758.336807472748,84.30089276732504,0.10004405540282277,0.0
2600000.0,550000.0,0.8,563.15,871.562182305189,4.823287924194942,91.15425051086326,785.2312197185207,86.33096258666832,0.09905313050450644,0.0
2600000.0,550000.0,0.8,573.15,900.7718630053648,4.823287924194942,93.16731932112575,812.427831608434,88.3440313969308,0.09807592246740132,0.0
2600000.0,550000.0,0.8,583.15,930.2679245532164,4.823287924194942,95.1649846051589,839.9262278722524,90.34169668096396,0.09711363177909497,0.0
2600000.0,550000.0,0.8,593.15,960.0506931773386,4.823287924194942,97.14863654723251,867.7253445543012,92.32534862303757,0.09616716000431387,-1.1368683772161603e-13
2600000.0,550000.0,0.8,603.15,990.1198120993706,4.823287924194942,99.11949242295977,895.8236076006058,94.29620449876482,0.09523716558991656,0.0
2600000.0,550000.0,0.8,613.15,1020.4743775879352,4.823287924194942,101.07862406579196,924.2190414463382,96.25533614159701,0.09432410872393766,0.0
2600000.0,550000.0,0.8,623.15,1051.1130468518174,4.823287924194942,103.02698003460885,952.9093547414036,98.20369211041391,0.09342828766567328,0.0
2600000.0,550000.0,0.85,393.15,399.6810809180179,4.823287924194942,52.636520102130014,351.8678487400829,47.81323217793507,0.11962845994139627,-5.684341886080802e-14
2600000.0,550000.0,0.85,403.15,431.0155710285943,4.823287924194942,56.6549369706047,379.1839219821846,51.83164904640976,0.12025470198841415,-5.684341886080802e-14
2600000.0,550000.0,0.85,413.15,459.6688898557311,4.823287924194942,60.07442045106704,404.417757328859,55.2511325268721,0.12019767651496469,-5.684341886080802e-14
2600000.0,550000.0,0.85,423.15,487.1713331375382,4.823287924194942,63.173609895795586,428.8210111659376,58.35032197160064,0.11977371820260035,-5.684341886080802e-14
2600000.0,550000.0,0.85,433.15,514.1187721764579,4.823287924194942,66.06550977588095,452.876550324772,61.24222185168601,0.11912076579585817,-1.1368683772161603e-13
2600000.0,550000.0,0.85,443.15,540.8118120122342,4.823287924194942,68.80951524006669,476.82558469636245,63.986227315871744,0.11831514381646725,0.0
2600000.0,550000.0,0.85,453.15,567.4252804492204,4.823287924194942,71.4415992018804,500.80696917153494,66.61831127768545,0.11740455276322008,0.0
2600000.0,550000.0,0.85,463.15,594.0701386873952,4.823287924194942,73.98557630844671,524.9078503031435,69.16228838425177,0.11642108209152986,-1.1368683772161603e-13
2600000.0,550000.0,0.85,473.15,620.8208639290889,4.823287924194942,76.45818841069553,549.1859634425884,71.63490048650058,0.11538739215871913,-2.2737367544323206e-13
2600000.0,550000.0,0.85,483.15,647.7293287521114,4.823287924194942,78.87172460133152,573.6808920749747,74.04843667713658,0.11432003059023935,1.1368683772161603e-13
2600000.0,550000.0,0.85,493.15,674.8325688678967,4.823287924194942,81.23550673092937,598.4203500611621,76.41221880673443,0.11323137372418768,1.1368683772161603e-13
2600000.0,550000.0,0.85,503.15,702.1574557494442,4.823287924194942,83.55679267311096,623.4239510005282,78.73350474891602,0.11213083917891352,0.0
2600000.0,550000.0,0.85,513.15,729.7236635788325,4.823287924194942,85.84135505379678,648.7055964492306,81.01806712960183,0.11102568160152504,1.1368683772161603e-13
2600000.0,550000.0,0.85,523.15,757.545634409501,4.823287924194942,88.09386755419906,674.2750547794967,83.27057963000412,0.10992153587540991,1.1368683772161603e-13
2600000.0,550000.0,0.85,533.15,785.6339250339477,4.823287924194942,90.31817154455453,700.139041413588,85.49488362035959,0.10882280015678461,1.1368683772161603e-13
2600000.0,550000.0,0.85,543.15,813.9961565946334,4.823287924194942,92.51746536815341,726.3019791506748,87.69417744395847,0.10773291339707122,0.0
2600000.0,550000.0,0.85,553.15,842.6377002400731,4.823287924194942,94.69444198474008,752.7665461795278,89.87115406054514,0.10665456107048171,0.0
2600000.0,550000.0,0.85,563.15,871.562182305189,4.823287924194942,96.85139116779226,779.5340790615918,92.02810324359731,0.1055898306649708,-1.1368683772161603e-13
2600000.0,550000.0,0.85,573.15,900.7718630053648,4.823287924194942,98.9902767786961,806.6048741508636,94.16698885450116,0.10454033115590369,1.1368683772161603e-13
2600000.0,550000.0,0.85,583.15,930.2679245532164,4.823287924194942,101.11279614298138,833.97841633443,96.28950821878644,0.10350728610258361,0.0
2600000.0,550000.0,0.85,593.15,960.0506931773386,4.823287924194942,103.22042633143464,861.653554770099,98.3971384072397,0.10249160706461151,-1.1368683772161603e-13
2600000.0,550000.0,0.85,603.15,990.1198120993706,4.823287924194942,105.31446069939481,889.6286393241708,100.49117277519987,0.10149395209265276,0.0
2600000.0,550000.0,0.85,613.15,1020.4743775879352,4.823287924194942,107.39603806990408,917.9016274422261,102.57275014570914,0.10051477273555587,0.0
2600000.0,550000.0,0.85,623.15,1051.1130468518174,4.823287924194942,109.46616628677212,946.4701684892403,104.64287836257718,0.09955435209941733,0.0
2600000.0,550000.0,0.9,393.15,399.6810809180179,4.823287924194942,55.73278599049058,348.7715828517223,50.90949806629563,0.12737530120105467,-5.684341886080802e-14
2600000.0,550000.0,0.9,403.15,431.0155710285943,4.823287924194942,59.98758032181673,375.85127863097256,55.164292397621786,0.12798677380952925,-5.684341886080802e-14
2600000.0,550000.0,0.9,413.15,459.6688898557311,4.823287924194942,63.608209889365014,400.88396789056105,58.78492196517007,0.12788536109898574,-5.684341886080802e-14
2600000.0,550000.0,0.9,423.15,487.1713331375382,4.823287924194942,66.88970459554822,425.10491646618493,62.06641667135328,0.12740161920371182,0.0
2600000.0,550000.0,0.9,433.15,514.1187721764579,4.823287924194942,69.95171623328572,448.9903438673672,65.12842830909078,0.12667973206537017,-1.1368683772161603e-13
2600000.0,550000.0,0.9,443.15,540.8118120122342,4.823287924194942,72.85713378360006,472.77796615282904,68.03384585940512,0.1257994820902064,0.0
2600000.0,550000.0,0.9,453.15,567.4252804492204,4.823287924194942,75.64404621375562,496.6045221596597,70.82075828956067,0.12481072086441611,0.0
2600000.0,550000.0,0.9,463.15,594.0701386873952,4.823287924194942,78.337669032473,520.5557575791171,73.51438110827806,0.12374697248831414,1.1368683772161603e-13
2600000.0,550000.0,0.9,473.15,620.8208639290889,4.823287924194942,80.95572890544229,544.6884229478417,76.13244098124734,0.12263189819268591,-1.1368683772161603e-13
2600000.0,550000.0,0.9,483.15,647.7293287521114,4.823287924194942,83.51123781317449,569.0413788631319,78.68794988897955,0.12148276509352525,0.0
2600000.0,550000.0,0.9,493.15,674.8325688678967,4.823287924194942,86.01406595039577,593.6417908416959,81.19077802620083,0.12031247715623296,0.0
2600000.0,550000.0,0.9,503.15,702.1574557494442,4.823287924194942,88.47189812447037,618.5088455491688,83.64861020027543,0.11913084382333233,0.0
2600000.0,550000.0,0.9,513.15,729.7236635788325,4.823287924194942,90.89084652754956,643.6561049754778,86.06755860335461,0.11794541262544198,1.1368683772161603e-13
2600000.0,550000.0,0.9,523.15,757.545634409501,4.823287924194942,93.27585976326955,669.0930625704264,88.45257183907461,0.11676203758737581,0.0
2600000.0,550000.0,0.9,533.15,785.6339250339477,4.823287924194942,95.63100516482244,694.82620779332,90.8077172406275,0.11558528004846996,1.1368683772161603e-13
2600000.0,550000.0,0.9,543.15,813.9961565946334,4.823287924194942,97.95966921333887,720.8597753054893,93.13638128914393,0.11441869907442996,1.1368683772161603e-13
2600000.0,550000.0,0.9,553.15,842.6377002400731,4.823287924194942,100.26470327796007,747.1962848863078,95.44141535376512,0.11326506673814052,1.1368683772161603e-13
2600000.0,550000.0,0.9,563.15,871.562182305189,4.823287924194942,102.54853182472102,773.836938404663,97.72524390052608,0.11212653082543489,-1.1368683772161603e-13
2600000.0,550000.0,0.9,573.15,900.7718630053648,4.823287924194942,104.81323423626647,800.7819166932933,99.98994631207152,0.11100473984440609,0.0
2600000.0,550000.0,0.9,583.15,930.2679245532164,4.823287924194942,107.06060768080363,828.0306047966077,102.23731975660868,0.10990094042607201,0.0
2600000.0,550000.0,0.9,593.15,960.0506931773386,4.823287924194942,109.29221611563675,855.5817649858968,104.4689281914418,0.10881605412490912,0.0
2600000.0,550000.0,0.9,603.15,990.1198120993706,4.823287924194942,111.50942897582962,883.433671047736,106.68614105163468,0.10775073859538872,-1.1368683772161603e-13
2600000.0,550000.0,0.9,613.15,1020.4743775879352,4.823287924194942,113.71345207401598,911.5842134381141,108.89016414982103,0.10670543674717385,0.0
2600000.0,550000.0,0.9,623.15,1051.1130468518174,4.823287924194942,115.90535253893515,940.0309822370773,111.0820646147402,0.10568041653316115,0.0
2600000.0,600000.0,0.7,393.15,391.09601191664314,4.746439144710661,40.78259538187669,355.0598556794771,36.036156237166026,0.09214145667342333,0.0
2600000.0,600000.0,0.7,403.15,422.4305020272195,4.746439144710661,43.94153193687508,383.2354092350551,39.19509279216442,0.09278471276119843,0.0
2600000.0,600000.0,0.7,413.15,451.0838208543563,4.746439144710661,46.625693468435436,409.2045665306315,41.87925432372477,0.09284140194699321,5.684341886080802e-14
2600000.0,600000.0,0.7,423.15,478.5862641361634,4.746439144710661,49.0559228357221,434.276780445152,44.30948369101144,0.09258411076838777,0.0
2600000.0,600000.0,0.7,433.15,505.53370317508313,4.746439144710661,51.3217999209594,458.9583423988344,46.575360776248736,0.09213106956811175,0.0
2600000.0,600000.0,0.7,443.15,532.2267430108593,4.746439144710661,53.47040775839461,483.5027743971754,48.723968613683944,0.09154738887799518,-1.1368683772161603e-13
2600000.0,600000.0,0.7,453.15,558.8402114478456,4.746439144710661,55.53026552362938,508.05638506892683,50.78382637891872,0.09087360812377435,0.0
2600000.0,600000.0,0.7,463.15,585.4850696860203,4.746439144710661,57.52025633580377,532.7112524949273,52.77381719109311,0.09013691368661932,-1.1368683772161603e-13
2600000.0,600000.0,0.7,473.15,612.2357949277142,4.746439144710661,59.45365629060764,557.5285777818171,54.707217145896976,0.08935644991543851,0.0
2600000.0,600000.0,0.7,483.15,639.1442597507365,4.746439144710661,61.34021064190264,582.5504882535446,56.59377149719197,0.08854616251934,-1.1368683772161603e-13
2600000.0,600000.0,0.7,493.15,666.2474998665218,4.746439144710661,63.18731148279365,607.8066275284389,58.44087233808299,0.08771646024906844,-1.1368683772161603e-13
2600000.0,600000.0,0.7,503.15,693.5723867480693,4.746439144710661,65.00071402693109,633.3181118658489,60.25427488222043,0.08687525056286154,0.0
2600000.0,600000.0,0.7,513.15,721.1385945774576,4.746439144710661,66.7849955787143,659.100038143454,62.03855643400364,0.08602861766170534,0.0
2600000.0,600000.0,0.7,523.15,748.9605654081261,4.746439144710661,68.54386190501647,685.1631426478203,63.79742276030581,0.08518128417821452,-1.1368683772161603e-13
2600000.0,600000.0,0.7,533.15,777.0488560325728,4.746439144710661,70.28035870257136,711.514936474712,65.5339195578607,0.08433693589417447,0.0
2600000.0,600000.0,0.7,543.15,805.4110875932585,4.746439144710661,71.99702172225504,738.1605050157141,67.25058257754438,0.0834984563951107,0.0
2600000.0,600000.0,0.7,553.15,834.0526312386982,4.746439144710661,73.69598593838211,765.1030844450268,68.94954679367144,0.08266810056251561,-1.1368683772161603e-13
2600000.0,600000.0,0.7,563.15,862.9771133038142,4.746439144710661,75.37906660566851,792.3444858428563,70.63262746095785,0.08184762535653871,0.0
2600000.0,600000.0,0.7,573.15,892.1867940039899,4.746439144710661,77.04782054899633,819.8854125997042,72.30138140428566,0.08103839004364631,0.0
2600000.0,600000.0,0.7,583.15,921.6828555518415,4.746439144710661,78.7035932573604,847.7257014391918,73.95715411264973,0.08024143409759876,0.0
2600000.0,600000.0,0.7,593.15,951.4656241759639,4.746439144710661,80.34755559105962,875.8645077296148,75.60111644634895,0.07945753848104059,0.0
2600000.0,600000.0,0.7,603.15,981.5347430979957,4.746439144710661,81.98073276169319,904.3004494810132,77.23429361698253,0.07868727435282595,0.0
2600000.0,600000.0,0.7,613.15,1011.8893085865603,4.746439144710661,83.60402747714008,933.0317202541308,78.85758833242942,0.07793104212414324,0.0
2600000.0,600000.0,0.7,623.15,1042.5279778504425,4.746439144710661,85.21823862061346,962.0561783745399,80.4717994759028,0.07718910301268385,-2.2737367544323206e-13
2600000.0,600000.0,0.75,393.15,391.09601191664314,4.746439144710661,43.69563790915359,352.1468131522002,38.949198764442926,0.09958986432401777,0.0
2600000.0,600000.0,0.75,403.15,422.4305020272195,4.746439144710661,47.08021278950898,380.0967283824212,42.33377364479831,0.10021476536765453,5.684341886080802e-14
2600000.0,600000.0,0.75,413.15,451.0838208543563,4.746439144710661,49.956100144752185,405.87415985431477,45.20966100004152,0.1002245234919179,5.684341886080802e-14
2600000.0,600000.0,0.75,423.15,478.5862641361634,4.746439144710661,52.55991732398793,430.77278595688614,47.81347817927727,0.09990566333026595,0.0
2600000.0,600000.0,0.75,433.15,505.53370317508313,4.746439144710661,54.98764277245652,455.2924995473373,50.241203627745854,0.09938250073575343,0.0
2600000.0,600000.0,0.75,443.15,532.2267430108593,4.746439144710661,57.28972259827982,479.6834595572902,52.54328345356916,0.09872349359283716,-1.1368683772161603e-13
2600000.0,600000.0,0.75,453.15,558.8402114478456,4.746439144710661,59.49671306103142,504.0899375315248,54.75027391632076,0.09797124973250138,0.0
2600000.0,600000.0,0.75,463.15,585.4850696860203,4.746439144710661,61.62884607407544,528.6026627566556,56.88240692936478,0.0971543253184394,-1.1368683772161603e-13
2600000.0,600000.0,0.75,473.15,612.2357949277142,4.746439144710661,63.700346025651086,553.2818880467737,58.95390688094042,0.09629281294783006,0.0
2600000.0,600000.0,0.75,483.15,639.1442597507365,4.746439144710661,65.72165425918146,578.1690446362658,60.9752151144708,0.09540133418119232,-1.1368683772161603e-13
2600000.0,600000.0,0.75,493.15,666.2474998665218,4.746439144710661,67.70069087442174,603.2932481368107,62.954251729711075,0.09449078869687846,0.0
2600000.0,600000.0,0.75,503.15,693.5723867480693,4.746439144710661,69.64362217171187,628.6752037210681,64.8971830270012,0.09356944461310311,0.0
2600000.0,600000.0,0.75,513.15,721.1385945774576,4.746439144710661,71.55535240576533,654.329681316403,66.80891326105467,0.09264365236227655,-1.1368683772161603e-13
2600000.0,600000.0,0.75,523.15,748.9605654081261,4.746439144710661,73.4398520410891,680.2671525117477,68.69341289637843,0.09171833080283177,-1.1368683772161603e-13
2600000.0,600000.0,0.75,533.15,777.0488560325728,4.746439144710661,75.30038432418368,706.4949108530998,70.55394517947302,0.09079730911606348,-1.1368683772161603e-13
2600000.0,600000.0,0.75,543.15,805.4110875932585,4.746439144710661,77.13966613098758,733.0178606069816,72.39322698627691,0.08988357386859852,-1.1368683772161603e-13
2600000.0,600000.0,0.75,553.15,834.0526312386982,4.746439144710661,78.95998493398073,759.839085449428,74.21354578927007,0.08897945166727834,0.0
2600000.0,600000.0,0.75,563.15,862.9771133038142,4.746439144710661,80.76328564893059,786.9602667995943,76.01684650421993,0.0880867468352639,0.0
2600000.0,600000.0,0.75,573.15,892.1867940039899,4.746439144710661,82.55123630249594,814.3819968462046,77.80479715778527,0.08720684690770858,0.0
2600000.0,600000.0,0.75,583.15,921.6828555518415,4.746439144710661,84.32527849002881,842.1040162065234,79.57883934531814,0.08634080461187672,-1.1368683772161603e-13
2600000.0,600000.0,0.75,593.15,951.4656241759639,4.746439144710661,86.08666670470662,870.1253966159678,81.34022755999595,0.08548940234224679,0.0
2600000.0,600000.0,0.75,603.15,981.5347430979957,4.746439144710661,87.83649938752828,898.4446828551781,83.09006024281761,0.08465320339101023,-1.1368683772161603e-13
2600000.0,600000.0,0.75,613.15,1011.8893085865603,4.746439144710661,89.5757437255073,927.0600040057636,84.82930458079663,0.08383259301285527,0.0
2600000.0,600000.0,0.75,623.15,1042.5279778504425,4.746439144710661,91.30525566494302,955.9691613302102,86.55881652023236,0.08302781158804524,0.0
2600000.0,600000.0,0.8,393.15,391.09601191664314,4.746439144710661,46.6086804364305,349.2337706249233,41.86224129171983,0.10703827197461223,0.0
2600000.0,600000.0,0.8,403.15,422.4305020272195,4.746439144710661,50.218893642142994,376.95804752978717,45.47245449743233,0.1076448179741109,5.684341886080802e-14
2600000.0,600000.0,0.8,413.15,451.0838208543563,4.746439144710661,53.286506821069054,402.54375317799787,48.54006767635839,0.10760764503684286,5.684341886080802e-14
2600000.0,600000.0,0.8,423.15,478.5862641361634,4.746439144710661,56.063911812253764,427.2687914686203,51.3174726675431,0.10722721589214412,0.0
2600000.0,600000.0,0.8,433.15,505.53370317508313,4.746439144710661,58.65348562395363,451.62665669584015,53.907046479242965,0.1066339319033951,5.684341886080802e-14
2600000.0,600000.0,0.8,443.15,532.2267430108593,4.746439144710661,61.10903743816517,475.8641447174048,56.362598293454504,0.10589959830767938,-1.1368683772161603e-13
2600000.0,600000.0,0.8,453.15,558.8402114478456,4.746439144710661,63.463160598433575,500.1234899941226,58.71672145372291,0.10506889134122861,0.0
2600000.0,600000.0,0.8,463.15,585.4850696860203,4.746439144710661,65.73743581234721,524.4940730183838,60.99099666763655,0.10417173695025965,-1.1368683772161603e-13
2600000.0,600000.0,0.8,473.15,612.2357949277142,4.746439144710661,67.94703576069442,549.0351983117304,63.200596615983756,0.10322917598022141,0.0
2600000.0,600000.0,0.8,483.15,639.1442597507365,4.746439144710661,70.10309787646017,573.7876010189871,65.3566587317495,0.10225650584304444,-1.1368683772161603e-13
2600000.0,600000.0,0.8,493.15,666.2474998665218,4.746439144710661,72.21407026604994,598.7798687451825,67.46763112133928,0.10126511714468867,0.0
2600000.0,600000.0,0.8,503.15,693.5723867480693,4.746439144710661,74.28653031649266,624.0322955762873,69.540091171782,0.10026363866334471,0.0
2600000.0,600000.0,0.8,513.15,721.1385945774576,4.746439144710661,76.32570923281635,649.559324489352,71.57927008810569,0.09925868706284773,-1.1368683772161603e-13
2600000.0,600000.0,0.8,523.15,748.9605654081261,4.746439144710661,78.33584217716171,675.371162375675,73.58940303245105,0.09825537742744903,0.0
2600000.0,600000.0,0.8,533.15,777.0488560325728,4.746439144710661,80.32040994579589,701.4748852314875,75.57397080108522,0.09725768233795234,0.0
2600000.0,600000.0,0.8,543.15,805.4110875932585,4.746439144710661,82.28231053972011,727.8752161982491,77.53587139500945,0.09626869134208632,-1.1368683772161603e-13
2600000.0,600000.0,0.8,553.15,834.0526312386982,4.746439144710661,84.22398392957962,754.5750864538292,79.47754478486895,0.0952908027720414,0.0
2600000.0,600000.0,0.8,563.15,862.9771133038142,4.746439144710661,86.14750469219265,781.5760477563322,81.40106554748199,0.09432586831398905,0.0
2600000.0,600000.0,0.8,573.15,892.1867940039899,4.746439144710661,88.05465205599577,808.8785810927047,83.30821291128511,0.09337530377177108,0.0
2600000.0,600000.0,0.8,583.15,921.6828555518415,4.746439144710661,89.94696372269746,836.4823309738548,85.2005245779868,0.09244017512615495,-1.1368683772161603e-13
2600000.0,600000.0,0.8,593.15,951.4656241759639,4.746439144710661,91.82577781835384,864.3862855023207,87.07933867364318,0.09152126620345323,0.0
2600000.0,600000.0,0.8,603.15,981.5347430979957,4.746439144710661,93.69226601336361,892.5889162293428,88.94582686865294,0.09061913242919477,0.0
2600000.0,600000.0,0.8,613.15,1011.8893085865603,4.746439144710661,95.5474599738745,921.0882877573964,90.80102082916383,0.08973414390156728,0.0
2600000.0,600000.0,0.8,623.15,1042.5279778504425,4.746439144710661,97.39227270927233,949.8821442858809,92.64583356456167,0.08886652016340642,-2.2737367544323206e-13
2600000.0,600000.0,0.85,393.15,391.09601191664314,4.746439144710661,49.521722963707404,346.3207280976464,44.77528381899674,0.11448667962520669,0.0
2600000.0,600000.0,0.85,403.15,422.4305020272195,4.746439144710661,53.3575744947769,373.81936667715325,48.611135350066235,0.115074870580567,5.684341886080802e-14
2600000.0,600000.0,0.85,413.15,451.0838208543563,4.746439144710661,56.6169134973858,399.21334650168114,51.87047435267514,0.11499076658176756,5.684341886080802e-14
2600000.0,600000.0,0.85,423.15,478.5862641361634,4.746439144710661,59.567906300519596,423.76479698035445,54.82146715580893,0.11454876845402229,0.0
2600000.0,600000.0,0.85,433.15,505.53370317508313,4.746439144710661,62.31932847545063,447.9608138443432,57.57288933073997,0.11388536307103655,0.0
2600000.0,600000.0,0.85,443.15,532.2267430108593,4.746439144710661,64.9283522780505,472.04482987751953,60.18191313333983,0.11307570302252157,-1.1368683772161603e-13
2600000.0,600000.0,0.85,453.15,558.8402114478456,4.746439144710661,67.42960813583574,496.1570424567205,62.68316899112507,0.11216653294995586,0.0
2600000.0,600000.0,0.85,463.15,585.4850696860203,4.746439144710661,69.84602555061889,520.3854832801121,65.09958640590823,0.11118914858207975,0.0
2600000.0,600000.0,0.85,473.15,612.2357949277142,4.746439144710661,72.19372549573787,544.7885085766869,67.4472863510272,0.11016553901261295,0.0
2600000.0,600000.0,0.85,483.15,639.1442597507365,4.746439144710661,74.484541493739,569.4061574017082,69.73810234902834,0.10911167750489677,-1.1368683772161603e-13
2600000.0,600000.0,0.85,493.15,666.2474998665218,4.746439144710661,76.72744965767802,594.2664893535544,71.98101051296736,0.10803944559249869,0.0
2600000.0,600000.0,0.85,503.15,693.5723867480693,4.746439144710661,78.92943846127345,619.3893874315065,74.18299931656279,0.1069578327135863,0.0
2600000.0,600000.0,0.85,513.15,721.1385945774576,4.746439144710661,81.09606605986738,644.7889676623009,76.34962691515672,0.10587372176341893,-1.1368683772161603e-13
2600000.0,600000.0,0.85,523.15,748.9605654081261,4.746439144710661,83.23183231323422,670.4751722396026,78.48539316852356,0.10479242405206612,-1.1368683772161603e-13
2600000.0,600000.0,0.85,533.15,777.0488560325728,4.746439144710661,85.34043556740811,696.4548596098754,80.59399642269744,0.10371805555984122,-1.1368683772161603e-13
2600000.0,600000.0,0.85,543.15,805.4110875932585,4.746439144710661,87.42495494845265,722.7325717895164,82.67851580374199,0.10265380881557414,0.0
2600000.0,600000.0,0.85,553.15,834.0526312386982,4.746439144710661,89.48798292517824,749.3110874582305,84.74154378046758,0.10160215387680413,0.0
2600000.0,600000.0,0.85,563.15,862.9771133038142,4.746439144710661,91.53172373545449,776.1918287130703,86.78528459074383,0.10056498979271394,0.0
2600000.0,600000.0,0.85,573.15,892.1867940039899,4.746439144710661,93.55806780949537,803.3751653392052,88.8116286647847,0.09954376063583333,0.0
2600000.0,600000.0,0.85,583.15,921.6828555518415,4.746439144710661,95.56864895536611,830.8606457411861,90.82220981065545,0.09853954564043316,-1.1368683772161603e-13
2600000.0,600000.0,0.85,593.15,951.4656241759639,4.746439144710661,97.56488893200108,858.6471743886734,92.81844978729042,0.0975531300646597,0.0
2600000.0,600000.0,0.85,603.15,981.5347430979957,4.746439144710661,99.54803263919871,886.7331496035077,94.80159349448805,0.09658506146737908,-1.1368683772161603e-13
2600000.0,600000.0,0.85,613.15,1011.8893085865603,4.746439144710661,101.51917622224171,915.1165715090292,96.77273707753105,0.09563569479027932,0.0
2600000.0,600000.0,0.85,623.15,1042.5279778504425,4.746439144710661,103.47928975360189,943.7951272415514,98.73285060889123,0.09470522873876781,-2.2737367544323206e-13
2600000.0,600000.0,0.9,393.15,391.09601191664314,4.746439144710661,52.43476549098431,343.4076855703695,47.68832634627365,0.12193508727580116,0.0
2600000.0,600000.0,0.9,403.15,422.4305020272195,4.746439144710661,56.4962553474108,370.6806858245194,51.74981620270014,0.12250492318702311,0.0
2600000.0,600000.0,0.9,413.15,451.0838208543563,4.746439144710661,59.94732017370267,395.88293982536425,55.20088102899201,0.12237388812669252,5.684341886080802e-14
2600000.0,600000.0,0.9,423.15,478.5862641361634,4.746439144710661,63.07190078878543,420.26080249208866,58.325461644074764,0.12187032101590047,0.0
2600000.0,600000.0,0.9,433.15,505.53370317508313,4.746439144710661,65.98517132694775,444.29497099284606,61.23873218223709,0.12113679423867824,0.0
2600000.0,600000.0,0.9,443.15,532.2267430108593,4.746439144710661,68.74766711793583,468.2255150376342,64.00122797322517,0.12025180773736377,-1.1368683772161603e-13
2600000.0,600000.0,0.9,453.15,558.8402114478456,4.746439144710661,71.39605567323777,492.19059491931847,66.6496165285271,0.11926417455868288,0.0
2600000.0,600000.0,0.9,463.15,585.4850696860203,4.746439144710661,73.95461528889055,516.2768935418405,69.20817614417989,0.1182065602138998,-1.1368683772161603e-13
2600000.0,600000.0,0.9,473.15,612.2357949277142,4.746439144710661,76.44041523078131,540.5418188416435,71.69397608607065,0.1171019020450045,0.0
2600000.0,600000.0,0.9,483.15,639.1442597507365,4.746439144710661,78.86598511101771,565.0247137844294,74.11954596630704,0.1159668491667489,0.0
2600000.0,600000.0,0.9,493.15,666.2474998665218,4.746439144710661,81.2408290493061,589.7531099619264,76.49438990459544,0.1148137740403087,0.0
2600000.0,600000.0,0.9,503.15,693.5723867480693,4.746439144710661,83.57234660605423,614.7464792867257,78.82590746134356,0.11365202676382789,0.0
2600000.0,600000.0,0.9,513.15,721.1385945774576,4.746439144710661,85.86642288691841,640.0186108352499,81.11998374220775,0.11248875646399013,0.0
2600000.0,600000.0,0.9,523.15,748.9605654081261,4.746439144710661,88.12782244930685,665.5791821035299,83.38138330459618,0.11132947067668339,0.0
2600000.0,600000.0,0.9,533.15,777.0488560325728,4.746439144710661,90.36046118902031,691.4348339882631,85.61402204430965,0.11017842878173008,0.0
2600000.0,600000.0,0.9,543.15,805.4110875932585,4.746439144710661,92.56759935718519,717.5899273807839,87.82116021247452,0.10903892628906195,0.0
2600000.0,600000.0,0.9,553.15,834.0526312386982,4.746439144710661,94.75198192077688,744.0470884626319,90.00554277606622,0.10791350498156689,0.0
2600000.0,600000.0,0.9,563.15,862.9771133038142,4.746439144710661,96.91594277871656,770.8076096698082,92.16950363400589,0.10680411127143911,1.1368683772161603e-13
2600000.0,600000.0,0.9,573.15,892.1867940039899,4.746439144710661,99.06148356299522,797.8717495857053,94.31504441828456,0.10571221749989584,0.0
2600000.0,600000.0,0.9,583.15,921.6828555518415,4.746439144710661,101.19033418803453,825.2389605085177,96.44389504332386,0.10463891615471112,-1.1368683772161603e-13
2600000.0,600000.0,0.9,593.15,951.4656241759639,4.746439144710661,103.30400004564808,852.9080632750264,98.55756090093742,0.1035849939258659,0.0
2600000.0,600000.0,0.9,603.15,981.5347430979957,4.746439144710661,105.40379926503402,880.8773829776724,100.65736012032336,0.1025509905055636,0.0
2600000.0,600000.0,0.9,613.15,1011.8893085865603,4.746439144710661,107.49089247060893,909.144855260662,102.74445332589826,0.10153724567899135,0.0
2600000.0,600000.0,0.9,623.15,1042.5279778504425,4.746439144710661,109.56630679793143,937.7081101972219,104.81986765322077,0.1005439373141292,-2.2737367544323206e-13
2600000.0,650000.0,0.7,393.15,382.9522705453582,4.666505828818772,38.42474515547021,349.19403121870675,33.75823932665144,0.08815260261697025,5.684341886080802e-14
2600000.0,650000.0,0.7,403.15,414.2867606559346,4.666505828818772,41.44339274256304,377.5098737421903,36.77688691374427,0.08877157178645034,5.684341886080802e-14
2600000.0,650000.0,0.7,413.15,442.9400794830713,4.666505828818772,44.00470212683501,403.6018831850551,39.338196298016236,0.0888115528943,0.0
2600000.0,650000.0,0.7,423.15,470.44252276487845,4.666505828818772,46.321390532212796,428.7876380614844,41.654884703394025,0.08854404669582269,5.684341886080802e-14
2600000.0,650000.0,0.7,433.15,497.3899618037982,4.666505828818772,48.47974705848179,453.5767205741352,43.81324122966302,0.08808629967274191,0.0
2600000.0,650000.0,0.7,443.15,524.0830016395744,4.666505828818772,50.52512374752655,478.2243837208666,45.85861791870778,0.08750258599351779,0.0
2600000.0,650000.0,0.7,453.15,550.6964700765607,4.666505828818772,52.48499430640193,502.87798159897744,47.81848847758316,0.08683274921107663,1.1368683772161603e-13
2600000.0,650000.0,0.7,463.15,577.3413283147354,4.666505828818772,54.37755202331999,527.6302821202343,49.71104619450122,0.08610339110766281,0.0
2600000.0,650000.0,0.7,473.15,604.0920535564293,4.666505828818772,56.215588670252586,552.5429707149954,51.549082841433815,0.08533315831246657,1.1368683772161603e-13
2600000.0,650000.0,0.7,483.15,631.0005183794516,4.666505828818772,58.00849388892285,577.6585303193475,53.34198806010408,0.0845355693163265,0.0
2600000.0,650000.0,0.7,493.15,658.1037584952369,4.666505828818772,59.76338977368491,603.0068745503708,55.096883944866136,0.08372066446003272,0.0
2600000.0,650000.0,0.7,503.15,685.4286453767844,4.666505828818772,61.485821085199944,628.6093301204032,56.819315256381174,0.08289603248949019,0.0
2600000.0,650000.0,0.7,513.15,712.9948532061727,4.666505828818772,63.18019754198019,654.4811614930113,58.51369171316142,0.0820674812027589,0.0
2600000.0,650000.0,0.7,523.15,740.8168240368411,4.666505828818772,64.85008906049246,680.6332408051675,60.183583231673694,0.08123949305541249,0.0
2600000.0,650000.0,0.7,533.15,768.9051146612878,4.666505828818772,66.49842953952448,707.0731909505821,61.83192371070571,0.08041554482043396,0.0
2600000.0,650000.0,0.7,543.15,797.2673462219735,4.666505828818772,68.12766153077874,733.8061905200136,63.46115570195997,0.07959833800127974,0.0
2600000.0,650000.0,0.7,553.15,825.9088898674132,4.666505828818772,69.7398414426092,760.8355542536227,65.07333561379043,0.07878996873884835,1.1368683772161603e-13
2600000.0,650000.0,0.7,563.15,854.8333719325293,4.666505828818772,71.33671765248198,788.163160108866,66.67021182366321,0.07799205554287296,1.1368683772161603e-13
2600000.0,650000.0,0.7,573.15,884.043052632705,4.666505828818772,72.91978956983495,815.7897688916888,68.25328374101618,0.07720583690777953,0.0
2600000.0,650000.0,0.7,583.15,913.5391141805566,4.666505828818772,74.4903530182275,843.7152669911479,69.82384718940872,0.07643224696737876,-1.1368683772161603e-13
2600000.0,650000.0,0.7,593.15,943.3218828046789,4.666505828818772,76.04953560746554,871.9388530260321,71.38302977864677,0.07567197483685122,1.1368683772161603e-13
2600000.0,650000.0,0.7,603.15,973.3910017267108,4.666505828818772,77.59832465871936,900.4591828968103,72.93181882990059,0.07492551163974796,0.0
2600000.0,650000.0,0.7,613.15,1003.7455672152754,4.666505828818772,79.1375895061628,929.2744835379314,74.47108367734403,0.07419318810438348,0.0
2600000.0,650000.0,0.7,623.15,1034.3842364791576,4.666505828818772,80.6680994945739,958.3826428134025,76.00159366575512,0.07347520484694328,0.0
2600000.0,650000.0,0.75,393.15,382.9522705453582,4.666505828818772,41.16936980943242,346.44940656474455,36.50286398061365,0.09531961758218671,5.684341886080802e-14
2600000.0,650000.0,0.75,403.15,414.2867606559346,4.666505828818772,44.40363508131751,374.54963140343585,39.73712925249874,0.09591696628099697,0.0
2600000.0,650000.0,0.75,413.15,442.9400794830713,4.666505828818772,47.14789513589465,400.45869017599546,42.48138930707588,0.09590775654497861,0.0
2600000.0,650000.0,0.75,423.15,470.44252276487845,4.666505828818772,49.63006128451368,425.47896730918353,44.96355545569491,0.09557714976834089,5.684341886080802e-14
2600000.0,650000.0,0.75,433.15,497.3899618037982,4.666505828818772,51.94258613408764,450.11388149852934,47.27608030526887,0.09504832010244212,0.0
2600000.0,650000.0,0.75,443.15,524.0830016395744,4.666505828818772,54.13406115806417,474.615446310329,49.4675553292454,0.09438878035442473,0.0
2600000.0,650000.0,0.75,453.15,550.6964700765607,4.666505828818772,56.233922471144936,499.12905343423444,51.567416642326165,0.09364036169535823,1.1368683772161603e-13
2600000.0,650000.0,0.75,463.15,577.3413283147354,4.666505828818772,58.2616628821285,523.7461712614257,53.59515705330973,0.09283097264101027,0.0
2600000.0,650000.0,0.75,473.15,604.0920535564293,4.666505828818772,60.23098786098487,548.5275715242632,55.5644820321661,0.09198015717148599,0.0
2600000.0,650000.0,0.75,483.15,631.0005183794516,4.666505828818772,62.151957738131514,573.5150664701389,57.485451909312744,0.09110206764480647,0.0
2600000.0,650000.0,0.75,493.15,658.1037584952369,4.666505828818772,64.03220332894811,598.7380609951075,59.36569750012934,0.09020720020786663,1.1368683772161603e-13
2600000.0,650000.0,0.75,503.15,685.4286453767844,4.666505828818772,65.8776654484286,624.2174857571746,61.21115961960983,0.08930347459575705,0.0
2600000.0,650000.0,0.75,513.15,712.9948532061727,4.666505828818772,67.69306879497879,649.9682902400127,63.026562966160014,0.08839693958903652,0.0
2600000.0,650000.0,0.75,523.15,740.8168240368411,4.666505828818772,69.4822382790991,676.0010915865608,64.81573245028034,0.0874922522643155,0.0
2600000.0,650000.0,0.75,533.15,768.9051146612878,4.666505828818772,71.24831736377627,702.3233031263304,66.5818115349575,0.08659301422944443,0.0
2600000.0,650000.0,0.75,543.15,797.2673462219735,4.666505828818772,72.99392306869163,728.9399289821007,68.32741723987286,0.085702013965149,0.0
2600000.0,650000.0,0.75,553.15,825.9088898674132,4.666505828818772,74.72125868850993,755.8541370077221,70.05475285969116,0.08482140550749775,0.0
2600000.0,650000.0,0.75,563.15,854.8333719325293,4.666505828818772,76.43219748480199,783.0676802765461,71.76569165598322,0.08395284275547396,0.0
2600000.0,650000.0,0.75,573.15,884.043052632705,4.666505828818772,78.12834596768022,810.5812124938435,73.46184013886145,0.08309758209183368,0.0
2600000.0,650000.0,0.75,583.15,913.5391141805566,4.666505828818772,79.8110925195294,838.394527489846,75.14458669071063,0.08225656189676697,-1.1368683772161603e-13
2600000.0,650000.0,0.75,593.15,943.3218828046789,4.666505828818772,81.48164529371309,866.5067433397845,76.81513946489432,0.08143046489763177,1.1368683772161603e-13
2600000.0,650000.0,0.75,603.15,973.3910017267108,4.666505828818772,83.14106213434226,894.9164454211873,78.47455630552349,0.08061976756135661,0.0
2600000.0,650000.0,0.75,613.15,1003.7455672152754,4.666505828818772,84.79027447088855,923.6217985732056,80.12376864206978,0.0798247795647654,0.0
2600000.0,650000.0,0.75,623.15,1034.3842364791576,4.666505828818772,86.43010660132929,952.6206357066471,81.76360077251051,0.07904567557102173,0.0
2600000.0,650000.0,0.8,393.15,382.9522705453582,4.666505828818772,43.91399446339463,343.70478191078234,39.24748863457586,0.10248663254740319,5.684341886080802e-14
2600000.0,650000.0,0.8,403.15,414.2867606559346,4.666505828818772,47.36387742007198,371.58938906468137,42.69737159125321,0.1030623607755436,5.684341886080802e-14
2600000.0,650000.0,0.8,413.15,442.9400794830713,4.666505828818772,50.291088144954294,397.3154971669358,45.62458231613552,0.10300396019565722,0.0
2600000.0,650000.0,0.8,423.15,470.44252276487845,4.666505828818772,52.93873203681468,422.17029655688253,48.27222620799591,0.10261025284085935,5.684341886080802e-14
2600000.0,650000.0,0.8,433.15,497.3899618037982,4.666505828818772,55.4054252096935,446.65104242292347,50.73891938087473,0.10201034053214234,5.684341886080802e-14
2600000.0,650000.0,0.8,443.15,524.0830016395744,4.666505828818772,57.74299856860179,471.0065088997914,53.07649273978302,0.10127497471533167,0.0
2600000.0,650000.0,0.8,453.15,550.6964700765607,4.666505828818772,59.982850635887935,495.3801252694915,55.316344807069164,0.10044797417963983,0.0
2600000.0,650000.0,0.8,463.15,577.3413283147354,4.666505828818772,62.145773740937116,519.8620604026171,57.479267912118345,0.09955855417435792,0.0
2600000.0,650000.0,0.8,473.15,604.0920535564293,4.666505828818772,64.24638705171715,544.5121723335309,59.57988122289838,0.09862715603050541,0.0
2600000.0,650000.0,0.8,483.15,631.0005183794516,4.666505828818772,66.2954215873403,569.37160262093,61.62891575852153,0.09766856597328663,0.0
2600000.0,650000.0,0.8,493.15,658.1037584952369,4.666505828818772,68.30101688421134,594.4692474398443,63.634511055392565,0.09669373595570056,1.1368683772161603e-13
2600000.0,650000.0,0.8,503.15,685.4286453767844,4.666505828818772,70.26950981165713,619.8256413939461,65.60300398283836,0.09571091670202371,0.0
2600000.0,650000.0,0.8,513.15,712.9948532061727,4.666505828818772,72.20594004797726,645.4554189870142,67.5394342191585,0.09472639797531399,0.0
2600000.0,650000.0,0.8,523.15,740.8168240368411,4.666505828818772,74.11438749770564,671.3689423679543,69.44788166888686,0.09374501147321837,0.0
2600000.0,650000.0,0.8,533.15,768.9051146612878,4.666505828818772,75.99820518802805,697.5734153020786,71.33169935920928,0.09277048363845489,0.0
2600000.0,650000.0,0.8,543.15,797.2673462219735,4.666505828818772,77.86018460660439,724.0736674441879,73.19367877778562,0.0918056899290181,0.0
2600000.0,650000.0,0.8,553.15,825.9088898674132,4.666505828818772,79.70267593441065,750.8727197618214,75.03617010559188,0.09085284227614715,0.0
2600000.0,650000.0,0.8,563.15,854.8333719325293,4.666505828818772,81.52767731712223,777.9722004442258,76.86117148830346,0.08991362996807521,1.1368683772161603e-13
2600000.0,650000.0,0.8,573.15,884.043052632705,4.666505828818772,83.33690236552572,805.372656095998,78.67039653670695,0.0889893272758881,1.1368683772161603e-13
2600000.0,650000.0,0.8,583.15,913.5391141805566,4.666505828818772,85.13183202083152,833.0737879885438,80.46532619201275,0.08808087682615544,0.0
2600000.0,650000.0,0.8,593.15,943.3218828046789,4.666505828818772,86.91375497996061,861.074633653537,82.24724915114184,0.0871889549584123,1.1368683772161603e-13
2600000.0,650000.0,0.8,603.15,973.3910017267108,4.666505828818772,88.68379960996518,889.3737079455644,84.0172937811464,0.08631402348296527,0.0
2600000.0,650000.0,0.8,613.15,1003.7455672152754,4.666505828818772,90.44295943561453,917.9691136084796,85.77645360679576,0.08545637102514755,1.1368683772161603e-13
2600000.0,650000.0,0.8,623.15,1034.3842364791576,4.666505828818772,92.19211370808445,946.858628599892,87.52560787926568,0.08461614629509996,0.0
2600000.0,650000.0,0.85,393.15,382.9522705453582,4.666505828818772,46.65861911735672,340.96015725682025,41.99211328853795,0.10965364751261936,5.684341886080802e-14
2600000.0,650000.0,0.85,403.15,414.2867606559346,4.666505828818772,50.32411975882645,368.6291467259269,45.65761393000768,0.11020775527009022,5.684341886080802e-14
2600000.0,650000.0,0.85,413.15,442.9400794830713,4.666505828818772,53.43428115401394,394.17230415787617,48.76777532519517,0.11010016384633584,0.0
2600000.0,650000.0,0.85,423.15,470.44252276487845,4.666505828818772,56.247402789115554,418.8616258045817,51.58089696029678,0.10964335591337754,0.0
2600000.0,650000.0,0.85,433.15,497.3899618037982,4.666505828818772,58.86826428529935,443.18820334731765,54.201758456480576,0.10897236096184255,0.0
2600000.0,650000.0,0.85,443.15,524.0830016395744,4.666505828818772,61.35193597913941,467.3975714892538,56.68543015032064,0.10816116907623861,0.0
2600000.0,650000.0,0.85,453.15,550.6964700765607,4.666505828818772,63.73177880063094,491.6311971047485,59.06527297181217,0.10725558666392143,0.0
2600000.0,650000.0,0.85,463.15,577.3413283147354,4.666505828818772,66.02988459974563,515.9779495438086,61.36337877092686,0.10628613570770538,0.0
2600000.0,650000.0,0.85,473.15,604.0920535564293,4.666505828818772,68.26178624244955,540.4967731427985,63.595280413630775,0.10527415488952502,1.1368683772161603e-13
2600000.0,650000.0,0.85,483.15,631.0005183794516,4.666505828818772,70.43888543654909,565.2281387717213,65.77237960773031,0.1042350643017668,0.0
2600000.0,650000.0,0.85,493.15,658.1037584952369,4.666505828818772,72.56983043947454,590.2004338845811,67.90332461065577,0.10318027170353447,0.0
2600000.0,650000.0,0.85,503.15,685.4286453767844,4.666505828818772,74.66135417488566,615.4337970307175,69.99484834606689,0.10211835880829037,0.0
2600000.0,650000.0,0.85,513.15,712.9948532061727,4.666505828818772,76.71881130097586,640.9425477340156,72.05230547215709,0.10105585636159162,0.0
2600000.0,650000.0,0.85,523.15,740.8168240368411,4.666505828818772,78.74653671631229,666.7367931493477,74.08003088749352,0.0999977706821214,-1.1368683772161603e-13
2600000.0,650000.0,0.85,533.15,768.9051146612878,4.666505828818772,80.74809301227982,692.8235274778268,76.08158718346105,0.09894795304746533,0.0
2600000.0,650000.0,0.85,543.15,797.2673462219735,4.666505828818772,82.72644614451715,719.2074059062752,78.05994031569838,0.09790936589288719,0.0
2600000.0,650000.0,0.85,553.15,825.9088898674132,4.666505828818772,84.68409318031115,745.8913025159209,80.01758735149238,0.09688427904479628,0.0
2600000.0,650000.0,0.85,563.15,854.8333719325293,4.666505828818772,86.62315714944224,772.8767206119057,81.95665132062346,0.09587441718067621,1.1368683772161603e-13
2600000.0,650000.0,0.85,573.15,884.043052632705,4.666505828818772,88.54545876337099,800.1640996981528,83.87895293455222,0.09488107245994225,0.0
2600000.0,650000.0,0.85,583.15,913.5391141805566,4.666505828818772,90.45257152213343,827.7530484872419,85.78606569331465,0.09390519175554365,0.0
2600000.0,650000.0,0.85,593.15,943.3218828046789,4.666505828818772,92.34586466620816,855.6425239672894,87.67935883738939,0.09294744501919286,1.1368683772161603e-13
2600000.0,650000.0,0.85,603.15,973.3910017267108,4.666505828818772,94.22653708558786,883.8309704699417,89.5600312567691,0.0920082794045737,0.0
2600000.0,650000.0,0.85,613.15,1003.7455672152754,4.666505828818772,96.0956444003405,912.3164286437536,91.42913857152173,0.0910879624855297,1.1368683772161603e-13
2600000.0,650000.0,0.85,623.15,1034.3842364791576,4.666505828818772,97.95412081483961,941.0966214931368,93.28761498602084,0.0901866170191782,0.0
2600000.0,650000.0,0.9,393.15,382.9522705453582,4.666505828818772,49.40324377131893,338.21553260285805,44.736737942500156,0.11682066247783582,5.684341886080802e-14
2600000.0,650000.0,0.9,403.15,414.2867606559346,4.666505828818772,53.28436209758092,365.6689043871724,48.61785626876215,0.11735314976463683,5.684341886080802e-14
2600000.0,650000.0,0.9,413.15,442.9400794830713,4.666505828818772,56.57747416307358,391.0291111488165,51.91096833425481,0.11719636749701444,0.0
2600000.0,650000.0,0.9,423.15,470.44252276487845,4.666505828818772,59.55607354141644,415.5529550522808,54.88956771259767,0.11667645898589575,0.0
2600000.0,650000.0,0.9,433.15,497.3899618037982,4.666505828818772,62.331103360905196,439.7253642717118,57.664597532086425,0.11593438139154276,0.0
2600000.0,650000.0,0.9,443.15,524.0830016395744,4.666505828818772,64.96087338967703,463.78863407871614,60.29436756085826,0.11504736343714556,0.0
2600000.0,650000.0,0.9,453.15,550.6964700765607,4.666505828818772,67.48070696537394,487.8822689400055,62.81420113655517,0.11406319914820302,0.0
2600000.0,650000.0,0.9,463.15,577.3413283147354,4.666505828818772,69.91399545855424,512.0938386849999,65.24748962973547,0.11301371724105302,0.0
2600000.0,650000.0,0.9,473.15,604.0920535564293,4.666505828818772,72.27718543318181,536.4813739520662,67.61067960436304,0.1119211537485444,1.1368683772161603e-13
2600000.0,650000.0,0.9,483.15,631.0005183794516,4.666505828818772,74.58234928575787,561.0846749225125,69.9158434569391,0.11080156263024696,0.0
2600000.0,650000.0,0.9,493.15,658.1037584952369,4.666505828818772,76.83864399473777,585.9316203293179,72.172138165919,0.1096668074513684,0.0
2600000.0,650000.0,0.9,503.15,685.4286453767844,4.666505828818772,79.0531985381142,611.041952667489,74.38669270929543,0.10852580091455706,0.0
2600000.0,650000.0,0.9,513.15,712.9948532061727,4.666505828818772,81.23168255397445,636.429676481017,76.56517672515568,0.10738531474786923,0.0
2600000.0,650000.0,0.9,523.15,740.8168240368411,4.666505828818772,83.37868593491893,662.104643930741,78.71218010610016,0.10625052989102442,0.0
2600000.0,650000.0,0.9,533.15,768.9051146612878,4.666505828818772,85.49798083653161,688.073639653575,80.83147500771284,0.10512542245647578,0.0
2600000.0,650000.0,0.9,543.15,797.2673462219735,4.666505828818772,87.59270768242993,714.3411443683624,82.92620185361116,0.10401304185675632,0.0
2600000.0,650000.0,0.9,553.15,825.9088898674132,4.666505828818772,89.66551042621187,740.9098852700201,84.9990045973931,0.10291571581344566,0.0
2600000.0,650000.0,0.9,563.15,854.8333719325293,4.666505828818772,91.71863698176249,767.7812407795856,87.05213115294372,0.10183520439327749,0.0
2600000.0,650000.0,0.9,573.15,884.043052632705,4.666505828818772,93.75401516121626,794.9555433003075,89.08750933239749,0.1007728176439964,1.1368683772161603e-13
2600000.0,650000.0,0.9,583.15,913.5391141805566,4.666505828818772,95.77331102343533,822.43230898594,91.10680519461656,0.09972950668493187,0.0
2600000.0,650000.0,0.9,593.15,943.3218828046789,4.666505828818772,97.7779743524557,850.210414281042,93.11146852363693,0.09870593507997341,1.1368683772161603e-13
2600000.0,650000.0,0.9,603.15,973.3910017267108,4.666505828818772,99.76927456121076,878.2882329943188,95.102768732392,0.09770253532618235,0.0
2600000.0,650000.0,0.9,613.15,1003.7455672152754,4.666505828818772,101.74832936506648,906.6637436790277,97.08182353624771,0.09671955394591185,0.0
2600000.0,650000.0,0.9,623.15,1034.3842364791576,4.666505828818772,103.716127921595,935.3346143863814,99.04962209277623,0.09575708774325666,0.0
2600000.0,700000.0,0.7,393.15,375.1922675636208,4.583746988363797,36.24455412326672,343.5314604287179,31.66080713490292,0.0843855534137154,0.0
2600000.0,700000.0,0.7,403.15,406.5267576741972,4.583746988363797,39.1314744228404,371.9790302397206,34.5477274344766,0.08498266542682091,0.0
2600000.0,700000.0,0.7,413.15,435.180076501334,4.583746988363797,41.57762583334325,398.1861976563545,36.99387884497945,0.08500820888307843,0.0
2600000.0,700000.0,0.7,423.15,462.6825197831411,4.583746988363797,43.788019823920095,423.4782469475848,39.204272835556296,0.08473255668688608,0.0
2600000.0,700000.0,0.7,433.15,489.6299588220608,4.583746988363797,45.8458167656454,448.36788904477925,41.2620697772816,0.08427194666876356,-5.684341886080802e-14
2600000.0,700000.0,0.7,443.15,516.322998657837,4.583746988363797,47.79472237531073,473.1120232708901,43.21097538694693,0.08368981335185978,0.0
2600000.0,700000.0,0.7,453.15,542.9364670948232,4.583746988363797,49.66121588125429,497.85899820193276,45.077468892890494,0.0830253107404881,0.0
2600000.0,700000.0,0.7,463.15,569.5813253329981,4.583746988363797,51.462833864344404,522.7022384570174,46.879086875980605,0.08230446608932163,1.1368683772161603e-13
2600000.0,700000.0,0.7,473.15,596.3320505746918,4.583746988363797,53.21190664506482,547.7038909179909,48.62815965670102,0.08154544034625931,0.0
2600000.0,700000.0,0.7,483.15,623.2405153977143,4.583746988363797,54.9174848537565,572.9067775323215,50.3337378653927,0.08076133791345828,1.1368683772161603e-13
2600000.0,700000.0,0.7,493.15,650.3437555134994,4.583746988363797,56.58643309262116,598.3410694092421,52.00268610425736,0.07996184427602752,0.0
2600000.0,700000.0,0.7,503.15,677.668642395047,4.583746988363797,58.224095360963375,624.0282940224474,53.640348372599576,0.07915424296898474,0.0
2600000.0,700000.0,0.7,513.15,705.2348502244354,4.583746988363797,59.834721473138316,649.9838757396608,55.25097448477452,0.07834407852531867,1.1368683772161603e-13
2600000.0,700000.0,0.7,523.15,733.0568210551038,4.583746988363797,61.4217516994474,676.2188163440202,56.8380047110836,0.07753560580648508,0.0
2600000.0,700000.0,0.7,533.15,761.1451116795505,4.583746988363797,62.988013232201105,702.7408454357131,58.404266243837306,0.07673210449313911,1.1368683772161603e-13
2600000.0,700000.0,0.7,543.15,789.5073432402362,4.583746988363797,64.53585965955887,729.5552305690411,59.95211267119507,0.07593610519839392,0.0
2600000.0,700000.0,0.7,553.15,818.1488868856758,4.583746988363797,66.0672723891253,756.6653614849143,61.48352540076151,0.07514955576704577,0.0
2600000.0,700000.0,0.7,563.15,847.0733689507919,4.583746988363797,67.58393595259194,784.0731799865638,63.000188964228144,0.07437394595731642,0.0
2600000.0,700000.0,0.7,573.15,876.2830496509675,4.583746988363797,69.08729494439322,811.7795016949382,64.50354795602942,0.0736104024626767,0.0
2600000.0,700000.0,0.7,583.15,905.7791111988192,4.583746988363797,70.57859777053538,839.7842604166476,65.99485078217158,0.07285976234848902,1.1368683772161603e-13
2600000.0,700000.0,0.7,593.15,935.5618798229415,4.583746988363797,72.05893074655812,868.0866960647471,67.47518375819432,0.07212263048913904,1.1368683772161603e-13
2600000.0,700000.0,0.7,603.15,965.6309987449735,4.583746988363797,73.52924501569545,896.6855007176417,68.94549802733165,0.07139942495315481,1.1368683772161603e-13
2600000.0,700000.0,0.7,613.15,995.985564233538,4.583746988363797,74.99037804535357,925.5789331765483,70.40663105698977,0.07069041318000556,-1.1368683772161603e-13
2600000.0,700000.0,0.7,623.15,1026.6242334974204,4.583746988363797,76.443070974048,954.7649095117362,71.8593239856842,0.0699957410326071,0.0
2600000.0,700000.0,0.75,393.15,375.1922675636208,4.583746988363797,38.83345084635715,340.94256370562744,34.24970385799335,0.09128574018969002,0.0
2600000.0,700000.0,0.75,403.15,406.5267576741972,4.583746988363797,41.926579738757574,369.18392492380343,37.342832750393775,0.09185824068269928,-5.684341886080802e-14
2600000.0,700000.0,0.75,413.15,435.180076501334,4.583746988363797,44.54745625001064,395.21636723968714,39.96370926164684,0.09183258016529242,0.0
2600000.0,700000.0,0.75,423.15,462.6825197831411,4.583746988363797,46.91573552562878,420.3505312458761,42.331988537264984,0.09149251749797237,0.0
2600000.0,700000.0,0.75,433.15,489.6299588220608,4.583746988363797,49.120517963191496,445.09318784723314,44.5367709748277,0.09096006110813382,-5.684341886080802e-14
2600000.0,700000.0,0.75,443.15,516.322998657837,4.583746988363797,51.20863111640443,469.6981145297964,46.624884128040634,0.09030177669644841,1.1368683772161603e-13
2600000.0,700000.0,0.75,453.15,542.9364670948232,4.583746988363797,53.2084455870582,494.3117684961288,48.6246985986944,0.08955872656496686,0.0
2600000.0,700000.0,0.75,463.15,569.5813253329981,4.583746988363797,55.13875056894054,519.0263217524214,50.55500358057674,0.08875818312866988,0.0
2600000.0,700000.0,0.75,473.15,596.3320505746918,4.583746988363797,57.012757119712305,543.9030404433433,52.429010131348505,0.08791915524383116,0.0
2600000.0,700000.0,0.75,483.15,623.2405153977143,4.583746988363797,58.840162343310425,568.9841000427676,54.256415354946625,0.08705534061809746,0.0
2600000.0,700000.0,0.75,493.15,650.3437555134994,4.583746988363797,60.62832117066556,594.2991813311977,56.04457418230176,0.08617684679396974,0.0
2600000.0,700000.0,0.75,503.15,677.668642395047,4.583746988363797,62.38295931531792,619.8694300680929,57.79921232695412,0.08529125993299254,-1.1368683772161603e-13
2600000.0,700000.0,0.75,513.15,705.2348502244354,4.583746988363797,64.10863014979101,645.7099670630081,59.52488316142721,0.08440434153599172,1.1368683772161603e-13
2600000.0,700000.0,0.75,523.15,733.0568210551038,4.583746988363797,65.8090196779793,671.8315483654883,61.225272689615494,0.08352050063662554,0.0
2600000.0,700000.0,0.75,533.15,761.1451116795505,4.583746988363797,67.4871570345012,698.2417016334131,62.903410046137395,0.08264312426225019,1.1368683772161603e-13
2600000.0,700000.0,0.75,543.15,789.5073432402362,4.583746988363797,69.14556392095587,724.9455263076441,64.56181693259207,0.08177481499744176,1.1368683772161603e-13
2600000.0,700000.0,0.75,553.15,818.1488868856758,4.583746988363797,70.78636327406275,751.9462705999769,66.20261628569895,0.08091756567402113,0.0
2600000.0,700000.0,0.75,563.15,847.0733689507919,4.583746988363797,72.41135994920553,779.2457559899501,67.82761296084173,0.08007289031510324,0.0
2600000.0,700000.0,0.75,573.15,876.2830496509675,4.583746988363797,74.02210172613547,806.8446949131959,69.43835473777168,0.07924192390281848,0.0
2600000.0,700000.0,0.75,583.15,905.7791111988192,4.583746988363797,75.61992618271638,834.7429320044666,71.03617919435258,0.0784254994579579,0.0
2600000.0,700000.0,0.75,593.15,935.5618798229415,4.583746988363797,77.20599722845526,862.93962958285,72.62225024009146,0.07762420830339463,1.1368683772161603e-13
2600000.0,700000.0,0.75,603.15,965.6309987449735,4.583746988363797,78.78133394538797,891.4334117879492,74.19758695702417,0.07683844766112362,1.1368683772161603e-13
2600000.0,700000.0,0.75,613.15,995.985564233538,4.583746988363797,80.34683362002181,920.22247760188,75.76308663165801,0.0760684585724509,0.0
2600000.0,700000.0,0.75,623.15,1026.6242334974204,4.583746988363797,81.90329032933712,949.304690156447,77.31954334097333,0.07531435633227491,0.0
2600000.0,700000.0,0.8,393.15,375.1922675636208,4.583746988363797,41.42234756944771,338.3536669825369,36.83860058108391,0.09818592696566499,0.0
2600000.0,700000.0,0.8,403.15,406.5267576741972,4.583746988363797,44.721685054674744,366.38881960788626,40.137938066310944,0.09873381593857765,-5.684341886080802e-14
2600000.0,700000.0,0.8,413.15,435.180076501334,4.583746988363797,47.51728666667803,392.2465368230197,42.93353967831423,0.09865695144750641,0.0
2600000.0,700000.0,0.8,423.15,462.6825197831411,4.583746988363797,50.04345122733736,417.22281554416753,45.45970423897356,0.09825247830905841,0.0
2600000.0,700000.0,0.8,433.15,489.6299588220608,4.583746988363797,52.39521916073759,441.81848664968703,47.81147217237379,0.09764817554750409,-5.684341886080802e-14
2600000.0,700000.0,0.8,443.15,516.322998657837,4.583746988363797,54.62253985749802,466.2842057887028,50.03879286913422,0.09691374004103681,0.0
2600000.0,700000.0,0.8,453.15,542.9364670948232,4.583746988363797,56.755675292862115,490.76453879032493,52.171928304498316,0.09609214238944563,0.0
2600000.0,700000.0,0.8,463.15,569.5813253329981,4.583746988363797,58.81466727353656,515.3504050478253,54.23092028517276,0.09521190016801793,0.0
2600000.0,700000.0,0.8,473.15,596.3320505746918,4.583746988363797,60.8136075943599,540.1021899686957,56.2298606059961,0.0942928701414032,0.0
2600000.0,700000.0,0.8,483.15,623.2405153977143,4.583746988363797,62.76283983286447,565.0614225532136,58.17909284450067,0.09334934332273682,0.0
2600000.0,700000.0,0.8,493.15,650.3437555134994,4.583746988363797,64.67020924870984,590.2572932531534,60.08646226034604,0.09239184931191179,0.0
2600000.0,700000.0,0.8,503.15,677.668642395047,4.583746988363797,66.54182326967246,615.7105661137383,61.958076281308664,0.09142827689700035,0.0
2600000.0,700000.0,0.8,513.15,705.2348502244354,4.583746988363797,68.38253882644383,641.4360583863553,63.798791838080035,0.09046460454666495,1.1368683772161603e-13
2600000.0,700000.0,0.8,523.15,733.0568210551038,4.583746988363797,70.1962876565113,667.4442803869563,65.6125406681475,0.08950539546676617,0.0
2600000.0,700000.0,0.8,533.15,761.1451116795505,4.583746988363797,71.98630083680129,693.742557831113,67.40255384843749,0.08855414403136129,0.0
2600000.0,700000.0,0.8,543.15,789.5073432402362,4.583746988363797,73.755268182353,720.335822046247,69.17152119398921,0.08761352479648979,0.0
2600000.0,700000.0,0.8,553.15,818.1488868856758,4.583746988363797,75.50545415900042,747.2271797150393,70.92170717063662,0.08668557558099677,-1.1368683772161603e-13
2600000.0,700000.0,0.8,563.15,847.0733689507919,4.583746988363797,77.23878394581936,774.4183319933363,72.65503695745556,0.08577183467289035,0.0
2600000.0,700000.0,0.8,573.15,876.2830496509675,4.583746988363797,78.95690850787796,801.9098881314534,74.37316151951416,0.08487344534296053,0.0
2600000.0,700000.0,0.8,583.15,905.7791111988192,4.583746988363797,80.66125459489739,829.7016035922857,76.07750760653359,0.08399123656742677,0.0
2600000.0,700000.0,0.8,593.15,935.5618798229415,4.583746988363797,82.35306371035217,857.7925631009531,77.76931672198837,0.08312578611764997,0.0
2600000.0,700000.0,0.8,603.15,965.6309987449735,4.583746988363797,84.03342287508049,886.1813228582567,79.44967588671669,0.08227747036909244,0.0
2600000.0,700000.0,0.8,613.15,995.985564233538,4.583746988363797,85.70328919468983,914.866022027212,81.11954220632603,0.081446503964896,-1.1368683772161603e-13
2600000.0,700000.0,0.8,623.15,1026.6242334974204,4.583746988363797,87.36350968462625,943.8444708011579,82.77976269626245,0.08063297163194273,2.2737367544323206e-13
2600000.0,700000.0,0.85,393.15,375.1922675636208,4.583746988363797,44.011244292538144,335.76477025944644,39.427497304174345,0.10508611374163963,0.0
2600000.0,700000.0,0.85,403.15,406.5267576741972,4.583746988363797,47.51679037059191,363.5937142919691,42.933043382228114,0.105609391194456,-5.684341886080802e-14
2600000.0,700000.0,0.85,413.15,435.180076501334,4.583746988363797,50.487117083345304,389.27670640635245,45.903370094981504,0.10548132272972012,0.0
2600000.0,700000.0,0.85,423.15,462.6825197831411,4.583746988363797,53.171166929045924,414.095099842459,48.587419940682125,0.10501243912014442,0.0
2600000.0,700000.0,0.85,433.15,489.6299588220608,4.583746988363797,55.669920358283676,438.543785452141,51.08617336991988,0.10433628998687433,-5.684341886080802e-14
2600000.0,700000.0,0.85,443.15,516.322998657837,4.583746988363797,58.03644859859161,462.87029704760926,53.45270161022781,0.10352570338562524,0.0
2600000.0,700000.0,0.85,453.15,542.9364670948232,4.583746988363797,60.30290499866602,487.21730908452105,55.71915801030222,0.10262555821392438,0.0
2600000.0,700000.0,0.85,463.15,569.5813253329981,4.583746988363797,62.49058397813258,511.67448834322926,57.90683698976878,0.101665617207366,1.1368683772161603e-13
2600000.0,700000.0,0.85,473.15,596.3320505746918,4.583746988363797,64.61445806900738,536.3013394940483,60.030711080643584,0.10066658503897505,0.0
2600000.0,700000.0,0.85,483.15,623.2405153977143,4.583746988363797,66.68551732241852,561.1387450636595,62.10177033405472,0.09964334602737619,1.1368683772161603e-13
2600000.0,700000.0,0.85,493.15,650.3437555134994,4.583746988363797,68.71209732675425,586.215405175109,64.12835033839045,0.09860685182985401,0.0
2600000.0,700000.0,0.85,503.15,677.668642395047,4.583746988363797,70.70068722402688,611.5517021593839,66.11694023566308,0.09756529386100797,0.0
2600000.0,700000.0,0.85,513.15,705.2348502244354,4.583746988363797,72.65644750309654,637.1621497097026,68.07270051473274,0.09652486755733802,1.1368683772161603e-13
2600000.0,700000.0,0.85,523.15,733.0568210551038,4.583746988363797,74.58355563504318,663.0570124084244,69.99980864667938,0.09549029029690662,1.1368683772161603e-13
2600000.0,700000.0,0.85,533.15,761.1451116795505,4.583746988363797,76.48544463910127,689.243414028813,71.90169765073747,0.09446516380047223,0.0
2600000.0,700000.0,0.85,543.15,789.5073432402362,4.583746988363797,78.36497244375013,715.7261177848499,73.78122545538633,0.0934522345955378,0.0
2600000.0,700000.0,0.85,553.15,818.1488868856758,4.583746988363797,80.22454504393787,742.5080888301018,75.64079805557407,0.09245358548797213,0.0
2600000.0,700000.0,0.85,563.15,847.0733689507919,4.583746988363797,82.0662079424332,769.5909079967225,77.4824609540694,0.09147077903067745,0.0
2600000.0,700000.0,0.85,573.15,876.2830496509675,4.583746988363797,83.89171528962045,796.975081349711,79.30796830125665,0.09050496678310259,-1.1368683772161603e-13
2600000.0,700000.0,0.85,583.15,905.7791111988192,4.583746988363797,85.70258300707862,824.6602751801045,81.11883601871482,0.0895569736768959,0.0
2600000.0,700000.0,0.85,593.15,935.5618798229415,4.583746988363797,87.50013019224932,852.645496619056,82.91638320388552,0.08862736393190555,0.0
2600000.0,700000.0,0.85,603.15,965.6309987449735,4.583746988363797,89.28551180477301,880.9292339285643,84.70176481640921,0.08771649307706125,0.0
2600000.0,700000.0,0.85,613.15,995.985564233538,4.583746988363797,91.05974476935808,909.5095664525437,86.47599778099428,0.08682454935734134,0.0
2600000.0,700000.0,0.85,623.15,1026.6242334974204,4.583746988363797,92.82372903991538,938.3842514458687,88.23998205155158,0.08595158693161055,2.2737367544323206e-13
2600000.0,700000.0,0.9,393.15,375.1922675636208,4.583746988363797,46.60014101562859,333.17587353635605,42.01639402726479,0.11198630051761428,-5.684341886080802e-14
2600000.0,700000.0,0.9,403.15,406.5267576741972,4.583746988363797,50.31189568650909,360.7986089760519,45.72814869814529,0.11248496645033439,-5.684341886080802e-14
2600000.0,700000.0,0.9,413.15,435.180076501334,4.583746988363797,53.456947500012696,386.30687598968507,48.873200511648896,0.11230569401193412,0.0
2600000.0,700000.0,0.9,423.15,462.6825197831411,4.583746988363797,56.2988826307545,410.96738414075037,51.7151356423907,0.11177239993123046,0.0
2600000.0,700000.0,0.9,433.15,489.6299588220608,4.583746988363797,58.94462155582977,435.2690842545949,54.36087456746597,0.1110244044262446,-5.684341886080802e-14
2600000.0,700000.0,0.9,443.15,516.322998657837,4.583746988363797,61.4503573396852,459.45638830651563,56.8666103513214,0.11013766673021363,0.0
2600000.0,700000.0,0.9,453.15,542.9364670948232,4.583746988363797,63.85013470446994,483.6700793787171,59.26638771610614,0.10915897403840316,0.0
2600000.0,700000.0,0.9,463.15,569.5813253329981,4.583746988363797,66.1665006827286,507.9985716386333,61.5827536943648,0.10811933424671405,0.0
2600000.0,700000.0,0.9,473.15,596.3320505746918,4.583746988363797,68.41530854365486,532.5004890194008,63.83156155529106,0.10704029993654689,0.0
2600000.0,700000.0,0.9,483.15,623.2405153977143,4.583746988363797,70.60819481197255,557.2160675741054,66.02444782360875,0.10593734873201553,1.1368683772161603e-13
2600000.0,700000.0,0.9,493.15,650.3437555134994,4.583746988363797,72.75398540479864,582.1735170970646,68.17023841643484,0.10482185434779623,0.0
2600000.0,700000.0,0.9,503.15,677.668642395047,4.583746988363797,74.85955117838142,607.3928382050294,70.27580419001762,0.10370231082501578,-1.1368683772161603e-13
2600000.0,700000.0,0.9,513.15,705.2348502244354,4.583746988363797,76.93035617974924,632.8882410330499,72.34660919138544,0.10258513056801108,1.1368683772161603e-13
2600000.0,700000.0,0.9,523.15,733.0568210551038,4.583746988363797,78.97082361357519,658.6697444298924,74.38707662521139,0.10147518512704723,1.1368683772161603e-13
2600000.0,700000.0,0.9,533.15,761.1451116795505,4.583746988363797,80.98458844140137,684.7442702265129,76.40084145303757,0.10037618356958333,1.1368683772161603e-13
2600000.0,700000.0,0.9,543.15,789.5073432402362,4.583746988363797,82.97467670514715,711.1164135234528,78.39092971678335,0.09929094439458566,0.0
2600000.0,700000.0,0.9,553.15,818.1488868856758,4.583746988363797,84.9436359288753,737.7889979451643,80.3598889405115,0.09822159539494747,0.0
2600000.0,700000.0,0.9,563.15,847.0733689507919,4.583746988363797,86.89363193904678,764.7634840001089,82.30988495068299,0.09716972338846427,0.0
2600000.0,700000.0,0.9,573.15,876.2830496509675,4.583746988363797,88.8265220713627,792.0402745679687,84.2427750829989,0.09613648822324437,0.0
2600000.0,700000.0,0.9,583.15,905.7791111988192,4.583746988363797,90.74391141925962,819.6189467679234,86.16016443089582,0.09512271078636478,1.1368683772161603e-13
2600000.0,700000.0,0.9,593.15,935.5618798229415,4.583746988363797,92.64719667414623,847.4984301371591,88.06344968578243,0.09412894174616089,0.0
2600000.0,700000.0,0.9,603.15,965.6309987449735,4.583746988363797,94.53760073446553,875.6771449988718,89.95385374610173,0.09315551578503008,0.0
2600000.0,700000.0,0.9,613.15,995.985564233538,4.583746988363797,96.4162003440261,904.1531108778757,91.8324533556623,0.09220259474978644,-1.1368683772161603e-13
2600000.0,700000.0,0.9,623.15,1026.6242334974204,4.583746988363797,98.2839483952045,932.9240320905797,93.7002014068407,0.09127020223127837,0.0
2800000.0,500000.0,0.7,403.15,430.57233194454244,5.361384389979299,50.25227499209938,385.6814413424223,44.89089060212008,0.10425865126861429,5.684341886080802e-14
2800000.0,500000.0,0.7,413.15,461.230108262652,5.361384389979299,53.662313570318744,412.92917908231254,48.300929180339445,0.10472197784805932,0.0
2800000.0,500000.0,0.7,423.15,489.8901817072152,5.361384389979299,56.65408680591476,438.59747929127974,51.29270241593546,0.1047024503271036,5.684341886080802e-14
2800000.0,500000.0,0.7,433.15,517.6200069983249,5.361384389979299,59.401185323185175,463.58020606511906,54.039800933205875,0.10440052587337637,0.0
2800000.0,500000.0,0.7,443.15,544.8885572284839,5.361384389979299,61.98298008314788,488.2669615353153,56.62159569316858,0.10391408470966638,0.0
2800000.0,500000.0,0.7,453.15,571.9485114905925,5.361384389979299,64.44391098647844,512.8659848940933,59.08252659649914,0.1033004289888268,1.1368683772161603e-13
2800000.0,500000.0,0.7,463.15,598.9527903737705,5.361384389979299,66.81193347699964,537.5022412867502,61.45054908702034,0.10259664880878631,0.0
2800000.0,500000.0,0.7,473.15,626.0008666778996,5.361384389979299,69.10600585426053,562.2562452136183,63.74462146428123,0.10182832781456863,1.1368683772161603e-13
2800000.0,500000.0,0.7,483.15,653.1605854361677,5.361384389979299,71.33967690285807,587.1822929232889,65.97829251287878,0.1010138915054401,1.1368683772161603e-13
2800000.0,500000.0,0.7,493.15,680.4797365550685,5.361384389979299,73.52301345688024,612.3181074881677,68.16162906690094,0.10016702247736203,-1.1368683772161603e-13
2800000.0,500000.0,0.7,503.15,707.9927337185366,5.361384389979299,75.66372501345502,637.6903930950609,70.30234062347573,0.09929811038346689,-1.1368683772161603e-13
2800000.0,500000.0,0.7,513.15,735.724717677695,5.361384389979299,77.767861250374,663.3182408173003,72.4064768603947,0.09841517502489892,0.0
2800000.0,500000.0,0.7,523.15,763.6942019425693,5.361384389979299,79.84026556187099,689.2153207706776,74.4788811718917,0.09752448163472191,0.0
2800000.0,500000.0,0.7,533.15,791.9148459935706,5.361384389979299,81.88488137071661,715.3913490128333,76.52349698073732,0.09663096653369042,0.0
2800000.0,500000.0,0.7,543.15,820.3966821762182,5.361384389979299,83.90496563185425,741.8531009343432,78.54358124187496,0.09573854081604402,1.1368683772161603e-13
2800000.0,500000.0,0.7,553.15,849.1469874993311,5.361384389979299,85.9032416732728,768.6051302160377,80.54185728329351,0.09485031268907017,0.0
2800000.0,500000.0,0.7,563.15,878.1709172194186,5.361384389979299,87.88201114861225,795.6502904607856,82.52062675863296,0.0939687538502422,0.0
2800000.0,500000.0,0.7,573.15,907.4719742288747,5.361384389979299,89.84323769084435,822.9901209280098,84.48185330086505,0.0930958263175605,-1.1368683772161603e-13
2800000.0,500000.0,0.7,583.15,937.0523625746409,5.361384389979299,91.78861052334402,850.6251364412761,86.42722613336473,0.09223308065292922,1.1368683772161603e-13
2800000.0,500000.0,0.7,593.15,966.9132575141748,5.361384389979299,93.7195935851368,878.5550483190173,88.35820919515751,0.09138173306498716,0.0
2800000.0,500000.0,0.7,603.15,997.0550143582738,5.361384389979299,95.63746399657917,906.7789347516739,90.27607960659988,0.09054272663650714,0.0
2800000.0,500000.0,0.7,613.15,1027.4773317001082,5.361384389979299,97.54334255412151,935.2953735359661,92.18195816414222,0.0897167804292227,0.0
2800000.0,500000.0,0.7,623.15,1058.179380174117,5.361384389979299,99.4382181779407,964.1025463861555,94.0768337879614,0.08890442920224134,0.0
2800000.0,500000.0,0.75,403.15,430.57233194454244,5.361384389979299,53.84172320582077,382.09199312870095,48.48033881584147,0.1125951093905535,5.684341886080802e-14
2800000.0,500000.0,0.75,413.15,461.230108262652,5.361384389979299,57.4953359681986,409.0961566844327,52.1339515782193,0.11303241190085343,0.0
2800000.0,500000.0,0.75,423.15,489.8901817072152,5.361384389979299,60.70080729205149,434.550758805143,55.339422902072194,0.1129629148908847,5.684341886080802e-14
2800000.0,500000.0,0.75,433.15,517.6200069983249,5.361384389979299,63.644127131984106,459.3372642563201,58.28274274200481,0.11259754637380819,0.0
2800000.0,500000.0,0.75,443.15,544.8885572284839,5.361384389979299,66.41033580337267,483.8396058150905,61.048951413393375,0.11203933465571785,0.0
2800000.0,500000.0,0.75,453.15,571.9485114905925,5.361384389979299,69.04704748551268,508.26284839505905,63.68566309553338,0.11134859487536386,1.1368683772161603e-13
2800000.0,500000.0,0.75,463.15,598.9527903737705,5.361384389979299,71.5842144396425,532.7299603241074,66.2228300496632,0.11056435684745287,0.0
2800000.0,500000.0,0.75,473.15,626.0008666778996,5.361384389979299,74.04214912956476,557.320101938314,68.68076473958547,0.1097135297975941,1.1368683772161603e-13
2800000.0,500000.0,0.75,483.15,653.1605854361677,5.361384389979299,76.43536811020505,582.0866017159419,71.07398372022575,0.10881548168244713,1.1368683772161603e-13
2800000.0,500000.0,0.75,493.15,680.4797365550685,5.361384389979299,78.77465727522876,607.0664636698191,73.41327288524947,0.1078845833924526,0.0
2800000.0,500000.0,0.75,503.15,707.9927337185366,5.361384389979299,81.06827680013038,632.2858413083856,75.70689241015108,0.1069317364494993,0.0
2800000.0,500000.0,0.75,513.15,735.724717677695,5.361384389979299,83.32270848254359,657.7633935851305,77.9613240925643,0.10596534575955005,2.2737367544323206e-13
2800000.0,500000.0,0.75,523.15,763.6942019425693,5.361384389979299,85.54314167343324,683.5124446591155,80.18175728345395,0.10499196809338053,-1.1368683772161603e-13
2800000.0,500000.0,0.75,533.15,791.9148459935706,5.361384389979299,87.73380146862496,709.5424289149248,82.37241707864567,0.10401676076080842,1.1368683772161603e-13
2800000.0,500000.0,0.75,543.15,820.3966821762182,5.361384389979299,89.89817746270099,735.8598891034965,84.5367930727217,0.10304380174780314,0.0
2800000.0,500000.0,0.75,553.15,849.1469874993311,5.361384389979299,92.03918750707805,762.4691843822324,86.67780311709876,0.10207632411481297,0.0
2800000.0,500000.0,0.75,563.15,878.1709172194186,5.361384389979299,94.15929765922739,789.3730039501705,88.7979132692481,0.10111689140242978,0.0
2800000.0,500000.0,0.75,573.15,907.4719742288747,5.361384389979299,96.26061181161901,816.572746807235,90.89922742163972,0.10016753134319265,0.0
2800000.0,500000.0,0.75,583.15,937.0523625746409,5.361384389979299,98.34493984643998,844.0688071181802,92.98355545646069,0.09922983940937888,1.1368683772161603e-13
2800000.0,500000.0,0.75,593.15,966.9132575141748,5.361384389979299,100.41385026978934,871.8607916343648,95.05246587981004,0.09830506008799511,0.0
2800000.0,500000.0,0.75,603.15,997.0550143582738,5.361384389979299,102.46871142490627,899.9476873233467,97.10732703492698,0.09739415141242469,1.1368683772161603e-13
2800000.0,500000.0,0.75,613.15,1027.4773317001082,5.361384389979299,104.51072416513041,928.3279919249571,99.14933977515112,0.0964978367075937,0.0
2800000.0,500000.0,0.75,623.15,1058.179380174117,5.361384389979299,106.5409480477937,956.9998165163025,101.17956365781441,0.095616646433959,0.0
2800000.0,500000.0,0.8,403.15,430.57233194454244,5.361384389979299,57.43117141954205,378.50254491497964,52.069787029562754,0.12093156751249247,5.684341886080802e-14
2800000.0,500000.0,0.8,413.15,461.230108262652,5.361384389979299,61.32835836607846,405.2631342865528,55.96697397609916,0.12134284595364755,0.0
2800000.0,500000.0,0.8,423.15,489.8901817072152,5.361384389979299,64.74752777818834,430.50403831900616,59.38614338820904,0.12122337945466603,5.684341886080802e-14
2800000.0,500000.0,0.8,433.15,517.6200069983249,5.361384389979299,67.88706894078304,455.0943224475212,62.52568455080374,0.12079456687424,0.0
2800000.0,500000.0,0.8,443.15,544.8885572284839,5.361384389979299,70.83769152359757,479.4122500948656,65.47630713361828,0.1201645846017695,1.1368683772161603e-13
2800000.0,500000.0,0.8,453.15,571.9485114905925,5.361384389979299,73.6501839845468,503.65971189602493,68.28879959456751,0.11939676076190073,1.1368683772161603e-13
2800000.0,500000.0,0.8,463.15,598.9527903737705,5.361384389979299,76.35649540228536,527.9576793614644,70.99511101230607,0.11853206488611945,0.0
2800000.0,500000.0,0.8,473.15,626.0008666778996,5.361384389979299,78.97829240486911,552.3839586630098,73.61690801488982,0.11759873178061975,0.0
2800000.0,500000.0,0.8,483.15,653.1605854361677,5.361384389979299,81.53105931755202,576.990910508595,76.16967492757273,0.11661707185945418,0.0
2800000.0,500000.0,0.8,493.15,680.4797365550685,5.361384389979299,84.0263010935774,601.8148198514704,78.66491670359811,0.11560214430754336,0.0
2800000.0,500000.0,0.8,503.15,707.9927337185366,5.361384389979299,86.47282858680573,626.8812895217103,81.11144419682644,0.11456536251553169,-1.1368683772161603e-13
2800000.0,500000.0,0.8,513.15,735.724717677695,5.361384389979299,88.87755571471318,652.2085463529611,83.51617132473389,0.11351551649420118,1.1368683772161603e-13
2800000.0,500000.0,0.8,523.15,763.6942019425693,5.361384389979299,91.24601778499549,677.8095685475531,85.8846333950162,0.11245945455203916,0.0
2800000.0,500000.0,0.8,533.15,791.9148459935706,5.361384389979299,93.58272156653332,703.6935088170167,88.22133717655403,0.11140255498792642,-1.1368683772161603e-13
2800000.0,500000.0,0.8,543.15,820.3966821762182,5.361384389979299,95.89138929354772,729.8666772726497,90.53000490356843,0.11034906267956227,1.1368683772161603e-13
2800000.0,500000.0,0.8,553.15,849.1469874993311,5.361384389979299,98.1751333408833,756.3332385484272,92.81374895090401,0.10930233554055578,-1.1368683772161603e-13
2800000.0,500000.0,0.8,563.15,878.1709172194186,5.361384389979299,100.43658416984277,783.0957174395551,95.07519977986348,0.10826502895461763,1.1368683772161603e-13
2800000.0,500000.0,0.8,573.15,907.4719742288747,5.361384389979299,102.67798593239347,810.1553726864606,97.31660154241418,0.10723923636882457,0.0
2800000.0,500000.0,0.8,583.15,937.0523625746409,5.361384389979299,104.90126916953595,837.5124777950842,99.53988477955666,0.10622659816582855,1.1368683772161603e-13
2800000.0,500000.0,0.8,593.15,966.9132575141748,5.361384389979299,107.10810695444187,865.1665349497122,101.74672256446257,0.10522838711100306,1.1368683772161603e-13
2800000.0,500000.0,0.8,603.15,997.0550143582738,5.361384389979299,109.29995885323338,893.1164398950197,103.93857446325408,0.10424557618834224,0.0
2800000.0,500000.0,0.8,613.15,1027.4773317001082,5.361384389979299,111.47810577613907,921.3606103139484,106.11672138615978,0.10327889298596446,0.0
2800000.0,500000.0,0.8,623.15,1058.179380174117,5.361384389979299,113.64367791764671,949.8970866464496,108.28229352766742,0.10232886366567664,0.0
2800000.0,500000.0,0.85,403.15,430.57233194454244,5.361384389979299,61.02061963326344,374.91309670125827,55.659235243284144,0.12926802563443168,5.684341886080802e-14
2800000.0,500000.0,0.85,413.15,461.230108262652,5.361384389979299,65.16138076395845,401.43011188867285,59.79999637397915,0.12965328000644194,0.0
2800000.0,500000.0,0.85,423.15,489.8901817072152,5.361384389979299,68.79424826432509,426.4573178328694,63.43286387434579,0.12948384401844715,0.0
2800000.0,500000.0,0.85,433.15,517.6200069983249,5.361384389979299,72.13001074958197,450.8513806387223,66.76862635960268,0.12899158737467184,0.0
2800000.0,500000.0,0.85,443.15,544.8885572284839,5.361384389979299,75.26504724382248,474.9848943746407,69.90366285384319,0.12828983454782117,1.1368683772161603e-13
2800000.0,500000.0,0.85,453.15,571.9485114905925,5.361384389979299,78.25332048358105,499.0565753969907,72.89193609360176,0.12744492664843782,1.1368683772161603e-13
2800000.0,500000.0,0.85,463.15,598.9527903737705,5.361384389979299,81.12877636492823,523.1853983988217,75.76739197494894,0.126499772924786,0.0
2800000.0,500000.0,0.85,473.15,626.0008666778996,5.361384389979299,83.91443568017345,547.4478153877053,78.55305129019416,0.1254839337636454,1.1368683772161603e-13
2800000.0,500000.0,0.85,483.15,653.1605854361677,5.361384389979299,86.626750524899,571.895219301248,81.2653661349197,0.12441866203646122,1.1368683772161603e-13
2800000.0,500000.0,0.85,493.15,680.4797365550685,5.361384389979299,89.27794491192606,596.5631760331217,83.91656052194676,0.12331970522263411,0.0
2800000.0,500000.0,0.85,503.15,707.9927337185366,5.361384389979299,91.87738037348107,621.4767377350349,86.51599598350178,0.12219898858156407,-1.1368683772161603e-13
2800000.0,500000.0,0.85,513.15,735.724717677695,5.361384389979299,94.43240294688265,646.6536991207917,89.07101855690335,0.12106568722885212,0.0
2800000.0,500000.0,0.85,523.15,763.6942019425693,5.361384389979299,96.94889389655773,672.106692435991,91.58750950657844,0.1199269410106978,-1.1368683772161603e-13
2800000.0,500000.0,0.85,533.15,791.9148459935706,5.361384389979299,99.43164166444167,697.8445887191082,94.07025727446238,0.11878834921504441,0.0
2800000.0,500000.0,0.85,543.15,820.3966821762182,5.361384389979299,101.88460112439445,723.873465441803,96.52321673441516,0.11765432361132139,1.1368683772161603e-13
2800000.0,500000.0,0.85,553.15,849.1469874993311,5.361384389979299,104.31107917468843,750.1972927146221,98.94969478470914,0.11652834696629844,-1.1368683772161603e-13
2800000.0,500000.0,0.85,563.15,878.1709172194186,5.361384389979299,106.71387068045792,776.81843092894,101.35248629047862,0.11541316650680522,0.0
2800000.0,500000.0,0.85,573.15,907.4719742288747,5.361384389979299,109.09536005316815,803.737998565686,103.73397566318886,0.11431094139445674,-1.1368683772161603e-13
2800000.0,500000.0,0.85,583.15,937.0523625746409,5.361384389979299,111.45759849263216,830.9561484719881,106.09621410265287,0.11322335692227847,0.0
2800000.0,500000.0,0.85,593.15,966.9132575141748,5.361384389979299,113.80236363909464,858.4722782650595,108.44097924911534,0.11215171413401126,0.0
2800000.0,500000.0,0.85,603.15,997.0550143582738,5.361384389979299,116.13120628156047,886.2851924666925,110.76982189158117,0.11109700096425977,1.1368683772161603e-13
2800000.0,500000.0,0.85,613.15,1027.4773317001082,5.361384389979299,118.44548738714774,914.3932287029398,113.08410299716844,0.11005994926433522,0.0
2800000.0,500000.0,0.85,623.15,1058.179380174117,5.361384389979299,120.74640778749948,942.7943567765967,115.38502339752019,0.10904108089739406,0.0
2800000.0,500000.0,0.9,403.15,430.57233194454244,5.361384389979299,64.61006784698483,371.3236484875369,59.248683457005534,0.1376044837563709,5.684341886080802e-14
2800000.0,500000.0,0.9,413.15,461.230108262652,5.361384389979299,68.9944031618383,397.597089490793,63.63301877185901,0.13796371405923605,0.0
2800000.0,500000.0,0.9,423.15,489.8901817072152,5.361384389979299,72.84096875046183,422.4105973467327,67.47958436048253,0.13774430858222828,0.0
2800000.0,500000.0,0.9,433.15,517.6200069983249,5.361384389979299,76.3729525583809,446.60843882992333,71.01156816840161,0.13718860787510365,0.0
2800000.0,500000.0,0.9,443.15,544.8885572284839,5.361384389979299,79.69240296404728,470.5575386544159,74.33101857406798,0.13641508449387263,1.1368683772161603e-13
2800000.0,500000.0,0.9,453.15,571.9485114905925,5.361384389979299,82.85645698261517,494.4534388979566,77.49507259263588,0.13549309253497469,1.1368683772161603e-13
2800000.0,500000.0,0.9,463.15,598.9527903737705,5.361384389979299,85.9010573275711,518.4131174361788,80.5396729375918,0.1344674809634526,0.0
2800000.0,500000.0,0.9,473.15,626.0008666778996,5.361384389979299,88.85057895547769,542.5116721124011,83.4891945654984,0.13336913574667086,1.1368683772161603e-13
2800000.0,500000.0,0.9,483.15,653.1605854361677,5.361384389979299,91.72244173224597,566.799528093901,86.36105734226668,0.13222025221346825,0.0
2800000.0,500000.0,0.9,493.15,680.4797365550685,5.361384389979299,94.52958873027458,591.3115322147734,89.16820434029529,0.13103726613772468,-1.1368683772161603e-13
2800000.0,500000.0,0.9,503.15,707.9927337185366,5.361384389979299,97.28193216015643,616.0721859483596,91.92054777017714,0.12983261464759646,-1.1368683772161603e-13
2800000.0,500000.0,0.9,513.15,735.724717677695,5.361384389979299,99.98725017905224,641.0988518886219,94.62586578907295,0.12861585796350325,2.2737367544323206e-13
2800000.0,500000.0,0.9,523.15,763.6942019425693,5.361384389979299,102.65177000811998,666.4038163244287,97.29038561814069,0.12739442746935645,-1.1368683772161603e-13
2800000.0,500000.0,0.9,533.15,791.9148459935706,5.361384389979299,105.28056176234992,691.9956686211999,99.91917737237063,0.1261741434421623,1.1368683772161603e-13
2800000.0,500000.0,0.9,543.15,820.3966821762182,5.361384389979299,107.87781295524118,717.8802536109563,102.51642856526189,0.12495958454308051,0.0
2800000.0,500000.0,0.9,553.15,849.1469874993311,5.361384389979299,110.44702500849368,744.0613468808168,105.08564061851439,0.12375435839204126,-1.1368683772161603e-13
2800000.0,500000.0,0.9,563.15,878.1709172194186,5.361384389979299,112.99115719107306,770.5411444183248,107.62977280109376,0.1225613040589928,0.0
2800000.0,500000.0,0.9,573.15,907.4719742288747,5.361384389979299,115.51273417394282,797.3206244449112,110.15134978396352,0.12138264642008889,0.0
2800000.0,500000.0,0.9,583.15,937.0523625746409,5.361384389979299,118.01392781572812,824.3998191488921,112.65254342574883,0.12022011567872813,0.0
2800000.0,500000.0,0.9,593.15,966.9132575141748,5.361384389979299,120.49662032374717,851.778021580407,115.13523593376787,0.11907504115701921,0.0
2800000.0,500000.0,0.9,603.15,997.0550143582738,5.361384389979299,122.96245370988757,879.4539450383654,117.60106931990828,0.11794842574017732,1.1368683772161603e-13
2800000.0,500000.0,0.9,613.15,1027.4773317001082,5.361384389979299,125.4128689981564,907.4258470919311,120.0514846081771,0.116841005542706,0.0
2800000.0,500000.0,0.9,623.15,1058.179380174117,5.361384389979299,127.84913765735249,935.6916269067437,122.4877532673732,0.11575329812911171,0.0
2800000.0,550000.0,0.7,403.15,421.46933124270606,5.2920699379795115,47.339952907906266,379.4214482727793,42.047882969926754,0.09976498846534859,5.684341886080802e-14
2800000.0,550000.0,0.7,413.15,452.12710756081566,5.2920699379795115,50.59660173796932,406.8225757608258,45.30453179998981,0.10020308679212712,5.684341886080802e-14
2800000.0,550000.0,0.7,423.15,480.78718100537884,5.2920699379795115,53.45016552257433,432.629085420784,48.15809558459482,0.10016509900262097,5.684341886080802e-14
2800000.0,550000.0,0.7,433.15,508.51700629648855,5.2920699379795115,56.0678904931203,457.7411857413478,50.77582055514079,0.09985078163843389,0.0
2800000.0,550000.0,0.7,443.15,535.7855565266475,5.2920699379795115,58.526259289064676,482.55136717556235,53.23418935108516,0.09935726841198926,0.0
2800000.0,550000.0,0.7,453.15,562.8455107887561,5.2920699379795115,60.86809943259775,507.26948129413785,55.57602949461824,0.09874117929222805,0.0
2800000.0,550000.0,0.7,463.15,589.8497896719342,5.2920699379795115,63.12035708460444,532.0215025253093,57.82828714662493,0.09803900613203266,0.0
2800000.0,550000.0,0.7,473.15,616.8978659760631,5.2920699379795115,65.30130895383482,556.888626960208,60.00923901585531,0.09727580905294263,-1.1368683772161603e-13
2800000.0,550000.0,0.7,483.15,644.0575847343314,5.2920699379795115,67.42401777163148,581.9256369006795,62.13194783365197,0.09646955381991333,-1.1368683772161603e-13
2800000.0,550000.0,0.7,493.15,671.3767358532322,5.2920699379795115,69.49818952570111,607.1706162655107,64.2061195877216,0.09563351864750572,-2.2737367544323206e-13
2800000.0,550000.0,0.7,503.15,698.8897330167002,5.2920699379795115,71.53125742154556,632.6505455331342,66.23918748356606,0.09477773725141166,0.0
2800000.0,550000.0,0.7,513.15,726.6217169758586,5.2920699379795115,73.52905430649419,658.384732607344,68.23698436851468,0.09390991594981712,-1.1368683772161603e-13
2800000.0,550000.0,0.7,523.15,754.5912012407331,5.2920699379795115,75.49624992294795,684.3870212557647,70.20417998496845,0.09303604371418,-1.1368683772161603e-13
2800000.0,550000.0,0.7,533.15,782.8118452917342,5.2920699379795115,77.4366462384602,710.6672689912535,72.1445763004807,0.09216081327128389,0.0
2800000.0,550000.0,0.7,543.15,811.2936814743819,5.2920699379795115,79.35338330492668,737.2323681074346,74.06131336694718,0.09128792083324737,1.1368683772161603e-13
2800000.0,550000.0,0.7,553.15,840.0439867974948,5.2920699379795115,81.24908663414047,764.0869701013339,75.95701669616096,0.09042028499689928,-1.1368683772161603e-13
2800000.0,550000.0,0.7,563.15,869.0679165175823,5.2920699379795115,83.12597515180707,791.2340113037548,77.83390521382756,0.08956021012225791,-1.1368683772161603e-13
2800000.0,550000.0,0.7,573.15,898.3689735270385,5.2920699379795115,84.98594186618249,818.6751015988356,79.69387192820298,0.08870951054255705,-1.1368683772161603e-13
2800000.0,550000.0,0.7,583.15,927.9493618728046,5.2920699379795115,86.83061521082512,846.410816599959,81.53854527284561,0.08786960649262478,-1.1368683772161603e-13
2800000.0,550000.0,0.7,593.15,957.8102568123385,5.2920699379795115,88.66140641876147,874.4409203315565,83.36933648078197,0.08704159919757085,0.0
2800000.0,550000.0,0.7,603.15,987.9520136564374,5.2920699379795115,90.47954661717243,902.7645369772446,85.18747667919293,0.08622633032945774,-1.1368683772161603e-13
2800000.0,550000.0,0.7,613.15,1018.374330998272,5.2920699379795115,92.28611623505037,931.3802847012012,86.99404629707087,0.08542442955312321,-1.1368683772161603e-13
2800000.0,550000.0,0.7,623.15,1049.0763794722807,5.2920699379795115,94.08206857884302,960.2863808314172,88.78999864086352,0.08463635287025312,0.0
2800000.0,550000.0,0.75,403.15,421.46933124270606,5.2920699379795115,50.721378115613945,376.04002306507164,45.42930817763443,0.10778793333238676,0.0
2800000.0,550000.0,0.75,413.15,452.12710756081566,5.2920699379795115,54.21064471925283,403.20853277954234,48.918574781273314,0.10819650926303566,0.0
2800000.0,550000.0,0.75,423.15,480.78718100537884,5.2920699379795115,57.26803448847251,428.8112164548858,51.975964550492996,0.10810596996743037,5.684341886080802e-14
2800000.0,550000.0,0.75,433.15,508.51700629648855,5.2920699379795115,60.07273981405748,453.7363364204106,54.780669876077965,0.10772632812232506,0.0
2800000.0,550000.0,0.75,443.15,535.7855565266475,5.2920699379795115,62.70670638114074,478.3709200834863,57.41463644316123,0.10715973161980093,0.0
2800000.0,550000.0,0.75,453.15,562.8455107887561,5.2920699379795115,65.21582082064054,502.921759906095,59.92375088266103,0.10646571702896866,0.0
2800000.0,550000.0,0.75,463.15,589.8497896719342,5.2920699379795115,67.62895401921904,527.5129055906947,62.336884081239525,0.1056826418738072,0.0
2800000.0,550000.0,0.75,473.15,616.8978659760631,5.2920699379795115,69.96568816482299,552.2242477492197,64.67361822684349,0.10483683247066533,0.0
2800000.0,550000.0,0.75,483.15,644.0575847343314,5.2920699379795115,72.24001904103369,577.1096356312772,66.94794910305419,0.1039471480343946,0.0
2800000.0,550000.0,0.75,493.15,671.3767358532322,5.2920699379795115,74.46234592039406,602.2064598708176,69.17027598241455,0.10302751389576846,-1.1368683772161603e-13
2800000.0,550000.0,0.75,503.15,698.8897330167002,5.2920699379795115,76.640632951656,627.5411700030237,71.3485630136765,0.10208844062668695,0.0
2800000.0,550000.0,0.75,513.15,726.6217169758586,5.2920699379795115,78.7811296141009,653.1326572997372,73.4890596761214,0.10113798962956541,0.0
2800000.0,550000.0,0.75,523.15,754.5912012407331,5.2920699379795115,80.88883920315851,678.994431975554,75.596769265179,0.10018241551303457,1.1368683772161603e-13
2800000.0,550000.0,0.75,533.15,782.8118452917342,5.2920699379795115,82.96783525549306,705.1360799742206,77.67576531751355,0.09922660954186986,1.1368683772161603e-13
2800000.0,550000.0,0.75,543.15,811.2936814743819,5.2920699379795115,85.02148211242142,731.56426929994,79.72941217444192,0.09827441528886051,0.0
2800000.0,550000.0,0.75,553.15,840.0439867974948,5.2920699379795115,87.05259282229352,758.2834639131809,81.76052288431401,0.09732885916606605,-1.1368683772161603e-13
2800000.0,550000.0,0.75,563.15,869.0679165175823,5.2920699379795115,89.0635448055074,785.2964416500544,83.7714748675279,0.09639232248177591,0.0
2800000.0,550000.0,0.75,573.15,898.3689735270385,5.2920699379795115,91.05636628519558,812.6046771798225,85.76429634721607,0.0954666722410297,-1.1368683772161603e-13
2800000.0,550000.0,0.75,583.15,927.9493618728046,5.2920699379795115,93.03280201159836,840.2086297991858,87.74073207361886,0.09455336215387754,-1.1368683772161603e-13
2800000.0,550000.0,0.75,593.15,957.8102568123385,5.2920699379795115,94.9943640201015,868.1079627302165,89.702294082122,0.09365351168889931,-1.1368683772161603e-13
2800000.0,550000.0,0.75,603.15,987.9520136564374,5.2920699379795115,96.9423713755419,896.3017122188751,91.65030143756239,0.09276796865706272,-1.1368683772161603e-13
2800000.0,550000.0,0.75,613.15,1018.374330998272,5.2920699379795115,98.87798168041115,924.7884192558404,93.58591174243165,0.09189735924578253,-1.1368683772161603e-13
2800000.0,550000.0,0.75,623.15,1049.0763794722807,5.2920699379795115,100.80221633447474,953.5662330757855,95.51014639649523,0.09104212835726977,0.0
2800000.0,550000.0,0.8,403.15,421.46933124270606,5.2920699379795115,54.10280332332151,372.65859785736404,48.810733385342,0.11581087819942466,5.684341886080802e-14
2800000.0,550000.0,0.8,413.15,452.12710756081566,5.2920699379795115,57.82468770053634,399.5944897982588,52.532617762556825,0.11618993173394422,5.684341886080802e-14
2800000.0,550000.0,0.8,423.15,480.78718100537884,5.2920699379795115,61.085903454370566,424.9933474889878,55.793833516391054,0.11604684093223953,0.0
2800000.0,550000.0,0.8,433.15,508.51700629648855,5.2920699379795115,64.07758913499467,449.73148709947344,58.785519197015155,0.11560187460621626,0.0
2800000.0,550000.0,0.8,443.15,535.7855565266475,5.2920699379795115,66.88715347321681,474.1904729914102,61.5950835352373,0.11496219482761261,0.0
2800000.0,550000.0,0.8,453.15,562.8455107887561,5.2920699379795115,69.56354220868322,498.57403851805236,64.27147227070371,0.11419025476570907,0.0
2800000.0,550000.0,0.8,463.15,589.8497896719342,5.2920699379795115,72.13755095383362,523.0043086560801,66.84548101585412,0.11332627761558174,0.0
2800000.0,550000.0,0.8,473.15,616.8978659760631,5.2920699379795115,74.63006737581117,547.5598685382316,69.33799743783166,0.11239785588838803,-1.1368683772161603e-13
2800000.0,550000.0,0.8,483.15,644.0575847343314,5.2920699379795115,77.05602031043591,572.293634361875,71.7639503724564,0.11142474224887587,0.0
2800000.0,550000.0,0.8,493.15,671.3767358532322,5.2920699379795115,79.426502315087,597.2423034761248,74.1344323771075,0.1104215091440312,-1.1368683772161603e-13
2800000.0,550000.0,0.8,503.15,698.8897330167002,5.2920699379795115,81.75000848176633,622.4317944729135,76.45793854378682,0.10939914400196209,-1.1368683772161603e-13
2800000.0,550000.0,0.8,513.15,726.6217169758586,5.2920699379795115,84.03320492170762,647.8805819921305,78.74113498372812,0.1083660633093137,0.0
2800000.0,550000.0,0.8,523.15,754.5912012407331,5.2920699379795115,86.28142848336906,673.6018426953435,80.98935854538955,0.1073287873118891,0.0
2800000.0,550000.0,0.8,533.15,782.8118452917342,5.2920699379795115,88.49902427252592,699.6048909571879,83.20695433454641,0.10629240581245583,-1.1368683772161603e-13
2800000.0,550000.0,0.8,543.15,811.2936814743819,5.2920699379795115,90.68958091991615,725.8961704924451,85.39751098193665,0.10526090974447364,1.1368683772161603e-13
2800000.0,550000.0,0.8,553.15,840.0439867974948,5.2920699379795115,92.85609901044634,752.479957725028,87.56402907246684,0.10423743333523255,-1.1368683772161603e-13
2800000.0,550000.0,0.8,563.15,869.0679165175823,5.2920699379795115,95.00111445920798,779.3588719963539,89.70904452122848,0.1032244348412942,-1.1368683772161603e-13
2800000.0,550000.0,0.8,573.15,898.3689735270385,5.2920699379795115,97.12679070420866,806.5342527608094,91.83472076622915,0.10222383393950234,-1.1368683772161603e-13
2800000.0,550000.0,0.8,583.15,927.9493618728046,5.2920699379795115,99.23498881237163,834.0064429984126,93.94291887439212,0.10123711781513033,-1.1368683772161603e-13
2800000.0,550000.0,0.8,593.15,957.8102568123385,5.2920699379795115,101.32732162144175,861.7750051288763,96.03525168346225,0.10026542418022802,-1.1368683772161603e-13
2800000.0,550000.0,0.8,603.15,987.9520136564374,5.2920699379795115,103.40519613391137,889.8388874605056,98.11312619593187,0.09930960698466772,0.0
2800000.0,550000.0,0.8,613.15,1018.374330998272,5.2920699379795115,105.46984712577192,918.1965538104796,100.17777718779242,0.09837028893844184,-1.1368683772161603e-13
2800000.0,550000.0,0.8,623.15,1049.0763794722807,5.2920699379795115,107.52236409010645,946.8460853201537,102.23029415212694,0.09744790384428642,0.0
2800000.0,550000.0,0.85,403.15,421.46933124270606,5.2920699379795115,57.484228531029075,369.2771726496565,52.19215859304956,0.12383382306646255,0.0
2800000.0,550000.0,0.85,413.15,452.12710756081566,5.2920699379795115,61.438730681819955,395.9804468169752,56.14666074384044,0.124183354204853,5.684341886080802e-14
2800000.0,550000.0,0.85,423.15,480.78718100537884,5.2920699379795115,64.90377242026874,421.1754785230896,59.611702482289225,0.12398771189704892,0.0
2800000.0,550000.0,0.85,433.15,508.51700629648855,5.2920699379795115,68.08243845593172,445.72663777853637,62.79036851795221,0.1234774210901072,0.0
2800000.0,550000.0,0.85,443.15,535.7855565266475,5.2920699379795115,71.06760056529275,470.01002589933427,65.77553062731324,0.12276465803542405,0.0
2800000.0,550000.0,0.85,453.15,562.8455107887561,5.2920699379795115,73.91126359672589,494.2263171300097,68.61919365874638,0.12191479250244946,0.0
2800000.0,550000.0,0.85,463.15,589.8497896719342,5.2920699379795115,76.64614788844833,518.4957117214655,71.35407795046882,0.12096991335735648,-1.1368683772161603e-13
2800000.0,550000.0,0.85,473.15,616.8978659760631,5.2920699379795115,79.29444658679934,542.8954893272432,74.00237664881983,0.11995887930611074,0.0
2800000.0,550000.0,0.85,483.15,644.0575847343314,5.2920699379795115,81.87202157983812,567.4776330924728,76.57995164185861,0.11890233646335713,-1.1368683772161603e-13
2800000.0,550000.0,0.85,493.15,671.3767358532322,5.2920699379795115,84.39065870977984,592.2781470814319,79.09858877180034,0.11781550439229378,-1.1368683772161603e-13
2800000.0,550000.0,0.85,503.15,698.8897330167002,5.2920699379795115,86.85938401187677,617.3224189428031,81.56731407389726,0.11670984737723739,-1.1368683772161603e-13
2800000.0,550000.0,0.85,513.15,726.6217169758586,5.2920699379795115,89.28528022931435,642.6285066845238,83.99321029133485,0.11559413698906201,-1.1368683772161603e-13
2800000.0,550000.0,0.85,523.15,754.5912012407331,5.2920699379795115,91.67401776357973,668.2092534151328,86.38194782560022,0.11447515911074381,0.0
2800000.0,550000.0,0.85,533.15,782.8118452917342,5.2920699379795115,94.03021328955889,694.0737019401549,88.73814335157938,0.11335820208304195,-1.1368683772161603e-13
2800000.0,550000.0,0.85,543.15,811.2936814743819,5.2920699379795115,96.3576797274109,720.2280716849505,91.06560978943139,0.11224740420008678,0.0
2800000.0,550000.0,0.85,553.15,840.0439867974948,5.2920699379795115,98.65960519859917,746.6764515368752,93.36753526061966,0.11114600750439907,-1.1368683772161603e-13
2800000.0,550000.0,0.85,563.15,869.0679165175823,5.2920699379795115,100.93868411290855,773.4213023426532,95.64661417492904,0.11005654720081247,0.0
2800000.0,550000.0,0.85,573.15,898.3689735270385,5.2920699379795115,103.19721512322174,800.4638283417963,97.90514518524223,0.10898099563797496,-1.1368683772161603e-13
2800000.0,550000.0,0.85,583.15,927.9493618728046,5.2920699379795115,105.43717561314465,827.8042561976395,100.14510567516514,0.10792087347638284,0.0
2800000.0,550000.0,0.85,593.15,957.8102568123385,5.2920699379795115,107.66027922278177,855.4420475275363,102.36820928480226,0.10687733667155647,-1.1368683772161603e-13
2800000.0,550000.0,0.85,603.15,987.9520136564374,5.2920699379795115,109.86802089228085,883.3760627021361,104.57595095430135,0.1058512453122727,0.0
2800000.0,550000.0,0.85,613.15,1018.374330998272,5.2920699379795115,112.06171257113246,911.604688365119,106.76964263315296,0.10484321863110091,-1.1368683772161603e-13
2800000.0,550000.0,0.85,623.15,1049.0763794722807,5.2920699379795115,114.24251184573816,940.125937564522,108.95044190775866,0.10385367933130307,0.0
2800000.0,550000.0,0.9,403.15,421.46933124270606,5.2920699379795115,60.865653738736754,365.8957474419488,55.57358380075724,0.13185676793350073,5.684341886080802e-14
2800000.0,550000.0,0.9,413.15,452.12710756081566,5.2920699379795115,65.05277366310347,392.3664038356917,59.76070372512395,0.13217677667576155,0.0
2800000.0,550000.0,0.9,423.15,480.78718100537884,5.2920699379795115,68.72164138616691,417.35760955719144,63.429571448187396,0.13192858286185832,0.0
2800000.0,550000.0,0.9,433.15,508.51700629648855,5.2920699379795115,72.0872877768689,441.7217884575992,66.7952178388894,0.1313529675739984,0.0
2800000.0,550000.0,0.9,443.15,535.7855565266475,5.2920699379795115,75.24804765736882,465.8295788072582,69.95597771938931,0.13056712124323572,0.0
2800000.0,550000.0,0.9,453.15,562.8455107887561,5.2920699379795115,78.25898498476867,489.87859574196693,72.96691504678917,0.12963933023919008,0.0
2800000.0,550000.0,0.9,463.15,589.8497896719342,5.2920699379795115,81.15474482306291,513.9871147868508,75.86267488508341,0.128613549099131,-1.1368683772161603e-13
2800000.0,550000.0,0.9,473.15,616.8978659760631,5.2920699379795115,83.95882579778764,538.231110116255,78.66675585980813,0.12751990272383365,0.0
2800000.0,550000.0,0.9,483.15,644.0575847343314,5.2920699379795115,86.68802284924034,562.6616318230706,81.39595291126084,0.1263799306778384,-1.1368683772161603e-13
2800000.0,550000.0,0.9,493.15,671.3767358532322,5.2920699379795115,89.3548151044728,587.3139906867389,84.0627451664933,0.12520949964055655,0.0
2800000.0,550000.0,0.9,503.15,698.8897330167002,5.2920699379795115,91.96875954198721,612.2130434126926,86.6766896040077,0.12402055075251267,-1.1368683772161603e-13
2800000.0,550000.0,0.9,513.15,726.6217169758586,5.2920699379795115,94.53735553692107,637.376431376917,89.24528559894156,0.12282221066881031,0.0
2800000.0,550000.0,0.9,523.15,754.5912012407331,5.2920699379795115,97.06660704379028,662.8166641349222,91.77453710581078,0.12162153090959836,0.0
2800000.0,550000.0,0.9,533.15,782.8118452917342,5.2920699379795115,99.56140230659175,688.5425129231219,94.26933236861224,0.12042399835362792,1.1368683772161603e-13
2800000.0,550000.0,0.9,543.15,811.2936814743819,5.2920699379795115,102.02577853490575,714.5599728774556,96.73370859692625,0.11923389865570005,0.0
2800000.0,550000.0,0.9,553.15,840.0439867974948,5.2920699379795115,104.4631113867521,740.8729453487222,99.1710414487726,0.11805458167356571,0.0
2800000.0,550000.0,0.9,563.15,869.0679165175823,5.2920699379795115,106.87625376660912,767.4837326889527,101.58418382862962,0.11688865956033075,-1.1368683772161603e-13
2800000.0,550000.0,0.9,573.15,898.3689735270385,5.2920699379795115,109.26763954223459,794.3934039227835,103.97556960425509,0.11573815733644735,-1.1368683772161603e-13
2800000.0,550000.0,0.9,583.15,927.9493618728046,5.2920699379795115,111.6393624139179,821.6020693968662,106.34729247593839,0.1146046291376356,0.0
2800000.0,550000.0,0.9,593.15,957.8102568123385,5.2920699379795115,113.9932368241218,849.1090899261962,108.70116688614229,0.11348924916288493,-1.1368683772161603e-13
2800000.0,550000.0,0.9,603.15,987.9520136564374,5.2920699379795115,116.33084565065033,876.9132379437666,111.03877571267083,0.11239288363987769,0.0
2800000.0,550000.0,0.9,613.15,1018.374330998272,5.2920699379795115,118.65357801649324,905.0128229197583,113.36150807851374,0.11131614832376023,-1.1368683772161603e-13
2800000.0,550000.0,0.9,623.15,1049.0763794722807,5.2920699379795115,120.96265960136988,933.4057898088903,115.67058966339037,0.11025945481831972,0.0
2800000.0,600000.0,0.7,403.15,412.8802665578156,5.21921684201085,44.68024582462362,373.4192375752028,39.46102898261277,0.09557499396035446,0.0
2800000.0,600000.0,0.7,413.15,443.5380428759252,5.21921684201085,47.79498243925883,400.9622772786772,42.57576559724798,0.09599123746225771,0.0
2800000.0,600000.0,0.7,423.15,472.1981163204884,5.21921684201085,50.52086454365077,426.8964686188485,45.301647701639915,0.09593779842800763,0.0
2800000.0,600000.0,0.7,433.15,499.92794161159816,5.21921684201085,53.01920329518185,452.12795515842714,47.799986453171,0.09561375245216351,0.0
2800000.0,600000.0,0.7,443.15,527.196491841757,5.21921684201085,55.36377394495695,477.051934738811,50.144557102946095,0.0951154984506184,0.0
2800000.0,600000.0,0.7,453.15,554.2564461038656,5.21921684201085,57.59589233220054,501.87977061367593,52.37667549018969,0.09449899204307043,0.0
2800000.0,600000.0,0.7,463.15,581.2607249870438,5.21921684201085,59.74155792402639,526.7383839050282,54.52234108201554,0.09380014636844909,0.0
2800000.0,600000.0,0.7,473.15,608.3088012911727,5.21921684201085,61.81840747950098,551.7096106536826,56.59919063749013,0.0930435175643602,0.0
2800000.0,600000.0,0.7,483.15,635.4685200494409,5.21921684201085,63.8390469681957,576.8486899232561,58.61983012618485,0.09224663107092086,0.0
2800000.0,600000.0,0.7,493.15,662.7876711683417,5.21921684201085,65.81284306648513,602.1940449438675,60.59362622447428,0.09142237983645908,-1.1368683772161603e-13
2800000.0,600000.0,0.7,503.15,690.3006683318098,5.21921684201085,67.74696905959642,627.7729161142242,62.52775221758557,0.09058046020539283,0.0
2800000.0,600000.0,0.7,513.15,718.0326522909681,5.21921684201085,69.64705373955844,653.6048153934205,64.42783689754759,0.08972828281831328,0.0
2800000.0,600000.0,0.7,523.15,746.0021365558426,5.21921684201085,71.51760338100895,679.7037500168445,66.2983865389981,0.08887157729210508,0.0
2800000.0,600000.0,0.7,533.15,774.2227806068438,5.21921684201085,73.36228676176397,706.0797106870906,68.14306991975312,0.08801480869155241,1.1368683772161603e-13
2800000.0,600000.0,0.7,543.15,802.7046167894914,5.21921684201085,75.18413384221215,732.7396997892901,69.9649170002013,0.08716147327024723,0.0
2800000.0,600000.0,0.7,553.15,831.4549221126043,5.21921684201085,76.98567800523364,759.6884609493816,71.76646116322279,0.08631431392681493,-1.1368683772161603e-13
2800000.0,600000.0,0.7,563.15,860.4788518326918,5.21921684201085,78.76906025102618,786.9290084236765,73.54984340901532,0.08547548060288189,0.0
2800000.0,600000.0,0.7,573.15,889.7799088421481,5.21921684201085,80.53610705815605,814.4630186260028,75.3168902161452,0.08464665190536105,0.0
2800000.0,600000.0,0.7,583.15,919.3602971879142,5.21921684201085,82.28838959195465,842.2911244379703,77.0691727499438,0.08382912878191337,0.0
2800000.0,600000.0,0.7,593.15,949.221192127448,5.21921684201085,84.02726943041989,870.413139539039,78.80805258840904,0.08302390764346505,0.0
2800000.0,600000.0,0.7,603.15,979.362948971547,5.21921684201085,85.75393436801085,898.828231445547,80.534717526,0.08223173810135606,0.0
2800000.0,600000.0,0.7,613.15,1009.7852663133815,5.21921684201085,87.46942679942515,927.5350563559672,82.2502099574143,0.08145316900661569,0.0
2800000.0,600000.0,0.7,623.15,1040.4873147873902,5.21921684201085,89.17466647382523,956.5318651555758,83.95544963181437,0.08068858547205793,0.0
2800000.0,600000.0,0.75,403.15,412.8802665578156,5.21921684201085,47.871691954953945,370.2277914448725,42.652475112943094,0.10330470736355832,0.0
2800000.0,600000.0,0.75,413.15,443.5380428759252,5.21921684201085,51.20890975634882,397.54834996158723,45.989692914337965,0.10368827128364966,0.0
2800000.0,600000.0,0.75,423.15,472.1981163204884,5.21921684201085,54.12949772534019,423.28783543715906,48.910280883329335,0.10357999998910022,0.0
2800000.0,600000.0,0.75,433.15,499.92794161159816,5.21921684201085,56.80628924483771,448.34086920877127,51.587072402826855,0.10318901607405184,0.0
2800000.0,600000.0,0.75,443.15,527.196491841757,5.21921684201085,59.318329226739586,473.09737945702835,54.099112384728734,0.10261660163127012,0.0
2800000.0,600000.0,0.75,453.15,554.2564461038656,5.21921684201085,61.7098846416435,497.765778304233,56.49066779963265,0.1019215350524701,0.0
2800000.0,600000.0,0.75,463.15,581.2607249870438,5.21921684201085,64.00881206145685,522.4711297675977,58.789595219446,0.10114152340286953,0.0
2800000.0,600000.0,0.75,473.15,608.3088012911727,5.21921684201085,66.23400801375101,547.2940101194325,61.01479117174016,0.10030233171414342,0.0
2800000.0,600000.0,0.75,483.15,635.4685200494409,5.21921684201085,68.3989788944954,572.2887579969564,63.17976205248455,0.09942233180578168,0.0
2800000.0,600000.0,0.75,493.15,662.7876711683417,5.21921684201085,70.51376042837695,597.4931275819756,65.2945435863661,0.09851502438370179,0.0
2800000.0,600000.0,0.75,503.15,690.3006683318098,5.21921684201085,72.58603827813896,622.9338468956817,67.3668214361281,0.09759054934558836,0.0
2800000.0,600000.0,0.75,513.15,718.0326522909681,5.21921684201085,74.62184329238406,648.630025840595,69.4026264503732,0.09665664399653123,0.0
2800000.0,600000.0,0.75,523.15,746.0021365558426,5.21921684201085,76.62600362250954,674.595349775344,71.40678678049869,0.09571927918353015,0.0
2800000.0,600000.0,0.75,533.15,774.2227806068438,5.21921684201085,78.6024501018899,700.8395473469648,73.38323325987905,0.09478309744691381,0.0
2800000.0,600000.0,0.75,543.15,802.7046167894914,5.21921684201085,80.55442911665584,727.3694045148463,75.33521227464499,0.09385172415720835,1.1368683772161603e-13
2800000.0,600000.0,0.75,553.15,831.4549221126043,5.21921684201085,82.48465500560752,754.1894839490077,77.26543816359667,0.09292799418070265,-1.1368683772161603e-13
2800000.0,600000.0,0.75,563.15,860.4788518326918,5.21921684201085,84.39542169752787,781.3026469771748,79.17620485551701,0.09201412061073144,0.0
2800000.0,600000.0,0.75,573.15,889.7799088421481,5.21921684201085,86.28868613373861,808.7104395504202,81.06946929172776,0.09111182269469509,1.1368683772161603e-13
2800000.0,600000.0,0.75,583.15,919.3602971879142,5.21921684201085,88.16613170566573,836.4133823242593,82.94691486365488,0.0902224243502445,0.0
2800000.0,600000.0,0.75,593.15,949.221192127448,5.21921684201085,90.02921724687843,864.4111917225805,84.81000040486758,0.08934693105069286,-1.1368683772161603e-13
2800000.0,600000.0,0.75,603.15,979.362948971547,5.21921684201085,91.87921539429738,892.7029504192604,86.65999855228652,0.08848609051760668,0.0
2800000.0,600000.0,0.75,613.15,1009.7852663133815,5.21921684201085,93.71724299938418,921.2872401560081,88.49802615737333,0.08764044110137416,0.0
2800000.0,600000.0,0.75,623.15,1040.4873147873902,5.21921684201085,95.54428550766967,950.1622461217313,90.32506866565882,0.08681035067122904,0.0
2800000.0,600000.0,0.8,403.15,412.8802665578156,5.21921684201085,51.06313808528415,367.0363453145423,45.8439212432733,0.11103442076676187,0.0
2800000.0,600000.0,0.8,413.15,443.5380428759252,5.21921684201085,54.62283707343868,394.13442264449736,49.40362023142783,0.11138530510504133,0.0
2800000.0,600000.0,0.8,423.15,472.1981163204884,5.21921684201085,57.73813090702949,419.67920225546976,52.51891406501864,0.11122220155019258,0.0
2800000.0,600000.0,0.8,433.15,499.92794161159816,5.21921684201085,60.59337519449357,444.5537832591154,55.374158352482716,0.11076427969594019,5.684341886080802e-14
2800000.0,600000.0,0.8,443.15,527.196491841757,5.21921684201085,63.272884508522225,469.1428241752457,58.05366766651137,0.11011770481192186,0.0
2800000.0,600000.0,0.8,453.15,554.2564461038656,5.21921684201085,65.82387695108633,493.65178599479015,60.60466010907548,0.10934407806186956,0.0
2800000.0,600000.0,0.8,463.15,581.2607249870438,5.21921684201085,68.2760661988873,518.2038756301673,63.056849356876455,0.10848290043728998,0.0
2800000.0,600000.0,0.8,473.15,608.3088012911727,5.21921684201085,70.64960854800115,542.8784095851825,65.4303917059903,0.10756114586392682,-1.1368683772161603e-13
2800000.0,600000.0,0.8,483.15,635.4685200494409,5.21921684201085,72.95891082079498,567.7288260706567,67.73969397878413,0.10659803254064233,0.0
2800000.0,600000.0,0.8,493.15,662.7876711683417,5.21921684201085,75.2146777902688,592.7922102200838,69.99546094825794,0.1056076689309445,0.0
2800000.0,600000.0,0.8,503.15,690.3006683318098,5.21921684201085,77.42510749668162,618.0947776771391,72.20589065467077,0.10460063848578408,-1.1368683772161603e-13
2800000.0,600000.0,0.8,513.15,718.0326522909681,5.21921684201085,79.59663284520968,643.6552362877693,74.37741600319883,0.10358500517474921,0.0
2800000.0,600000.0,0.8,523.15,746.0021365558426,5.21921684201085,81.73440386401023,669.4869495338432,76.51518702199938,0.10256698107495536,0.0
2800000.0,600000.0,0.8,533.15,774.2227806068438,5.21921684201085,83.84261344201595,695.5993840068387,78.6233966000051,0.10155138620227536,0.0
2800000.0,600000.0,0.8,543.15,802.7046167894914,5.21921684201085,85.92472439109964,721.9991092404026,80.7055075490888,0.10054197504416963,0.0
2800000.0,600000.0,0.8,553.15,831.4549221126043,5.21921684201085,87.9836320059814,748.6905069486338,82.76441516397055,0.09954167443459037,-1.1368683772161603e-13
2800000.0,600000.0,0.8,563.15,860.4788518326918,5.21921684201085,90.02178314402978,775.6762855306729,84.80256630201893,0.09855276061858126,0.0
2800000.0,600000.0,0.8,573.15,889.7799088421481,5.21921684201085,92.04126520932117,802.9578604748377,86.82204836731032,0.09757699348402914,0.0
2800000.0,600000.0,0.8,583.15,919.3602971879142,5.21921684201085,94.04387381937681,830.5356402105482,88.82465697736596,0.09661571991857562,0.0
2800000.0,600000.0,0.8,593.15,949.221192127448,5.21921684201085,96.03116506333696,858.4092439061219,90.8119482213261,0.09566995445792066,0.0
2800000.0,600000.0,0.8,603.15,979.362948971547,5.21921684201085,98.00449642058392,886.5776693929739,92.78527957857307,0.09474044293385732,0.0
2800000.0,600000.0,0.8,613.15,1009.7852663133815,5.21921684201085,99.96505919934297,915.0394239560494,94.74584235733212,0.09382771319613238,0.0
2800000.0,600000.0,0.8,623.15,1040.4873147873902,5.21921684201085,101.91390454151434,943.7926270878867,96.69468769950349,0.09293211587040037,0.0
2800000.0,600000.0,0.85,403.15,412.8802665578156,5.21921684201085,54.25458421561448,363.84489918421195,49.03536737360363,0.11876413416996573,0.0
2800000.0,600000.0,0.85,413.15,443.5380428759252,5.21921684201085,58.03676439052867,390.7204953274074,52.817547548517815,0.11908233892643326,0.0
2800000.0,600000.0,0.85,423.15,472.1981163204884,5.21921684201085,61.3467640887188,416.07056907378046,56.12754724670795,0.11886440311128493,-5.684341886080802e-14
2800000.0,600000.0,0.85,433.15,499.92794161159816,5.21921684201085,64.38046114414942,440.7666973094596,59.16124430213857,0.11833954331782852,0.0
2800000.0,600000.0,0.85,443.15,527.196491841757,5.21921684201085,67.22743979030487,465.1882688934631,62.00822294829402,0.1176188079925736,-1.1368683772161603e-13
2800000.0,600000.0,0.85,453.15,554.2564461038656,5.21921684201085,69.93786926052917,489.5377936853473,64.71865241851832,0.11676662107126902,0.0
2800000.0,600000.0,0.85,463.15,581.2607249870438,5.21921684201085,72.54332033631776,513.9366214927369,67.32410349430691,0.11582427747171041,0.0
2800000.0,600000.0,0.85,473.15,608.3088012911727,5.21921684201085,75.06520908225119,538.4628090509324,69.84599224024034,0.11481996001371005,0.0
2800000.0,600000.0,0.85,483.15,635.4685200494409,5.21921684201085,77.5188427470947,563.1688941443571,72.29962590508384,0.11377373327550319,0.0
2800000.0,600000.0,0.85,493.15,662.7876711683417,5.21921684201085,79.91559515216062,588.091292858192,74.69637831014977,0.1127003134781872,-1.1368683772161603e-13
2800000.0,600000.0,0.85,503.15,690.3006683318098,5.21921684201085,82.26417671522428,613.2557084585964,77.04495987321343,0.11161072762597977,0.0
2800000.0,600000.0,0.85,513.15,718.0326522909681,5.21921684201085,84.57142239803518,638.6804467349438,79.35220555602433,0.11051336635296699,0.0
2800000.0,600000.0,0.85,523.15,746.0021365558426,5.21921684201085,86.84280410551094,664.3785492923425,81.62358726350008,0.10941468296638059,0.0
2800000.0,600000.0,0.85,533.15,774.2227806068438,5.21921684201085,89.08277678214188,690.3592206667128,83.86355994013103,0.10831967495763674,0.0
2800000.0,600000.0,0.85,543.15,802.7046167894914,5.21921684201085,91.29501966554334,716.6288139659589,86.07580282353248,0.10723222593113077,0.0
2800000.0,600000.0,0.85,553.15,831.4549221126043,5.21921684201085,93.48260900635529,743.1915299482599,88.26339216434444,0.10615535468847809,-1.1368683772161603e-13
2800000.0,600000.0,0.85,563.15,860.4788518326918,5.21921684201085,95.64814459053171,770.0499240841709,90.42892774852086,0.1050914006264311,0.0
2800000.0,600000.0,0.85,573.15,889.7799088421481,5.21921684201085,97.79384428490373,797.2052813992551,92.57462744289288,0.10404216427336317,1.1368683772161603e-13
2800000.0,600000.0,0.85,583.15,919.3602971879142,5.21921684201085,99.92161593308765,824.6578980968374,94.7023990910768,0.10300901548690648,0.0
2800000.0,600000.0,0.85,593.15,949.221192127448,5.21921684201085,102.03311287979572,852.4072960896632,96.81389603778487,0.1019929778651487,0.0
2800000.0,600000.0,0.85,603.15,979.362948971547,5.21921684201085,104.12977744687046,880.4523883666874,98.91056060485961,0.10099479535010795,0.0
2800000.0,600000.0,0.85,613.15,1009.7852663133815,5.21921684201085,106.21287539930199,908.7916077560903,100.99365855729114,0.10001498529089084,0.0
2800000.0,600000.0,0.85,623.15,1040.4873147873902,5.21921684201085,108.28352357535903,937.423008054042,103.06430673334818,0.0990538810695717,0.0
2800000.0,600000.0,0.9,403.15,412.8802665578156,5.21921684201085,57.446030345944685,360.6534530538818,52.22681350393383,0.12649384757316928,0.0
2800000.0,600000.0,0.9,413.15,443.5380428759252,5.21921684201085,61.45069170761853,387.3065680103175,56.23147486560768,0.12677937274782494,0.0
2800000.0,600000.0,0.9,423.15,472.1981163204884,5.21921684201085,64.95539727040811,412.4619358920911,59.73618042839726,0.12650660467237732,0.0
2800000.0,600000.0,0.9,433.15,499.92794161159816,5.21921684201085,68.16754709380527,436.9796113598037,62.94833025179442,0.12591480693971685,0.0
2800000.0,600000.0,0.9,443.15,527.196491841757,5.21921684201085,71.1819950720875,461.23371361168046,65.96277823007665,0.12511991117322532,-1.1368683772161603e-13
2800000.0,600000.0,0.9,453.15,554.2564461038656,5.21921684201085,74.05186156997213,485.42380137590436,68.83264472796128,0.1241891640806687,0.0
2800000.0,600000.0,0.9,463.15,581.2607249870438,5.21921684201085,76.81057447374822,509.6693673553064,71.59135763173737,0.12316565450613084,0.0
2800000.0,600000.0,0.9,473.15,608.3088012911727,5.21921684201085,79.4808096165012,534.0472085166824,74.26159277449035,0.12207877416349323,-1.1368683772161603e-13
2800000.0,600000.0,0.9,483.15,635.4685200494409,5.21921684201085,82.07877467339439,558.6089622180574,76.85955783138354,0.12094943401036402,0.0
2800000.0,600000.0,0.9,493.15,662.7876711683417,5.21921684201085,84.61651251405245,583.3903754963002,79.3972956720416,0.1197929580254299,-1.1368683772161603e-13
2800000.0,600000.0,0.9,503.15,690.3006683318098,5.21921684201085,87.10324593376683,608.4166392400539,81.88402909175598,0.11862081676617532,-1.1368683772161603e-13
2800000.0,600000.0,0.9,513.15,718.0326522909681,5.21921684201085,89.5462119508608,633.7056571821181,84.32699510884994,0.11744172753118495,1.1368683772161603e-13
2800000.0,600000.0,0.9,523.15,746.0021365558426,5.21921684201085,91.95120434701151,659.270149050842,86.73198750500066,0.11626238485780564,0.0
2800000.0,600000.0,0.9,533.15,774.2227806068438,5.21921684201085,94.32294012226792,685.1190573265867,89.10372328025707,0.11508796371299829,0.0
2800000.0,600000.0,0.9,543.15,802.7046167894914,5.21921684201085,96.66531493998703,711.2585186915152,91.44609809797618,0.1139224768180919,0.0
2800000.0,600000.0,0.9,553.15,831.4549221126043,5.21921684201085,98.98158600672905,737.6925529478862,93.7623691647182,0.11276903494236566,0.0
2800000.0,600000.0,0.9,563.15,860.4788518326918,5.21921684201085,101.27450603703339,764.4235626376693,96.05528919502254,0.11163004063428064,0.0
2800000.0,600000.0,0.9,573.15,889.7799088421481,5.21921684201085,103.54642336048629,791.4527023236726,98.32720651847544,0.1105073350626972,0.0
2800000.0,600000.0,0.9,583.15,919.3602971879142,5.21921684201085,105.79935804679873,818.7801559831263,100.58014120478788,0.10940231105523761,0.0
2800000.0,600000.0,0.9,593.15,949.221192127448,5.21921684201085,108.03506069625425,846.4053482732046,102.8158438542434,0.10831600127237649,0.0
2800000.0,600000.0,0.9,603.15,979.362948971547,5.21921684201085,110.25505847315677,874.3271073404011,105.03584163114591,0.10724914776635835,0.0
2800000.0,600000.0,0.9,613.15,1009.7852663133815,5.21921684201085,112.46069159926101,902.5437915561313,107.24147475725016,0.1062022573856493,0.0
2800000.0,600000.0,0.9,623.15,1040.4873147873902,5.21921684201085,114.6531426092037,931.0533890201973,109.43392576719285,0.10517564626874304,0.0
2800000.0,650000.0,0.7,403.15,404.7326351476769,5.143173564972764,42.2341120290563,367.64169668359335,37.090938464083536,0.09164306320529347,0.0
2800000.0,650000.0,0.7,413.15,435.3904114657864,5.143173564972764,45.21657809125748,395.3170069395017,40.07340452628472,0.09204016319829712,0.0
2800000.0,650000.0,0.7,423.15,464.05048491034967,5.143173564972764,47.823626380431115,421.3700320948913,42.68045281545835,0.09197372743550485,0.0
2800000.0,650000.0,0.7,433.15,491.7803102014594,5.143173564972764,50.210973732935614,446.7125100334965,45.06780016796285,0.0916421402668616,0.0
2800000.0,650000.0,0.7,443.15,519.0488604316183,5.143173564972764,52.44983965412295,471.74219434246817,47.306666089150184,0.091141065312834,0.0
2800000.0,650000.0,0.7,453.15,546.1088146937268,5.143173564972764,54.58011280812172,496.67187545057794,49.436939243148956,0.09052580349005095,0.0
2800000.0,650000.0,0.7,463.15,573.113093576905,5.143173564972764,56.62689837181091,521.6293687700669,51.48372480683815,0.08983170230070767,1.1368683772161603e-13
2800000.0,650000.0,0.7,473.15,600.161169881034,5.143173564972764,58.60722800828889,546.6971154377179,53.46405444331613,0.08908282829079722,0.0
2800000.0,650000.0,0.7,483.15,627.3208886393022,5.143173564972764,60.53327546751546,571.9307867367595,55.390101902542696,0.08829628170470659,1.1368683772161603e-13
2800000.0,650000.0,0.7,493.15,654.6400397582031,5.143173564972764,62.414086173551155,597.3691271496247,57.27091260857839,0.08748458562010948,1.1368683772161603e-13
2800000.0,650000.0,0.7,503.15,682.1530369216712,5.143173564972764,64.25658722690284,623.039623259741,59.113413661930075,0.0866571142579518,1.1368683772161603e-13
2800000.0,650000.0,0.7,513.15,709.8850208808293,5.143173564972764,66.06621408582863,648.9619803599735,60.92304052085587,0.08582099738526983,0.0
2800000.0,650000.0,0.7,523.15,737.8545051457039,5.143173564972764,67.8473181058648,675.1503606048118,62.70414454089204,0.0849817194360152,1.1368683772161603e-13
2800000.0,650000.0,0.7,533.15,766.0751491967051,5.143173564972764,69.60344181411178,701.614880947566,64.460268249139,0.08414353124067668,1.1368683772161603e-13
2800000.0,650000.0,0.7,543.15,794.5569853793527,5.143173564972764,71.33751079812937,728.3626481461961,66.1943372331566,0.08330974171922084,0.0
2800000.0,650000.0,0.7,553.15,823.3072907024657,5.143173564972764,73.05197108656704,755.3984931808714,67.90879752159427,0.08248292987136412,1.1368683772161603e-13
2800000.0,650000.0,0.7,563.15,852.3312204225531,5.143173564972764,74.74888978557289,782.725504201953,69.60571622060012,0.0816651021959424,0.0
2800000.0,650000.0,0.7,573.15,881.6322774320093,5.143173564972764,76.43003028115864,810.3454207158234,71.28685671618587,0.08085781174417521,1.1368683772161603e-13
2800000.0,650000.0,0.7,583.15,911.2126657777754,5.143173564972764,78.09690942571382,838.2589299170344,72.95373586074105,0.08006224957208051,1.1368683772161603e-13
2800000.0,650000.0,0.7,593.15,941.0735607173093,5.143173564972764,79.75084170200303,866.465892580279,74.60766813703026,0.07927931593377512,0.0
2800000.0,650000.0,0.7,603.15,971.2153175614083,5.143173564972764,81.39297380337236,894.9655173230086,76.24980023839959,0.07850967634020913,1.1368683772161603e-13
2800000.0,650000.0,0.7,613.15,1001.6376349032428,5.143173564972764,83.0243120468189,923.7564964213966,77.88113848184614,0.07775380613505939,1.1368683772161603e-13
2800000.0,650000.0,0.7,623.15,1032.3396833772515,5.143173564972764,84.64574434830458,952.8371125939196,79.5025707833318,0.07701202623853694,0.0
2800000.0,650000.0,0.75,403.15,404.7326351476769,5.143173564972764,45.25083431684598,364.62497439580363,40.10766075187322,0.09909668079333145,5.684341886080802e-14
2800000.0,650000.0,0.75,413.15,435.3904114657864,5.143173564972764,48.44633366920438,392.0872513615548,43.303160104231615,0.09945823096665608,0.0
2800000.0,650000.0,0.75,423.15,464.05048491034967,5.143173564972764,51.239599693319064,417.95405878200336,46.0964261283463,0.0993349379588553,0.0
2800000.0,650000.0,0.75,433.15,491.7803102014594,5.143173564972764,53.79747185671667,443.1260119097155,48.654298291743906,0.09893502704858703,0.0
2800000.0,650000.0,0.75,443.15,519.0488604316183,5.143173564972764,56.1962567722745,467.9957772243166,51.05308320730174,0.09835891589251969,0.0
2800000.0,650000.0,0.75,453.15,546.1088146937268,5.143173564972764,58.478692294416135,492.77329596428353,53.33551872944337,0.09766463623070328,0.0
2800000.0,650000.0,0.75,463.15,573.113093576905,5.143173564972764,60.67167682694027,517.5845903149375,55.52850326196751,0.09688925952712724,1.1368683772161603e-13
2800000.0,650000.0,0.75,473.15,600.161169881034,5.143173564972764,62.793458580309526,542.5108848656972,57.65028501533676,0.09605800559667065,0.0
2800000.0,650000.0,0.75,483.15,627.3208886393022,5.143173564972764,64.85708085805224,567.6069813462227,59.71390729307948,0.09518877559234898,1.1368683772161603e-13
2800000.0,650000.0,0.75,493.15,654.6400397582031,5.143173564972764,66.87223518594773,592.9109781372281,61.72906162097497,0.09429466251984087,1.1368683772161603e-13
2800000.0,650000.0,0.75,503.15,682.1530369216712,5.143173564972764,68.8463434573959,618.4498670292479,63.70316989242314,0.0933854523024544,2.2737367544323206e-13
2800000.0,650000.0,0.75,513.15,709.8850208808293,5.143173564972764,70.78522937767359,644.2429650681286,65.64205581270082,0.09246857432102425,0.0
2800000.0,650000.0,0.75,523.15,737.8545051457039,5.143173564972764,72.69355511342664,670.3041235972499,67.55038154845387,0.09154973111550592,1.1368683772161603e-13
2800000.0,650000.0,0.75,533.15,766.0751491967051,5.143173564972764,74.5751162294054,696.6432065322724,69.43194266443263,0.09063333112585355,1.1368683772161603e-13
2800000.0,650000.0,0.75,543.15,794.5569853793527,5.143173564972764,76.43304728370998,723.2671116606155,71.28987371873721,0.08972279525640396,0.0
2800000.0,650000.0,0.75,553.15,823.3072907024657,5.143173564972764,78.26996902132174,750.1804952461166,73.12679545634897,0.08882077965561974,2.2737367544323206e-13
2800000.0,650000.0,0.75,563.15,852.3312204225531,5.143173564972764,80.0880961988282,777.3862977886977,74.94492263385543,0.0879293411271508,0.0
2800000.0,650000.0,0.75,573.15,881.6322774320093,5.143173564972764,81.88931815838419,804.8861328385979,76.74614459341142,0.08705006220615602,1.1368683772161603e-13
2800000.0,650000.0,0.75,583.15,911.2126657777754,5.143173564972764,83.67526009897888,832.6805792437693,78.53208653400611,0.08618414721767964,0.0
2800000.0,650000.0,0.75,593.15,941.0735607173093,5.143173564972764,85.44733039500332,860.7694038872787,80.30415683003055,0.08533249703542915,1.1368683772161603e-13
2800000.0,650000.0,0.75,603.15,971.2153175614083,5.143173564972764,87.20675764647056,889.1517334799104,82.0635840814978,0.08449576792873127,1.1368683772161603e-13
2800000.0,650000.0,0.75,613.15,1001.6376349032428,5.143173564972764,88.95462005016324,917.8261884180523,83.81144648519047,0.08367441833721291,0.0
2800000.0,650000.0,0.75,623.15,1032.3396833772515,5.143173564972764,90.6918689446121,946.7909879976121,85.54869537963933,0.0828687463604719,2.2737367544323206e-13
2800000.0,650000.0,0.8,403.15,404.7326351476769,5.143173564972764,48.26755660463567,361.60825210801397,43.12438303966291,0.10655029838136945,0.0
2800000.0,650000.0,0.8,413.15,435.3904114657864,5.143173564972764,51.676089247151396,388.8574957836078,46.53291568217863,0.10687629873501532,-5.684341886080802e-14
2800000.0,650000.0,0.8,423.15,464.05048491034967,5.143173564972764,54.65557300620701,414.5380854691154,49.512399441234244,0.10669614848220574,0.0
2800000.0,650000.0,0.8,433.15,491.7803102014594,5.143173564972764,57.383969980497845,439.53951378593433,52.24079641552508,0.10622791383031271,-5.684341886080802e-14
2800000.0,650000.0,0.8,443.15,519.0488604316183,5.143173564972764,59.94267389042617,464.24936010616494,54.79950032545341,0.10557676647220561,0.0
2800000.0,650000.0,0.8,453.15,546.1088146937268,5.143173564972764,62.37727178071055,488.8747164779891,57.23409821573779,0.10480346897135562,-1.1368683772161603e-13
2800000.0,650000.0,0.8,463.15,573.113093576905,5.143173564972764,64.71645528206963,513.5398118598082,59.57328171709687,0.1039468167535468,0.0
2800000.0,650000.0,0.8,473.15,600.161169881034,5.143173564972764,66.97968915233017,538.3246542936766,61.836515587357404,0.10303318290254408,0.0
2800000.0,650000.0,0.8,483.15,627.3208886393022,5.143173564972764,69.18088624858915,563.2831759556858,64.03771268361638,0.10208126947999155,1.1368683772161603e-13
2800000.0,650000.0,0.8,493.15,654.6400397582031,5.143173564972764,71.33038419834419,588.4528291248316,66.18721063337142,0.10110473941957207,1.1368683772161603e-13
2800000.0,650000.0,0.8,503.15,682.1530369216712,5.143173564972764,73.43609968788898,613.8601107987548,68.29292612291621,0.10011379034695701,2.2737367544323206e-13
2800000.0,650000.0,0.8,513.15,709.8850208808293,5.143173564972764,75.50424466951843,639.5239497762836,70.36107110454566,0.09911615125677853,0.0
2800000.0,650000.0,0.8,523.15,737.8545051457039,5.143173564972764,77.53979212098837,665.4578865896882,72.3966185560156,0.0981177427949965,1.1368683772161603e-13
2800000.0,650000.0,0.8,533.15,766.0751491967051,5.143173564972764,79.54679064469913,691.6715321169787,74.40361707972636,0.09712313101103055,0.0
2800000.0,650000.0,0.8,543.15,794.5569853793527,5.143173564972764,81.5285837692907,718.1715751750347,76.38541020431794,0.09613584879358722,1.1368683772161603e-13
2800000.0,650000.0,0.8,553.15,823.3072907024657,5.143173564972764,83.48796695607645,744.962497311362,78.34479339110368,0.09515862943987537,1.1368683772161603e-13
2800000.0,650000.0,0.8,563.15,852.3312204225531,5.143173564972764,85.4273026120835,772.0470913754424,80.28412904711072,0.09419358005835916,0.0
2800000.0,650000.0,0.8,573.15,881.6322774320093,5.143173564972764,87.34860603560996,799.4268449613721,82.20543247063719,0.09324231266813708,1.1368683772161603e-13
2800000.0,650000.0,0.8,583.15,911.2126657777754,5.143173564972764,89.25361077224417,827.102228570504,84.1104372072714,0.09230604486327901,0.0
2800000.0,650000.0,0.8,593.15,941.0735607173093,5.143173564972764,91.14381908800337,855.0729151942787,86.0006455230306,0.09138567813708293,0.0
2800000.0,650000.0,0.8,603.15,971.2153175614083,5.143173564972764,93.02054148956854,883.3379496368125,87.87736792459577,0.09048185951725318,0.0
2800000.0,650000.0,0.8,613.15,1001.6376349032428,5.143173564972764,94.88492805350735,911.8958804147081,89.74175448853458,0.08959503053936621,1.1368683772161603e-13
2800000.0,650000.0,0.8,623.15,1032.3396833772515,5.143173564972764,96.73799354091962,940.7448634013045,91.59481997594685,0.08872546648240687,2.2737367544323206e-13
2800000.0,650000.0,0.85,403.15,404.7326351476769,5.143173564972764,51.28427889242547,358.59152982022414,46.141105327452706,0.11400391596940772,5.684341886080802e-14
2800000.0,650000.0,0.85,413.15,435.3904114657864,5.143173564972764,54.90584482509829,385.6277402056609,49.76267126012553,0.1142943665033743,-5.684341886080802e-14
2800000.0,650000.0,0.85,423.15,464.05048491034967,5.143173564972764,58.07154631909495,411.12211215622744,52.92837275412219,0.11405735900555619,0.0
2800000.0,650000.0,0.85,433.15,491.7803102014594,5.143173564972764,60.97046810427902,435.9530156621531,55.82729453930626,0.1135208006120384,0.0
2800000.0,650000.0,0.85,443.15,519.0488604316183,5.143173564972764,63.68909100857785,460.5029429880133,58.545917443605084,0.11279461705189153,0.0
2800000.0,650000.0,0.85,453.15,546.1088146937268,5.143173564972764,66.27585126700497,484.97613699169466,61.132677702032204,0.11194230171200795,0.0
2800000.0,650000.0,0.85,463.15,573.113093576905,5.143173564972764,68.76123373719898,509.4950334046788,63.618060172226215,0.11100437397996635,1.1368683772161603e-13
2800000.0,650000.0,0.85,473.15,600.161169881034,5.143173564972764,71.1659197243508,534.138423721656,66.02274615937803,0.11000836020841749,0.0
2800000.0,650000.0,0.85,483.15,627.3208886393022,5.143173564972764,73.50469163912592,558.959370565149,68.36151807415315,0.10897376336763392,1.1368683772161603e-13
2800000.0,650000.0,0.85,493.15,654.6400397582031,5.143173564972764,75.78853321074078,583.994680112435,70.64535964576801,0.10791481631930347,1.1368683772161603e-13
2800000.0,650000.0,0.85,503.15,682.1530369216712,5.143173564972764,78.02585591838195,609.2703545682618,72.88268235340918,0.10684212839145947,2.2737367544323206e-13
2800000.0,650000.0,0.85,513.15,709.8850208808293,5.143173564972764,80.22325996136328,634.8049344844388,75.08008639639051,0.10576372819253281,0.0
2800000.0,650000.0,0.85,523.15,737.8545051457039,5.143173564972764,82.3860291285502,660.6116495821265,77.24285556357744,0.10468575447448723,1.1368683772161603e-13
2800000.0,650000.0,0.85,533.15,766.0751491967051,5.143173564972764,84.51846505999286,686.6998577016849,79.3752914950201,0.10361293089620756,1.1368683772161603e-13
2800000.0,650000.0,0.85,543.15,794.5569853793527,5.143173564972764,86.62412025487143,713.076038689454,81.48094668989866,0.10254890233077046,1.1368683772161603e-13
2800000.0,650000.0,0.85,553.15,823.3072907024657,5.143173564972764,88.70596489083138,739.744499376607,83.56279132585861,0.10149647922413127,1.1368683772161603e-13
2800000.0,650000.0,0.85,563.15,852.3312204225531,5.143173564972764,90.76650902533858,766.7078849621872,85.62333546036581,0.10045781898956728,1.1368683772161603e-13
2800000.0,650000.0,0.85,573.15,881.6322774320093,5.143173564972764,92.80789391283551,793.9675570841465,87.66472034786274,0.09943456313011789,1.1368683772161603e-13
2800000.0,650000.0,0.85,583.15,911.2126657777754,5.143173564972764,94.83196144550945,821.5238778972387,89.68878788053668,0.09842794250887836,1.1368683772161603e-13
2800000.0,650000.0,0.85,593.15,941.0735607173093,5.143173564972764,96.84030778100365,849.3764265012784,91.69713421603088,0.09743885923873695,1.1368683772161603e-13
2800000.0,650000.0,0.85,603.15,971.2153175614083,5.143173564972764,98.83432533266651,877.5241657937145,93.69115176769374,0.09646795110577507,1.1368683772161603e-13
2800000.0,650000.0,0.85,613.15,1001.6376349032428,5.143173564972764,100.81523605685169,905.9655724113638,95.67206249187892,0.09551564274151973,0.0
2800000.0,650000.0,0.85,623.15,1032.3396833772515,5.143173564972764,102.78411813722714,934.6987388049971,97.64094457225437,0.09458218660434184,0.0
2800000.0,650000.0,0.9,403.15,404.7326351476769,5.143173564972764,54.30100118021516,355.5748075324345,49.1578276152424,0.12145753355744571,0.0
2800000.0,650000.0,0.9,413.15,435.3904114657864,5.143173564972764,58.1356004030453,382.3979846277139,52.99242683807254,0.1217124342717335,-5.684341886080802e-14
2800000.0,650000.0,0.9,423.15,464.05048491034967,5.143173564972764,61.4875196319829,407.70613884333955,56.344346067010136,0.12141856952890664,0.0
2800000.0,650000.0,0.9,433.15,491.7803102014594,5.143173564972764,64.55696622806008,432.3665175383721,59.413792663087314,0.12081368739376382,0.0
2800000.0,650000.0,0.9,443.15,519.0488604316183,5.143173564972764,67.43550812672952,456.7565258698616,62.29233456175675,0.12001246763157744,0.0
2800000.0,650000.0,0.9,453.15,546.1088146937268,5.143173564972764,70.17443075329939,481.07755750540025,65.03125718832662,0.11908113445266028,0.0
2800000.0,650000.0,0.9,463.15,573.113093576905,5.143173564972764,72.80601219232834,505.45025494954945,67.66283862735557,0.1180619312063859,1.1368683772161603e-13
2800000.0,650000.0,0.9,473.15,600.161169881034,5.143173564972764,75.35215029637143,529.9521931496354,70.20897673139866,0.11698353751429093,0.0
2800000.0,650000.0,0.9,483.15,627.3208886393022,5.143173564972764,77.82849702966271,554.6355651746122,72.68532346468994,0.11586625725527633,1.1368683772161603e-13
2800000.0,650000.0,0.9,493.15,654.6400397582031,5.143173564972764,80.24668222313724,579.5365311000386,75.10350865816447,0.11472489321903469,1.1368683772161603e-13
2800000.0,650000.0,0.9,503.15,682.1530369216712,5.143173564972764,82.61561214887502,604.6805983377689,77.47243858390225,0.11357046643596207,1.1368683772161603e-13
2800000.0,650000.0,0.9,513.15,709.8850208808293,5.143173564972764,84.94227525320824,630.0859191925939,79.79910168823547,0.11241130512828724,0.0
2800000.0,650000.0,0.9,523.15,737.8545051457039,5.143173564972764,87.23226613611192,655.7654125745647,82.08909257113915,0.11125376615397779,1.1368683772161603e-13
2800000.0,650000.0,0.9,533.15,766.0751491967051,5.143173564972764,89.49013947528658,681.7281832863912,84.34696591031381,0.11010273078138454,1.1368683772161603e-13
2800000.0,650000.0,0.9,543.15,794.5569853793527,5.143173564972764,91.71965674045205,707.9805022038734,86.57648317547928,0.1089619558679536,1.1368683772161603e-13
2800000.0,650000.0,0.9,553.15,823.3072907024657,5.143173564972764,93.92396282558609,734.5265014418524,88.78078926061332,0.1078343290083869,1.1368683772161603e-13
2800000.0,650000.0,0.9,563.15,852.3312204225531,5.143173564972764,96.10571543859388,761.3686785489319,90.9625418736211,0.10672205792077565,1.1368683772161603e-13
2800000.0,650000.0,0.9,573.15,881.6322774320093,5.143173564972764,98.26718179006106,788.508269206921,93.12400822508829,0.10562681359209869,1.1368683772161603e-13
2800000.0,650000.0,0.9,583.15,911.2126657777754,5.143173564972764,100.41031211877474,815.9455272239734,95.26713855380197,0.10454984015447774,1.1368683772161603e-13
2800000.0,650000.0,0.9,593.15,941.0735607173093,5.143173564972764,102.53679647400394,843.6799378082782,97.39362290903117,0.10349204034039099,0.0
2800000.0,650000.0,0.9,603.15,971.2153175614083,5.143173564972764,104.64810917576472,871.7103819506162,99.50493561079195,0.10245404269429721,1.1368683772161603e-13
2800000.0,650000.0,0.9,613.15,1001.6376349032428,5.143173564972764,106.7455440601958,900.0352644080198,101.60237049522303,0.10143625494367303,0.0
2800000.0,650000.0,0.9,623.15,1032.3396833772515,5.143173564972764,108.83024273353442,928.6526142086898,103.68706916856165,0.10043890672627658,0.0
2800000.0,700000.0,0.7,403.15,396.96882911457675,5.064217775880533,39.97099541370385,362.0620514767534,34.90677763782331,0.08793329621290794,0.0
2800000.0,700000.0,0.7,413.15,427.62660543268635,5.064217775880533,42.829402768791766,389.8614204397751,37.76518499291123,0.08831345971726713,5.684341886080802e-14
2800000.0,700000.0,0.7,423.15,456.2866788772495,5.064217775880533,45.325156825498325,416.02573982763175,40.26093904961779,0.08823606060270019,0.0
2800000.0,700000.0,0.7,433.15,484.0165041683593,5.064217775880533,47.60866762841714,441.4720543158227,42.5444498525366,0.08789875858807085,0.0
2800000.0,700000.0,0.7,443.15,511.28505439851824,5.064217775880533,49.74872774430667,466.6005444300921,44.684509968426134,0.08739647205411376,0.0
2800000.0,700000.0,0.7,453.15,538.3450086606268,5.064217775880533,51.78387044878036,491.62535598772695,46.71965267289983,0.086783850358594,0.0
2800000.0,700000.0,0.7,463.15,565.3492875438048,5.064217775880533,53.73835105015291,516.6751542695325,48.67413327427237,0.08609568340616501,-1.1368683772161603e-13
2800000.0,700000.0,0.7,473.15,592.3973638479339,5.064217775880533,55.62862566460704,541.8329559592074,50.56440788872651,0.08535555857352903,-1.1368683772161603e-13
2800000.0,700000.0,0.7,483.15,619.557082606202,5.064217775880533,57.46645665217296,567.1548437299097,52.40223887629242,0.08458016274442288,-1.1368683772161603e-13
2800000.0,700000.0,0.7,493.15,646.8762337251029,5.064217775880533,59.260583524683256,592.6798679763002,54.19636574880272,0.08378166165837846,-1.1368683772161603e-13
2800000.0,700000.0,0.7,503.15,674.3892308885709,5.064217775880533,61.01769887148717,618.4357497929643,55.953481095606634,0.08296912010573285,-1.1368683772161603e-13
2800000.0,700000.0,0.7,513.15,702.1212148477293,5.064217775880533,62.74305393235281,644.442378691257,57.67883615647227,0.08214939947225668,0.0
2800000.0,700000.0,0.7,523.15,730.0906991126037,5.064217775880533,64.44085241367843,670.7140644748058,59.37663463779789,0.08132775107252817,0.0
2800000.0,700000.0,0.7,533.15,758.3113431636049,5.064217775880533,66.1145164941497,697.2610444453358,61.05029871826916,0.0805082229992406,-1.1368683772161603e-13
2800000.0,700000.0,0.7,543.15,786.7931793462525,5.064217775880533,67.76687225343356,724.0905248686995,62.702654477553025,0.07969394768985255,-1.1368683772161603e-13
2800000.0,700000.0,0.7,553.15,815.5434846693654,5.064217775880533,69.40028242807789,751.2074200171681,64.33606465219735,0.07888735041305645,-1.1368683772161603e-13
2800000.0,700000.0,0.7,563.15,844.5674143894529,5.064217775880533,71.01674366001855,778.614888505315,65.95252588413801,0.07809030369922076,-1.1368683772161603e-13
2800000.0,700000.0,0.7,573.15,873.8684713989092,5.064217775880533,72.61795916677895,806.3147300080108,67.55374139089841,0.0773042438328926,-1.1368683772161603e-13
2800000.0,700000.0,0.7,583.15,903.4488597446752,5.064217775880533,74.20539400172093,834.3076835188349,69.1411762258404,0.07653026010280257,-1.1368683772161603e-13
2800000.0,700000.0,0.7,593.15,933.3097546842091,5.064217775880533,75.78031772960094,862.5936547304888,70.7160999537204,0.07576916409455896,-1.1368683772161603e-13
2800000.0,700000.0,0.7,603.15,963.4515115283081,5.064217775880533,77.34383784046327,891.1718914637254,72.27962006458273,0.07502154410441134,-1.1368683772161603e-13
2800000.0,700000.0,0.7,613.15,993.8738288701426,5.064217775880533,78.89692623726255,920.0411204087607,73.83270846138201,0.07428780828781521,-1.1368683772161603e-13
2800000.0,700000.0,0.7,623.15,1024.5758773441512,5.064217775880533,80.44044046847452,949.1996546515574,75.37622269259398,0.07356821916204005,-2.2737367544323206e-13
2800000.0,700000.0,0.75,403.15,396.96882911457675,5.064217775880533,42.82606651468261,359.20698037577466,37.76184873880207,0.09512547577861058,0.0
2800000.0,700000.0,0.75,413.15,427.62660543268635,5.064217775880533,45.888645823705474,386.8021773848614,40.82442804782494,0.09546746514173848,0.0
2800000.0,700000.0,0.75,423.15,456.2866788772495,5.064217775880533,48.562668027319596,412.78822862581046,43.49845025143906,0.095331405156233,0.0
2800000.0,700000.0,0.75,433.15,484.0165041683593,5.064217775880533,51.00928674473264,438.07143519950716,45.945068968852105,0.09492459156489975,0.0
2800000.0,700000.0,0.75,443.15,511.28505439851824,5.064217775880533,53.3022082974714,463.0470638769274,48.237990521590866,0.0943465687224881,-1.1368683772161603e-13
2800000.0,700000.0,0.75,453.15,538.3450086606268,5.064217775880533,55.48271833797905,487.92650809852825,50.418500562098515,0.09365462621737129,0.0
2800000.0,700000.0,0.75,463.15,565.3492875438048,5.064217775880533,57.57680469659238,512.8367006230931,52.51258692071185,0.09288520933466822,-1.1368683772161603e-13
2800000.0,700000.0,0.75,473.15,592.3973638479339,5.064217775880533,59.602098926364675,537.8594826974497,54.53788115048414,0.09206300446077575,0.0
2800000.0,700000.0,0.75,483.15,619.557082606202,5.064217775880533,61.57120355589956,563.050096826183,56.50698578001902,0.09120545526219986,-1.1368683772161603e-13
2800000.0,700000.0,0.75,493.15,646.8762337251029,5.064217775880533,63.4934823478749,588.4469691531085,58.429264571994366,0.0903252608857238,0.0
2800000.0,700000.0,0.75,503.15,674.3892308885709,5.064217775880533,65.37610593373631,614.0773427307151,60.311888157855776,0.0894318672295363,-1.1368683772161603e-13
2800000.0,700000.0,0.75,513.15,702.1212148477293,5.064217775880533,67.22470064180659,639.9607319818032,62.160482865926056,0.08853240943503886,0.0
2800000.0,700000.0,0.75,523.15,730.0906991126037,5.064217775880533,69.0437704432269,666.1111464452573,63.97955266734637,0.08763233492100499,0.0
2800000.0,700000.0,0.75,533.15,758.3113431636049,5.064217775880533,70.83698195801757,692.5385789814678,65.77276418213704,0.0867358305728873,0.0
2800000.0,700000.0,0.75,543.15,786.7931793462525,5.064217775880533,72.60736312867876,719.2500339934543,67.54314535279822,0.08584612465618971,-1.1368683772161603e-13
2800000.0,700000.0,0.75,553.15,815.5434846693654,5.064217775880533,74.35744545865501,746.250256986591,69.29322768277447,0.08496570567401084,-1.1368683772161603e-13
2800000.0,700000.0,0.75,563.15,844.5674143894529,5.064217775880533,76.0893682071627,773.5422639581708,71.02515043128217,0.08409648445012177,-1.1368683772161603e-13
2800000.0,700000.0,0.75,573.15,873.8684713989092,5.064217775880533,77.80495625012018,801.1277329246695,72.74073847423965,0.0832399163661261,-1.1368683772161603e-13
2800000.0,700000.0,0.75,583.15,903.4488597446752,5.064217775880533,79.50577928755828,829.0072982329975,74.44156151167775,0.08239709498633466,-1.1368683772161603e-13
2800000.0,700000.0,0.75,593.15,933.3097546842091,5.064217775880533,81.19319756742962,857.1807748926601,76.12897979154909,0.08156882472240717,-1.1368683772161603e-13
2800000.0,700000.0,0.75,603.15,963.4515115283081,5.064217775880533,82.8683976862107,885.6473316179779,77.80417991033016,0.08075567787206085,-1.1368683772161603e-13
2800000.0,700000.0,0.75,613.15,993.8738288701426,5.064217775880533,84.53242096849554,914.4056256775276,79.46820319261501,0.07995803982780812,-1.1368683772161603e-13
2800000.0,700000.0,0.75,623.15,1024.5758773441512,5.064217775880533,86.1861862162226,943.4539089038093,81.12196844034206,0.07917614520714847,-2.2737367544323206e-13
2800000.0,700000.0,0.8,403.15,396.96882911457675,5.064217775880533,45.681137615661484,356.3519092747958,40.61691983978095,0.1023176553443135,0.0
2800000.0,700000.0,0.8,413.15,427.62660543268635,5.064217775880533,48.94788887861918,383.7429343299477,43.883671102738646,0.10262147056620982,5.684341886080802e-14
2800000.0,700000.0,0.8,423.15,456.2866788772495,5.064217775880533,51.80017922914098,409.5507174239891,46.735961453260444,0.10242674970976608,-5.684341886080802e-14
2800000.0,700000.0,0.8,433.15,484.0165041683593,5.064217775880533,54.409905861048145,434.67081608319165,49.34568808516761,0.10195042454172866,0.0
2800000.0,700000.0,0.8,443.15,511.28505439851824,5.064217775880533,56.85568885063624,459.4935833237625,51.791471074755705,0.10129666539086264,0.0
2800000.0,700000.0,0.8,453.15,538.3450086606268,5.064217775880533,59.181566227177626,484.22766020932966,54.11734845129709,0.10052540207614838,0.0
2800000.0,700000.0,0.8,463.15,565.3492875438048,5.064217775880533,61.415258343031866,508.9982469766536,56.35104056715133,0.09967473526317143,-1.1368683772161603e-13
2800000.0,700000.0,0.8,473.15,592.3973638479339,5.064217775880533,63.575572188122315,533.8860094356921,58.51135441224178,0.09877045034802251,-1.1368683772161603e-13
2800000.0,700000.0,0.8,483.15,619.557082606202,5.064217775880533,65.67595045962626,558.9453499224563,60.61173268374573,0.09783074777997701,-1.1368683772161603e-13
2800000.0,700000.0,0.8,493.15,646.8762337251029,5.064217775880533,67.72638117106655,584.2140703299169,62.66216339518601,0.09686886011306914,-1.1368683772161603e-13
2800000.0,700000.0,0.8,503.15,674.3892308885709,5.064217775880533,69.73451299598534,609.7189356684662,64.6702952201048,0.09589461435333961,-2.2737367544323206e-13
2800000.0,700000.0,0.8,513.15,702.1212148477293,5.064217775880533,71.70634735126025,635.4790852723495,66.64212957537971,0.09491541939782086,1.1368683772161603e-13
2800000.0,700000.0,0.8,523.15,730.0906991126037,5.064217775880533,73.6466884727754,661.5082284157089,68.58247069689486,0.09393691876948183,-1.1368683772161603e-13
2800000.0,700000.0,0.8,533.15,758.3113431636049,5.064217775880533,75.55944742188532,687.8161135176001,70.49522964600479,0.09296343814653385,-1.1368683772161603e-13
2800000.0,700000.0,0.8,543.15,786.7931793462525,5.064217775880533,77.44785400392406,714.409543118209,72.38363622804353,0.09199830162252702,0.0
2800000.0,700000.0,0.8,553.15,815.5434846693654,5.064217775880533,79.3146084892319,741.2930939560141,74.25039071335136,0.09104406093496496,-1.1368683772161603e-13
2800000.0,700000.0,0.8,563.15,844.5674143894529,5.064217775880533,81.16199275430688,768.4696394110266,76.09777497842634,0.09010266520102278,-1.1368683772161603e-13
2800000.0,700000.0,0.8,573.15,873.8684713989092,5.064217775880533,82.99195333346165,795.9407358413281,77.92773555758112,0.08917558889935984,-1.1368683772161603e-13
2800000.0,700000.0,0.8,583.15,903.4488597446752,5.064217775880533,84.80616457339539,823.7069129471604,79.74194679751486,0.08826392986986649,0.0
2800000.0,700000.0,0.8,593.15,933.3097546842091,5.064217775880533,86.60607740525832,851.7678950548315,81.54185962937778,0.0873684853502554,-2.2737367544323206e-13
2800000.0,700000.0,0.8,603.15,963.4515115283081,5.064217775880533,88.39295753195812,880.1227717722305,83.32873975607758,0.08648981163971034,-1.1368683772161603e-13
2800000.0,700000.0,0.8,613.15,993.8738288701426,5.064217775880533,90.16791569972852,908.7701309462947,85.10369792384799,0.085628271367801,-1.1368683772161603e-13
2800000.0,700000.0,0.8,623.15,1024.5758773441512,5.064217775880533,91.93193196397088,937.708163156061,86.86771418809035,0.0847840712522571,-2.2737367544323206e-13
2800000.0,700000.0,0.85,403.15,396.96882911457675,5.064217775880533,48.53620871664037,353.4968381738169,43.47199094075983,0.10950983491001645,0.0
2800000.0,700000.0,0.85,413.15,427.62660543268635,5.064217775880533,52.00713193353289,380.683691275034,46.94291415765235,0.10977547599068117,0.0
2800000.0,700000.0,0.85,423.15,456.2866788772495,5.064217775880533,55.03769043096225,406.3132062221678,49.973472655081714,0.1095220942632989,0.0
2800000.0,700000.0,0.85,433.15,484.0165041683593,5.064217775880533,57.81052497736365,431.27019696687614,52.74630720148311,0.10897625751855756,5.684341886080802e-14
2800000.0,700000.0,0.85,443.15,511.28505439851824,5.064217775880533,60.40916940380097,455.9401027705978,55.34495162792044,0.10824676205923697,0.0
2800000.0,700000.0,0.85,453.15,538.3450086606268,5.064217775880533,62.880414116376194,480.5288123201311,57.81619634049566,0.10739617793492544,0.0
2800000.0,700000.0,0.85,463.15,565.3492875438048,5.064217775880533,65.25371198947146,505.159793330214,60.18949421359092,0.10646426119167483,-1.1368683772161603e-13
2800000.0,700000.0,0.85,473.15,592.3973638479339,5.064217775880533,67.54904544987996,529.9125361739344,62.48482767399942,0.10547789623526926,0.0
2800000.0,700000.0,0.85,483.15,619.557082606202,5.064217775880533,69.78069736335287,554.8406030187297,64.71647958747234,0.10445604029775399,0.0
2800000.0,700000.0,0.85,493.15,646.8762337251029,5.064217775880533,71.9592799942582,579.9811715067252,66.89506221837766,0.10341245934041449,0.0
2800000.0,700000.0,0.85,503.15,674.3892308885709,5.064217775880533,74.09292005823436,605.3605286062171,69.02870228235382,0.10235736147714287,-1.1368683772161603e-13
2800000.0,700000.0,0.85,513.15,702.1212148477293,5.064217775880533,76.18799406071403,630.9974385628958,71.1237762848335,0.10129842936060303,0.0
2800000.0,700000.0,0.85,523.15,730.0906991126037,5.064217775880533,78.24960650232387,656.9053103861604,73.18538872644334,0.10024150261795867,-1.1368683772161603e-13
2800000.0,700000.0,0.85,533.15,758.3113431636049,5.064217775880533,80.2819128857532,683.0936480537322,75.21769510987266,0.09919104572018056,0.0
2800000.0,700000.0,0.85,543.15,786.7931793462525,5.064217775880533,82.28834487916924,709.5690522429638,77.22412710328871,0.09815047858886415,-1.1368683772161603e-13
2800000.0,700000.0,0.85,553.15,815.5434846693654,5.064217775880533,84.27177151980904,736.335930925437,79.2075537439285,0.09712241619591938,-1.1368683772161603e-13
2800000.0,700000.0,0.85,563.15,844.5674143894529,5.064217775880533,86.23461730145104,763.3970148638824,81.1703995255705,0.09610884595192377,-1.1368683772161603e-13
2800000.0,700000.0,0.85,573.15,873.8684713989092,5.064217775880533,88.17895041680313,790.7537387579865,83.1147326409226,0.0951112614325936,0.0
2800000.0,700000.0,0.85,583.15,903.4488597446752,5.064217775880533,90.10654985923273,818.406527661323,85.04233208335219,0.09413076475339856,0.0
2800000.0,700000.0,0.85,593.15,933.3097546842091,5.064217775880533,92.018957243087,846.3550152170027,86.95473946720647,0.0931681459781036,-1.1368683772161603e-13
2800000.0,700000.0,0.85,603.15,963.4515115283081,5.064217775880533,93.91751737770555,874.598211926483,88.85329960182501,0.09222394540735986,0.0
2800000.0,700000.0,0.85,613.15,993.8738288701426,5.064217775880533,95.80341043096152,903.1346362150616,90.73919265508098,0.09129850290779391,-1.1368683772161603e-13
2800000.0,700000.0,0.85,623.15,1024.5758773441512,5.064217775880533,97.67767771171918,931.9624174083127,92.61345993583865,0.09039199729736574,-2.2737367544323206e-13
2800000.0,700000.0,0.9,403.15,396.96882911457675,5.064217775880533,51.39127981761924,350.64176707283804,46.32706204173871,0.11670201447571937,0.0
2800000.0,700000.0,0.9,413.15,427.62660543268635,5.064217775880533,55.0663749884466,377.62444822012026,50.00215721256606,0.11692948141515253,5.684341886080802e-14
2800000.0,700000.0,0.9,423.15,456.2866788772495,5.064217775880533,58.275201632783514,403.07569502034653,53.21098385690298,0.11661743881683169,0.0
2800000.0,700000.0,0.9,433.15,484.0165041683593,5.064217775880533,61.211144093679145,427.86957785056063,56.14692631779861,0.11600209049538646,5.684341886080802e-14
2800000.0,700000.0,0.9,443.15,511.28505439851824,5.064217775880533,63.962649956965706,452.38662221743306,58.89843218108517,0.1151968587276113,0.0
2800000.0,700000.0,0.9,453.15,538.3450086606268,5.064217775880533,66.57926200557489,476.8299644309324,61.515044229694354,0.11426695379370275,0.0
2800000.0,700000.0,0.9,463.15,565.3492875438048,5.064217775880533,69.09216563591093,501.3213396837745,64.0279478600304,0.11325378712017804,-1.1368683772161603e-13
2800000.0,700000.0,0.9,473.15,592.3973638479339,5.064217775880533,71.52251871163759,525.9390629121768,66.45830093575705,0.11218534212251599,-1.1368683772161603e-13
2800000.0,700000.0,0.9,483.15,619.557082606202,5.064217775880533,73.88544426707946,550.7358561150031,68.82122649119893,0.11108133281553095,-1.1368683772161603e-13
2800000.0,700000.0,0.9,493.15,646.8762337251029,5.064217775880533,76.19217881744996,575.7482726835335,71.12796104156942,0.10995605856776,-1.1368683772161603e-13
2800000.0,700000.0,0.9,503.15,674.3892308885709,5.064217775880533,78.4513271204835,601.002121543968,73.38710934460296,0.10882010860094635,-1.1368683772161603e-13
2800000.0,700000.0,0.9,513.15,702.1212148477293,5.064217775880533,80.66964077016782,626.515791853442,75.60542299428728,0.10768143932338521,0.0
2800000.0,700000.0,0.9,523.15,730.0906991126037,5.064217775880533,82.85252453187225,652.302392356612,77.78830675599171,0.10654608646643535,-1.1368683772161603e-13
2800000.0,700000.0,0.9,533.15,758.3113431636049,5.064217775880533,85.00437834962108,678.3711825898644,79.94016057374054,0.10541865329382728,-1.1368683772161603e-13
2800000.0,700000.0,0.9,543.15,786.7931793462525,5.064217775880533,87.12883575441455,704.7285613677185,82.06461797853402,0.10430265555520145,-1.1368683772161603e-13
2800000.0,700000.0,0.9,553.15,815.5434846693654,5.064217775880533,89.22893455038592,731.3787678948602,84.16471677450538,0.10320077145687348,-2.2737367544323206e-13
2800000.0,700000.0,0.9,563.15,844.5674143894529,5.064217775880533,91.30724184859521,758.3243903167382,86.24302407271468,0.1021150267028248,-1.1368683772161603e-13
2800000.0,700000.0,0.9,573.15,873.8684713989092,5.064217775880533,93.36594750014436,785.5667416746453,88.30172972426382,0.10104693396582708,0.0
2800000.0,700000.0,0.9,583.15,903.4488597446752,5.064217775880533,95.40693514506985,813.106142375486,90.34271736918932,0.09999759963693039,-1.1368683772161603e-13
2800000.0,700000.0,0.9,593.15,933.3097546842091,5.064217775880533,97.43183708091546,840.9421353791743,92.36761930503492,0.09896780660595159,-1.1368683772161603e-13
2800000.0,700000.0,0.9,603.15,963.4515115283081,5.064217775880533,99.44207722345274,869.0736520807359,94.3778594475722,0.09795807917500911,-1.1368683772161603e-13
2800000.0,700000.0,0.9,613.15,993.8738288701426,5.064217775880533,101.43890516219474,897.4991414838285,96.3746873863142,0.09696873444778704,-1.1368683772161603e-13
2800000.0,700000.0,0.9,623.15,1024.5758773441512,5.064217775880533,103.42342345946724,926.2166716605647,98.35920568358671,0.09599992334247415,-2.2737367544323206e-13
3000000.0,500000.0,0.7,403.15,419.04857382926326,5.8257556926494,50.312983452089014,374.5613460698237,44.48722775943961,0.10616246072123717,-5.684341886080802e-14
3000000.0,500000.0,0.7,413.15,452.8499394158689,5.8257556926494,54.36505399706354,404.31064111145474,48.53929830441414,0.10718627536314783,0.0
3000000.0,500000.0,0.7,423.15,483.0355774189941,5.8257556926494,57.72637692704401,431.1349561845995,51.900621234394606,0.1074467878985548,0.0
3000000.0,500000.0,0.7,433.15,511.7186472847881,5.8257556926494,60.741376654768715,456.8030263226688,54.91562096211931,0.10731604418464152,-1.1368683772161603e-13
3000000.0,500000.0,0.7,443.15,539.6573181537565,5.8257556926494,63.53849542049342,481.94457842591237,57.71273972784402,0.10694330973827504,1.1368683772161603e-13
3000000.0,500000.0,0.7,453.15,567.221901735608,5.8257556926494,66.1828198688163,506.86483755944107,60.357064176166894,0.10640820460473047,0.0
3000000.0,500000.0,0.7,463.15,594.6238998323626,5.8257556926494,68.7128898188736,531.7367657061383,62.887134126224204,0.10575951310391907,1.1368683772161603e-13
3000000.0,500000.0,0.7,473.15,621.9958433957859,5.8257556926494,71.15379228071554,556.6678068077197,65.32803658806614,0.10502969960604201,1.1368683772161603e-13
3000000.0,500000.0,0.7,483.15,649.4258805669807,5.8257556926494,73.5229313839837,581.7287048756464,67.69717569133431,0.10424157354528488,0.0
3000000.0,500000.0,0.7,493.15,676.975061415636,5.8257556926494,75.8329499629651,606.9678671453202,70.00719427031571,0.10341177727274366,1.1368683772161603e-13
3000000.0,500000.0,0.7,503.15,704.6868772819184,5.8257556926494,78.09335992008063,632.4192730544873,72.26760422743124,0.10255278841884792,-1.1368683772161603e-13
3000000.0,500000.0,0.7,513.15,732.5929201140414,5.8257556926494,80.31151905059849,658.1071567560921,74.4857633579491,0.10167415124125694,2.2737367544323206e-13
3000000.0,500000.0,0.7,523.15,760.716430239355,5.8257556926494,82.49324886781326,684.0489370641911,76.66749317516387,0.10078327498597722,0.0
3000000.0,500000.0,0.7,533.15,789.0746197854015,5.8257556926494,84.64324252757721,710.2571329504738,78.81748683492782,0.09988597384663468,0.0
3000000.0,500000.0,0.7,543.15,817.6802494684925,5.8257556926494,86.7653438244291,736.7406613367131,80.9395881317797,0.09898684502211219,-2.2737367544323206e-13
3000000.0,500000.0,0.7,553.15,846.5427308273257,5.8257556926494,88.86274373168499,763.5057427882901,83.03698803903559,0.0980895411598226,0.0
3000000.0,500000.0,0.7,563.15,875.6689161659484,5.8257556926494,90.9381223863496,790.5565494722482,85.11236669370021,0.09719697150648948,0.0
3000000.0,500000.0,0.7,573.15,905.0636768054103,5.8257556926494,92.99375391630339,817.8956785817563,87.167998223654,0.09631145350052006,0.0
3000000.0,500000.0,0.7,583.15,934.7303341209379,5.8257556926494,95.03158531579027,845.524504497797,89.20582962314087,0.09543482902695569,0.0
3000000.0,500000.0,0.7,593.15,964.6709859003637,5.8257556926494,97.05329679341683,873.4434447995963,91.22754110076744,0.09456855491058576,0.0
3000000.0,500000.0,0.7,603.15,994.8867568052476,5.8257556926494,99.06034863433521,901.6521638635618,93.23459294168582,0.09371377426017623,0.0
3000000.0,500000.0,0.7,613.15,1025.3779928513065,5.8257556926494,101.05401807582983,930.149730468126,95.22826238318044,0.09287137333460384,2.2737367544323206e-13
3000000.0,500000.0,0.7,623.15,1056.144413968597,5.8257556926494,103.0354286726017,958.9347409886448,97.2096729799523,0.09204202729688697,0.0
3000000.0,500000.0,0.75,403.15,419.04857382926326,5.8257556926494,53.90676798438106,370.9675615375316,48.08101229173166,0.11473851790585438,0.0
3000000.0,500000.0,0.75,413.15,452.8499394158689,5.8257556926494,58.248272139710956,400.4274229688073,52.422516447061554,0.11576134141627877,5.684341886080802e-14
3000000.0,500000.0,0.75,423.15,483.0355774189941,5.8257556926494,61.849689564689996,427.0116435469535,56.023933872040594,0.11598303829169997,0.0
3000000.0,500000.0,0.75,433.15,511.7186472847881,5.8257556926494,65.08004641582352,452.464356561614,59.254290723174115,0.11579466770965094,-1.1368683772161603e-13
3000000.0,500000.0,0.75,443.15,539.6573181537565,5.8257556926494,68.07695937910013,477.40611446730566,62.25120368645073,0.11535320951343872,1.1368683772161603e-13
3000000.0,500000.0,0.75,453.15,567.221901735608,5.8257556926494,70.91016414516035,502.137493283097,65.08440845251096,0.11474241078026627,0.0
3000000.0,500000.0,0.75,463.15,594.6238998323626,5.8257556926494,73.62095337736467,526.8287021476473,67.79519768471528,0.11401357682364974,0.0
3000000.0,500000.0,0.75,473.15,621.9958433957859,5.8257556926494,76.23620601505239,551.5853930733828,70.410450322403,0.11320083738501723,1.1368683772161603e-13
3000000.0,500000.0,0.75,483.15,649.4258805669807,5.8257556926494,78.77456933998258,576.4770669196477,72.94881364733318,0.11232815911747356,-1.1368683772161603e-13
3000000.0,500000.0,0.75,493.15,676.975061415636,5.8257556926494,81.24958924603403,601.5512278622513,75.42383355338464,0.11141301630175912,1.1368683772161603e-13
3000000.0,500000.0,0.75,503.15,704.6868772819184,5.8257556926494,83.67145705722925,626.8411759173385,77.84570136457985,0.11046849866829114,0.0
3000000.0,500000.0,0.75,513.15,732.5929201140414,5.8257556926494,86.04805612564134,652.3706196810493,80.22230043299194,0.10950460785302688,1.1368683772161603e-13
3000000.0,500000.0,0.75,523.15,760.716430239355,5.8257556926494,88.3856237869428,678.1565621450616,82.5598680942934,0.10852909811388775,0.0
3000000.0,500000.0,0.75,533.15,789.0746197854015,5.8257556926494,90.68918842240411,704.2111870556469,84.86343272975472,0.10754804501611567,0.0
3000000.0,500000.0,0.75,543.15,817.6802494684925,5.8257556926494,92.9628683833169,730.5431367778252,87.13711269066751,0.10656624364757282,-2.2737367544323206e-13
3000000.0,500000.0,0.75,553.15,846.5427308273257,5.8257556926494,95.2100825696626,757.1584039503126,89.38432687701321,0.10558749561248723,-1.1368683772161603e-13
3000000.0,500000.0,0.75,563.15,875.6689161659484,5.8257556926494,97.43370255680313,784.0609693017947,91.60794686415373,0.10461482093626476,0.0
3000000.0,500000.0,0.75,573.15,905.0636768054103,5.8257556926494,99.63616491032508,811.2532675877346,93.81040921767568,0.10365061776514652,0.0
3000000.0,500000.0,0.75,583.15,934.7303341209379,5.8257556926494,101.81955569548975,838.7365341180976,95.99380000284036,0.10269678483593582,0.0
3000000.0,500000.0,0.75,593.15,964.6709859003637,5.8257556926494,103.98567513580365,866.5110664572094,98.15991944315425,0.10175481680060887,1.1368683772161603e-13
3000000.0,500000.0,0.75,603.15,994.8867568052476,5.8257556926494,106.13608782250202,894.5764246753951,100.31033212985263,0.10082587937140337,0.0
3000000.0,500000.0,0.75,613.15,1025.3779928513065,5.8257556926494,108.27216222410347,922.9315863198524,102.44640653145407,0.09991086920695222,0.0
3000000.0,500000.0,0.75,623.15,1056.144413968597,5.8257556926494,110.39510214921599,951.5750675120305,104.56934645656659,0.09901046208598875,0.0
3000000.0,500000.0,0.8,403.15,419.04857382926326,5.8257556926494,57.50055251667311,367.37377700523956,51.67479682402371,0.12331457509047158,0.0
3000000.0,500000.0,0.8,413.15,452.8499394158689,5.8257556926494,62.13149028235837,396.5442048261599,56.30573458970897,0.12433640746940969,5.684341886080802e-14
3000000.0,500000.0,0.8,423.15,483.0355774189941,5.8257556926494,65.97300220233598,422.8883309093075,60.147246509686575,0.12451928868484512,0.0
3000000.0,500000.0,0.8,433.15,511.7186472847881,5.8257556926494,69.41871617687843,448.1256868005591,63.59296048422903,0.12427329123466059,-1.1368683772161603e-13
3000000.0,500000.0,0.8,443.15,539.6573181537565,5.8257556926494,72.61542333770672,472.86765050869906,66.78966764505732,0.12376310928860218,1.1368683772161603e-13
3000000.0,500000.0,0.8,453.15,567.221901735608,5.8257556926494,75.6375084215043,497.41014900675304,69.8117527288549,0.12307661695580185,0.0
3000000.0,500000.0,0.8,463.15,594.6238998323626,5.8257556926494,78.52901693585562,521.9206385891563,72.70326124320623,0.12226764054338021,1.1368683772161603e-13
3000000.0,500000.0,0.8,473.15,621.9958433957859,5.8257556926494,81.31861974938924,546.502979339046,75.49286405673985,0.12137197516399242,1.1368683772161603e-13
3000000.0,500000.0,0.8,483.15,649.4258805669807,5.8257556926494,84.02620729598146,571.2254289636486,78.20045160333207,0.12041474468966225,1.1368683772161603e-13
3000000.0,500000.0,0.8,493.15,676.975061415636,5.8257556926494,86.66622852910298,596.1345885791823,80.84047283645359,0.11941425533077461,1.1368683772161603e-13
3000000.0,500000.0,0.8,503.15,704.6868772819184,5.8257556926494,89.24955419437796,621.2630787801899,83.42379850172857,0.1183842089177345,0.0
3000000.0,500000.0,0.8,513.15,732.5929201140414,5.8257556926494,91.78459320068406,646.6340826060067,85.95883750803466,0.11733506446479665,0.0
3000000.0,500000.0,0.8,523.15,760.716430239355,5.8257556926494,94.27799870607234,672.264187225932,88.45224301342294,0.11627492124179829,0.0
3000000.0,500000.0,0.8,533.15,789.0746197854015,5.8257556926494,96.73513431723113,698.1652411608197,90.90937862458173,0.1152101161855968,1.1368683772161603e-13
3000000.0,500000.0,0.8,543.15,817.6802494684925,5.8257556926494,99.16039294220472,724.3456122189374,93.33463724955533,0.11414564227303349,-1.1368683772161603e-13
3000000.0,500000.0,0.8,553.15,846.5427308273257,5.8257556926494,101.55742140764009,750.8110651123351,95.7316657149907,0.1130854500651517,0.0
3000000.0,500000.0,0.8,563.15,875.6689161659484,5.8257556926494,103.92928272725665,777.5653891313411,98.10352703460725,0.11203267036604005,0.0
3000000.0,500000.0,0.8,573.15,905.0636768054103,5.8257556926494,106.27857590434654,804.6108565937132,100.45282021169714,0.11098978202977271,0.0
3000000.0,500000.0,0.8,583.15,934.7303341209379,5.8257556926494,108.607526075189,831.9485637383982,102.7817703825396,0.1099587406449157,1.1368683772161603e-13
3000000.0,500000.0,0.8,593.15,964.6709859003637,5.8257556926494,110.91805347819067,859.5786881148224,105.09229778554128,0.10894107869063221,0.0
3000000.0,500000.0,0.8,603.15,994.8867568052476,5.8257556926494,113.21182701066881,887.5006854872282,107.38607131801942,0.10793798448263052,0.0
3000000.0,500000.0,0.8,613.15,1025.3779928513065,5.8257556926494,115.49030637237686,915.713442171579,109.66455067972747,0.10695036507930036,0.0
3000000.0,500000.0,0.8,623.15,1056.144413968597,5.8257556926494,117.75477562583052,944.215394035416,111.92901993318112,0.10597889687509077,0.0
3000000.0,500000.0,0.85,403.15,419.04857382926326,5.8257556926494,61.09433704896516,363.7799924729475,55.26858135631576,0.1318906322750888,0.0
3000000.0,500000.0,0.85,413.15,452.8499394158689,5.8257556926494,66.01470842500567,392.66098668351265,60.18895273235626,0.13291147352254035,0.0
3000000.0,500000.0,0.85,423.15,483.0355774189941,5.8257556926494,70.09631483998209,418.7650182716614,64.27055914733269,0.13305553907799053,0.0
3000000.0,500000.0,0.85,433.15,511.7186472847881,5.8257556926494,73.75738593793335,443.7870170395042,67.93163024528396,0.13275191475967024,-1.1368683772161603e-13
3000000.0,500000.0,0.85,443.15,539.6573181537565,5.8257556926494,77.15388729631341,468.32918655009234,71.32813160366402,0.13217300906376583,1.1368683772161603e-13
3000000.0,500000.0,0.85,453.15,567.221901735608,5.8257556926494,80.36485269784835,492.682804730409,74.53909700519895,0.13141082313133765,0.0
3000000.0,500000.0,0.85,463.15,594.6238998323626,5.8257556926494,83.43708049434656,517.0125750306653,77.61132480169717,0.13052170426311066,1.1368683772161603e-13
3000000.0,500000.0,0.85,473.15,621.9958433957859,5.8257556926494,86.4010334837261,541.420565604709,80.5752777910767,0.12954311294296764,1.1368683772161603e-13
3000000.0,500000.0,0.85,483.15,649.4258805669807,5.8257556926494,89.27784525198024,565.9737910076499,83.45208955933084,0.12850133026185076,0.0
3000000.0,500000.0,0.85,493.15,676.975061415636,5.8257556926494,92.08286781217193,590.7179492961134,86.25711211952253,0.1274154943597901,1.1368683772161603e-13
3000000.0,500000.0,0.85,503.15,704.6868772819184,5.8257556926494,94.82765133152658,615.6849816430414,89.00189563887719,0.12629991916717773,-1.1368683772161603e-13
3000000.0,500000.0,0.85,513.15,732.5929201140414,5.8257556926494,97.52113027572679,640.897545530964,91.6953745830774,0.12516552107656645,0.0
3000000.0,500000.0,0.85,523.15,760.716430239355,5.8257556926494,100.17037362520176,666.3718123068027,94.34461793255237,0.12402074436970868,-1.1368683772161603e-13
3000000.0,500000.0,0.85,533.15,789.0746197854015,5.8257556926494,102.78108021205803,692.1192952659928,96.95532451940863,0.1228721873550778,1.1368683772161603e-13
3000000.0,500000.0,0.85,543.15,817.6802494684925,5.8257556926494,105.35791750109254,718.1480876600496,99.53216180844315,0.12172504089849415,-1.1368683772161603e-13
3000000.0,500000.0,0.85,553.15,846.5427308273257,5.8257556926494,107.9047602456176,744.4637262743577,102.0790045529682,0.12058340451781618,-1.1368683772161603e-13
3000000.0,500000.0,0.85,563.15,875.6689161659484,5.8257556926494,110.42486289771017,771.0698089608876,104.59910720506078,0.11945051979581534,1.1368683772161603e-13
3000000.0,500000.0,0.85,573.15,905.0636768054103,5.8257556926494,112.92098689836823,797.9684455996914,107.09523120571883,0.11832894629439916,0.0
3000000.0,500000.0,0.85,583.15,934.7303341209379,5.8257556926494,115.39549645488826,825.160593358699,109.56974076223887,0.11722069645389559,0.0
3000000.0,500000.0,0.85,593.15,964.6709859003637,5.8257556926494,117.85043182057771,852.6463097724353,112.02467612792832,0.11612734058065556,1.1368683772161603e-13
3000000.0,500000.0,0.85,603.15,994.8867568052476,5.8257556926494,120.28756619883562,880.4249462990614,114.46181050618623,0.11505008959385767,0.0
3000000.0,500000.0,0.85,613.15,1025.3779928513065,5.8257556926494,122.70845052065049,908.4952980233054,116.88269482800109,0.11398986095164873,0.0
3000000.0,500000.0,0.85,623.15,1056.144413968597,5.8257556926494,125.11444910244504,936.8557205588014,119.28869340979564,0.11294733166419277,0.0
3000000.0,500000.0,0.9,403.15,419.04857382926326,5.8257556926494,64.68812158125732,360.1862079406554,58.86236588860792,0.14046668945970628,-5.684341886080802e-14
3000000.0,500000.0,0.9,413.15,452.8499394158689,5.8257556926494,69.89792656765307,388.7777685408652,64.07217087500368,0.14148653957567128,0.0
3000000.0,500000.0,0.9,423.15,483.0355774189941,5.8257556926494,74.21962747762807,414.64170563401547,68.39387178497867,0.14159178947113568,-5.684341886080802e-14
3000000.0,500000.0,0.9,433.15,511.7186472847881,5.8257556926494,78.09605569898827,439.44834727844926,72.27030000633887,0.14123053828467988,-1.1368683772161603e-13
3000000.0,500000.0,0.9,443.15,539.6573181537565,5.8257556926494,81.69235125492013,463.79072259148563,75.86659556227073,0.14058290883892952,1.1368683772161603e-13
3000000.0,500000.0,0.9,453.15,567.221901735608,5.8257556926494,85.09219697419239,487.95546045406496,79.266441281543,0.1397450293068734,0.0
3000000.0,500000.0,0.9,463.15,594.6238998323626,5.8257556926494,88.34514405283763,512.1045114721743,82.51938836018823,0.13877576798284133,0.0
3000000.0,500000.0,0.9,473.15,621.9958433957859,5.8257556926494,91.48344721806282,536.3381518703725,85.65769152541343,0.13771425072194265,0.0
3000000.0,500000.0,0.9,483.15,649.4258805669807,5.8257556926494,94.52948320797913,560.722153051651,88.70372751532973,0.13658791583403948,-1.1368683772161603e-13
3000000.0,500000.0,0.9,493.15,676.975061415636,5.8257556926494,97.49950709524087,585.3013100130444,91.67375140259148,0.1354167333888056,1.1368683772161603e-13
3000000.0,500000.0,0.9,503.15,704.6868772819184,5.8257556926494,100.40574846867518,610.1068845058926,94.57999277602579,0.13421562941662094,1.1368683772161603e-13
3000000.0,500000.0,0.9,513.15,732.5929201140414,5.8257556926494,103.25766735076962,635.161008455921,97.43191165812023,0.13299597768833638,2.2737367544323206e-13
3000000.0,500000.0,0.9,523.15,760.716430239355,5.8257556926494,106.06274854433128,660.4794373876732,100.23699285168189,0.1317665674976192,-1.1368683772161603e-13
3000000.0,500000.0,0.9,533.15,789.0746197854015,5.8257556926494,108.82702610688493,686.0733493711659,103.00127041423553,0.1305342585245588,1.1368683772161603e-13
3000000.0,500000.0,0.9,543.15,817.6802494684925,5.8257556926494,111.55544205998024,711.9505631011617,105.72968636733084,0.12930443952395465,0.0
3000000.0,500000.0,0.9,553.15,846.5427308273257,5.8257556926494,114.2520990835951,738.1163874363801,108.4263433909457,0.12808135897048067,-1.1368683772161603e-13
3000000.0,500000.0,0.9,563.15,875.6689161659484,5.8257556926494,116.9204430681637,764.5742287904341,111.09468737551431,0.12686836922559064,1.1368683772161603e-13
3000000.0,500000.0,0.9,573.15,905.0636768054103,5.8257556926494,119.56339789238992,791.3260346056697,113.73764219974052,0.1256681105590256,0.0
3000000.0,500000.0,0.9,583.15,934.7303341209379,5.8257556926494,122.18346683458775,818.3726229789995,116.35771114193835,0.12448265226287573,0.0
3000000.0,500000.0,0.9,593.15,964.6709859003637,5.8257556926494,124.78281016296451,845.7139314300485,118.95705447031511,0.12331360247067867,0.0
3000000.0,500000.0,0.9,603.15,994.8867568052476,5.8257556926494,127.36330538700241,873.3492071108947,121.53754969435302,0.12216219470508481,0.0
3000000.0,500000.0,0.9,613.15,1025.3779928513065,5.8257556926494,129.9265946689241,901.2771538750318,124.10083897627472,0.12102935682399708,0.0
3000000.0,500000.0,0.9,623.15,1056.144413968597,5.8257556926494,132.47412257905933,929.4960470821871,126.64836688640993,0.11991576645329456,0.0
3000000.0,550000.0,0.7,403.15,409.94146929956406,5.760545068512438,47.46959248821693,368.2324218798596,41.7090474197045,0.10174390868767091,-5.684341886080802e-14
3000000.0,550000.0,0.7,413.15,443.7428348861697,5.760545068512438,51.35149960747803,398.1518803472041,45.5909545389656,0.1027418381880143,0.0
3000000.0,550000.0,0.7,423.15,473.9284728892949,5.760545068512438,54.56668502951867,425.12233292828864,48.80613996100624,0.102982080108968,0.0
3000000.0,550000.0,0.7,433.15,502.6115427550889,5.760545068512438,57.447494440401904,450.92459338319946,51.68694937188947,0.10283677348229014,0.0
3000000.0,550000.0,0.7,443.15,530.5502136240572,5.760545068512438,60.117901418837604,476.19285727373205,54.35735635032517,0.10245468751962897,0.0
3000000.0,550000.0,0.7,453.15,558.1147972059086,5.760545068512438,62.64073658279085,501.23460569163035,56.880191514278415,0.1019148601668292,-1.1368683772161603e-13
3000000.0,550000.0,0.7,463.15,585.5167953026632,5.760545068512438,65.053210705425,526.2241296657508,59.29266563691257,0.10126552493897842,-1.1368683772161603e-13
3000000.0,550000.0,0.7,473.15,612.8887388660866,5.760545068512438,67.3795500660803,551.2697338685189,61.61900499756786,0.10053864770230563,-2.2737367544323206e-13
3000000.0,550000.0,0.7,483.15,640.3187760372816,5.760545068512438,69.63656357171467,576.4427575340793,63.87601850320224,0.09975659139422635,1.1368683772161603e-13
3000000.0,550000.0,0.7,493.15,667.8679568859367,5.760545068512438,71.83646237529942,601.7920395791498,66.07591730678698,0.09893560040652152,-1.1368683772161603e-13
3000000.0,550000.0,0.7,503.15,695.5797727522194,5.760545068512438,73.98843387313909,627.3518839475927,68.22788880462664,0.09808779880798935,0.0
3000000.0,550000.0,0.7,513.15,723.485815584342,5.760545068512438,76.09958495186281,653.1467757009917,70.33903988335037,0.09722241731379241,0.0
3000000.0,550000.0,0.7,523.15,751.6093257096559,5.760545068512438,78.17553863525298,679.1943321429153,72.41499356674053,0.09634658736886695,0.0
3000000.0,550000.0,0.7,533.15,779.9675152557024,5.760545068512438,80.22082805065298,705.5072322735618,74.46028298214054,0.09546587713685702,1.1368683772161603e-13
3000000.0,550000.0,0.7,543.15,808.5731449387935,5.760545068512438,82.2391658944746,732.0945241128313,76.47862082596215,0.09458466596952259,0.0
3000000.0,550000.0,0.7,553.15,837.4356262976266,5.760545068512438,84.2336342693544,758.9625370967847,78.47308920084195,0.09370641364731291,0.0
3000000.0,550000.0,0.7,563.15,866.5618116362493,5.760545068512438,86.2068218339698,786.115534870792,80.44627676545736,0.09283385868753899,0.0
3000000.0,550000.0,0.7,573.15,895.9565722757112,5.760545068512438,88.16092506507994,813.5561922791437,82.4003799965675,0.09196916741988088,0.0
3000000.0,550000.0,0.7,583.15,925.6232295912388,5.760545068512438,90.09782445322489,841.2859502065263,84.33727938471245,0.09111404801493188,0.0
3000000.0,550000.0,0.7,593.15,955.5638813706646,5.760545068512438,92.01914280192251,869.3052836372545,86.25859773341007,0.09026983900823082,0.0
3000000.0,550000.0,0.7,603.15,985.7796522755485,5.760545068512438,93.926290499595,897.613906844466,88.16574543108256,0.08943757890271219,0.0
3000000.0,550000.0,0.7,613.15,1016.2708883216073,5.760545068512438,95.82050114396121,926.2109322461586,90.05995607544877,0.08861806149360893,0.0
3000000.0,550000.0,0.7,623.15,1047.037309438898,5.760545068512438,97.7028599107815,955.0949945966289,91.94231484226906,0.08781188025815477,0.0
3000000.0,550000.0,0.75,403.15,409.94146929956406,5.760545068512438,50.86027766594663,364.8417367021299,45.0997325974342,0.11001505330625051,0.0
3000000.0,550000.0,0.75,413.15,443.7428348861697,5.760545068512438,55.019463865155004,394.48391608952716,49.25891879664257,0.11100780660329675,0.0
3000000.0,550000.0,0.75,423.15,473.9284728892949,5.760545068512438,58.46430538876995,421.2247125690374,52.703760320257516,0.11120614889194178,-5.684341886080802e-14
3000000.0,550000.0,0.75,433.15,502.6115427550889,5.760545068512438,61.55088690043055,446.82120092317086,55.79034183191811,0.11100091638584486,-5.684341886080802e-14
3000000.0,550000.0,0.75,443.15,530.5502136240572,5.760545068512438,64.41203723446885,471.8987214581008,58.65149216595642,0.11054842814089659,0.0
3000000.0,550000.0,0.75,453.15,558.1147972059086,5.760545068512438,67.11507491013303,496.76026736428815,61.3545298416206,0.10993173832476744,-1.1368683772161603e-13
3000000.0,550000.0,0.75,463.15,585.5167953026632,5.760545068512438,69.69986861295533,521.5774717582204,63.93932354444289,0.10920151916631461,-1.1368683772161603e-13
3000000.0,550000.0,0.75,473.15,612.8887388660866,5.760545068512438,72.19237507080031,546.4569088637987,66.43183000228787,0.10839133726815452,0.0
3000000.0,550000.0,0.75,483.15,640.3187760372816,5.760545068512438,74.61060382683715,571.4687172789569,68.8500587583247,0.10752466011447401,0.0
3000000.0,550000.0,0.75,493.15,667.8679568859367,5.760545068512438,76.96763825924938,596.6608636951999,71.20709319073694,0.10661852010800722,-1.1368683772161603e-13
3000000.0,550000.0,0.75,503.15,695.5797727522194,5.760545068512438,79.27332200693479,622.066995813797,73.51277693842235,0.10568561625584992,0.0
3000000.0,550000.0,0.75,513.15,723.485815584342,5.760545068512438,81.53526959128153,647.711091061573,75.77472452276909,0.10473560488752315,-1.1368683772161603e-13
3000000.0,550000.0,0.75,523.15,751.6093257096559,5.760545068512438,83.75950568062824,673.61036509754,77.9989606121158,0.10377593510893521,1.1368683772161603e-13
3000000.0,550000.0,0.75,533.15,779.9675152557024,5.760545068512438,85.95088719712815,699.7771731270866,80.19034212861571,0.10281241277378883,1.1368683772161603e-13
3000000.0,550000.0,0.75,543.15,808.5731449387935,5.760545068512438,88.11339202979417,726.2202979775118,82.35284696128173,0.10184959453175456,0.0
3000000.0,550000.0,0.75,553.15,837.4356262976266,5.760545068512438,90.25032243145118,752.9458489346879,84.48977736293874,0.10089107115788129,0.0
3000000.0,550000.0,0.75,563.15,866.5618116362493,5.760545068512438,92.36445196496766,779.9579047397941,86.60390689645521,0.09993967623951601,0.0
3000000.0,550000.0,0.75,573.15,895.9565722757112,5.760545068512438,94.45813399829994,807.2589833459238,88.6975889297875,0.0989976430492579,0.0
3000000.0,550000.0,0.75,583.15,925.6232295912388,5.760545068512438,96.53338334274106,834.8503913170101,90.77283827422862,0.09806672452928228,0.0
3000000.0,550000.0,0.75,593.15,955.5638813706646,5.760545068512438,98.59193871634547,862.7324877228316,92.83139364783302,0.09714828642819286,0.0
3000000.0,550000.0,0.75,603.15,985.7796522755485,5.760545068512438,100.63531124956603,890.9048860944949,94.87476618105359,0.09624338051819907,0.0
3000000.0,550000.0,0.75,613.15,1016.2708883216073,5.760545068512438,102.66482265424402,919.3666107358758,96.90427758573158,0.0953528027805372,-1.1368683772161603e-13
3000000.0,550000.0,0.75,623.15,1047.037309438898,5.760545068512438,104.68163561869459,948.1162188887158,98.92109055018214,0.0944771400774567,0.0
3000000.0,550000.0,0.8,403.15,409.94146929956406,5.760545068512438,54.25096284367645,361.45105152440004,48.49041777516401,0.11828619792483037,0.0
3000000.0,550000.0,0.8,413.15,443.7428348861697,5.760545068512438,58.687428122831975,390.81595183185016,52.92688305431954,0.11927377501857919,0.0
3000000.0,550000.0,0.8,423.15,473.9284728892949,5.760545068512438,62.36192574802134,417.327092209786,56.60138067950891,0.11943021767491577,0.0
3000000.0,550000.0,0.8,433.15,502.6115427550889,5.760545068512438,65.6542793604593,442.7178084631421,59.89373429194686,0.11916505928939979,-5.684341886080802e-14
3000000.0,550000.0,0.8,443.15,530.5502136240572,5.760545068512438,68.7061730501001,467.60458564246954,62.94562798158767,0.11864216876216423,0.0
3000000.0,550000.0,0.8,453.15,558.1147972059086,5.760545068512438,71.58941323747521,492.28592903694596,65.82886816896277,0.11794861648270567,-1.1368683772161603e-13
3000000.0,550000.0,0.8,463.15,585.5167953026632,5.760545068512438,74.34652652048575,516.93081385069,68.58598145197331,0.11713751339365097,-1.1368683772161603e-13
3000000.0,550000.0,0.8,473.15,612.8887388660866,5.760545068512438,77.00520007552032,541.6440838590788,71.24465500700788,0.11624402683400342,-1.1368683772161603e-13
3000000.0,550000.0,0.8,483.15,640.3187760372816,5.760545068512438,79.58464408195974,566.4946770238344,73.8240990134473,0.11529272883472184,0.0
3000000.0,550000.0,0.8,493.15,667.8679568859367,5.760545068512438,82.09881414319936,591.5296878112499,76.33826907468692,0.11430143980949295,-1.1368683772161603e-13
3000000.0,550000.0,0.8,503.15,695.5797727522194,5.760545068512438,84.55821014073048,616.7821076800013,78.79766507221804,0.11328343370371047,0.0
3000000.0,550000.0,0.8,513.15,723.485815584342,5.760545068512438,86.97095423070039,642.275406422154,81.21040916218794,0.11224879246125406,1.1368683772161603e-13
3000000.0,550000.0,0.8,523.15,751.6093257096559,5.760545068512438,89.3434727260035,668.0263980521648,83.58292765749106,0.11120528284900347,0.0
3000000.0,550000.0,0.8,533.15,779.9675152557024,5.760545068512438,91.68094634360331,694.0471139806116,85.92040127509087,0.11015894841072062,0.0
3000000.0,550000.0,0.8,543.15,808.5731449387935,5.760545068512438,93.98761816511373,720.3460718421923,88.22707309660129,0.10911452309398652,-1.1368683772161603e-13
3000000.0,550000.0,0.8,553.15,837.4356262976266,5.760545068512438,96.26701059354795,746.9291607725911,90.50646552503551,0.10807572866844967,0.0
3000000.0,550000.0,0.8,563.15,866.5618116362493,5.760545068512438,98.52208209596552,773.8002746087963,92.76153702745307,0.10704549379149302,0.0
3000000.0,550000.0,0.8,573.15,895.9565722757112,5.760545068512438,100.75534293151996,800.9617744127037,94.99479786300752,0.10602611867863494,0.0
3000000.0,550000.0,0.8,583.15,925.6232295912388,5.760545068512438,102.96894223225722,828.414832427494,97.20839716374478,0.10501940104363267,0.0
3000000.0,550000.0,0.8,593.15,955.5638813706646,5.760545068512438,105.16473463076865,856.1596918084084,99.4041895622562,0.10402673384815513,0.0
3000000.0,550000.0,0.8,603.15,985.7796522755485,5.760545068512438,107.34433199953708,884.1958653445239,101.58378693102463,0.10304918213368598,0.0
3000000.0,550000.0,0.8,613.15,1016.2708883216073,5.760545068512438,109.50914416452707,912.5222892255928,103.74859909601463,0.10208754406746573,-1.1368683772161603e-13
3000000.0,550000.0,0.8,623.15,1047.037309438898,5.760545068512438,111.66041132660746,941.137443180803,105.89986625809502,0.10114239989675841,0.0
3000000.0,550000.0,0.85,403.15,409.94146929956406,5.760545068512438,57.64164802140626,358.06036634667026,51.881102952893826,0.12655734254341025,0.0
3000000.0,550000.0,0.85,413.15,443.7428348861697,5.760545068512438,62.355392380508945,387.1479875741732,56.59484731199651,0.12753974343386162,0.0
3000000.0,550000.0,0.85,423.15,473.9284728892949,5.760545068512438,66.25954610727274,413.4294718505346,60.499001038760305,0.1276542864578898,0.0
3000000.0,550000.0,0.85,433.15,502.6115427550889,5.760545068512438,69.75767182048794,438.61441600311343,63.99712675197551,0.1273292021929545,0.0
3000000.0,550000.0,0.85,443.15,530.5502136240572,5.760545068512438,73.00030886573136,463.3104498268383,67.23976379721891,0.12673590938343185,0.0
3000000.0,550000.0,0.85,453.15,558.1147972059086,5.760545068512438,76.06375156481738,487.8115907096038,70.30320649630494,0.12596549464064388,-1.1368683772161603e-13
3000000.0,550000.0,0.85,463.15,585.5167953026632,5.760545068512438,78.99318442801608,512.2841559431597,73.23263935950364,0.12507350762098718,-1.1368683772161603e-13
3000000.0,550000.0,0.85,473.15,612.8887388660866,5.760545068512438,81.81802508024033,536.8312588543587,76.05748001172789,0.12409671639985231,0.0
3000000.0,550000.0,0.85,483.15,640.3187760372816,5.760545068512438,84.5586843370822,561.5206367687117,78.79813926856976,0.12306079755496947,1.1368683772161603e-13
3000000.0,550000.0,0.85,493.15,667.8679568859367,5.760545068512438,87.22999002714933,586.3985119272999,81.46944495863688,0.12198435951097865,-1.1368683772161603e-13
3000000.0,550000.0,0.85,503.15,695.5797727522194,5.760545068512438,89.84309827452607,611.4972195462055,84.08255320601363,0.12088125115157088,2.2737367544323206e-13
3000000.0,550000.0,0.85,513.15,723.485815584342,5.760545068512438,92.40663887011911,636.8397217827353,86.64609380160667,0.1197619800349848,1.1368683772161603e-13
3000000.0,550000.0,0.85,523.15,751.6093257096559,5.760545068512438,94.92743977137864,662.4424310067897,89.1668947028662,0.11863463058907157,0.0
3000000.0,550000.0,0.85,533.15,779.9675152557024,5.760545068512438,97.4110054900786,688.3170548341362,91.65046042156615,0.11750548404765257,1.1368683772161603e-13
3000000.0,550000.0,0.85,543.15,808.5731449387935,5.760545068512438,99.86184430043342,714.4718457068724,94.10129923192098,0.11637945165621863,1.1368683772161603e-13
3000000.0,550000.0,0.85,553.15,837.4356262976266,5.760545068512438,102.28369875564472,740.9124726104943,96.52315368713228,0.11526038617901804,0.0
3000000.0,550000.0,0.85,563.15,866.5618116362493,5.760545068512438,104.67971222696337,767.6426444777984,98.91916715845093,0.11415131134347004,0.0
3000000.0,550000.0,0.85,573.15,895.9565722757112,5.760545068512438,107.05255186473997,794.6645654794837,101.29200679622753,0.11305459430801196,0.0
3000000.0,550000.0,0.85,583.15,925.6232295912388,5.760545068512438,109.40450112177315,821.9792735379781,103.64395605326071,0.1119720775579828,0.0
3000000.0,550000.0,0.85,593.15,955.5638813706646,5.760545068512438,111.7375305451916,849.5868958939855,105.97698547667916,0.11090518126811716,0.0
3000000.0,550000.0,0.85,603.15,985.7796522755485,5.760545068512438,114.05335274950833,877.4868445945526,108.29280768099589,0.1098549837491731,0.0
3000000.0,550000.0,0.85,613.15,1016.2708883216073,5.760545068512438,116.35346567480988,905.6779677153099,110.59292060629744,0.108822285354394,0.0
3000000.0,550000.0,0.85,623.15,1047.037309438898,5.760545068512438,118.63918703452056,934.1586674728899,112.87864196600812,0.10780765971606036,0.0
3000000.0,550000.0,0.9,403.15,409.94146929956406,5.760545068512438,61.032333199136076,354.66968116894043,55.27178813062364,0.1348284871619901,0.0
3000000.0,550000.0,0.9,413.15,443.7428348861697,5.760545068512438,66.02335663818592,383.4800233164962,60.26281156967348,0.13580571184914408,0.0
3000000.0,550000.0,0.9,423.15,473.9284728892949,5.760545068512438,70.157166466524,409.53185149128336,64.39662139801156,0.1358783552408635,-5.684341886080802e-14
3000000.0,550000.0,0.9,433.15,502.6115427550889,5.760545068512438,73.8610642805167,434.51102354308466,68.10051921200426,0.1354933450965094,0.0
3000000.0,550000.0,0.9,443.15,530.5502136240572,5.760545068512438,77.29444468136259,459.01631401120704,71.53389961285015,0.13482965000469943,0.0
3000000.0,550000.0,0.9,453.15,558.1147972059086,5.760545068512438,80.53808989215968,483.3372523822615,74.77754482364723,0.13398237279858233,-1.1368683772161603e-13
3000000.0,550000.0,0.9,463.15,585.5167953026632,5.760545068512438,83.63984233554639,507.63749803562933,77.87929726703395,0.13300950184832336,0.0
3000000.0,550000.0,0.9,473.15,612.8887388660866,5.760545068512438,86.63085008496034,532.0184338496388,80.8703050164479,0.13194940596570123,-1.1368683772161603e-13
3000000.0,550000.0,0.9,483.15,640.3187760372816,5.760545068512438,89.53272459220467,556.5465965135894,83.77217952369223,0.13082886627521714,0.0
3000000.0,550000.0,0.9,493.15,667.8679568859367,5.760545068512438,92.36116591109929,581.2673360433499,86.60062084258685,0.12966727921246435,-1.1368683772161603e-13
3000000.0,550000.0,0.9,503.15,695.5797727522194,5.760545068512438,95.12798640832177,606.2123314124099,89.36744133980933,0.12847906859943145,1.1368683772161603e-13
3000000.0,550000.0,0.9,513.15,723.485815584342,5.760545068512438,97.84232350953785,631.4040371433166,92.0817784410254,0.12727516760871554,0.0
3000000.0,550000.0,0.9,523.15,751.6093257096559,5.760545068512438,100.5114068167539,656.8584639614143,94.75086174824146,0.12606397832913985,1.1368683772161603e-13
3000000.0,550000.0,0.9,533.15,779.9675152557024,5.760545068512438,103.14106463655375,682.586995687661,97.38051956804131,0.12485201968458436,1.1368683772161603e-13
3000000.0,550000.0,0.9,543.15,808.5731449387935,5.760545068512438,105.73607043575298,708.5976195715529,99.97552536724054,0.12364438021845059,1.1368683772161603e-13
3000000.0,550000.0,0.9,553.15,837.4356262976266,5.760545068512438,108.3003869177415,734.8957844483975,102.53984184922906,0.12244504368958642,0.0
3000000.0,550000.0,0.9,563.15,866.5618116362493,5.760545068512438,110.83734235796123,761.4850143468005,105.07679728944879,0.12125712889544704,0.0
3000000.0,550000.0,0.9,573.15,895.9565722757112,5.760545068512438,113.34976079795999,788.3673565462636,107.58921572944755,0.12008306993738899,0.0
3000000.0,550000.0,0.9,583.15,925.6232295912388,5.760545068512438,115.84006001128931,815.5437146484619,110.07951494277687,0.11892475407233319,0.0
3000000.0,550000.0,0.9,593.15,955.5638813706646,5.760545068512438,118.31032645961456,843.0140999795625,112.54978139110212,0.11778362868807919,0.0
3000000.0,550000.0,0.9,603.15,985.7796522755485,5.760545068512438,120.76237349947938,870.7778238445816,115.00182843096694,0.11666078536466,0.0
3000000.0,550000.0,0.9,613.15,1016.2708883216073,5.760545068512438,123.19778718509292,898.8336462050269,117.43724211658048,0.11555702664132252,0.0
3000000.0,550000.0,0.9,623.15,1047.037309438898,5.760545068512438,125.61796274243342,927.179891764977,119.85741767392098,0.11447291953536207,0.0
3000000.0,600000.0,0.7,403.15,401.34843016413066,5.691666423086775,44.873738598430876,362.16635798878656,39.1820721753441,0.09762607557558073,0.0
3000000.0,600000.0,0.7,413.15,435.14979575073625,5.691666423086775,48.598108878425556,392.24335329539747,42.906442455338784,0.09860154566156933,0.0
3000000.0,600000.0,0.7,423.15,465.3354337538615,5.691666423086775,51.67822708597267,419.3488730909756,45.9865606628859,0.0988245410239067,0.0
3000000.0,600000.0,0.7,433.15,494.0185036196555,5.691666423086775,54.43516516045749,445.2750048822848,48.743498737370714,0.09866735432019019,0.0
3000000.0,600000.0,0.7,443.15,521.9571744886238,5.691666423086775,56.98871562319598,470.66012528851456,51.29704920010921,0.09827827206392245,0.0
3000000.0,600000.0,0.7,453.15,549.5217580704754,5.691666423086775,59.399597000810786,495.8138274927513,53.707930577724014,0.09773576712650575,0.0
3000000.0,600000.0,0.7,463.15,576.9237561672298,5.691666423086775,61.70377542643936,520.9116471638773,56.012109003352585,0.09708754129916025,-1.1368683772161603e-13
3000000.0,600000.0,0.7,473.15,604.2956997306532,5.691666423086775,63.9246703967707,546.0626957569692,58.23300397368393,0.09636508086958018,0.0
3000000.0,600000.0,0.7,483.15,631.7257369018481,5.691666423086775,66.07853237706655,571.3388709478684,60.38686595397978,0.09559032096766092,0.0
3000000.0,600000.0,0.7,493.15,659.2749177505033,5.691666423086775,68.17716722852946,596.7894169450606,62.48550080544268,0.09477912646616075,0.0
3000000.0,600000.0,0.7,503.15,686.9867336167858,5.691666423086775,70.22945752104768,622.448942518825,64.5377910979609,0.09394328585966742,-1.1368683772161603e-13
3000000.0,600000.0,0.7,513.15,714.8927764489086,5.691666423086775,72.24227435159555,648.3421685203998,66.55060792850878,0.0930917336430311,0.0
3000000.0,600000.0,0.7,523.15,743.0162865742224,5.691666423086775,74.2210541512298,674.4868988460794,68.52938772814302,0.09223133996713193,0.0
3000000.0,600000.0,0.7,533.15,771.3744761202689,5.691666423086775,76.17017956842703,700.8959629749287,70.47851314534026,0.09136744256800065,0.0
3000000.0,600000.0,0.7,543.15,799.98010580336,5.691666423086775,78.09323999716574,727.578532229281,72.40157357407897,0.0905042176034759,0.0
3000000.0,600000.0,0.7,553.15,828.8425871621931,5.691666423086775,79.99321512529137,754.5410384599885,74.3015487022046,0.08964494567852702,0.0
3000000.0,600000.0,0.7,563.15,857.9687725008158,5.691666423086775,81.8726075458075,781.7878313780951,76.18094112272072,0.08879220732086526,0.0
3000000.0,600000.0,0.7,573.15,887.3635331402777,5.691666423086775,83.73354067089758,809.3216588924669,78.04187424781081,0.08794802956532322,0.0
3000000.0,600000.0,0.7,583.15,917.0301904558053,5.691666423086775,85.57783240996767,837.1440244689244,79.8861659868809,0.08711399779234517,0.0
3000000.0,600000.0,0.7,593.15,946.9708422352311,5.691666423086775,87.40705154326349,865.2554571150544,81.71538512017672,0.08629134232612234,0.0
3000000.0,600000.0,0.7,603.15,977.186613140115,5.691666423086775,89.22256149867317,893.6557180645286,83.5308950755864,0.08548100634244897,0.0
3000000.0,600000.0,0.7,613.15,1007.6778491861738,5.691666423086775,91.02555479942751,922.3439608098331,85.33388837634074,0.08468369970150534,0.0
3000000.0,600000.0,0.7,623.15,1038.4442703034645,5.691666423086775,92.8170804954255,951.3188562311258,87.12541407233873,0.08389994202277035,0.0
3000000.0,600000.0,0.75,403.15,401.34843016413066,5.691666423086775,48.0790056411759,358.9610909460415,42.387339218089124,0.10561232094705068,0.0
3000000.0,600000.0,0.75,413.15,435.14979575073625,5.691666423086775,52.06940236974158,388.77205980408144,46.37773594665481,0.10657878367297002,0.0
3000000.0,600000.0,0.75,423.15,465.3354337538615,5.691666423086775,55.36952902068501,415.65757115626326,49.677862597598235,0.10675710249882941,0.0
3000000.0,600000.0,0.75,433.15,494.0185036196555,5.691666423086775,58.32339124334732,441.38677879939496,52.631724820260544,0.10653796251482449,0.0
3000000.0,600000.0,0.75,443.15,521.9571744886238,5.691666423086775,61.059338167709996,466.5895027440005,55.36767174462322,0.10607703936413654,0.0
3000000.0,600000.0,0.75,453.15,549.5217580704754,5.691666423086775,63.64242535801162,491.57099913555044,57.95075893492485,0.10545671410428985,0.0
3000000.0,600000.0,0.75,463.15,576.9237561672298,5.691666423086775,66.11118795689929,516.5042346334174,60.419521533812514,0.1047270473575351,0.0
3000000.0,600000.0,0.75,473.15,604.2956997306532,5.691666423086775,68.49071828225429,541.4966478714857,62.79905185916752,0.10392106362358416,-1.1368683772161603e-13
3000000.0,600000.0,0.75,483.15,631.7257369018481,5.691666423086775,70.79842754685704,566.6189757780778,65.10676112377027,0.10306175183406525,0.0
3000000.0,600000.0,0.75,493.15,659.2749177505033,5.691666423086775,73.04696488771017,591.9196192858799,67.3552984646234,0.10216572275257317,0.0
3000000.0,600000.0,0.75,503.15,686.9867336167858,5.691666423086775,75.24584734397963,617.432552695893,69.55418092089286,0.1012453043375529,-1.1368683772161603e-13
3000000.0,600000.0,0.75,513.15,714.8927764489086,5.691666423086775,77.40243680528097,643.1820060667144,71.7107703821942,0.10030982651468875,0.0
3000000.0,600000.0,0.75,523.15,743.0162865742224,5.691666423086775,79.52255801917472,669.1853949781345,73.83089159608795,0.09936645122073343,-1.1368683772161603e-13
3000000.0,600000.0,0.75,533.15,771.3744761202689,5.691666423086775,81.61090668045753,695.4552358628981,75.91924025737076,0.09842073157413339,0.0
3000000.0,600000.0,0.75,543.15,799.98010580336,5.691666423086775,83.67132856839186,722.0004436580549,77.97966214530508,0.09747700171493136,-1.1368683772161603e-13
3000000.0,600000.0,0.75,553.15,828.8425871621931,5.691666423086775,85.70701620566915,748.8272373796108,80.01534978258238,0.09653865646134381,0.0
3000000.0,600000.0,0.75,563.15,857.9687725008158,5.691666423086775,87.72065094193677,775.9397879819658,82.02898451885,0.095608356793396,0.0
3000000.0,600000.0,0.75,573.15,887.3635331402777,5.691666423086775,89.71450786167615,803.3406917016883,84.02284143858938,0.0946881839298063,0.0
3000000.0,600000.0,0.75,583.15,917.0301904558053,5.691666423086775,91.69053472496523,831.0313221539268,85.99886830187846,0.09377975686834601,0.0
3000000.0,600000.0,0.75,593.15,946.9708422352311,5.691666423086775,93.65041236778232,859.0120962905355,87.95874594469555,0.09288432338326028,0.0
3000000.0,600000.0,0.75,603.15,977.186613140115,5.691666423086775,95.59560160572128,887.2826779574806,89.90393518263451,0.09200283136681031,-1.1368683772161603e-13
3000000.0,600000.0,0.75,613.15,1007.6778491861738,5.691666423086775,97.52738014224357,915.8421354670171,91.8357137191568,0.09113598536806744,-1.1368683772161603e-13
3000000.0,600000.0,0.75,623.15,1038.4442703034645,5.691666423086775,99.44687195938454,944.6890647671668,93.75520553629777,0.0902842918175086,0.0
3000000.0,600000.0,0.8,403.15,401.34843016413066,5.691666423086775,51.28427268392104,355.7558239032964,45.592606260834266,0.11359856631852094,0.0
3000000.0,600000.0,0.8,413.15,435.14979575073625,5.691666423086775,55.54069586105773,385.3007663127653,49.849029437970955,0.11455602168437101,0.0
3000000.0,600000.0,0.8,423.15,465.3354337538615,5.691666423086775,59.060830955397336,411.9662692215509,53.36916453231056,0.11468966397375212,0.0
3000000.0,600000.0,0.8,433.15,494.0185036196555,5.691666423086775,62.211617326237146,437.4985527165051,56.519950903150374,0.11440857070945877,0.0
3000000.0,600000.0,0.8,443.15,521.9571744886238,5.691666423086775,65.12996071222402,462.5188801994865,59.43829428913725,0.11387580666435063,0.0
3000000.0,600000.0,0.8,453.15,549.5217580704754,5.691666423086775,67.88525371521234,487.3281707783497,62.19358729212557,0.11317766108207372,0.0
3000000.0,600000.0,0.8,463.15,576.9237561672298,5.691666423086775,70.51860048735922,512.0968221029574,64.82693406427245,0.11236655341590997,0.0
3000000.0,600000.0,0.8,473.15,604.2956997306532,5.691666423086775,73.05676616773789,536.9305999860021,67.36509974465112,0.11147704637758818,-1.1368683772161603e-13
3000000.0,600000.0,0.8,483.15,631.7257369018481,5.691666423086775,75.51832271664753,561.8990806082874,69.82665629356076,0.11053318270046959,0.0
3000000.0,600000.0,0.8,493.15,659.2749177505033,5.691666423086775,77.91676254689077,587.0498216266993,72.225096123804,0.1095523190389854,0.0
3000000.0,600000.0,0.8,503.15,686.9867336167858,5.691666423086775,80.2622371669116,612.416162872961,74.57057074382483,0.10854732281543839,0.0
3000000.0,600000.0,0.8,513.15,714.8927764489086,5.691666423086775,82.5625992589664,638.021843613029,76.87093283587963,0.10752791938634643,0.0
3000000.0,600000.0,0.8,523.15,743.0162865742224,5.691666423086775,84.82406188711967,663.8838911101894,79.1323954640329,0.10650156247433494,0.0
3000000.0,600000.0,0.8,533.15,771.3744761202689,5.691666423086775,87.05163379248802,690.0145087508677,81.35996736940125,0.10547402058026613,0.0
3000000.0,600000.0,0.8,543.15,799.98010580336,5.691666423086775,89.24941713961796,716.4223550868288,83.55775071653119,0.10444978582638678,-1.1368683772161603e-13
3000000.0,600000.0,0.8,553.15,828.8425871621931,5.691666423086775,91.42081728604715,743.1134362992327,85.72915086296038,0.10343236724416088,0.0
3000000.0,600000.0,0.8,563.15,857.9687725008158,5.691666423086775,93.56869433806581,770.0917445858368,87.87702791497904,0.10242450626592646,0.0
3000000.0,600000.0,0.8,573.15,887.3635331402777,5.691666423086775,95.69547505245451,797.35972451091,90.00380862936774,0.10142833829428914,-1.1368683772161603e-13
3000000.0,600000.0,0.8,583.15,917.0301904558053,5.691666423086775,97.80323703996302,824.9186198389291,92.11157061687625,0.1004455159443471,-1.1368683772161603e-13
3000000.0,600000.0,0.8,593.15,946.9708422352311,5.691666423086775,99.89377319230115,852.7687354660167,94.20210676921438,0.0994773044403982,0.0
3000000.0,600000.0,0.8,603.15,977.186613140115,5.691666423086775,101.9686417127694,880.9096378504324,96.27697528968262,0.09852465639117167,-1.1368683772161603e-13
3000000.0,600000.0,0.8,613.15,1007.6778491861738,5.691666423086775,104.02920548505988,909.3403101242008,98.3375390619731,0.09758827103462976,0.0
3000000.0,600000.0,0.8,623.15,1038.4442703034645,5.691666423086775,106.07666342334333,938.059273303208,100.38499700025656,0.09666864161224661,0.0
3000000.0,600000.0,0.85,403.15,401.34843016413066,5.691666423086775,54.48953972666606,352.55055686055135,48.79787330357929,0.1215848116899909,0.0
3000000.0,600000.0,0.85,413.15,435.14979575073625,5.691666423086775,59.011989352373874,381.82947282144914,53.3203229292871,0.12253325969577199,0.0
3000000.0,600000.0,0.85,423.15,465.3354337538615,5.691666423086775,62.75213289010967,408.27496728683855,57.0604664670229,0.12262222544867483,0.0
3000000.0,600000.0,0.85,433.15,494.0185036196555,5.691666423086775,66.09984340912698,433.61032663361533,60.4081769860402,0.12227917890409307,-5.684341886080802e-14
3000000.0,600000.0,0.85,443.15,521.9571744886238,5.691666423086775,69.20058325673791,458.4482576549726,63.50891683365114,0.12167457396456448,0.0
3000000.0,600000.0,0.85,453.15,549.5217580704754,5.691666423086775,72.12808207241318,483.0853424211489,66.4364156493264,0.12089860805985782,0.0
3000000.0,600000.0,0.85,463.15,576.9237561672298,5.691666423086775,74.92601301781914,507.6894095724975,69.23434659473237,0.1200060594742848,0.0
3000000.0,600000.0,0.85,473.15,604.2956997306532,5.691666423086775,77.62281405322149,532.3645521005185,71.93114763013472,0.11903302913159218,-1.1368683772161603e-13
3000000.0,600000.0,0.85,483.15,631.7257369018481,5.691666423086775,80.2382178864379,557.179185438497,74.54655146335112,0.11800461356687372,0.0
3000000.0,600000.0,0.85,493.15,659.2749177505033,5.691666423086775,82.78656020607147,582.1800239675185,77.0948937829847,0.1169389153253978,0.0
3000000.0,600000.0,0.85,503.15,686.9867336167858,5.691666423086775,85.27862698984356,607.399773050029,79.58696056675679,0.11584934129332386,0.0
3000000.0,600000.0,0.85,513.15,714.8927764489086,5.691666423086775,87.72276171265182,632.8616811593436,82.03109528956504,0.11474601225800408,0.0
3000000.0,600000.0,0.85,523.15,743.0162865742224,5.691666423086775,90.12556575506471,658.5823872422444,84.43389933197794,0.1136366737279366,0.0
3000000.0,600000.0,0.85,533.15,771.3744761202689,5.691666423086775,92.49236090451852,684.5737816388372,86.80069448143175,0.11252730958639888,0.0
3000000.0,600000.0,0.85,543.15,799.98010580336,5.691666423086775,94.82750571084418,710.8442665156026,89.1358392877574,0.11142256993784236,-1.1368683772161603e-13
3000000.0,600000.0,0.85,553.15,828.8425871621931,5.691666423086775,97.13461836642516,737.3996352188548,91.44295194333839,0.11032607802697794,0.0
3000000.0,600000.0,0.85,563.15,857.9687725008158,5.691666423086775,99.41673773419484,764.2437011897077,93.72507131110807,0.1092406557384569,0.0
3000000.0,600000.0,0.85,573.15,887.3635331402777,5.691666423086775,101.67644224323286,791.3787573201316,95.98477582014608,0.10816849265877197,0.0
3000000.0,600000.0,0.85,583.15,917.0301904558053,5.691666423086775,103.91593935496057,818.8059175239315,98.2242729318738,0.10711127502034792,0.0
3000000.0,600000.0,0.85,593.15,946.9708422352311,5.691666423086775,106.13713401682,846.5253746414978,100.44546759373323,0.10607028549753615,0.0
3000000.0,600000.0,0.85,603.15,977.186613140115,5.691666423086775,108.34168181981728,874.5365977433845,102.65001539673051,0.10504648141553277,0.0
3000000.0,600000.0,0.85,613.15,1007.6778491861738,5.691666423086775,110.53103082787618,902.8384847813845,104.8393644047894,0.10404055670119208,-1.1368683772161603e-13
3000000.0,600000.0,0.85,623.15,1038.4442703034645,5.691666423086775,112.70645488730236,931.4294818392489,107.01478846421558,0.10305299140698486,0.0
3000000.0,600000.0,0.9,403.15,401.34843016413066,5.691666423086775,57.69480676941108,349.34528981780636,52.00314034632431,0.12957105706146085,0.0
3000000.0,600000.0,0.9,413.15,435.14979575073625,5.691666423086775,62.48328284369001,378.358179330133,56.79161642060324,0.13051049770717296,0.0
3000000.0,600000.0,0.9,423.15,465.3354337538615,5.691666423086775,66.443434824822,404.5836653521262,60.751768401735234,0.13055478692359757,0.0
3000000.0,600000.0,0.9,433.15,494.0185036196555,5.691666423086775,69.9880694920168,429.7221005507255,64.29640306893003,0.13014978709872735,0.0
3000000.0,600000.0,0.9,443.15,521.9571744886238,5.691666423086775,73.27120580125192,454.3776351104586,67.57953937816515,0.12947334126477855,0.0
3000000.0,600000.0,0.9,453.15,549.5217580704754,5.691666423086775,76.3709104296139,478.84251406394816,70.67924400652713,0.1286195550376417,0.0
3000000.0,600000.0,0.9,463.15,576.9237561672298,5.691666423086775,79.3334255482792,503.2819970420374,73.64175912519242,0.12764556553265988,0.0
3000000.0,600000.0,0.9,473.15,604.2956997306532,5.691666423086775,82.1888619387052,527.7985042150348,76.49719551561843,0.12658901188559638,0.0
3000000.0,600000.0,0.9,483.15,631.7257369018481,5.691666423086775,84.95811305622838,552.4592902687065,79.26644663314161,0.12547604443327806,0.0
3000000.0,600000.0,0.9,493.15,659.2749177505033,5.691666423086775,87.65635786525219,577.3102263083379,81.96469144216542,0.12432551161181021,0.0
3000000.0,600000.0,0.9,503.15,686.9867336167858,5.691666423086775,90.29501681277563,602.3833832270969,84.60335038968886,0.1231513597712095,0.0
3000000.0,600000.0,0.9,513.15,714.8927764489086,5.691666423086775,92.88292416633712,627.7015187056583,87.19125774325035,0.12196410512966158,0.0
3000000.0,600000.0,0.9,523.15,743.0162865742224,5.691666423086775,95.42706962300966,653.2808833742995,89.73540319992289,0.12077178498153811,0.0
3000000.0,600000.0,0.9,533.15,771.3744761202689,5.691666423086775,97.93308801654901,679.1330545268067,92.24142159346223,0.1195805985925316,-1.1368683772161603e-13
3000000.0,600000.0,0.9,543.15,799.98010580336,5.691666423086775,100.4055942820703,705.2661779443765,94.71392785898352,0.11839535404929781,-1.1368683772161603e-13
3000000.0,600000.0,0.9,553.15,828.8425871621931,5.691666423086775,102.84841944680305,731.6858341384768,97.15675302371628,0.11721978880979488,0.0
3000000.0,600000.0,0.9,563.15,857.9687725008158,5.691666423086775,105.26478113032388,758.3956577935787,99.57311470723711,0.11605680521098737,0.0
3000000.0,600000.0,0.9,573.15,887.3635331402777,5.691666423086775,107.65740943401144,785.3977901293531,101.96574301092467,0.11490864702325507,-1.1368683772161603e-13
3000000.0,600000.0,0.9,583.15,917.0301904558053,5.691666423086775,110.02864166995836,812.6932152089337,104.33697524687159,0.11377703409634901,0.0
3000000.0,600000.0,0.9,593.15,946.9708422352311,5.691666423086775,112.38049484133883,840.282013816979,106.68882841825206,0.11266326655467408,0.0
3000000.0,600000.0,0.9,603.15,977.186613140115,5.691666423086775,114.7147219268654,868.1635576363365,109.02305550377862,0.11156830643989413,-1.1368683772161603e-13
3000000.0,600000.0,0.9,613.15,1007.6778491861738,5.691666423086775,117.03285617069224,896.3366594385684,111.34118974760547,0.11049284236775417,0.0
3000000.0,600000.0,0.9,623.15,1038.4442703034645,5.691666423086775,119.3362463512614,924.7996903752899,113.64457992817462,0.1094373412017231,0.0
3000000.0,650000.0,0.7,403.15,393.1969306312213,5.619491268819314,42.487194981374664,356.32922691866594,36.86770371255535,0.0937639661972171,0.0
3000000.0,650000.0,0.7,413.15,426.9982962178269,5.619491268819314,46.06463188838854,386.55315559825766,40.44514061956922,0.09471967681795322,5.684341886080802e-14
3000000.0,650000.0,0.7,423.15,457.1839342209521,5.619491268819314,49.018985772198064,413.7844397175733,43.39949450337875,0.0949278643776757,5.684341886080802e-14
3000000.0,650000.0,0.7,433.15,485.86700408674614,5.619491268819314,51.66072581215342,439.82576954341204,46.041234543334106,0.0947609822360235,0.0
3000000.0,650000.0,0.7,443.15,513.8056749557144,5.619491268819314,54.10570413987374,465.31946208465996,48.48621287105442,0.09436683017413833,0.0
3000000.0,650000.0,0.7,453.15,541.370258537566,5.619491268819314,56.41264804506186,490.5771017613234,50.79315677624254,0.09382332327130966,0.0
3000000.0,650000.0,0.7,463.15,568.7722566343205,5.619491268819314,58.61634975868266,515.7753981444571,52.99685848986334,0.09317764337429085,0.0
3000000.0,650000.0,0.7,473.15,596.1442001977439,5.619491268819314,60.73946716491028,541.0242243016529,55.11997589609096,0.09246081045124217,0.0
3000000.0,650000.0,0.7,483.15,623.5742373689387,5.619491268819314,62.797723106618854,566.3960055311392,57.17823183779954,0.09169434593554246,0.0
3000000.0,650000.0,0.7,493.15,651.1234182175939,5.619491268819314,64.80254028453899,591.9403692018742,59.183049015719675,0.09089374972525063,0.0
3000000.0,650000.0,0.7,503.15,678.8352340838765,5.619491268819314,66.76251295478805,617.6922123979077,61.14302168596873,0.09007048929698593,0.0
3000000.0,650000.0,0.7,513.15,706.7412769159993,5.619491268819314,68.68428911433497,643.6764790704835,63.064797845515656,0.08923321716924609,0.0
3000000.0,650000.0,0.7,523.15,734.864787041313,5.619491268819314,70.57312858867809,669.9111497214542,64.95363731985877,0.08838855591567102,0.0
3000000.0,650000.0,0.7,533.15,763.2229765873595,5.619491268819314,72.4332715652153,696.4091962909636,66.81378029639599,0.08754162590222858,-1.1368683772161603e-13
3000000.0,650000.0,0.7,543.15,791.8286062704507,5.619491268819314,74.26819068105019,723.1799068582197,68.64869941223087,0.0866964124162796,0.0
3000000.0,650000.0,0.7,553.15,820.6910876292837,5.619491268819314,76.08076862979401,750.229810268309,70.46127736097469,0.0858560284412433,0.0
3000000.0,650000.0,0.7,563.15,849.8172729679064,5.619491268819314,77.8734264830777,777.563337753648,72.25393521425838,0.08502290729149144,0.0
3000000.0,650000.0,0.7,573.15,879.2120336073683,5.619491268819314,79.64821843875642,805.1833064374313,74.0287271699371,0.08419894671618687,-1.1368683772161603e-13
3000000.0,650000.0,0.7,583.15,908.8786909228959,5.619491268819314,81.40690311742411,833.0912790742912,75.78741184860479,0.08338561857099823,-1.1368683772161603e-13
3000000.0,650000.0,0.7,593.15,938.8193427023217,5.619491268819314,83.15099811394234,861.2878358571987,77.53150684512302,0.08258405352189947,-1.1368683772161603e-13
3000000.0,650000.0,0.7,603.15,969.0351136072056,5.619491268819314,84.88182235905109,889.772782516974,79.26233109023177,0.08179510729511132,-1.1368683772161603e-13
3000000.0,650000.0,0.7,613.15,999.5263496532646,5.619491268819314,86.60052945301891,918.5453114690649,80.98103818419959,0.08101941305728648,0.0
3000000.0,650000.0,0.7,623.15,1030.292770770555,5.619491268819314,88.30813420925057,947.6041278301238,82.68864294043125,0.08025742321630432,0.0
3000000.0,650000.0,0.75,403.15,393.1969306312213,5.619491268819314,45.52199462290132,353.2944272771393,39.902503354082,0.10148223509787896,0.0
3000000.0,650000.0,0.75,413.15,426.9982962178269,5.619491268819314,49.354962737559106,383.2628247490871,43.73547146873979,0.10242540041993231,5.684341886080802e-14
3000000.0,650000.0,0.75,423.15,457.1839342209521,5.619491268819314,52.52034189878358,410.2830835909878,46.90085062996426,0.1025863927390274,5.684341886080802e-14
3000000.0,650000.0,0.75,433.15,485.86700408674614,5.619491268819314,55.35077765587869,436.1357176996868,49.73128638705937,0.10235575984530204,0.0
3000000.0,650000.0,0.75,443.15,513.8056749557144,5.619491268819314,57.9703972927219,461.45476893181177,52.35090602390258,0.1018885321350621,0.0
3000000.0,650000.0,0.75,453.15,541.370258537566,5.619491268819314,60.442122905423396,486.54762690096186,54.82263163660408,0.10126642676067862,0.0
3000000.0,650000.0,0.75,463.15,568.7722566343205,5.619491268819314,62.803231884302804,511.58851601883697,57.18374061548349,0.10053890629944791,0.0
3000000.0,650000.0,0.75,473.15,596.1442001977439,5.619491268819314,65.07800053383247,536.6856909327307,59.45850926501315,0.09973846805066706,0.0
3000000.0,650000.0,0.75,483.15,623.5742373689387,5.619491268819314,67.28327475709166,561.9104538806664,61.663783488272344,0.09888763805966677,-1.1368683772161603e-13
3000000.0,650000.0,0.75,493.15,651.1234182175939,5.619491268819314,69.43129316200607,587.3116163244072,63.811801893186754,0.09800262148129647,-1.1368683772161603e-13
3000000.0,650000.0,0.75,503.15,678.8352340838765,5.619491268819314,71.53126388013003,612.9234614725658,65.91177261131071,0.09709539119645444,-1.1368683772161603e-13
3000000.0,650000.0,0.75,513.15,706.7412769159993,5.619491268819314,73.59030976535881,638.7704584194597,67.9708184965395,0.09617496630894853,0.0
3000000.0,650000.0,0.75,523.15,734.864787041313,5.619491268819314,75.61406634501216,664.8702119651201,69.99457507619285,0.09524823656063663,0.0
3000000.0,650000.0,0.75,533.15,763.2229765873595,5.619491268819314,77.60707667701645,691.2353911791624,71.98758540819713,0.09432051656788315,-1.1368683772161603e-13
3000000.0,650000.0,0.75,543.15,791.8286062704507,5.619491268819314,79.5730614439823,717.8750360952877,73.95357017516298,0.09339593137899843,0.0
3000000.0,650000.0,0.75,553.15,820.6910876292837,5.619491268819314,81.51510924620787,744.7954696518952,75.89561797738855,0.0924776924245966,-1.1368683772161603e-13
3000000.0,650000.0,0.75,563.15,849.8172729679064,5.619491268819314,83.43581408901187,772.0009501477139,77.81632282019255,0.0915682997927618,0.0
3000000.0,650000.0,0.75,573.15,879.2120336073683,5.619491268819314,85.33737689866754,799.4941479775201,79.71788562984823,0.09066969352406296,-1.1368683772161603e-13
3000000.0,650000.0,0.75,583.15,908.8786909228959,5.619491268819314,87.22168191152578,827.2765002801895,81.60219064270646,0.08978336873521126,-1.1368683772161603e-13
3000000.0,650000.0,0.75,593.15,938.8193427023217,5.619491268819314,89.09035512208123,855.3484788490598,83.47086385326192,0.08891046451279672,-1.1368683772161603e-13
3000000.0,650000.0,0.75,603.15,969.0351136072056,5.619491268819314,90.94480967041198,883.709795205613,85.32531840159267,0.08805183342012407,0.0
3000000.0,650000.0,0.75,613.15,999.5263496532646,5.619491268819314,92.78628155680606,912.3595593652777,87.16679028798674,0.08720809643310042,0.0
3000000.0,650000.0,0.75,623.15,1030.292770770555,5.619491268819314,94.61585808133985,941.2964039580346,88.99636681252053,0.08637968676220083,0.0
3000000.0,650000.0,0.8,403.15,393.1969306312213,5.619491268819314,48.556794264428085,350.2596276356125,42.93730299560877,0.1092005039985411,0.0
3000000.0,650000.0,0.8,413.15,426.9982962178269,5.619491268819314,52.64529358672979,379.9724938999164,47.025802317910475,0.11013112402191168,5.684341886080802e-14
3000000.0,650000.0,0.8,423.15,457.1839342209521,5.619491268819314,56.021698025369204,406.7817274644022,50.40220675654989,0.11024492110037935,5.684341886080802e-14
3000000.0,650000.0,0.8,433.15,485.86700408674614,5.619491268819314,59.040829499603944,432.4456658559615,53.42133823078463,0.10995053745458055,0.0
3000000.0,650000.0,0.8,443.15,513.8056749557144,5.619491268819314,61.835090445569946,457.59007577896375,56.21559917675063,0.10941023409598566,0.0
3000000.0,650000.0,0.8,453.15,541.370258537566,5.619491268819314,64.47159776578495,482.5181520406003,58.85210649696563,0.10870953025004762,0.0
3000000.0,650000.0,0.8,463.15,568.7722566343205,5.619491268819314,66.99011400992308,507.40163389321674,61.37062274110376,0.10790016922460521,-1.1368683772161603e-13
3000000.0,650000.0,0.8,473.15,596.1442001977439,5.619491268819314,69.41653390275465,532.3471575638085,63.797042633935334,0.10701612565009196,0.0
3000000.0,650000.0,0.8,483.15,623.5742373689387,5.619491268819314,71.76882640756446,557.4249022301937,66.14933513874514,0.10608093018379106,-1.1368683772161603e-13
3000000.0,650000.0,0.8,493.15,651.1234182175939,5.619491268819314,74.06004603947315,582.6828634469401,68.44055477065383,0.10511149323734231,-1.1368683772161603e-13
3000000.0,650000.0,0.8,503.15,678.8352340838765,5.619491268819314,76.30001480547199,608.1547105472238,70.68052353665267,0.10412029309592294,0.0
3000000.0,650000.0,0.8,513.15,706.7412769159993,5.619491268819314,78.49633041638276,633.8644377684358,72.87683914756344,0.10311671544865113,0.0
3000000.0,650000.0,0.8,523.15,734.864787041313,5.619491268819314,80.65500410134636,659.8292742087859,75.03551283252705,0.10210791720560243,0.0
3000000.0,650000.0,0.8,533.15,763.2229765873595,5.619491268819314,82.78088178881747,686.0615860673614,77.16139051999815,0.10109940723353754,-1.1368683772161603e-13
3000000.0,650000.0,0.8,543.15,791.8286062704507,5.619491268819314,84.87793220691452,712.5701653323554,79.2584409380952,0.1000954503417174,1.1368683772161603e-13
3000000.0,650000.0,0.8,553.15,820.6910876292837,5.619491268819314,86.94944986262172,739.3611290354813,81.3299585938024,0.09909935640794987,0.0
3000000.0,650000.0,0.8,563.15,849.8172729679064,5.619491268819314,88.99820169494603,766.4385625417797,83.37871042612672,0.09811369229403218,0.0
3000000.0,650000.0,0.8,573.15,879.2120336073683,5.619491268819314,91.02653535857867,793.804989517609,85.40704408975935,0.09714044033193905,-1.1368683772161603e-13
3000000.0,650000.0,0.8,583.15,908.8786909228959,5.619491268819314,93.03646070562745,821.4617214860878,87.41696943680813,0.09618111889942427,0.0
3000000.0,650000.0,0.8,593.15,938.8193427023217,5.619491268819314,95.0297121302199,849.4091218409211,89.41022086140059,0.09523687550369372,0.0
3000000.0,650000.0,0.8,603.15,969.0351136072056,5.619491268819314,97.00779698177287,877.6468078942521,91.38830571295355,0.0943085595451368,-1.1368683772161603e-13
3000000.0,650000.0,0.8,613.15,999.5263496532646,5.619491268819314,98.97203366059297,906.1738072614909,93.35254239177365,0.09339677980891412,0.0
3000000.0,650000.0,0.8,623.15,1030.292770770555,5.619491268819314,100.92358195342915,934.9886800859452,95.30409068460983,0.09250195030809737,0.0
3000000.0,650000.0,0.85,403.15,393.1969306312213,5.619491268819314,51.59159390595485,347.22482799408573,45.972102637135535,0.11691877289920326,0.0
3000000.0,650000.0,0.85,413.15,426.9982962178269,5.619491268819314,55.93562443590036,376.6821630507458,50.31613316708104,0.11783684762389077,5.684341886080802e-14
3000000.0,650000.0,0.85,423.15,457.1839342209521,5.619491268819314,59.52305415195471,403.2803713378167,53.90356288313539,0.11790344946173104,5.684341886080802e-14
3000000.0,650000.0,0.85,433.15,485.86700408674614,5.619491268819314,62.730881343329095,428.7556140122364,57.11139007450978,0.11754531506385886,0.0
3000000.0,650000.0,0.85,443.15,513.8056749557144,5.619491268819314,65.69978359841811,453.72538262611556,60.08029232959879,0.11693193605690944,0.0
3000000.0,650000.0,0.85,453.15,541.370258537566,5.619491268819314,68.50107262614661,478.48867718023865,62.88158135732729,0.11615263373941682,0.0
3000000.0,650000.0,0.85,463.15,568.7722566343205,5.619491268819314,71.17699613554322,503.21475176759657,65.5575048667239,0.11526143214976227,0.0
3000000.0,650000.0,0.85,473.15,596.1442001977439,5.619491268819314,73.75506727167685,528.0086241948864,68.13557600285753,0.11429378324951688,0.0
3000000.0,650000.0,0.85,483.15,623.5742373689387,5.619491268819314,76.25437805803726,552.9393505797208,70.63488678921794,0.11327422230791535,0.0
3000000.0,650000.0,0.85,493.15,651.1234182175939,5.619491268819314,78.68879891694023,578.054110569473,73.06930764812091,0.11222036499338815,0.0
3000000.0,650000.0,0.85,503.15,678.8352340838765,5.619491268819314,81.06876573081396,603.3859596218819,75.44927446199465,0.11114519499539145,-1.1368683772161603e-13
3000000.0,650000.0,0.85,513.15,706.7412769159993,5.619491268819314,83.40235106740671,628.9584171174118,77.7828597985874,0.11005846458835372,0.0
3000000.0,650000.0,0.85,523.15,734.864787041313,5.619491268819314,85.69594185768045,654.7883364524519,80.07645058886114,0.10896759785056806,-1.1368683772161603e-13
3000000.0,650000.0,0.85,533.15,763.2229765873595,5.619491268819314,87.9546869006186,680.8877809555603,82.33519563179928,0.1078782978991921,-1.1368683772161603e-13
3000000.0,650000.0,0.85,543.15,791.8286062704507,5.619491268819314,90.18280296984665,707.2652945694233,84.56331170102733,0.10679496930443627,0.0
3000000.0,650000.0,0.85,553.15,820.6910876292837,5.619491268819314,92.38379047903558,733.9267884190675,86.76429921021627,0.10572102039130314,-1.1368683772161603e-13
3000000.0,650000.0,0.85,563.15,849.8172729679064,5.619491268819314,94.56058930088021,760.8761749358456,88.94109803206089,0.10465908479530255,-1.1368683772161603e-13
3000000.0,650000.0,0.85,573.15,879.2120336073683,5.619491268819314,96.71569381848978,788.1158310576978,91.09620254967047,0.10361118713981513,0.0
3000000.0,650000.0,0.85,583.15,908.8786909228959,5.619491268819314,98.85123949972913,815.646942691986,93.23174823090982,0.1025788690636373,0.0
3000000.0,650000.0,0.85,593.15,938.8193427023217,5.619491268819314,100.96906913835858,843.4697648327824,95.34957786953926,0.10156328649459073,0.0
3000000.0,650000.0,0.85,603.15,969.0351136072056,5.619491268819314,103.07078429313353,871.5838205828915,97.45129302431421,0.1005652856701493,-1.1368683772161603e-13
3000000.0,650000.0,0.85,613.15,999.5263496532646,5.619491268819314,105.15778576438012,899.9880551577037,99.5382944955608,0.09958546318472807,0.0
3000000.0,650000.0,0.85,623.15,1030.292770770555,5.619491268819314,107.23130582551867,928.6809562138558,101.61181455669936,0.09862421385399411,0.0
3000000.0,650000.0,0.9,403.15,393.1969306312213,5.619491268819314,54.62639354748163,344.19002835255895,49.00690227866231,0.12463704179986541,0.0
3000000.0,650000.0,0.9,413.15,426.9982962178269,5.619491268819314,59.22595528507093,373.39183220157526,53.606464016251614,0.12554257122586987,5.684341886080802e-14
3000000.0,650000.0,0.9,423.15,457.1839342209521,5.619491268819314,63.02441027854034,399.77901521123107,57.40491900972102,0.12556197782308298,0.0
3000000.0,650000.0,0.9,433.15,485.86700408674614,5.619491268819314,66.42093318705436,425.0655621685111,60.80144191823504,0.12514009267313742,0.0
3000000.0,650000.0,0.9,443.15,513.8056749557144,5.619491268819314,69.56447675126628,449.8606894732674,63.94498548244697,0.12445363801783324,-1.1368683772161603e-13
3000000.0,650000.0,0.9,453.15,541.370258537566,5.619491268819314,72.53054748650815,474.4592023198771,66.91105621768884,0.1235957372287858,0.0
3000000.0,650000.0,0.9,463.15,568.7722566343205,5.619491268819314,75.36387826116336,499.02786964197645,69.74438699234405,0.12262269507491934,-1.1368683772161603e-13
3000000.0,650000.0,0.9,473.15,596.1442001977439,5.619491268819314,78.09360064059892,523.6700908259643,72.4741093717796,0.12157144084894157,0.0
3000000.0,650000.0,0.9,483.15,623.5742373689387,5.619491268819314,80.73992970850993,548.4537989292481,75.12043843969062,0.12046751443203944,-1.1368683772161603e-13
3000000.0,650000.0,0.9,493.15,651.1234182175939,5.619491268819314,83.31755179440731,573.425357692006,77.69806052558799,0.119329236749434,-1.1368683772161603e-13
3000000.0,650000.0,0.9,503.15,678.8352340838765,5.619491268819314,85.83751665615593,598.6172086965398,80.21802538733661,0.11817009689485994,0.0
3000000.0,650000.0,0.9,513.15,706.7412769159993,5.619491268819314,88.30837171843054,624.052396466388,82.68888044961122,0.11700021372805613,0.0
3000000.0,650000.0,0.9,523.15,734.864787041313,5.619491268819314,90.73687961401464,649.7473986961177,85.11738834519532,0.11582727849553384,-1.1368683772161603e-13
3000000.0,650000.0,0.9,533.15,763.2229765873595,5.619491268819314,93.12849201241974,675.7139758437592,87.50900074360042,0.11465718856484665,-1.1368683772161603e-13
3000000.0,650000.0,0.9,543.15,791.8286062704507,5.619491268819314,95.48767373277876,701.9604238064912,89.86818246395944,0.11349448826715511,0.0
3000000.0,650000.0,0.9,553.15,820.6910876292837,5.619491268819314,97.81813109544944,728.4924478026536,92.19863982663013,0.11234268437465643,0.0
3000000.0,650000.0,0.9,563.15,849.8172729679064,5.619491268819314,100.12297690681415,755.3137873299116,94.50348563799483,0.11120447729657264,-1.1368683772161603e-13
3000000.0,650000.0,0.9,573.15,879.2120336073683,5.619491268819314,102.40485227840114,782.4266725977865,96.78536100958182,0.11008193394769147,0.0
3000000.0,650000.0,0.9,583.15,908.8786909228959,5.619491268819314,104.66601829383103,809.8321638978842,99.04652702501171,0.10897661922785057,-1.1368683772161603e-13
3000000.0,650000.0,0.9,593.15,938.8193427023217,5.619491268819314,106.90842614649725,837.5304078246438,101.28893487767793,0.10788969748548774,-1.1368683772161603e-13
3000000.0,650000.0,0.9,603.15,969.0351136072056,5.619491268819314,109.13377160449443,865.5208332715306,103.51428033567511,0.10682201179516204,-1.1368683772161603e-13
3000000.0,650000.0,0.9,613.15,999.5263496532646,5.619491268819314,111.34353786816727,893.8023030539166,105.72404659934796,0.105774146560542,0.0
3000000.0,650000.0,0.9,623.15,1030.292770770555,5.619491268819314,113.53902969760797,922.3732323417664,107.91953842878866,0.10474647739989064,0.0
3000000.0,700000.0,0.7,403.15,385.42934422291785,5.544315854930377,40.28004043777089,350.6936196400774,34.73572458284052,0.09012215884307626,0.0
3000000.0,700000.0,0.7,413.15,419.2307098095235,5.544315854930377,43.71957153476588,381.055454129688,38.17525567983551,0.0910602558127966,5.684341886080802e-14
3000000.0,700000.0,0.7,423.15,449.41634781264867,5.544315854930377,46.55608753336733,408.4045761342117,41.01177167843696,0.09125562939142084,0.0
3000000.0,700000.0,0.7,433.15,478.0994176784427,5.544315854930377,49.09002137300151,434.5537121603716,43.54570551807114,0.0910808587249919,0.0
3000000.0,700000.0,0.7,443.15,506.03808854741095,5.544315854930377,51.43348898577364,460.1489154165677,45.88917313084327,0.0906832394031223,0.0
3000000.0,700000.0,0.7,453.15,533.6026721292625,5.544315854930377,53.64332917863561,485.5036588055573,48.099013323705236,0.0901401282939106,-1.1368683772161603e-13
3000000.0,700000.0,0.7,463.15,561.004670226017,5.544315854930377,55.753220303471664,510.79576577747576,50.20890444854129,0.08949819335427846,-1.1368683772161603e-13
3000000.0,700000.0,0.7,473.15,588.3766137894404,5.544315854930377,57.78509694210114,536.1358327022697,52.24078108717077,0.08878799711415099,-1.1368683772161603e-13
3000000.0,700000.0,0.7,483.15,615.8066509606354,5.544315854930377,59.75418047687726,561.5967863386885,54.209864621946885,0.088030657897867,-1.1368683772161603e-13
3000000.0,700000.0,0.7,493.15,643.3558318092904,5.544315854930377,61.671529250541354,587.2286184136796,56.12721339561098,0.08724132217433406,-1.1368683772161603e-13
3000000.0,700000.0,0.7,503.15,671.0676476755731,5.544315854930377,63.54546324161731,613.0665002888861,58.00114738668694,0.08643114831655173,0.0
3000000.0,700000.0,0.7,513.15,698.9736905076958,5.544315854930377,65.38241813732276,639.1355882253034,59.838102282392384,0.08560851873971008,-1.1368683772161603e-13
3000000.0,700000.0,0.7,523.15,727.0972006330096,5.544315854930377,67.18748565211251,665.4540308358274,61.64316979718214,0.08477982000689276,0.0
3000000.0,700000.0,0.7,533.15,755.4553901790562,5.544315854930377,68.96477033313737,692.0349357008491,63.42045447820699,0.08394996620935517,0.0
3000000.0,700000.0,0.7,543.15,784.0610198621473,5.544315854930377,70.71763362975955,718.8877020873181,65.17331777482917,0.08312276228996548,0.0
3000000.0,700000.0,0.7,553.15,812.9235012209804,5.544315854930377,72.44886585363652,746.0189512222743,66.90454999870614,0.08230116351442422,-1.1368683772161603e-13
3000000.0,700000.0,0.7,563.15,842.0496865596031,5.544315854930377,74.160810421756,773.4331919927774,68.61649456682562,0.08148746524349988,0.0
3000000.0,700000.0,0.7,573.15,871.444447199065,5.544315854930377,75.85545559368585,801.1333074603094,70.31113973875547,0.08068344455546714,1.1368683772161603e-13
3000000.0,700000.0,0.7,583.15,901.1111045145925,5.544315854930377,77.5345035023063,829.1209168672166,71.99018764737592,0.07989046776441108,0.0
3000000.0,700000.0,0.7,593.15,931.0517562940183,5.544315854930377,79.1994229712875,857.3966491776612,73.65510711635713,0.07910957325244276,0.0
3000000.0,700000.0,0.7,603.15,961.2675271989024,5.544315854930377,80.85149052954978,885.9603525242828,75.3071746746194,0.07834153609043852,1.1368683772161603e-13
3000000.0,700000.0,0.7,613.15,991.7587632449612,5.544315854930377,82.49182268417091,914.8112564157205,76.94750682924054,0.07758691899779539,1.1368683772161603e-13
3000000.0,700000.0,0.7,623.15,1022.5251843622518,5.544315854930377,84.12140161862433,943.9480985985577,78.57708576369396,0.07684611290303077,0.0
3000000.0,700000.0,0.75,403.15,385.42934422291785,5.544315854930377,43.15718618332595,347.8164738945223,37.61287032839557,0.09758694010241654,0.0
3000000.0,700000.0,0.75,413.15,419.2307098095235,5.544315854930377,46.84239807296346,377.9326275914904,41.29808221803309,0.0985092009046684,0.0
3000000.0,700000.0,0.75,423.15,449.41634781264867,5.544315854930377,49.8815223571792,405.07914131039985,44.337206502248826,0.09865508168103397,0.0
3000000.0,700000.0,0.75,433.15,478.0994176784427,5.544315854930377,52.59645147107309,431.04728206230004,47.052135616142714,0.09841496114891476,0.0
3000000.0,700000.0,0.75,443.15,506.03808854741095,5.544315854930377,55.10730962761457,456.47509477472676,49.562993772684194,0.09794320802008288,0.0
3000000.0,700000.0,0.75,453.15,533.6026721292625,5.544315854930377,57.47499554853817,481.6719924356547,51.93067969360779,0.09732087638614347,0.0
3000000.0,700000.0,0.75,463.15,561.004670226017,5.544315854930377,59.73559318229114,506.81339289865633,54.191277327360766,0.09659683814312676,-1.1368683772161603e-13
3000000.0,700000.0,0.75,473.15,588.3766137894404,5.544315854930377,61.91260386653687,532.008325777834,56.368288011606495,0.09580307355958025,-1.1368683772161603e-13
3000000.0,700000.0,0.75,483.15,615.8066509606354,5.544315854930377,64.02233622522559,557.3286305903401,58.47802037029521,0.09496165765516122,0.0
3000000.0,700000.0,0.75,493.15,643.3558318092904,5.544315854930377,66.07663848272291,582.8235091814979,60.53232262779254,0.09408840277014245,-1.1368683772161603e-13
3000000.0,700000.0,0.75,503.15,671.0676476755731,5.544315854930377,68.08442490173294,608.5275386287705,62.54010904680257,0.09319493982972864,0.0
3000000.0,700000.0,0.75,513.15,698.9736905076958,5.544315854930377,70.05259086141724,634.465415501209,64.50827500648687,0.09228999014202041,-1.1368683772161603e-13
3000000.0,700000.0,0.75,523.15,727.0972006330096,5.544315854930377,71.98659177012067,660.6549247178193,66.4422759151903,0.0913801839112374,0.0
3000000.0,700000.0,0.75,533.15,755.4553901790562,5.544315854930377,73.89082535693294,687.1088806770535,68.34650950200256,0.09047060937086338,0.0
3000000.0,700000.0,0.75,543.15,784.0610198621473,5.544315854930377,75.76889317474235,713.8364425423352,70.22457731981197,0.0895651939592135,0.0
3000000.0,700000.0,0.75,553.15,812.9235012209804,5.544315854930377,77.62378484318195,740.8440322327288,72.07946898825158,0.0886669765113088,0.0
3000000.0,700000.0,0.75,563.15,842.0496865596031,5.544315854930377,79.45801116616698,768.1359912483664,73.91369531123661,0.08777830630544953,0.0
3000000.0,700000.0,0.75,573.15,871.444447199065,5.544315854930377,81.27370242180605,795.7150606321893,75.72938656687568,0.08690099157815476,0.0
3000000.0,700000.0,0.75,583.15,901.1111045145925,5.544315854930377,83.07268232389958,823.5827380456233,77.52836646896921,0.08603641224766831,0.0
3000000.0,700000.0,0.75,593.15,931.0517562940183,5.544315854930377,84.8565246120938,851.7395475368548,79.31220875716343,0.08518560673024207,0.0
3000000.0,700000.0,0.75,603.15,961.2675271989024,5.544315854930377,86.62659699594602,880.1852460578866,81.08228114101564,0.08434933964459028,1.1368683772161603e-13
3000000.0,700000.0,0.75,613.15,991.7587632449612,5.544315854930377,88.38409573304024,908.9189833668512,82.83977987810987,0.08352815518066535,1.1368683772161603e-13
3000000.0,700000.0,0.75,623.15,1022.5251843622518,5.544315854930377,90.13007316281181,937.9394270543703,84.58575730788144,0.08272241955648017,0.0
3000000.0,700000.0,0.8,403.15,385.42934422291785,5.544315854930377,46.034331928881,344.93932814896726,40.49001607395063,0.10505172136175683,0.0
3000000.0,700000.0,0.8,413.15,419.2307098095235,5.544315854930377,49.96522461116104,374.8098010532928,44.420908756230666,0.1059581459965402,5.684341886080802e-14
3000000.0,700000.0,0.8,423.15,449.41634781264867,5.544315854930377,53.20695718099119,401.7537064865879,47.662641326060815,0.10605453397064736,0.0
3000000.0,700000.0,0.8,433.15,478.0994176784427,5.544315854930377,56.10288156914455,427.5408519642286,50.558565714214176,0.10574906357283739,0.0
3000000.0,700000.0,0.8,443.15,506.03808854741095,5.544315854930377,58.78113026945549,452.80127413288585,53.236814414525114,0.10520317663704346,0.0
3000000.0,700000.0,0.8,453.15,533.6026721292625,5.544315854930377,61.30666191844072,477.8403260657522,55.76234606351034,0.10450162447837631,-1.1368683772161603e-13
3000000.0,700000.0,0.8,463.15,561.004670226017,5.544315854930377,63.717966061110495,502.83102001983696,58.17365020618012,0.10369548293197485,-1.1368683772161603e-13
3000000.0,700000.0,0.8,473.15,588.3766137894404,5.544315854930377,66.04011079097272,527.8808188533981,60.495794936042344,0.1028181500050097,0.0
3000000.0,700000.0,0.8,483.15,615.8066509606354,5.544315854930377,68.29049197357404,553.0604748419917,62.74617611864366,0.10189265741245564,0.0
3000000.0,700000.0,0.8,493.15,643.3558318092904,5.544315854930377,70.48174771490437,578.4183999493165,64.937431859974,0.10093548336595068,-1.1368683772161603e-13
3000000.0,700000.0,0.8,503.15,671.0676476755731,5.544315854930377,72.62338656184846,603.988576968655,67.07907070691809,0.09995873134290538,-1.1368683772161603e-13
3000000.0,700000.0,0.8,513.15,698.9736905076958,5.544315854930377,74.72276358551183,629.7952427771144,69.17844773058145,0.09897146154433088,-1.1368683772161603e-13
3000000.0,700000.0,0.8,523.15,727.0972006330096,5.544315854930377,76.7856978881287,655.8558185998113,71.24138203319832,0.09798054781558187,0.0
3000000.0,700000.0,0.8,533.15,755.4553901790562,5.544315854930377,78.81688038072852,682.182825653258,73.27256452579815,0.09699125253237159,0.0
3000000.0,700000.0,0.8,543.15,784.0610198621473,5.544315854930377,80.82015271972516,708.7851829973524,75.27583686479478,0.09600762562846153,1.1368683772161603e-13
3000000.0,700000.0,0.8,553.15,812.9235012209804,5.544315854930377,82.7987038327274,735.6691132431833,77.25438797779702,0.0950327895081934,0.0
3000000.0,700000.0,0.8,563.15,842.0496865596031,5.544315854930377,84.75521191057818,762.8387905039552,79.21089605564781,0.09406914736739944,0.0
3000000.0,700000.0,0.8,573.15,871.444447199065,5.544315854930377,86.6919492499265,790.2968138040688,81.14763339499612,0.09311853860084264,0.0
3000000.0,700000.0,0.8,583.15,901.1111045145925,5.544315854930377,88.61086114549288,818.04455922403,83.0665452905625,0.09218235673092555,0.0
3000000.0,700000.0,0.8,593.15,931.0517562940183,5.544315854930377,90.51362625290011,846.0824458960485,84.96931039796974,0.0912616402080414,0.0
3000000.0,700000.0,0.8,603.15,961.2675271989024,5.544315854930377,92.4017034623425,874.4101395914902,86.85738760741212,0.09035714319874229,0.0
3000000.0,700000.0,0.8,613.15,991.7587632449612,5.544315854930377,94.27636878190981,903.0267103179816,88.73205292697943,0.08946939136353556,1.1368683772161603e-13
3000000.0,700000.0,0.8,623.15,1022.5251843622518,5.544315854930377,96.13874470699928,931.9307555101828,90.5944288520689,0.08859872620992956,0.0
3000000.0,700000.0,0.85,403.15,385.42934422291785,5.544315854930377,48.91147767443606,342.0621824034122,43.36716181950568,0.11251650262109712,0.0
3000000.0,700000.0,0.85,413.15,419.2307098095235,5.544315854930377,53.088051149358506,371.68697451509536,47.54373529442813,0.11340709108841172,0.0
3000000.0,700000.0,0.85,423.15,449.41634781264867,5.544315854930377,56.53239200480317,398.4282716627759,50.988076149872796,0.11345398626026072,0.0
3000000.0,700000.0,0.85,433.15,478.0994176784427,5.544315854930377,59.609311667216126,424.034421866157,54.06499581228575,0.11308316599676026,0.0
3000000.0,700000.0,0.85,443.15,506.03808854741095,5.544315854930377,62.45495091129653,449.12745349104483,56.910635056366154,0.11246314525400428,0.0
3000000.0,700000.0,0.85,453.15,533.6026721292625,5.544315854930377,65.13832828834327,474.00865969584964,59.5940124334129,0.11168237257060916,-1.1368683772161603e-13
3000000.0,700000.0,0.85,463.15,561.004670226017,5.544315854930377,67.70033893992996,498.84864714101747,62.15602308499959,0.11079412772082314,-1.1368683772161603e-13
3000000.0,700000.0,0.85,473.15,588.3766137894404,5.544315854930377,70.16761771540844,523.7533119289624,64.62330186047807,0.10983322645043894,-1.1368683772161603e-13
3000000.0,700000.0,0.85,483.15,615.8066509606354,5.544315854930377,72.55864772192237,548.7923190936433,67.014331866992,0.10882365716974986,0.0
3000000.0,700000.0,0.85,493.15,643.3558318092904,5.544315854930377,74.88685694708593,574.013290717135,69.34254109215556,0.10778256396175907,-1.1368683772161603e-13
3000000.0,700000.0,0.85,503.15,671.0676476755731,5.544315854930377,77.16234822196397,599.4496153085395,71.61803236703359,0.1067225228560821,0.0
3000000.0,700000.0,0.85,513.15,698.9736905076958,5.544315854930377,79.3929363096063,625.12507005302,73.84862045467592,0.1056529329466412,-1.1368683772161603e-13
3000000.0,700000.0,0.85,523.15,727.0972006330096,5.544315854930377,81.58480400613672,651.0567124818033,76.04048815120635,0.10458091171992634,0.0
3000000.0,700000.0,0.85,533.15,755.4553901790562,5.544315854930377,83.74293540452398,677.2567706294626,78.1986195495936,0.10351189569387963,-1.1368683772161603e-13
3000000.0,700000.0,0.85,543.15,784.0610198621473,5.544315854930377,85.87141226470797,703.7339234523696,80.3270964097776,0.10245005729770958,1.1368683772161603e-13
3000000.0,700000.0,0.85,553.15,812.9235012209804,5.544315854930377,87.97362282227306,730.4941942536377,82.42930696734268,0.10139860250507825,0.0
3000000.0,700000.0,0.85,563.15,842.0496865596031,5.544315854930377,90.0524126549894,757.541589759544,84.50809680005902,0.10035998842934936,0.0
3000000.0,700000.0,0.85,573.15,871.444447199065,5.544315854930377,92.11019607804693,784.8785669759484,86.56588022311655,0.09933608562353052,1.1368683772161603e-13
3000000.0,700000.0,0.85,583.15,901.1111045145925,5.544315854930377,94.14903996708617,812.5063804024367,88.6047241121558,0.09832830121418278,0.0
3000000.0,700000.0,0.85,593.15,931.0517562940183,5.544315854930377,96.17072789370641,840.4253442552423,90.62641203877604,0.0973376736858407,0.0
3000000.0,700000.0,0.85,603.15,961.2675271989024,5.544315854930377,98.17680992873898,868.6350331250936,92.6324940738086,0.0963649467528943,1.1368683772161603e-13
3000000.0,700000.0,0.85,613.15,991.7587632449612,5.544315854930377,100.16864183077915,897.1344372691124,94.62432597584878,0.09541062754640553,0.0
3000000.0,700000.0,0.85,623.15,1022.5251843622518,5.544315854930377,102.14741625118674,925.9220839659954,96.60310039625637,0.09447503286337895,0.0
3000000.0,700000.0,0.9,403.15,385.42934422291785,5.544315854930377,51.78862341999111,339.18503665785715,46.24430756506074,0.11998128388043741,0.0
3000000.0,700000.0,0.9,413.15,419.2307098095235,5.544315854930377,56.210877687556085,368.5641479768978,50.66656183262571,0.12085603618028351,0.0
3000000.0,700000.0,0.9,423.15,449.41634781264867,5.544315854930377,59.85782682861516,395.1028368389639,54.313510973684785,0.12085343854987411,0.0
3000000.0,700000.0,0.9,433.15,478.0994176784427,5.544315854930377,63.1157417652877,420.52799176808537,57.57142591035733,0.12041726842068312,5.684341886080802e-14
3000000.0,700000.0,0.9,443.15,506.03808854741095,5.544315854930377,66.12877155313745,445.45363284920387,60.58445569820708,0.11972311387096486,0.0
3000000.0,700000.0,0.9,453.15,533.6026721292625,5.544315854930377,68.96999465824582,470.1769933259471,63.42567880331545,0.118863120662842,-1.1368683772161603e-13
3000000.0,700000.0,0.9,463.15,561.004670226017,5.544315854930377,71.68271181874931,494.86627426219815,66.13839596381894,0.11789277250967121,-1.1368683772161603e-13
3000000.0,700000.0,0.9,473.15,588.3766137894404,5.544315854930377,74.29512463984429,519.6258050045265,68.75080878491391,0.11684830289586841,0.0
3000000.0,700000.0,0.9,483.15,615.8066509606354,5.544315854930377,76.8268034702707,544.524163345295,71.28248761534033,0.11575465692704409,0.0
3000000.0,700000.0,0.9,493.15,643.3558318092904,5.544315854930377,79.2919661792675,569.6081814849534,73.74765032433713,0.11462964455756748,-2.2737367544323206e-13
3000000.0,700000.0,0.9,503.15,671.0676476755731,5.544315854930377,81.70130988207949,594.9106536484239,76.15699402714911,0.11348631436925882,0.0
3000000.0,700000.0,0.9,513.15,698.9736905076958,5.544315854930377,84.06310903370078,620.4548973289254,78.51879317877041,0.11233440434895155,-1.1368683772161603e-13
3000000.0,700000.0,0.9,523.15,727.0972006330096,5.544315854930377,86.38391012414475,646.2576063637953,80.83959426921437,0.11118127562427081,-1.1368683772161603e-13
3000000.0,700000.0,0.9,533.15,755.4553901790562,5.544315854930377,88.66899042831955,672.330715605667,83.12467457338917,0.11003253885538783,0.0
3000000.0,700000.0,0.9,543.15,784.0610198621473,5.544315854930377,90.92267180969088,698.6826639073868,85.37835595476051,0.10889248896695775,0.0
3000000.0,700000.0,0.9,553.15,812.9235012209804,5.544315854930377,93.14854181181849,725.3192752640923,87.60422595688811,0.10776441550196283,-1.1368683772161603e-13
3000000.0,700000.0,0.9,563.15,842.0496865596031,5.544315854930377,95.34961339940061,752.2443890151328,89.80529754447024,0.10665082949129928,0.0
3000000.0,700000.0,0.9,573.15,871.444447199065,5.544315854930377,97.52844290616736,779.4603201478279,91.98412705123698,0.1055536326462184,1.1368683772161603e-13
3000000.0,700000.0,0.9,583.15,901.1111045145925,5.544315854930377,99.68721878867946,806.9682015808435,94.14290293374908,0.10447424569744002,-1.1368683772161603e-13
3000000.0,700000.0,0.9,593.15,931.0517562940183,5.544315854930377,101.82782953451247,834.7682426144362,96.2835136795821,0.10341370716363976,0.0
3000000.0,700000.0,0.9,603.15,961.2675271989024,5.544315854930377,103.95191639513546,862.8599266586972,98.40760054020508,0.10237275030704632,1.1368683772161603e-13
3000000.0,700000.0,0.9,613.15,991.7587632449612,5.544315854930377,106.06091487964848,891.242164220243,100.5165990247181,0.1013518637292755,0.0
3000000.0,700000.0,0.9,623.15,1022.5251843622518,5.544315854930377,108.15608779537422,919.9134124218078,102.61177194044384,0.10035133951682836,2.2737367544323206e-13
3200000.0,500000.0,0.7,403.15,403.5167599071326,6.289842771747673,49.492885834650835,360.3137168442294,43.20304306290316,0.10706629155340693,0.0
3200000.0,500000.0,0.7,413.15,443.29518543742273,6.289842771747673,54.66277874570945,394.92224946346096,48.37293597396178,0.1091212753105578,0.0
3200000.0,500000.0,0.7,423.15,475.59588413854783,6.289842771747673,58.49602710754902,423.38969980274646,52.206184335801346,0.10977005074457907,0.0
3200000.0,500000.0,0.7,433.15,505.4656503318292,6.289842771747673,61.81907787130342,449.9364152322735,55.52923509955575,0.10985758391910865,-5.684341886080802e-14
3200000.0,500000.0,0.7,443.15,534.1931747542518,6.289842771747673,64.85077321549889,475.6322443105006,58.56093044375122,0.10962500685391828,0.0
3200000.0,500000.0,0.7,453.15,562.3315549087405,6.289842771747673,67.688394589419,500.9330030910691,61.39855181767133,0.10918567752726514,0.0
3200000.0,500000.0,0.7,463.15,590.1751760762072,6.289842771747673,70.38550361201284,526.079515235942,64.09566084026517,0.10860446768772383,0.0
3200000.0,500000.0,0.7,473.15,617.9005665216779,6.289842771747673,72.97536536492035,551.2150439285051,66.68552259317268,0.10792274065803618,1.1368683772161603e-13
3200000.0,500000.0,0.7,483.15,645.6217479231433,6.289842771747673,75.48030736777663,576.4312833271143,69.19046459602896,0.10716873280462293,0.0
3200000.0,500000.0,0.7,493.15,673.416126855641,6.289842771747673,77.91615512782859,601.7898144995601,71.62631235608092,0.10636263299859364,0.0
3200000.0,500000.0,0.7,503.15,701.338110724583,6.289842771747673,80.29459060638911,627.3333628899416,74.00474783464144,0.10551935892687181,0.0
3200000.0,500000.0,0.7,513.15,729.4268920988587,6.289842771747673,82.62451409476087,653.0922207758455,76.3346713230132,0.10465020161700812,0.0
3200000.0,500000.0,0.7,523.15,757.7111873942106,6.289842771747673,84.91288086620311,679.0881492997552,78.62303809445544,0.10376386069320451,0.0
3200000.0,500000.0,0.7,533.15,786.2122669248793,6.289842771747673,87.16524070161313,705.3368689950139,80.87539792986546,0.10286712804188912,-1.1368683772161603e-13
3200000.0,500000.0,0.7,543.15,814.9459708809566,6.289842771747673,89.38609974982357,731.8497139028807,83.0962569780759,0.10196535714907437,0.0
3200000.0,500000.0,0.7,553.15,843.924095260802,6.289842771747673,91.57917127566296,758.6347667568866,85.28932850391529,0.10106279579274,1.1368683772161603e-13
3200000.0,500000.0,0.7,563.15,873.1553711482421,6.289842771747673,93.74755427207472,785.6976596479151,87.45771150032705,0.10016282827799121,0.0
3200000.0,500000.0,0.7,573.15,902.6461729063459,6.289842771747673,95.89386373213236,813.0421519459612,89.60402096038469,0.09926815583993126,0.0
3200000.0,500000.0,0.7,583.15,932.4010405864154,6.289842771747673,98.02032763213664,840.6705557260265,91.73048486038897,0.09838093359773266,0.0
3200000.0,500000.0,0.7,593.15,962.4230719179756,6.289842771747673,100.12886044091009,868.5840542488131,93.83901766916242,0.09750287623732283,0.0
3200000.0,500000.0,0.7,603.15,992.7142208073442,6.289842771747673,102.22111972854194,896.7829438505498,95.93127695679426,0.09663534071142477,1.1368683772161603e-13
3200000.0,500000.0,0.7,613.15,1023.2755275718507,6.289842771747673,104.29855038093612,925.2668199626622,98.00870760918845,0.09577939173602158,2.2737367544323206e-13
3200000.0,500000.0,0.7,623.15,1054.1072985140295,6.289842771747673,106.36241957433941,954.0347217114377,100.07257680259174,0.09493585419972295,2.2737367544323206e-13
3200000.0,500000.0,0.75,403.15,403.5167599071326,6.289842771747673,53.02809196569736,356.7785107131829,46.738249193949684,0.11582728113872212,0.0
3200000.0,500000.0,0.75,413.15,443.29518543742273,6.289842771747673,58.56726294183161,391.0177652673388,52.277420170083936,0.11792914041802427,0.0
3200000.0,500000.0,0.75,423.15,475.59588413854783,6.289842771747673,62.67431475808832,419.2114121522072,56.38447198634065,0.11855542460900492,0.0
3200000.0,500000.0,0.75,433.15,505.4656503318292,6.289842771747673,66.23472629068222,445.5207668128947,59.944883518934546,0.11859338706711682,-5.684341886080802e-14
3200000.0,500000.0,0.75,443.15,534.1931747542518,6.289842771747673,69.48297130232014,471.00004622367936,63.193128530572466,0.11829639822643484,0.0
3200000.0,500000.0,0.75,453.15,562.3315549087405,6.289842771747673,72.52327991723467,496.09811776325347,66.233437145487,0.11778360393849119,0.0
3200000.0,500000.0,0.75,463.15,590.1751760762072,6.289842771747673,75.41303958429943,521.0519792636554,69.12319681255175,0.11712318581767343,0.0
3200000.0,500000.0,0.75,473.15,617.9005665216779,6.289842771747673,78.18789146241464,546.002517831011,71.89804869066697,0.11635860620002289,-1.1368683772161603e-13
3200000.0,500000.0,0.75,483.15,645.6217479231433,6.289842771747673,80.87175789404637,571.0398328008447,74.5819151222987,0.11551952108524254,-1.1368683772161603e-13
3200000.0,500000.0,0.75,493.15,673.416126855641,6.289842771747673,83.48159477981633,596.2243748475723,77.19175200806866,0.11462712122517392,0.0
3200000.0,500000.0,0.75,503.15,701.338110724583,6.289842771747673,86.02991850684548,621.5980349894851,79.7400757350978,0.11369705212898648,1.1368683772161603e-13
3200000.0,500000.0,0.75,513.15,729.4268920988587,6.289842771747673,88.52626510152942,647.1904697690769,82.23642232978175,0.11274114406880999,0.0
3200000.0,500000.0,0.75,523.15,757.7111873942106,6.289842771747673,90.97808664236044,673.0229435235979,84.68824387061277,0.11176850134925148,-1.1368683772161603e-13
3200000.0,500000.0,0.75,533.15,786.2122669248793,6.289842771747673,93.39132932315697,699.1107803734699,87.1014865514093,0.11078622175674045,1.1368683772161603e-13
3200000.0,500000.0,0.75,543.15,814.9459708809566,6.289842771747673,95.77082116052532,725.4649924921789,89.48097838877764,0.10979989052777168,0.0
3200000.0,500000.0,0.75,553.15,843.924095260802,6.289842771747673,98.12054065249605,752.0933973800535,91.83069788074837,0.10881393053763856,1.1368683772161603e-13
3200000.0,500000.0,0.75,563.15,873.1553711482421,6.289842771747673,100.44380814865139,779.0014057713383,94.15396537690371,0.10783185729372154,0.0
3200000.0,500000.0,0.75,573.15,902.6461729063459,6.289842771747673,102.74342542728456,806.192590250809,96.45358265553689,0.10685646884756075,0.0
3200000.0,500000.0,0.75,583.15,932.4010405864154,6.289842771747673,105.02177960586083,833.6691037523022,98.73193683411316,0.10588998996828407,0.0
3200000.0,500000.0,0.75,593.15,962.4230719179756,6.289842771747673,107.28092190097506,861.4319927887481,100.99107912922739,0.10493418339189042,1.1368683772161603e-13
3200000.0,500000.0,0.75,603.15,992.7142208073442,6.289842771747673,109.52262828058075,889.4814352985111,103.23278550883308,0.10399043687001583,0.0
3200000.0,500000.0,0.75,613.15,1023.2755275718507,6.289842771747673,111.74844683671719,917.8169235068812,105.45860406496952,0.10305983210134437,2.2737367544323206e-13
3200000.0,500000.0,0.75,623.15,1054.1072985140295,6.289842771747673,113.95973525822093,946.4374060275561,107.66989248647326,0.10214319987941933,2.2737367544323206e-13
3200000.0,500000.0,0.8,403.15,403.5167599071326,6.289842771747673,56.563298096743765,353.2433045821365,50.27345532499609,0.12458827072403704,0.0
3200000.0,500000.0,0.8,413.15,443.29518543742273,6.289842771747673,62.47174713795376,387.11328107121665,56.18190436620609,0.12673700552549075,0.0
3200000.0,500000.0,0.8,423.15,475.59588413854783,6.289842771747673,66.85260240862752,415.033124501668,60.562759636879846,0.12734079847343055,0.0
3200000.0,500000.0,0.8,433.15,505.4656503318292,6.289842771747673,70.650374710061,441.10511839351585,64.36053193831333,0.12732919021512498,0.0
3200000.0,500000.0,0.8,443.15,534.1931747542518,6.289842771747673,74.11516938914149,466.367848136858,67.82532661739381,0.12696778959895158,0.0
3200000.0,500000.0,0.8,453.15,562.3315549087405,6.289842771747673,77.35816524505033,491.26323243543777,71.06832247330266,0.12638153034971722,0.0
3200000.0,500000.0,0.8,463.15,590.1751760762072,6.289842771747673,80.44057555658615,516.0244432913687,74.15073278483848,0.12564190394762328,0.0
3200000.0,500000.0,0.8,473.15,617.9005665216779,6.289842771747673,83.40041755990893,540.7899917335166,77.11057478816126,0.12479447174200961,0.0
3200000.0,500000.0,0.8,483.15,645.6217479231433,6.289842771747673,86.2632084203161,565.6483822745748,79.97336564856843,0.12387030936586216,0.0
3200000.0,500000.0,0.8,493.15,673.416126855641,6.289842771747673,89.0470344318041,590.6589351955846,82.75719166005642,0.12289160945175424,0.0
3200000.0,500000.0,0.8,503.15,701.338110724583,6.289842771747673,91.76524640730186,615.8627070890287,85.47540363555419,0.12187474533110117,0.0
3200000.0,500000.0,0.8,513.15,729.4268920988587,6.289842771747673,94.4280161082981,641.2887187623083,88.13817333655042,0.12083208652061202,0.0
3200000.0,500000.0,0.8,523.15,757.7111873942106,6.289842771747673,97.04329241851786,666.9577377474403,90.75344964677019,0.11977314200529858,1.1368683772161603e-13
3200000.0,500000.0,0.8,533.15,786.2122669248793,6.289842771747673,99.61741794470069,692.8846917519262,93.32757517295302,0.11870531547159166,0.0
3200000.0,500000.0,0.8,543.15,814.9459708809566,6.289842771747673,102.15554257122695,719.0802710814773,95.86569979947927,0.11763442390646886,-1.1368683772161603e-13
3200000.0,500000.0,0.8,553.15,843.924095260802,6.289842771747673,104.66191002932912,745.5520280032205,98.37206725758145,0.1165650652825371,1.1368683772161603e-13
3200000.0,500000.0,0.8,563.15,873.1553711482421,6.289842771747673,107.14006202522805,772.3051518947617,100.85021925348038,0.11550088630945188,0.0
3200000.0,500000.0,0.8,573.15,902.6461729063459,6.289842771747673,109.59298712243698,799.3430285556566,103.30314435068931,0.11444478185519048,0.0
3200000.0,500000.0,0.8,583.15,932.4010405864154,6.289842771747673,112.02323157958477,826.6676517785783,105.7333888078371,0.11339904633883521,0.0
3200000.0,500000.0,0.8,593.15,962.4230719179756,6.289842771747673,114.43298336104002,854.2799313286831,108.14314058929234,0.11236549054645799,1.1368683772161603e-13
3200000.0,500000.0,0.8,603.15,992.7142208073442,6.289842771747673,116.82413683261956,882.1799267464722,110.53429406087189,0.11134553302860688,1.1368683772161603e-13
3200000.0,500000.0,0.8,613.15,1023.2755275718507,6.289842771747673,119.19834329249849,910.3670270510999,112.90850052075082,0.11034027246666739,2.2737367544323206e-13
3200000.0,500000.0,0.8,623.15,1054.1072985140295,6.289842771747673,121.55705094210221,938.8400903436749,115.26720817035454,0.1093505455591155,2.2737367544323206e-13
3200000.0,500000.0,0.85,403.15,403.5167599071326,6.289842771747673,60.098504227790286,349.70809845109,53.808661456042614,0.13334926030935224,0.0
3200000.0,500000.0,0.85,413.15,443.29518543742273,6.289842771747673,66.3762313340758,383.2087968750946,60.086388562328125,0.13554487063295695,0.0
3200000.0,500000.0,0.85,423.15,475.59588413854783,6.289842771747673,71.03089005916671,410.85483685112877,64.74104728741904,0.13612617233785618,0.0
3200000.0,500000.0,0.85,433.15,505.4656503318292,6.289842771747673,75.0660231294398,436.68946997413707,68.77618035769213,0.13606499336313316,-5.684341886080802e-14
3200000.0,500000.0,0.85,443.15,534.1931747542518,6.289842771747673,78.74736747596285,461.73565005003667,72.45752470421517,0.13563918097146835,0.0
3200000.0,500000.0,0.85,453.15,562.3315549087405,6.289842771747673,82.19305057286587,486.42834710762224,75.9032078011182,0.13497945676094303,0.0
3200000.0,500000.0,0.85,463.15,590.1751760762072,6.289842771747673,85.46811152887274,510.99690731908214,79.17826875712507,0.13416062207757287,0.0
3200000.0,500000.0,0.85,473.15,617.9005665216779,6.289842771747673,88.61294365740335,535.5774656360221,82.32310088565568,0.13323033728399652,1.1368683772161603e-13
3200000.0,500000.0,0.85,483.15,645.6217479231433,6.289842771747673,91.65465894658584,560.2569317483052,85.36481617483817,0.13222109764648177,-1.1368683772161603e-13
3200000.0,500000.0,0.85,493.15,673.416126855641,6.289842771747673,94.61247408379184,585.0934955435968,88.32263131204417,0.13115609767833453,0.0
3200000.0,500000.0,0.85,503.15,701.338110724583,6.289842771747673,97.50057430775813,610.1273791885725,91.21073153601046,0.13005243853321571,0.0
3200000.0,500000.0,0.85,513.15,729.4268920988587,6.289842771747673,100.32976711506676,635.3869677555396,94.03992434331909,0.12892302897241403,1.1368683772161603e-13
3200000.0,500000.0,0.85,523.15,757.7111873942106,6.289842771747673,103.10849819467519,660.892531971283,96.81865542292752,0.12777778266134557,0.0
3200000.0,500000.0,0.85,533.15,786.2122669248793,6.289842771747673,105.84350656624453,686.6586031303825,99.55366379449686,0.126624409186443,-1.1368683772161603e-13
3200000.0,500000.0,0.85,543.15,814.9459708809566,6.289842771747673,108.5402639819287,712.6955496707757,102.25042121018103,0.1254689572851662,-1.1368683772161603e-13
3200000.0,500000.0,0.85,553.15,843.924095260802,6.289842771747673,111.2032794061621,739.0106586263876,104.91343663441442,0.12431620002743554,0.0
3200000.0,500000.0,0.85,563.15,873.1553711482421,6.289842771747673,113.83631590180495,765.6088980181848,107.54647313005728,0.1231699153251825,0.0
3200000.0,500000.0,0.85,573.15,902.6461729063459,6.289842771747673,116.44254881758941,792.4934668605041,110.15270604584174,0.12203309486282023,0.0
3200000.0,500000.0,0.85,583.15,932.4010405864154,6.289842771747673,119.02468355330895,819.6661998048542,112.73484078156127,0.12090810270938661,0.0
3200000.0,500000.0,0.85,593.15,962.4230719179756,6.289842771747673,121.58504482110497,847.1278698686182,115.2952020493573,0.11979679770102557,1.1368683772161603e-13
3200000.0,500000.0,0.85,603.15,992.7142208073442,6.289842771747673,124.12564538465813,874.8784181944337,117.83580261291046,0.11870062918719769,0.0
3200000.0,500000.0,0.85,613.15,1023.2755275718507,6.289842771747673,126.64823974827956,902.9171305953188,120.35839697653189,0.11762071283199017,2.2737367544323206e-13
3200000.0,500000.0,0.85,623.15,1054.1072985140295,6.289842771747673,129.15436662598373,931.2427746597933,122.86452385423605,0.11655789123881188,2.2737367544323206e-13
3200000.0,500000.0,0.9,403.15,403.5167599071326,6.289842771747673,63.63371035883681,346.17289232004345,57.343867587089136,0.14211024989466745,0.0
3200000.0,500000.0,0.9,413.15,443.29518543742273,6.289842771747673,70.28071553019795,379.30431267897245,63.99087275845028,0.14435273574042343,0.0
3200000.0,500000.0,0.9,423.15,475.59588413854783,6.289842771747673,75.2091777097059,406.6765492005896,68.91933493795823,0.14491154620228178,0.0
3200000.0,500000.0,0.9,433.15,505.4656503318292,6.289842771747673,79.48167154881871,432.2738215547582,73.19182877707104,0.14480079651114158,-5.684341886080802e-14
3200000.0,500000.0,0.9,443.15,534.1931747542518,6.289842771747673,83.37956556278421,457.1034519632153,77.08972279103654,0.14431057234398512,-1.1368683772161603e-13
3200000.0,500000.0,0.9,453.15,562.3315549087405,6.289842771747673,87.02793590068154,481.5934617798066,80.73809312893387,0.1435773831721691,0.0
3200000.0,500000.0,0.9,463.15,590.1751760762072,6.289842771747673,90.49564750115934,505.9693713467955,84.20580472941167,0.14267934020752251,0.0
3200000.0,500000.0,0.9,473.15,617.9005665216779,6.289842771747673,93.82546975489764,530.364939538528,87.53562698314997,0.14166620282598325,-1.1368683772161603e-13
3200000.0,500000.0,0.9,483.15,645.6217479231433,6.289842771747673,97.04610947285569,554.8654812220353,90.75626670110802,0.14057188592710157,-1.1368683772161603e-13
3200000.0,500000.0,0.9,493.15,673.416126855641,6.289842771747673,100.17791373577958,579.528055891609,93.88807096403191,0.13942058590491482,0.0
3200000.0,500000.0,0.9,503.15,701.338110724583,6.289842771747673,103.23590220821451,604.392051288116,96.94605943646684,0.13823013173533039,1.1368683772161603e-13
3200000.0,500000.0,0.9,513.15,729.4268920988587,6.289842771747673,106.23151812183542,629.485216748771,99.94167535008775,0.13701397142421604,0.0
3200000.0,500000.0,0.9,523.15,757.7111873942106,6.289842771747673,109.17370397083252,654.8273261951257,102.88386119908485,0.13578242331739254,0.0
3200000.0,500000.0,0.9,533.15,786.2122669248793,6.289842771747673,112.06959518778837,680.4325145088385,105.7797524160407,0.13454350290129435,1.1368683772161603e-13
3200000.0,500000.0,0.9,543.15,814.9459708809566,6.289842771747673,114.92498539263033,706.3108282600739,108.63514262088266,0.13330349066386338,0.0
3200000.0,500000.0,0.9,553.15,843.924095260802,6.289842771747673,117.74464878299518,732.4692892495545,111.45480601124751,0.1320673347723341,-1.1368683772161603e-13
3200000.0,500000.0,0.9,563.15,873.1553711482421,6.289842771747673,120.53256977838161,758.9126441416081,114.24272700663394,0.13083894434091284,1.1368683772161603e-13
3200000.0,500000.0,0.9,573.15,902.6461729063459,6.289842771747673,123.29211051274162,785.643905165352,117.00226774099394,0.12962140787044973,0.0
3200000.0,500000.0,0.9,583.15,932.4010405864154,6.289842771747673,126.02613552703289,812.6647478311302,119.73629275528522,0.12841715907993775,0.0
3200000.0,500000.0,0.9,593.15,962.4230719179756,6.289842771747673,128.73710628117016,839.975808408553,122.44726350942248,0.12722810485559338,0.0
3200000.0,500000.0,0.9,603.15,992.7142208073442,6.289842771747673,131.42715393669693,867.5769096423949,125.13731116494925,0.12605572534578874,1.1368683772161603e-13
3200000.0,500000.0,0.9,613.15,1023.2755275718507,6.289842771747673,134.09813620406064,895.4672341395377,127.80829343231296,0.12490115319731296,2.2737367544323206e-13
3200000.0,500000.0,0.9,623.15,1054.1072985140295,6.289842771747673,136.75168230986503,923.6454589759121,130.46183953811735,0.12376523691850805,0.0
3200000.0,550000.0,0.7,403.15,394.4055718905559,6.22871563448821,46.7379414323183,353.8963460927258,40.50922579783009,0.10270956772657118,0.0
3200000.0,550000.0,0.7,413.15,434.183997420846,6.22871563448821,51.7059026513641,388.7068104039701,45.47718701687589,0.10474173918666041,0.0
3200000.0,550000.0,0.7,423.15,466.4846961219711,6.22871563448821,55.382070861774615,417.33134089468473,49.153355227286404,0.10536970587869905,0.0
3200000.0,550000.0,0.7,433.15,496.35446231525253,6.22871563448821,58.56495697755727,444.0182209721834,52.33624134306906,0.10544126288085719,0.0
3200000.0,550000.0,0.7,443.15,525.0819867376752,6.22871563448821,61.4660835498278,469.8446188223356,55.23736791533959,0.10519760591775078,0.0
3200000.0,550000.0,0.7,453.15,553.2203668921637,6.22871563448821,64.17949426800968,495.2695882586423,57.950778633521466,0.10475170854441355,0.0
3200000.0,550000.0,0.7,463.15,581.0639880596304,6.22871563448821,66.75697720045213,520.5357264936666,60.528261565963916,0.10416797944764791,0.0
3200000.0,550000.0,0.7,473.15,608.7893785051012,6.22871563448821,69.2307022367724,545.7873919028169,63.00198660228419,0.10348732883117519,2.2737367544323206e-13
3200000.0,550000.0,0.7,483.15,636.5105599065666,6.22871563448821,71.62226486246533,571.1170106785896,65.39354922797712,0.10273757160851539,0.0
3200000.0,550000.0,0.7,493.15,664.3049388390643,6.22871563448821,73.94697299869568,596.5866814748568,67.71825736420747,0.10193851257910491,0.0
3200000.0,550000.0,0.7,503.15,692.2269227080062,6.22871563448821,76.21612710479472,622.2395112376997,69.98741147030651,0.10110472328425814,0.0
3200000.0,550000.0,0.7,513.15,720.3157040822821,6.22871563448821,78.43833709665341,648.1060826201169,72.2096214621652,0.10024718474542192,0.0
3200000.0,550000.0,0.7,523.15,748.5999993776339,6.22871563448821,80.62033147464716,674.208383537475,74.39161584015895,0.09937431993321688,0.0
3200000.0,550000.0,0.7,533.15,777.1010789083026,6.22871563448821,82.76747913908284,700.562315403708,76.53876350459463,0.09849267435340435,0.0
3200000.0,550000.0,0.7,543.15,805.8347828643799,6.22871563448821,84.88413939556759,727.1793591033006,78.65542376107938,0.09760738234889135,0.0
3200000.0,550000.0,0.7,553.15,834.8129072442252,6.22871563448821,86.97390450409544,754.0677183746182,80.74518886960723,0.09672249694383937,-1.1368683772161603e-13
3200000.0,550000.0,0.7,563.15,864.0441831316655,6.22871563448821,89.03977246143018,781.2331263047236,82.81105682694196,0.09584122946907564,0.0
3200000.0,550000.0,0.7,573.15,893.5349848897692,6.22871563448821,91.08427302797512,808.6794274962824,84.8555573934869,0.09496612760378385,0.0
3200000.0,550000.0,0.7,583.15,923.2898525698388,6.22871563448821,93.1095615547574,836.4090066495696,86.8808459202692,0.09409921020841873,0.0
3200000.0,550000.0,0.7,593.15,953.3118839013989,6.22871563448821,95.11749010307248,864.4231094328146,88.88877446858427,0.09324207110983423,1.1368683772161603e-13
3200000.0,550000.0,0.7,603.15,983.6030327907675,6.22871563448821,97.10966221439513,892.7220862108607,90.88094657990692,0.0923959601080644,0.0
3200000.0,550000.0,0.7,613.15,1014.164339555274,6.22871563448821,99.0874756893625,921.3055795003997,92.8587600548743,0.09156184696416582,0.0
3200000.0,550000.0,0.7,623.15,1044.9961104974527,6.22871563448821,101.05215642691823,950.1726697050228,94.82344079243002,0.09074047246672615,0.0
3200000.0,550000.0,0.75,403.15,394.4055718905559,6.22871563448821,50.076365820341046,350.55792170470306,43.847650185852835,0.11117401302337629,0.0
3200000.0,550000.0,0.75,413.15,434.183997420846,6.22871563448821,55.399181412175764,385.01353164315844,49.170465777687554,0.11324799179557875,0.0
3200000.0,550000.0,0.75,423.15,466.4846961219711,6.22871563448821,59.33793306618708,413.37547869027225,53.109217431698866,0.11384986018450746,0.0
3200000.0,550000.0,0.75,433.15,496.35446231525253,6.22871563448821,62.74816819023993,439.8350097595008,56.51945255575172,0.11386913354644969,0.0
3200000.0,550000.0,0.75,443.15,525.0819867376752,6.22871563448821,65.8565180891013,465.45418428306203,59.62780245461309,0.11355903260951598,1.1368683772161603e-13
3200000.0,550000.0,0.75,453.15,553.2203668921637,6.22871563448821,68.76374385858176,490.6853386680702,62.53502822409355,0.11303818869756682,0.0
3200000.0,550000.0,0.75,463.15,581.0639880596304,6.22871563448821,71.5253327147701,515.7673709793486,65.29661708028189,0.1123742280059885,0.0
3200000.0,550000.0,0.75,473.15,608.7893785051012,6.22871563448821,74.17575239654188,540.8423417430475,67.94703676205367,0.11161008907366199,1.1368683772161603e-13
3200000.0,550000.0,0.75,483.15,636.5105599065666,6.22871563448821,76.73814092407002,566.0011346169847,70.50942528958181,0.11077494975092304,2.2737367544323206e-13
3200000.0,550000.0,0.75,493.15,664.3049388390643,6.22871563448821,79.22889964145969,591.304754832093,73.00018400697148,0.10988956989322735,0.0
3200000.0,550000.0,0.75,503.15,692.2269227080062,6.22871563448821,81.66013618370867,616.7955021587857,75.43142054922046,0.108969209481381,1.1368683772161603e-13
3200000.0,550000.0,0.75,513.15,720.3157040822821,6.22871563448821,84.04107546070009,642.5033442560702,77.81235982621187,0.1080253552507906,0.0
3200000.0,550000.0,0.75,523.15,748.5999993776339,6.22871563448821,86.37892657997914,668.4497884321429,80.15021094549093,0.10706680605413528,1.1368683772161603e-13
3200000.0,550000.0,0.75,533.15,777.1010789083026,6.22871563448821,88.67944193473156,694.6503526080593,82.45072630024335,0.1061003884025909,0.0
3200000.0,550000.0,0.75,543.15,805.8347828643799,6.22871563448821,90.94729220953677,721.1162062893314,84.71857657504856,0.10513144676370528,0.0
3200000.0,550000.0,0.75,553.15,834.8129072442252,6.22871563448821,93.18632625438785,747.8552966243257,86.95761061989964,0.1041641904015987,0.0
3200000.0,550000.0,0.75,563.15,864.0441831316655,6.22871563448821,95.39975620867521,774.8731425574786,89.171040574187,0.10320194535769343,0.0
3200000.0,550000.0,0.75,573.15,893.5349848897692,6.22871563448821,97.5902925299732,802.1734079942843,91.36157689548499,0.1022473416715248,0.0
3200000.0,550000.0,0.75,583.15,923.2898525698388,6.22871563448821,99.76024452295434,829.7583236813726,93.53152888846613,0.10130245515872957,0.0
3200000.0,550000.0,0.75,593.15,953.3118839013989,6.22871563448821,101.9115965390061,857.629002996881,95.68288090451789,0.10036891653226718,0.0
3200000.0,550000.0,0.75,603.15,983.6030327907675,6.22871563448821,104.04606665828055,885.7856817669752,97.81735102379234,0.09944799656245071,0.0
3200000.0,550000.0,0.75,613.15,1014.164339555274,6.22871563448821,106.16515252431692,914.2279026654453,99.93643688982871,0.09854067333273847,0.0
3200000.0,550000.0,0.75,623.15,1044.9961104974527,6.22871563448821,108.27016760026943,942.9546585316716,102.04145196578122,0.09764768590115241,0.0
3200000.0,550000.0,0.8,403.15,394.4055718905559,6.22871563448821,53.41479020836379,347.2194973166803,47.18607457387558,0.1196384583201814,0.0
3200000.0,550000.0,0.8,413.15,434.183997420846,6.22871563448821,59.09246017298754,381.32025288234667,52.86374453849933,0.12175424440449735,0.0
3200000.0,550000.0,0.8,423.15,466.4846961219711,6.22871563448821,63.29379527059954,409.4196164858598,57.06507963611133,0.12233001449031589,-5.684341886080802e-14
3200000.0,550000.0,0.8,433.15,496.35446231525253,6.22871563448821,66.9313794029227,435.65179854681804,60.70266376843449,0.12229700421204243,0.0
3200000.0,550000.0,0.8,443.15,525.0819867376752,6.22871563448821,70.24695262837469,461.06374974378866,64.01823699388648,0.12192045930128097,0.0
3200000.0,550000.0,0.8,453.15,553.2203668921637,6.22871563448821,73.34799344915396,486.101089077498,67.11927781466575,0.1213246688507203,0.0
3200000.0,550000.0,0.8,463.15,581.0639880596304,6.22871563448821,76.29368822908809,510.9990154650306,70.06497259459988,0.12058047656432912,0.0
3200000.0,550000.0,0.8,473.15,608.7893785051012,6.22871563448821,79.12080255631136,535.8972915832779,72.89208692182315,0.11973284931614878,2.2737367544323206e-13
3200000.0,550000.0,0.8,483.15,636.5105599065666,6.22871563448821,81.85401698567473,560.8852585553801,75.62530135118652,0.11881232789333072,0.0
3200000.0,550000.0,0.8,493.15,664.3049388390643,6.22871563448821,84.51082628422358,586.0228281893291,78.28211064973537,0.11784062720734963,0.0
3200000.0,550000.0,0.8,503.15,692.2269227080062,6.22871563448821,87.10414526262262,611.3514930798718,80.87542962813441,0.11683369567850387,0.0
3200000.0,550000.0,0.8,513.15,720.3157040822821,6.22871563448821,89.64381382474676,636.9006058920236,83.41509819025855,0.11580352575615926,0.0
3200000.0,550000.0,0.8,523.15,748.5999993776339,6.22871563448821,92.1375216853111,662.6911933268111,85.90880605082289,0.11475929217505366,0.0
3200000.0,550000.0,0.8,533.15,777.1010789083026,6.22871563448821,94.59140473038028,688.7383898124106,88.36268909589207,0.11370810245177745,0.0
3200000.0,550000.0,0.8,543.15,805.8347828643799,6.22871563448821,97.01044502350584,715.0530534753623,90.78172938901763,0.11265551117851906,1.1368683772161603e-13
3200000.0,550000.0,0.8,553.15,834.8129072442252,6.22871563448821,99.39874800468039,741.642874874033,93.17003237019217,0.1116058838593582,0.0
3200000.0,550000.0,0.8,563.15,864.0441831316655,6.22871563448821,101.75973995592027,768.5131588102334,95.53102432143206,0.11056266124631126,0.0
3200000.0,550000.0,0.8,573.15,893.5349848897692,6.22871563448821,104.09631203197152,795.667388492286,97.86759639748331,0.10952855573926602,0.0
3200000.0,550000.0,0.8,583.15,923.2898525698388,6.22871563448821,106.41092749115126,823.1076407131758,100.18221185666305,0.1085057001090404,0.0
3200000.0,550000.0,0.8,593.15,953.3118839013989,6.22871563448821,108.70570297493995,850.8348965609472,102.47698734045174,0.10749576195470038,0.0
3200000.0,550000.0,0.8,603.15,983.6030327907675,6.22871563448821,110.98247110216576,878.84927732309,104.75375546767755,0.1065000330168368,1.1368683772161603e-13
3200000.0,550000.0,0.8,613.15,1014.164339555274,6.22871563448821,113.24282935927133,907.150225830491,107.01411372478312,0.10551949970131111,-1.1368683772161603e-13
3200000.0,550000.0,0.8,623.15,1044.9961104974527,6.22871563448821,115.48817877362063,935.7366473583204,109.25946313913242,0.10455489933557868,0.0
3200000.0,550000.0,0.85,403.15,394.4055718905559,6.22871563448821,56.753214596386535,343.8810729286576,50.524498961898324,0.1281029036169865,-5.684341886080802e-14
3200000.0,550000.0,0.85,413.15,434.183997420846,6.22871563448821,62.78573893379932,377.6269741215349,56.55702329931111,0.13026049701341594,0.0
3200000.0,550000.0,0.85,423.15,466.4846961219711,6.22871563448821,67.249657475012,405.46375428144734,61.02094184052379,0.13081016879612428,0.0
3200000.0,550000.0,0.85,433.15,496.35446231525253,6.22871563448821,71.11459061560535,431.46858733413535,64.88587498111714,0.1307248748776349,0.0
3200000.0,550000.0,0.85,443.15,525.0819867376752,6.22871563448821,74.63738716764806,456.6733152045153,68.40867153315985,0.13028188599304594,0.0
3200000.0,550000.0,0.85,453.15,553.2203668921637,6.22871563448821,77.93224303972605,481.5168394869259,71.70352740523784,0.12961114900387358,0.0
3200000.0,550000.0,0.85,463.15,581.0639880596304,6.22871563448821,81.06204374340608,506.23065995071266,74.83332810891787,0.12878672512266973,0.0
3200000.0,550000.0,0.85,473.15,608.7893785051012,6.22871563448821,84.06585271608084,530.9522414235087,77.83713708159263,0.12785560955863556,0.0
3200000.0,550000.0,0.85,483.15,636.5105599065666,6.22871563448821,86.96989304727933,555.7693824937755,80.74117741279112,0.12684970603573822,0.0
3200000.0,550000.0,0.85,493.15,664.3049388390643,6.22871563448821,89.79275292698759,580.7409015465648,83.56403729249938,0.12579168452147207,2.2737367544323206e-13
3200000.0,550000.0,0.85,503.15,692.2269227080062,6.22871563448821,92.54815434153646,605.907484000958,86.31943870704825,0.12469818187562656,0.0
3200000.0,550000.0,0.85,513.15,720.3157040822821,6.22871563448821,95.24655218879343,631.2978675279769,89.01783655430522,0.12358169626152793,0.0
3200000.0,550000.0,0.85,523.15,748.5999993776339,6.22871563448821,97.89611679064308,656.932598221479,91.66740115615487,0.12245177829597208,1.1368683772161603e-13
3200000.0,550000.0,0.85,533.15,777.1010789083026,6.22871563448821,100.50336752602912,682.8264270167616,94.27465189154091,0.12131581650096417,1.1368683772161603e-13
3200000.0,550000.0,0.85,543.15,805.8347828643799,6.22871563448821,103.073597837475,708.9899006613931,96.8448822029868,0.12017957559333296,1.1368683772161603e-13
3200000.0,550000.0,0.85,553.15,834.8129072442252,6.22871563448821,105.61116975497292,735.4304531237406,99.38245412048471,0.1190475773171177,0.0
3200000.0,550000.0,0.85,563.15,864.0441831316655,6.22871563448821,108.11972370316508,762.1531750629887,101.89100806867687,0.1179233771349288,0.0
3200000.0,550000.0,0.85,573.15,893.5349848897692,6.22871563448821,110.60233153396962,789.1613689902879,104.37361589948141,0.11680976980700698,0.0
3200000.0,550000.0,0.85,583.15,923.2898525698388,6.22871563448821,113.06161045934842,816.4569577449786,106.8328948248602,0.11570894505935148,0.0
3200000.0,550000.0,0.85,593.15,953.3118839013989,6.22871563448821,115.49980941087357,844.0407901250136,109.27109377638536,0.11462260737713333,0.0
3200000.0,550000.0,0.85,603.15,983.6030327907675,6.22871563448821,117.91887554605118,871.9128728792045,111.69015991156297,0.11355206947122311,1.1368683772161603e-13
3200000.0,550000.0,0.85,613.15,1014.164339555274,6.22871563448821,120.32050619422574,900.0725489955365,114.09179055973753,0.11249832606988378,0.0
3200000.0,550000.0,0.85,623.15,1044.9961104974527,6.22871563448821,122.70618994697206,928.518636184969,116.47747431248385,0.11146211277000516,0.0
3200000.0,550000.0,0.9,403.15,394.4055718905559,6.22871563448821,60.09163898440928,340.54264854063484,53.86292334992107,0.1365673489137916,0.0
3200000.0,550000.0,0.9,413.15,434.183997420846,6.22871563448821,66.47901769461099,373.9336953607232,60.25030206012278,0.1387667496223343,0.0
3200000.0,550000.0,0.9,423.15,466.4846961219711,6.22871563448821,71.20551967942447,401.50789207703485,64.97680404493626,0.1392903231019327,0.0
3200000.0,550000.0,0.9,433.15,496.35446231525253,6.22871563448821,75.297801828288,427.2853761214527,69.06908619379979,0.1391527455432274,0.0
3200000.0,550000.0,0.9,443.15,525.0819867376752,6.22871563448821,79.02782170692144,452.2828806652419,72.79910607243323,0.13864331268481092,0.0
3200000.0,550000.0,0.9,453.15,553.2203668921637,6.22871563448821,82.51649263029813,476.9325898963538,76.28777699580992,0.13789762915702683,0.0
3200000.0,550000.0,0.9,463.15,581.0639880596304,6.22871563448821,85.83039925772417,501.46230443639456,79.60168362323596,0.13699297368101052,0.0
3200000.0,550000.0,0.9,473.15,608.7893785051012,6.22871563448821,89.0109028758502,526.0071912637393,82.782187241362,0.13597836980112218,0.0
3200000.0,550000.0,0.9,483.15,636.5105599065666,6.22871563448821,92.08576910888404,550.6535064321707,85.85705347439583,0.13488708417814588,1.1368683772161603e-13
3200000.0,550000.0,0.9,493.15,664.3049388390643,6.22871563448821,95.07467956975161,575.4589749038009,88.8459639352634,0.13374274183559454,0.0
3200000.0,550000.0,0.9,503.15,692.2269227080062,6.22871563448821,97.99216342045041,600.4634749220439,91.7634477859622,0.1325626680727494,1.1368683772161603e-13
3200000.0,550000.0,0.9,513.15,720.3157040822821,6.22871563448821,100.8492905528401,625.6951291639302,94.62057491835189,0.1313598667668966,0.0
3200000.0,550000.0,0.9,523.15,748.5999993776339,6.22871563448821,103.65471189597505,651.1740031161471,97.42599626148684,0.13014426441689048,0.0
3200000.0,550000.0,0.9,533.15,777.1010789083026,6.22871563448821,106.41533032167784,676.9144642211129,100.18661468718963,0.1289235305501507,1.1368683772161603e-13
3200000.0,550000.0,0.9,543.15,805.8347828643799,6.22871563448821,109.13675065144407,702.9267478474242,102.90803501695586,0.12770364000814674,-1.1368683772161603e-13
3200000.0,550000.0,0.9,553.15,834.8129072442252,6.22871563448821,111.82359150526544,729.218031373448,105.59487587077723,0.12648927077487718,1.1368683772161603e-13
3200000.0,550000.0,0.9,563.15,864.0441831316655,6.22871563448821,114.47970745041012,755.7931913157436,108.2509918159219,0.1252840930235466,0.0
3200000.0,550000.0,0.9,573.15,893.5349848897692,6.22871563448821,117.10835103596793,782.6553494882895,110.87963540147972,0.12409098387474818,0.0
3200000.0,550000.0,0.9,583.15,923.2898525698388,6.22871563448821,119.71229342754535,809.8062747767817,113.48357779305714,0.12291219000966232,0.0
3200000.0,550000.0,0.9,593.15,953.3118839013989,6.22871563448821,122.29391584680742,837.2466836890798,116.06520021231921,0.12174945279956653,0.0
3200000.0,550000.0,0.9,603.15,983.6030327907675,6.22871563448821,124.85527998993662,864.9764684353191,118.62656435544841,0.12060410592560943,0.0
3200000.0,550000.0,0.9,613.15,1014.164339555274,6.22871563448821,127.39818302918039,892.9948721605818,121.16946739469218,0.11947715243845665,0.0
3200000.0,550000.0,0.9,623.15,1044.9961104974527,6.22871563448821,129.92420112032326,921.3006250116177,123.69548548583505,0.11836932620443143,0.0
3200000.0,600000.0,0.7,403.15,385.8085792220376,6.163790522147377,44.22409909324604,347.748270650939,38.06030857109866,0.09865075745035333,0.0
3200000.0,600000.0,0.7,413.15,425.58700475232774,6.163790522147377,49.00495092074003,382.7458443537351,42.84116039859265,0.10066369489717913,0.0
3200000.0,600000.0,0.7,423.15,457.88770345345284,6.163790522147377,52.53586361138371,411.5156303642165,46.37207308923633,0.1012738991230638,0.0
3200000.0,600000.0,0.7,433.15,487.75746964673425,6.163790522147377,55.58931781558762,438.331942353294,49.42552729344024,0.10133217914476518,5.684341886080802e-14
3200000.0,600000.0,0.7,443.15,516.4849940691569,6.163790522147377,58.36999963049649,464.27878496080774,52.20620910834911,0.10107981782208128,0.0
3200000.0,600000.0,0.7,453.15,544.6233742236456,6.163790522147377,60.968925447230696,489.81823929856216,54.805134925083316,0.10062942120911982,0.0
3200000.0,600000.0,0.7,463.15,572.4669953911123,6.163790522147377,63.43622466600267,515.194561247257,57.27243414385529,0.10004495386625124,0.0
3200000.0,600000.0,0.7,473.15,600.1923858365828,6.163790522147377,65.80304216144013,540.5531341972902,59.63925163929275,0.09936689142792793,-1.1368683772161603e-13
3200000.0,600000.0,0.7,483.15,627.9135672380485,6.163790522147377,68.09028763620218,565.9870701239936,61.9264971140548,0.09862264544855395,0.0
3200000.0,600000.0,0.7,493.15,655.7079461705462,6.163790522147377,70.31278375357971,591.5589529391137,64.14899323143233,0.09783165448287479,0.0
3200000.0,600000.0,0.7,503.15,683.629930039488,6.163790522147377,72.48147309371491,617.3122474679204,66.31768257156753,0.0970081613713678,0.0
3200000.0,600000.0,0.7,513.15,711.7187114137637,6.163790522147377,74.60469305200968,643.2778088839015,68.4409025298623,0.0961628539931327,-1.1368683772161603e-13
3200000.0,600000.0,0.7,523.15,740.0030067091155,6.163790522147377,76.6889592181096,669.4778380131534,70.52516869596222,0.09530389479036894,-1.1368683772161603e-13
3200000.0,600000.0,0.7,533.15,768.5040862397842,6.163790522147377,78.73947061392175,695.9284061480099,72.57568009177437,0.09443759817450044,-1.1368683772161603e-13
3200000.0,600000.0,0.7,543.15,797.2377901958616,6.163790522147377,80.76044859709451,722.6411321209146,74.59665807494713,0.0935688937382416,-1.1368683772161603e-13
3200000.0,600000.0,0.7,553.15,826.215914575707,6.163790522147377,82.75537172831245,749.6243333695419,76.59158120616507,0.09270165323007333,0.0
3200000.0,600000.0,0.7,563.15,855.4471904631471,6.163790522147377,84.72714308908651,776.8838378962081,78.56335256693913,0.09183892757237791,-2.2737367544323206e-13
3200000.0,600000.0,0.7,573.15,884.9379922212509,6.163790522147377,86.67821232753596,804.4235704158624,80.51442180538858,0.0909831225612681,-2.2737367544323206e-13
3200000.0,600000.0,0.7,583.15,914.6928599013204,6.163790522147377,88.61066652429872,832.2459838991691,82.44687600215134,0.09013613160929881,-1.1368683772161603e-13
3200000.0,600000.0,0.7,593.15,944.7148912328805,6.163790522147377,90.52629906930541,860.3523826857225,84.36250854715803,0.08929943767167943,-1.1368683772161603e-13
3200000.0,600000.0,0.7,603.15,975.0060401222491,6.163790522147377,92.42666270519398,888.7431679392026,86.2628721830466,0.08847419260318705,-1.1368683772161603e-13
3200000.0,600000.0,0.7,613.15,1005.5673468867557,6.163790522147377,94.31311095800274,917.4180264509004,88.14932043585536,0.0876612796833214,-1.1368683772161603e-13
3200000.0,600000.0,0.7,623.15,1036.3991178289345,6.163790522147377,96.18683090967801,946.3760774414038,90.02304038753063,0.08686136338683145,0.0
3200000.0,600000.0,0.75,403.15,385.8085792220376,6.163790522147377,47.38296331419225,344.5894064299928,41.21917279204487,0.1068384038404774,0.0
3200000.0,600000.0,0.75,413.15,425.58700475232774,6.163790522147377,52.5053045579358,379.24549071653934,46.34151403578842,0.10888846115674296,0.0
3200000.0,600000.0,0.75,423.15,457.88770345345284,6.163790522147377,56.28842529791116,407.7630686776891,50.12463477576378,0.10946927466651059,0.0
3200000.0,600000.0,0.75,433.15,487.75746964673425,6.163790522147377,59.559983373843835,434.3612767950378,53.396192851696455,0.10947283470690763,0.0
3200000.0,600000.0,0.75,443.15,516.4849940691569,6.163790522147377,62.53928531838907,460.1094992729152,56.37549479624169,0.10915224148543813,0.0
3200000.0,600000.0,0.75,453.15,544.6233742236456,6.163790522147377,65.32384869346139,485.4633160523315,59.160058171314006,0.10862563189772381,0.0
3200000.0,600000.0,0.75,463.15,572.4669953911123,6.163790522147377,67.96738357071706,510.66340234254255,61.80359304856968,0.10796009821726955,0.0
3200000.0,600000.0,0.75,473.15,600.1923858365828,6.163790522147377,70.50325945868587,535.8529169000444,64.3394689365385,0.10719807590837466,-1.1368683772161603e-13
3200000.0,600000.0,0.75,483.15,627.9135672380485,6.163790522147377,72.95387961021659,561.1234781499792,66.79008908806921,0.10636828470175164,0.0
3200000.0,600000.0,0.75,493.15,655.7079461705462,6.163790522147377,75.33512545026396,586.5366112424294,69.17133492811658,0.10549107317074587,1.1368683772161603e-13
3200000.0,600000.0,0.75,503.15,683.629930039488,6.163790522147377,77.65872117183741,612.1349993897979,71.49493064969003,0.1045813348832757,0.0
3200000.0,600000.0,0.75,513.15,711.7187114137637,6.163790522147377,79.93359969858184,637.9489022373293,73.76980917643446,0.103650231465599,-1.1368683772161603e-13
3200000.0,600000.0,0.75,523.15,740.0030067091155,6.163790522147377,82.16674201940315,664.0000552118598,76.00295149725576,0.10270627390454837,-1.1368683772161603e-13
3200000.0,600000.0,0.75,533.15,768.5040862397842,6.163790522147377,84.36371851491626,690.3041582470155,78.19992799276888,0.10175603408355774,-2.2737367544323206e-13
3200000.0,600000.0,0.75,543.15,797.2377901958616,6.163790522147377,86.52905206831556,716.8725286496934,80.36526154616818,0.10080463135901326,0.0
3200000.0,600000.0,0.75,553.15,826.215914575707,6.163790522147377,88.66646970890625,743.7132353889481,82.50267918675887,0.09985607603446746,0.0
3200000.0,600000.0,0.75,563.15,855.4471904631471,6.163790522147377,90.7790818811641,770.8318991041305,84.61529135901672,0.09891351833560318,-1.1368683772161603e-13
3200000.0,600000.0,0.75,573.15,884.9379922212509,6.163790522147377,92.86951320807403,798.2322695353243,86.70572268592664,0.09797943296376026,-2.2737367544323206e-13
3200000.0,600000.0,0.75,583.15,914.6928599013204,6.163790522147377,94.93999984746287,825.9166505760049,88.77620932531549,0.09705575851427649,-1.1368683772161603e-13
3200000.0,600000.0,0.75,593.15,944.7148912328805,6.163790522147377,96.99246328854142,853.8862184664865,90.82867276639404,0.09614400451321346,-1.1368683772161603e-13
3200000.0,600000.0,0.75,603.15,975.0060401222491,6.163790522147377,99.02856718413648,882.1412634602601,92.8647766619891,0.09524533473694731,-1.1368683772161603e-13
3200000.0,600000.0,0.75,613.15,1005.5673468867557,6.163790522147377,101.0497617407171,910.681375668186,94.88597121856972,0.09436063284307851,-1.1368683772161603e-13
3200000.0,600000.0,0.75,623.15,1036.3991178289345,6.163790522147377,103.05731883179769,939.5055895192842,96.8935283096503,0.09349055459698231,0.0
3200000.0,600000.0,0.8,403.15,385.8085792220376,6.163790522147377,50.541827535138346,341.4305422090467,44.378037012990966,0.11502605023060115,0.0
3200000.0,600000.0,0.8,413.15,425.58700475232774,6.163790522147377,56.00565819513146,375.7451370793437,49.84186767298408,0.11711322741630652,0.0
3200000.0,600000.0,0.8,423.15,457.88770345345284,6.163790522147377,60.0409869844385,404.0105069911617,53.87719646229112,0.11766465020995714,0.0
3200000.0,600000.0,0.8,433.15,487.75746964673425,6.163790522147377,63.53064893210004,430.3906112367816,57.36685840995266,0.11761349026905006,0.0
3200000.0,600000.0,0.8,443.15,516.4849940691569,6.163790522147377,66.70857100628164,455.9402135850226,60.544780484134264,0.11722466514879495,0.0
3200000.0,600000.0,0.8,453.15,544.6233742236456,6.163790522147377,69.6787719396922,481.10839280610065,63.51498141754482,0.11662184258632803,0.0
3200000.0,600000.0,0.8,463.15,572.4669953911123,6.163790522147377,72.49854247543158,506.13224343782804,66.3347519532842,0.11587524256828809,0.0
3200000.0,600000.0,0.8,473.15,600.1923858365828,6.163790522147377,75.20347675593162,531.1526996027986,69.03968623378424,0.11502926038882139,-1.1368683772161603e-13
3200000.0,600000.0,0.8,483.15,627.9135672380485,6.163790522147377,77.81747158423101,556.2598861759648,71.65368106208363,0.11411392395494935,0.0
3200000.0,600000.0,0.8,493.15,655.7079461705462,6.163790522147377,80.35746714694832,581.5142695457452,74.19367662480094,0.11315049185861713,0.0
3200000.0,600000.0,0.8,503.15,683.629930039488,6.163790522147377,82.83596924995992,606.9577513116755,76.67217872781254,0.1121545083951836,0.0
3200000.0,600000.0,0.8,513.15,711.7187114137637,6.163790522147377,85.26250634515402,632.6199955907571,79.09871582300664,0.11113760893806533,-1.1368683772161603e-13
3200000.0,600000.0,0.8,523.15,740.0030067091155,6.163790522147377,87.64452482069667,658.5222724105663,81.4807342985493,0.11010865301872778,-1.1368683772161603e-13
3200000.0,600000.0,0.8,533.15,768.5040862397842,6.163790522147377,89.98796641591063,684.6799103460211,83.82417589376325,0.10907446999261487,-1.1368683772161603e-13
3200000.0,600000.0,0.8,543.15,797.2377901958616,6.163790522147377,92.29765553953662,711.1039251784724,86.13386501738924,0.10804036897978492,-1.1368683772161603e-13
3200000.0,600000.0,0.8,553.15,826.215914575707,6.163790522147377,94.57756768949993,737.8021374083544,88.41377716735255,0.10701049883886146,0.0
3200000.0,600000.0,0.8,563.15,855.4471904631471,6.163790522147377,96.8310206732417,764.7799603120528,90.66723015109432,0.10598810909882846,-1.1368683772161603e-13
3200000.0,600000.0,0.8,573.15,884.9379922212509,6.163790522147377,99.06081408861233,792.040968654786,92.89702356646495,0.10497574336625269,-1.1368683772161603e-13
3200000.0,600000.0,0.8,583.15,914.6928599013204,6.163790522147377,101.26933317062701,819.5873172528409,95.10554264847963,0.10397538541925415,-1.1368683772161603e-13
3200000.0,600000.0,0.8,593.15,944.7148912328805,6.163790522147377,103.45862750777742,847.4200542472505,97.29483698563004,0.10298857135474751,-1.1368683772161603e-13
3200000.0,600000.0,0.8,603.15,975.0060401222491,6.163790522147377,105.63047166307877,875.5393589813178,99.46668114093139,0.10201647687070735,-1.1368683772161603e-13
3200000.0,600000.0,0.8,613.15,1005.5673468867557,6.163790522147377,107.78641252343171,903.9447248854714,101.62262200128433,0.10105998600283586,-1.1368683772161603e-13
3200000.0,600000.0,0.8,623.15,1036.3991178289345,6.163790522147377,109.9278067539176,932.6351015971643,103.76401623177021,0.10011974580713338,0.0
3200000.0,600000.0,0.85,403.15,385.8085792220376,6.163790522147377,53.70069175608456,338.27167798810046,47.53690123393718,0.12321369662072523,0.0
3200000.0,600000.0,0.85,413.15,425.58700475232774,6.163790522147377,59.50601183232712,372.244783442148,53.34222131017974,0.12533799367587006,5.684341886080802e-14
3200000.0,600000.0,0.85,423.15,457.88770345345284,6.163790522147377,63.79354867096595,400.2579453046343,57.62975814881857,0.12586002575340396,0.0
3200000.0,600000.0,0.85,433.15,487.75746964673425,6.163790522147377,67.50131449035636,426.41994567852527,61.337523968208984,0.12575414583119274,0.0
3200000.0,600000.0,0.85,443.15,516.4849940691569,6.163790522147377,70.87785669417423,451.77092789713004,64.71406617202685,0.12529708881215182,-1.1368683772161603e-13
3200000.0,600000.0,0.85,453.15,544.6233742236456,6.163790522147377,74.0336951859229,476.75346955987,67.86990466377551,0.12461805327493204,0.0
3200000.0,600000.0,0.85,463.15,572.4669953911123,6.163790522147377,77.02970138014608,501.6010845331135,70.8659108579987,0.1237903869193066,0.0
3200000.0,600000.0,0.85,473.15,600.1923858365828,6.163790522147377,79.90369405317738,526.452482305553,73.73990353103,0.12286044486926813,-1.1368683772161603e-13
3200000.0,600000.0,0.85,483.15,627.9135672380485,6.163790522147377,82.68106355824543,551.3962942019504,76.51727303609805,0.12185956320814703,0.0
3200000.0,600000.0,0.85,493.15,655.7079461705462,6.163790522147377,85.37980884363257,576.4919278490609,79.2160183214852,0.12080991054648822,1.1368683772161603e-13
3200000.0,600000.0,0.85,503.15,683.629930039488,6.163790522147377,88.01321732808242,601.780503233553,81.84942680593504,0.1197276819070915,0.0
3200000.0,600000.0,0.85,513.15,711.7187114137637,6.163790522147377,90.59141299172607,627.291088944185,84.4276224695787,0.11862498641053149,-1.1368683772161603e-13
3200000.0,600000.0,0.85,523.15,740.0030067091155,6.163790522147377,93.12230762199022,653.0444896092728,86.95851709984284,0.11751103213290723,-1.1368683772161603e-13
3200000.0,600000.0,0.85,533.15,768.5040862397842,6.163790522147377,95.61221431690501,679.0556624450267,89.44842379475763,0.116392905901672,-1.1368683772161603e-13
3200000.0,600000.0,0.85,543.15,797.2377901958616,6.163790522147377,98.06625901075755,705.3353217072515,91.90246848861017,0.1152761066005564,-1.1368683772161603e-13
3200000.0,600000.0,0.85,553.15,826.215914575707,6.163790522147377,100.48866567009361,731.8910394277608,94.32487514794623,0.11416492164325545,-1.1368683772161603e-13
3200000.0,600000.0,0.85,563.15,855.4471904631471,6.163790522147377,102.88295946531929,758.7280215199753,96.71916894317191,0.11306269986205372,-2.2737367544323206e-13
3200000.0,600000.0,0.85,573.15,884.9379922212509,6.163790522147377,105.25211496915063,785.8496677742477,99.08832444700325,0.11197205376874511,-1.1368683772161603e-13
3200000.0,600000.0,0.85,583.15,914.6928599013204,6.163790522147377,107.59866649379116,813.2579839296767,101.43487597164378,0.11089501232423182,-1.1368683772161603e-13
3200000.0,600000.0,0.85,593.15,944.7148912328805,6.163790522147377,109.92479172701366,840.9538900280143,103.76100120486628,0.10983313819628178,0.0
3200000.0,600000.0,0.85,603.15,975.0060401222491,6.163790522147377,112.23237614202127,868.9374545023753,106.06858561987389,0.1087876190044676,-1.1368683772161603e-13
3200000.0,600000.0,0.85,613.15,1005.5673468867557,6.163790522147377,114.5230633061463,897.2080741027568,108.35927278399892,0.10775933916259321,-1.1368683772161603e-13
3200000.0,600000.0,0.85,623.15,1036.3991178289345,6.163790522147377,116.7982946760375,925.7646136750444,110.63450415389012,0.10674893701728447,0.0
3200000.0,600000.0,0.9,403.15,385.8085792220376,6.163790522147377,56.85955597703066,335.11281376715436,50.69576545488328,0.13140134301084902,0.0
3200000.0,600000.0,0.9,413.15,425.58700475232774,6.163790522147377,63.00636546952289,368.74442980495223,56.84257494737551,0.13356275993543387,0.0
3200000.0,600000.0,0.9,423.15,457.88770345345284,6.163790522147377,67.54611035749339,396.5053836181068,61.38231983534601,0.13405540129685073,5.684341886080802e-14
3200000.0,600000.0,0.9,433.15,487.75746964673425,6.163790522147377,71.47198004861258,422.44928012026907,65.3081895264652,0.13389480139333518,0.0
3200000.0,600000.0,0.9,443.15,516.4849940691569,6.163790522147377,75.04714238206692,447.6016422092373,68.88335185991954,0.13336951247550888,0.0
3200000.0,600000.0,0.9,453.15,544.6233742236456,6.163790522147377,78.38861843215372,472.39854631363914,72.22482791000634,0.1326142639635363,0.0
3200000.0,600000.0,0.9,463.15,572.4669953911123,6.163790522147377,81.5608602848606,497.069925628399,75.39706976271322,0.13170553127032514,0.0
3200000.0,600000.0,0.9,473.15,600.1923858365828,6.163790522147377,84.603911350423,521.7522650083073,78.44012082827562,0.13069162934971468,-1.1368683772161603e-13
3200000.0,600000.0,0.9,483.15,627.9135672380485,6.163790522147377,87.54465553225997,546.5327022279358,81.38086501011259,0.1296052024613449,0.0
3200000.0,600000.0,0.9,493.15,655.7079461705462,6.163790522147377,90.40215054031682,571.4695861523766,84.23836001816944,0.1284693292343593,1.1368683772161603e-13
3200000.0,600000.0,0.9,503.15,683.629930039488,6.163790522147377,93.19046540620492,596.6032551554304,87.02667488405754,0.1273008554189994,1.1368683772161603e-13
3200000.0,600000.0,0.9,513.15,711.7187114137637,6.163790522147377,95.92031963829824,621.9621822976129,89.75652911615086,0.1261123638829978,-1.1368683772161603e-13
3200000.0,600000.0,0.9,523.15,740.0030067091155,6.163790522147377,98.60009042328375,647.5667068079792,92.43629990113637,0.12491341124708664,-1.1368683772161603e-13
3200000.0,600000.0,0.9,533.15,768.5040862397842,6.163790522147377,101.23646221789939,673.4314145440324,95.072671695752,0.12371134181072914,-2.2737367544323206e-13
3200000.0,600000.0,0.9,543.15,797.2377901958616,6.163790522147377,103.8348624819786,699.5667182360304,97.67107195983122,0.12251184422132806,0.0
3200000.0,600000.0,0.9,553.15,826.215914575707,6.163790522147377,106.3997636506874,725.979941447167,100.23597312854002,0.1213193444476496,-1.1368683772161603e-13
3200000.0,600000.0,0.9,563.15,855.4471904631471,6.163790522147377,108.93489825739688,752.6760827278977,102.7711077352495,0.120137290625279,-1.1368683772161603e-13
3200000.0,600000.0,0.9,573.15,884.9379922212509,6.163790522147377,111.44341584968893,779.6583668937094,105.27962532754155,0.11896836417123755,-1.1368683772161603e-13
3200000.0,600000.0,0.9,583.15,914.6928599013204,6.163790522147377,113.92799981695553,806.9286506065123,107.76420929480815,0.11781463922920975,-1.1368683772161603e-13
3200000.0,600000.0,0.9,593.15,944.7148912328805,6.163790522147377,116.39095594624965,834.4877258087784,110.22716542410227,0.1166777050378158,-1.1368683772161603e-13
3200000.0,600000.0,0.9,603.15,975.0060401222491,6.163790522147377,118.83428062096378,862.3355500234328,112.6704900988164,0.11555876113822787,-1.1368683772161603e-13
3200000.0,600000.0,0.9,613.15,1005.5673468867557,6.163790522147377,121.25971408886066,890.4714233200424,115.09592356671328,0.11445869232235031,0.0
3200000.0,600000.0,0.9,623.15,1036.3991178289345,6.163790522147377,123.66878259815718,918.8941257529248,117.5049920760098,0.11337812822743533,0.0
3200000.0,650000.0,0.7,403.15,377.65323313691954,6.095461920088622,41.91416718204471,341.8345278749635,35.81870526195608,0.09484548818616861,-5.684341886080802e-14
3200000.0,650000.0,0.7,413.15,417.43165866720966,6.095461920088622,46.520351721557205,377.0067688657411,40.42488980146858,0.09684193558902211,-5.684341886080802e-14
3200000.0,650000.0,0.7,423.15,449.73235736833476,6.095461920088622,49.915944085071445,405.91187520335194,43.82048216498282,0.09743680090399513,0.0
3200000.0,650000.0,0.7,433.15,479.60212356161617,6.095461920088622,52.84898708420235,432.8485983975024,46.753525164113725,0.09748398279997844,0.0
3200000.0,650000.0,0.7,443.15,508.3296479840388,6.095461920088622,55.51773418173241,458.90737572239505,49.42227226164378,0.09722484702130853,0.0
3200000.0,650000.0,0.7,453.15,536.4680281385274,6.095461920088622,58.010351158476084,484.55313890013997,51.91488923838746,0.09677163692033094,0.0
3200000.0,650000.0,0.7,463.15,564.3116493059941,6.095461920088622,60.37540511051088,510.0317061155719,54.27994319042226,0.09618788351645267,-1.1368683772161603e-13
3200000.0,650000.0,0.7,473.15,592.0370397514648,6.095461920088622,62.64307468126854,535.489426990285,56.54761276117991,0.09551364013460782,-1.1368683772161603e-13
3200000.0,650000.0,0.7,483.15,619.7582211529303,6.095461920088622,64.83362254840881,561.0200605246101,58.73816062832019,0.09477592813379732,0.0
3200000.0,650000.0,0.7,493.15,647.552600085428,6.095461920088622,66.9614132303081,586.6866487752085,60.86595131021947,0.09399383355450934,1.1368683772161603e-13
3200000.0,650000.0,0.7,503.15,675.4745839543699,6.095461920088622,69.03705125048326,612.5329946239752,62.941589330394635,0.09318128442660473,0.0
3200000.0,650000.0,0.7,513.15,703.5633653286457,6.095461920088622,71.06861647095299,638.5902107777813,64.97315455086436,0.09234868919093644,0.0
3200000.0,650000.0,0.7,523.15,731.8476606239975,6.095461920088622,73.06242320854554,664.8806993355406,66.96696128845691,0.0915039630397379,0.0
3200000.0,650000.0,0.7,533.15,760.3487401546662,6.095461920088622,75.02350984479138,691.4206922299635,68.92804792470275,0.09065320199081511,-1.1368683772161603e-13
3200000.0,650000.0,0.7,543.15,789.0824441107436,6.095461920088622,76.95596725880704,718.2219387720252,70.86050533871841,0.08980114291932403,0.0
3200000.0,650000.0,0.7,553.15,818.0605684905889,6.095461920088622,78.86316644648743,745.2928639641901,72.7677045263988,0.08895148761498572,0.0
3200000.0,650000.0,0.7,563.15,847.2918443780292,6.095461920088622,80.74792068001372,772.639385618104,74.6524587599251,0.08810713717506058,0.0
3200000.0,650000.0,0.7,573.15,876.7826461361329,6.095461920088622,82.61260379415262,800.2655042620689,76.517141874064,0.08727036536508231,0.0
3200000.0,650000.0,0.7,583.15,906.5375138162024,6.095461920088622,84.45923825484351,828.1737374814476,78.36377633475489,0.08644294928829928,-1.1368683772161603e-13
3200000.0,650000.0,0.7,593.15,936.5595451477625,6.095461920088622,86.28956191638858,856.3654451514626,80.19409999629995,0.08562626947937155,-1.1368683772161603e-13
3200000.0,650000.0,0.7,603.15,966.8506940371311,6.095461920088622,88.10507943275269,884.8410765244671,82.00961751266406,0.08482138764386567,-1.1368683772161603e-13
3200000.0,650000.0,0.7,613.15,997.4120008016376,6.095461920088622,89.90710241333325,913.600360308393,83.81164049324462,0.08402910775675822,0.0
3200000.0,650000.0,0.7,623.15,1028.2437717438165,6.095461920088622,91.69678118662186,942.6424524772832,85.60131926653324,0.08325002457477615,0.0
3200000.0,650000.0,0.75,403.15,377.65323313691954,6.095461920088622,44.9080362664765,338.8406587905317,38.812574346387876,0.10277304929709483,0.0
3200000.0,650000.0,0.75,413.15,417.43165866720966,6.095461920088622,49.84323398738261,373.6838865999157,43.74777206729399,0.10480223806448556,-5.684341886080802e-14
3200000.0,650000.0,0.75,423.15,449.73235736833476,6.095461920088622,53.48136866257666,402.3464506258467,47.38590674248803,0.10536468182937203,0.0
3200000.0,650000.0,0.75,433.15,479.60212356161617,6.095461920088622,56.62391473307391,429.0736707486309,50.528452812985286,0.10535493971075739,0.0
3200000.0,650000.0,0.75,443.15,508.3296479840388,6.095461920088622,59.483286623284805,454.94182328084264,53.38782470319618,0.10502599034883073,0.0
3200000.0,650000.0,0.75,453.15,536.4680281385274,6.095461920088622,62.15394766979583,480.4095423888202,56.05848574970721,0.10449548306582722,0.0
3200000.0,650000.0,0.75,463.15,564.3116493059941,6.095461920088622,64.68793404697593,505.71917717910685,58.5924721268873,0.10382998862232584,0.0
3200000.0,650000.0,0.75,473.15,592.0370397514648,6.095461920088622,67.11758001564489,531.0149216559086,61.022118095556266,0.10307145330159266,0.0
3200000.0,650000.0,0.75,483.15,619.7582211529303,6.095461920088622,69.46459558758082,556.389087485438,63.36913366749219,0.10224815340021984,1.1368683772161603e-13
3200000.0,650000.0,0.75,493.15,647.552600085428,6.095461920088622,71.74437131818722,581.9036906873293,65.6489093980986,0.10138004138881984,1.1368683772161603e-13
3200000.0,650000.0,0.75,503.15,675.4745839543699,6.095461920088622,73.9682691969463,607.6017766775122,67.87280727685767,0.1004816596940125,0.0
3200000.0,650000.0,0.75,513.15,703.5633653286457,6.095461920088622,76.14494621887826,633.5138810298561,70.04948429878964,0.0995638598466087,0.0
3200000.0,650000.0,0.75,523.15,731.8476606239975,6.095461920088622,78.28116772344161,659.6619548206446,72.18570580335299,0.09863487947997958,-1.1368683772161603e-13
3200000.0,650000.0,0.75,533.15,760.3487401546662,6.095461920088622,80.38233197656227,686.0618700981926,74.28687005647365,0.09770104970695762,0.0
3200000.0,650000.0,0.75,543.15,789.0824441107436,6.095461920088622,82.4528220630075,712.7250839678247,76.35736014291888,0.09676727788434046,0.0
3200000.0,650000.0,0.75,553.15,818.0605684905889,6.095461920088622,84.49624976409366,739.6597806465838,78.40078784400504,0.09583738767492858,0.0
3200000.0,650000.0,0.75,563.15,847.2918443780292,6.095461920088622,86.51562930001481,766.8716769981029,80.42016737992618,0.09491436500130619,1.1368683772161603e-13
3200000.0,650000.0,0.75,573.15,876.7826461361329,6.095461920088622,88.51350406516343,794.3646039910581,82.4180421450748,0.09400053993801132,1.1368683772161603e-13
3200000.0,650000.0,0.75,583.15,906.5375138162024,6.095461920088622,90.49204098733235,822.1409347489587,84.39657906724372,0.09309772379078277,0.0
3200000.0,650000.0,0.75,593.15,936.5595451477625,6.095461920088622,92.45310205327347,850.2019050145776,86.35764013318484,0.09220731407906377,0.0
3200000.0,650000.0,0.75,603.15,966.8506940371311,6.095461920088622,94.398299392235,878.5478565649847,88.30283747214638,0.09133037605158421,0.0
3200000.0,650000.0,0.75,613.15,997.4120008016376,6.095461920088622,96.3290382999999,907.1784244217264,90.23357637991127,0.09046770673241243,0.0
3200000.0,650000.0,0.75,623.15,1028.2437717438165,6.095461920088622,98.24655127138062,936.0926823925245,92.151089351292,0.08961988575433952,0.0
3200000.0,650000.0,0.8,403.15,377.65323313691954,6.095461920088622,47.90190535090829,335.8467897060999,41.80644343081966,0.11070061040802101,-5.684341886080802e-14
3200000.0,650000.0,0.8,413.15,417.43165866720966,6.095461920088622,53.16611625320814,370.3610043340902,47.07065433311951,0.11276254053994932,-5.684341886080802e-14
3200000.0,650000.0,0.8,423.15,449.73235736833476,6.095461920088622,57.046793240081755,398.78102604834163,50.95133131999313,0.1132925627547487,0.0
3200000.0,650000.0,0.8,433.15,479.60212356161617,6.095461920088622,60.39884238194558,425.29874309975924,54.30338046185695,0.11322589662153655,-5.684341886080802e-14
3200000.0,650000.0,0.8,443.15,508.3296479840388,6.095461920088622,63.44883906483708,450.97627083929035,57.35337714474846,0.1128271336763527,0.0
3200000.0,650000.0,0.8,453.15,536.4680281385274,6.095461920088622,66.29754418111557,476.2659458775005,60.202082261026945,0.11221932921132347,0.0
3200000.0,650000.0,0.8,463.15,564.3116493059941,6.095461920088622,69.00046298344095,501.40664824264184,62.90500106335233,0.11147209372819898,0.0
3200000.0,650000.0,0.8,473.15,592.0370397514648,6.095461920088622,71.59208535002114,526.5404163215323,65.49662342993251,0.11062926646857733,0.0
3200000.0,650000.0,0.8,483.15,619.7582211529303,6.095461920088622,74.09556862675282,551.7581144462661,68.0001067066642,0.10972037866664236,1.1368683772161603e-13
3200000.0,650000.0,0.8,493.15,647.552600085428,6.095461920088622,76.52732940606644,577.1207325994502,70.43186748597782,0.1087662492231305,0.0
3200000.0,650000.0,0.8,503.15,675.4745839543699,6.095461920088622,78.89948714340944,602.670558731049,72.80402522332082,0.10778203496142044,0.0
3200000.0,650000.0,0.8,513.15,703.5633653286457,6.095461920088622,81.22127596680343,628.4375512819308,75.12581404671481,0.10677903050228084,0.0
3200000.0,650000.0,0.8,523.15,731.8476606239975,6.095461920088622,83.4999122383378,654.4432103057484,77.40445031824918,0.10576579592022141,-1.1368683772161603e-13
3200000.0,650000.0,0.8,533.15,760.3487401546662,6.095461920088622,85.74115410833305,680.7030479664218,79.64569218824442,0.10474889742309998,0.0
3200000.0,650000.0,0.8,543.15,789.0824441107436,6.095461920088622,87.94967686720798,707.2282291636242,81.85421494711936,0.1037334128493569,0.0
3200000.0,650000.0,0.8,553.15,818.0605684905889,6.095461920088622,90.12933308169991,734.0266973289777,84.03387116161129,0.10272328773487147,0.0
3200000.0,650000.0,0.8,563.15,847.2918443780292,6.095461920088622,92.28333792001568,761.1039683781021,86.18787599992706,0.10172159282755155,0.0
3200000.0,650000.0,0.8,573.15,876.7826461361329,6.095461920088622,94.41440433617448,788.4637037200471,88.31894241608586,0.1007307145109406,0.0
3200000.0,650000.0,0.8,583.15,906.5375138162024,6.095461920088622,96.52484371982096,816.1081320164701,90.42938179973234,0.09975249829326602,-1.1368683772161603e-13
3200000.0,650000.0,0.8,593.15,936.5595451477625,6.095461920088622,98.61664219015837,844.0383648776927,92.52118027006975,0.09878835867875602,0.0
3200000.0,650000.0,0.8,603.15,966.8506940371311,6.095461920088622,100.69151935171732,872.2546366055025,94.5960574316287,0.09783936445930276,-1.1368683772161603e-13
3200000.0,650000.0,0.8,613.15,997.4120008016376,6.095461920088622,102.75097418666654,900.7564885350597,96.65551226657792,0.09690630570806665,0.0
3200000.0,650000.0,0.8,623.15,1028.2437717438165,6.095461920088622,104.79632135613937,929.5429123077657,98.70085943605075,0.09598974693390289,0.0
3200000.0,650000.0,0.85,403.15,377.65323313691954,6.095461920088622,50.89577443534008,332.8529206216681,44.800312515251456,0.11862817151894722,0.0
3200000.0,650000.0,0.85,413.15,417.43165866720966,6.095461920088622,56.48899851903366,367.0381220682646,50.39353659894503,0.12072284301541304,0.0
3200000.0,650000.0,0.85,423.15,449.73235736833476,6.095461920088622,60.612217817586846,395.21560147083653,54.51675589749822,0.12122044368012533,0.0
3200000.0,650000.0,0.85,433.15,479.60212356161617,6.095461920088622,64.17377003081714,421.52381545088764,58.078308110728514,0.1210968535323155,0.0
3200000.0,650000.0,0.85,443.15,508.3296479840388,6.095461920088622,67.41439150638936,447.01071839773806,61.31892958630074,0.12062827700387468,0.0
3200000.0,650000.0,0.85,453.15,536.4680281385274,6.095461920088622,70.44114069243533,472.12234936618074,64.3456787723467,0.11994317535681974,0.0
3200000.0,650000.0,0.85,463.15,564.3116493059941,6.095461920088622,73.312991919906,497.09411930617676,67.21752999981737,0.11911419883407214,0.0
3200000.0,650000.0,0.85,473.15,592.0370397514648,6.095461920088622,76.0665906843975,522.065910987156,69.97112876430887,0.11818707963556219,-1.1368683772161603e-13
3200000.0,650000.0,0.85,483.15,619.7582211529303,6.095461920088622,78.72654166592494,547.127141407094,72.63107974583632,0.11719260393306508,0.0
3200000.0,650000.0,0.85,493.15,647.552600085428,6.095461920088622,81.31028749394557,572.3377745115711,75.21482557385694,0.116152457057441,0.0
3200000.0,650000.0,0.85,503.15,675.4745839543699,6.095461920088622,83.83070508987258,597.7393407845859,77.73524316978396,0.11508241022882836,0.0
3200000.0,650000.0,0.85,513.15,703.5633653286457,6.095461920088622,86.2976057147287,623.3612215340056,80.20214379464008,0.1139942011579531,0.0
3200000.0,650000.0,0.85,523.15,731.8476606239975,6.095461920088622,88.71865675323387,649.2244657908524,82.62319483314525,0.11289671236046307,-1.1368683772161603e-13
3200000.0,650000.0,0.85,533.15,760.3487401546662,6.095461920088622,91.09997624010383,675.3442258346511,85.0045143200152,0.11179674513924233,-1.1368683772161603e-13
3200000.0,650000.0,0.85,543.15,789.0824441107436,6.095461920088622,93.44653167140845,701.7313743594237,87.35106975131983,0.11069954781437333,0.0
3200000.0,650000.0,0.85,553.15,818.0605684905889,6.095461920088622,95.76241639930615,728.3936140113714,89.66695447921752,0.10960918779481432,0.0
3200000.0,650000.0,0.85,563.15,847.2918443780292,6.095461920088622,98.05104654001654,755.3362597581012,91.95558461992792,0.1085288206537969,1.1368683772161603e-13
3200000.0,650000.0,0.85,573.15,876.7826461361329,6.095461920088622,100.3153046071853,782.5628034490362,94.21984268709667,0.1074608890838696,0.0
3200000.0,650000.0,0.85,583.15,906.5375138162024,6.095461920088622,102.5576464523098,810.0753292839812,96.46218453222117,0.10640727279574949,0.0
3200000.0,650000.0,0.85,593.15,936.5595451477625,6.095461920088622,104.78018232704326,837.8748247408079,98.68472040695464,0.10536940327844824,0.0
3200000.0,650000.0,0.85,603.15,966.8506940371311,6.095461920088622,106.98473931119963,865.9614166460201,100.88927739111101,0.10434835286702131,0.0
3200000.0,650000.0,0.85,613.15,997.4120008016376,6.095461920088622,109.17291007333318,894.3345526483931,103.07744815324456,0.10334490468372086,-1.1368683772161603e-13
3200000.0,650000.0,0.85,623.15,1028.2437717438165,6.095461920088622,111.34609144089814,922.9931422230069,105.25062952080951,0.10235960811346625,2.2737367544323206e-13
3200000.0,650000.0,0.9,403.15,377.65323313691954,6.095461920088622,53.88964351977175,329.85905153723644,47.79418159968313,0.12655573262987313,-5.684341886080802e-14
3200000.0,650000.0,0.9,413.15,417.43165866720966,6.095461920088622,59.811880784859184,363.7152398024391,53.71641886477056,0.12868314549087678,0.0
3200000.0,650000.0,0.9,423.15,449.73235736833476,6.095461920088622,64.17764239509194,391.65017689333143,58.08218047500331,0.12914832460550196,0.0
3200000.0,650000.0,0.9,433.15,479.60212356161617,6.095461920088622,67.94869767968869,417.7488878020161,61.85323575960007,0.12896781044309444,0.0
3200000.0,650000.0,0.9,443.15,508.3296479840388,6.095461920088622,71.37994394794164,443.04516595618577,65.28448202785302,0.12842942033139665,0.0
3200000.0,650000.0,0.9,453.15,536.4680281385274,6.095461920088622,74.58473720375495,467.9787528548611,68.48927528366633,0.1276670215023158,0.0
3200000.0,650000.0,0.9,463.15,564.3116493059941,6.095461920088622,77.62552085637115,492.78159036971164,71.53005893628253,0.1267563039399455,0.0
3200000.0,650000.0,0.9,473.15,592.0370397514648,6.095461920088622,80.54109601877386,517.5914056527796,74.44563409868523,0.12574489280254705,0.0
3200000.0,650000.0,0.9,483.15,619.7582211529303,6.095461920088622,83.35751470509696,542.496168367922,77.26205278500834,0.12466482919948763,0.0
3200000.0,650000.0,0.9,493.15,647.552600085428,6.095461920088622,86.09324558182468,567.5548164236919,79.99778366173605,0.12353866489175147,0.0
3200000.0,650000.0,0.9,503.15,675.4745839543699,6.095461920088622,88.76192303633562,592.8081228381229,82.66646111624699,0.12238278549623613,0.0
3200000.0,650000.0,0.9,513.15,703.5633653286457,6.095461920088622,91.37393546265388,618.2848917860804,85.27847354256525,0.12120937181362523,0.0
3200000.0,650000.0,0.9,523.15,731.8476606239975,6.095461920088622,93.93740126812993,644.0057212759563,87.84193934804131,0.12002762880070474,-1.1368683772161603e-13
3200000.0,650000.0,0.9,533.15,760.3487401546662,6.095461920088622,96.45879837187461,669.9854037028803,90.36333645178598,0.11884459285538468,-1.1368683772161603e-13
3200000.0,650000.0,0.9,543.15,789.0824441107436,6.095461920088622,98.94338647560892,696.2345195552233,92.8479245555203,0.11766568277938974,0.0
3200000.0,650000.0,0.9,553.15,818.0605684905889,6.095461920088622,101.3954997169124,722.7605306937652,95.30003779682377,0.11649508785475719,0.0
3200000.0,650000.0,0.9,563.15,847.2918443780292,6.095461920088622,103.81875516001763,749.5685511381001,97.723293239929,0.11533604848004252,0.0
3200000.0,650000.0,0.9,573.15,876.7826461361329,6.095461920088622,106.21620487819612,776.6619031780253,100.1207429581075,0.11419106365679862,1.1368683772161603e-13
3200000.0,650000.0,0.9,583.15,906.5375138162024,6.095461920088622,108.59044918479863,804.0425265514924,102.49498726471,0.11306204729823298,-1.1368683772161603e-13
3200000.0,650000.0,0.9,593.15,936.5595451477625,6.095461920088622,110.94372246392817,831.711284603923,104.84826054383954,0.11195044787814049,0.0
3200000.0,650000.0,0.9,603.15,966.8506940371311,6.095461920088622,113.27795927068195,859.6681966865378,107.18249735059332,0.11085734127473984,-1.1368683772161603e-13
3200000.0,650000.0,0.9,613.15,997.4120008016376,6.095461920088622,115.59484595999983,887.9126167617264,109.4993840399112,0.10978350365937507,0.0
3200000.0,650000.0,0.9,623.15,1028.2437717438165,6.095461920088622,117.89586152565666,916.4433721382484,111.80039960556803,0.1087294692930294,0.0
3200000.0,700000.0,0.7,403.15,369.8818886509748,6.024044583840994,39.77903160752868,336.12690162728717,33.75498702368768,0.09125882628857049,-5.684341886080802e-14
3200000.0,700000.0,0.7,413.15,409.66031418126494,6.024044583840994,44.221136049477735,371.4632227156282,38.19709146563674,0.0932408879829532,0.0
3200000.0,700000.0,0.7,423.15,441.96101288239004,6.024044583840994,47.48987177703087,400.4951856892002,41.465827193189874,0.09382236438177483,-5.684341886080802e-14
3200000.0,700000.0,0.7,433.15,471.83077907567144,6.024044583840994,50.3101910518005,427.54463260771195,44.286146467959504,0.09386023216780642,-5.684341886080802e-14
3200000.0,700000.0,0.7,443.15,500.55830349809406,6.024044583840994,52.874256897718645,453.7080911842164,46.85021231387765,0.09359591477450346,0.0
3200000.0,700000.0,0.7,453.15,528.6966836525827,6.024044583840994,55.267534759917766,479.45319347650593,49.24349017607677,0.09314128818790864,0.0
3200000.0,700000.0,0.7,463.15,556.5403048200494,6.024044583840994,57.53711127676396,505.02723812712645,51.51306669292296,0.09255945390977405,0.0
3200000.0,700000.0,0.7,473.15,584.2656952655201,6.024044583840994,59.71224873909692,530.5774911102642,53.688204155255924,0.09189005034919476,0.0
3200000.0,700000.0,0.7,483.15,611.9868766669856,6.024044583840994,61.81259570582758,556.198325544999,55.788551121986586,0.09115971804137898,1.1368683772161603e-13
3200000.0,700000.0,0.7,493.15,639.7812555994833,6.024044583840994,63.85208158860484,581.9532185947194,57.82803700476384,0.09038720109200171,1.1368683772161603e-13
3200000.0,700000.0,0.7,503.15,667.7032394684252,6.024044583840994,65.84098970658367,607.8862943456825,59.81694512274267,0.08958612387497836,1.1368683772161603e-13
3200000.0,700000.0,0.7,513.15,695.7920208427009,6.024044583840994,67.78715513403411,634.0289102925078,61.76311055019311,0.0887666266643722,0.0
3200000.0,700000.0,0.7,523.15,724.0763161380529,6.024044583840994,69.69670081478917,660.4036599071047,63.67265623094817,0.08793638848810005,0.0
3200000.0,700000.0,0.7,533.15,752.5773956687216,6.024044583840994,71.57451234986773,687.0269279026948,65.55046776602674,0.08710129767820123,1.1368683772161603e-13
3200000.0,700000.0,0.7,543.15,781.3110996247989,6.024044583840994,73.42455649580923,713.9105877128306,67.40051191196824,0.08626590860456904,0.0
3200000.0,700000.0,0.7,553.15,810.2892240046442,6.024044583840994,75.25010190415568,741.0631666843295,69.2260573203147,0.08543376274730999,0.0
3200000.0,700000.0,0.7,563.15,839.5204998920844,6.024044583840994,77.05387638294953,768.4906680929759,71.02983179910854,0.08460762043123309,1.1368683772161603e-13
3200000.0,700000.0,0.7,573.15,869.0113016501882,6.024044583840994,78.83818161193514,796.197164622094,72.81413702809415,0.0837896318377281,1.1368683772161603e-13
3200000.0,700000.0,0.7,583.15,898.7661693302576,6.024044583840994,80.60497855307604,824.1852353610226,74.58093396923505,0.08298146560724605,0.0
3200000.0,700000.0,0.7,593.15,928.7882006618178,6.024044583840994,82.35595219305158,852.4562930526072,76.33190760921059,0.08218440711759634,0.0
3200000.0,700000.0,0.7,603.15,959.0793495511864,6.024044583840994,84.09256140277512,881.0108327322523,78.06851681893413,0.08139943463016622,0.0
3200000.0,700000.0,0.7,613.15,989.6406563156929,6.024044583840994,85.81607788069849,909.8486230188354,79.7920332968575,0.08062727899024799,1.1368683772161603e-13
3200000.0,700000.0,0.7,623.15,1020.4724272578717,6.024044583840994,87.52761695685425,938.9688548848585,81.50357237301326,0.07986847091206849,0.0
3200000.0,700000.0,0.75,403.15,369.8818886509748,6.024044583840994,42.62039100806636,333.2855422267495,36.596346424225366,0.09894062820350238,-5.684341886080802e-14
3200000.0,700000.0,0.75,413.15,409.66031418126494,6.024044583840994,47.37978862444044,368.30457014066553,41.35574404059944,0.10095130675094026,-5.684341886080802e-14
3200000.0,700000.0,0.75,423.15,441.96101288239004,6.024044583840994,50.88200547539024,397.1030519908408,44.85796089154924,0.1014975520102864,-5.684341886080802e-14
3200000.0,700000.0,0.75,433.15,471.83077907567144,6.024044583840994,53.903776126929095,423.95104753258335,47.8797315430881,0.10147649044194555,0.0
3200000.0,700000.0,0.75,443.15,500.55830349809406,6.024044583840994,56.65098953326989,449.9313585486652,50.626944949428896,0.10114095520067956,0.0
3200000.0,700000.0,0.75,453.15,528.6966836525827,6.024044583840994,59.21521581419767,475.50551242222605,53.19117123035667,0.10060810456172574,0.0
3200000.0,700000.0,0.75,463.15,556.5403048200494,6.024044583840994,61.64690493939002,500.9174444645004,55.62286035554902,0.09994399304742897,0.0
3200000.0,700000.0,0.75,473.15,584.2656952655201,6.024044583840994,63.97740936331824,526.3123304860429,57.95336477947724,0.09919008637524111,0.0
3200000.0,700000.0,0.75,483.15,611.9868766669856,6.024044583840994,66.22778111338674,551.7831401374398,60.20373652954574,0.09837422798578371,1.1368683772161603e-13
3200000.0,700000.0,0.75,493.15,639.7812555994833,6.024044583840994,68.41294455921941,577.3923556241049,62.388899975378415,0.097515986017626,0.0
3200000.0,700000.0,0.75,503.15,667.7032394684252,6.024044583840994,70.54391754276817,603.183366509498,64.51987295892718,0.0966295640714474,0.0
3200000.0,700000.0,0.75,513.15,695.7920208427009,6.024044583840994,72.62909478646505,629.1869706400769,66.60505020262406,0.0957255159694934,0.0
3200000.0,700000.0,0.75,523.15,724.0763161380529,6.024044583840994,74.67503658727405,655.4253241346198,68.65099200343306,0.09481181813761191,1.1368683772161603e-13
3200000.0,700000.0,0.75,533.15,752.5773956687216,6.024044583840994,76.68697751771542,681.9144627348471,70.66293293387443,0.09389457262543091,1.1368683772161603e-13
3200000.0,700000.0,0.75,543.15,781.3110996247989,6.024044583840994,78.6691676740814,708.6659765345585,72.6451230902404,0.09297848593873304,1.1368683772161603e-13
3200000.0,700000.0,0.75,553.15,810.2892240046442,6.024044583840994,80.62510918302415,735.6881594054611,74.60106459918316,0.09206720562132958,0.0
3200000.0,700000.0,0.75,563.15,839.5204998920844,6.024044583840994,82.55772469601757,762.9868197799078,76.53368011217658,0.09116356315541377,1.1368683772161603e-13
3200000.0,700000.0,0.75,573.15,869.0113016501882,6.024044583840994,84.4694802985019,790.5658659355272,78.44543571466092,0.09026975318468107,1.1368683772161603e-13
3200000.0,700000.0,0.75,583.15,898.7661693302576,6.024044583840994,86.36247702115286,818.4277368929459,80.33843243731187,0.08938746826349554,0.0
3200000.0,700000.0,0.75,593.15,928.7882006618178,6.024044583840994,88.23852020684095,846.5737250388179,82.21447562299996,0.08851800180538165,0.0
3200000.0,700000.0,0.75,603.15,959.0793495511864,6.024044583840994,90.09917293154471,875.0042212034828,84.07512834770372,0.08766232782203867,0.0
3200000.0,700000.0,0.75,613.15,989.6406563156929,6.024044583840994,91.94579772931989,903.718903170214,85.9217531454789,0.08682116341638058,0.0
3200000.0,700000.0,0.75,623.15,1020.4724272578717,6.024044583840994,93.77958959662938,932.7168822450833,87.75554501278839,0.08599501825698296,0.0
3200000.0,700000.0,0.8,403.15,369.8818886509748,6.024044583840994,45.46175040860416,330.44418282621166,39.437705824763164,0.10662243011843459,-5.684341886080802e-14
3200000.0,700000.0,0.8,413.15,409.66031418126494,6.024044583840994,50.53844119940314,365.1459175657028,44.51439661556214,0.10866172551892732,0.0
3200000.0,700000.0,0.8,423.15,441.96101288239004,6.024044583840994,54.2741391737496,393.71091829248144,48.250094589908606,0.10917273963879798,-5.684341886080802e-14
3200000.0,700000.0,0.8,433.15,471.83077907567144,6.024044583840994,57.49736120205768,420.35746245745474,51.473316618216685,0.10909274871608467,0.0
3200000.0,700000.0,0.8,443.15,500.55830349809406,6.024044583840994,60.42772216882126,446.1546259131138,54.403677584980265,0.10868599562685591,-5.684341886080802e-14
3200000.0,700000.0,0.8,453.15,528.6966836525827,6.024044583840994,63.16289686847746,471.5578313679462,57.138852284636464,0.10807492093554262,0.0
3200000.0,700000.0,0.8,463.15,556.5403048200494,6.024044583840994,65.75669860201597,496.80765080187444,59.732654018174976,0.10732853218508372,0.0
3200000.0,700000.0,0.8,473.15,584.2656952655201,6.024044583840994,68.24256998753944,522.0471698618217,62.21852540369844,0.10649012240128727,0.0
3200000.0,700000.0,0.8,483.15,611.9868766669856,6.024044583840994,70.64296652094578,547.3679547298808,64.61892193710479,0.10558873793018826,0.0
3200000.0,700000.0,0.8,493.15,639.7812555994833,6.024044583840994,72.9738075298341,572.8314926534902,66.94976294599311,0.10464477094325048,1.1368683772161603e-13
3200000.0,700000.0,0.8,503.15,667.7032394684252,6.024044583840994,75.2468453789528,598.4804386733133,69.22280079511181,0.10367300426791663,1.1368683772161603e-13
3200000.0,700000.0,0.8,513.15,695.7920208427009,6.024044583840994,77.47103443889611,624.3450309876458,71.44698985505512,0.10268440527461478,0.0
3200000.0,700000.0,0.8,523.15,724.0763161380529,6.024044583840994,79.65337235975895,650.4469883621349,73.62932777591796,0.10168724778712378,1.1368683772161603e-13
3200000.0,700000.0,0.8,533.15,752.5773956687216,6.024044583840994,81.79944268556312,676.8019975669994,75.77539810172213,0.10068784757266061,1.1368683772161603e-13
3200000.0,700000.0,0.8,543.15,781.3110996247989,6.024044583840994,83.91377885235346,703.4213653562864,77.88973426851247,0.09969106327289688,1.1368683772161603e-13
3200000.0,700000.0,0.8,553.15,810.2892240046442,6.024044583840994,86.00011646189238,730.3131521265929,79.97607187805139,0.09870064849534886,0.0
3200000.0,700000.0,0.8,563.15,839.5204998920844,6.024044583840994,88.06157300908538,757.48297146684,82.03752842524439,0.09771950587959417,1.1368683772161603e-13
3200000.0,700000.0,0.8,573.15,869.0113016501882,6.024044583840994,90.10077898506867,784.9345672489605,84.07673440122768,0.09674987453163403,0.0
3200000.0,700000.0,0.8,583.15,898.7661693302576,6.024044583840994,92.11997548922966,812.670238424869,86.09593090538867,0.09579347091974502,0.0
3200000.0,700000.0,0.8,593.15,928.7882006618178,6.024044583840994,94.12108822063031,840.6911570250285,88.09704363678932,0.09485159649316696,0.0
3200000.0,700000.0,0.8,603.15,959.0793495511864,6.024044583840994,96.10578446031431,868.9976096747131,90.08173987647332,0.09392522101391114,0.0
3200000.0,700000.0,0.8,613.15,989.6406563156929,6.024044583840994,98.07551757794107,897.5891833215928,92.05147299410008,0.09301504784251294,0.0
3200000.0,700000.0,0.8,623.15,1020.4724272578717,6.024044583840994,100.03156223640474,926.464909605308,94.00751765256375,0.09212156560189765,0.0
3200000.0,700000.0,0.85,403.15,369.8818886509748,6.024044583840994,48.30310980914196,327.6028234256739,42.27906522530096,0.11430423203336679,-5.684341886080802e-14
3200000.0,700000.0,0.85,413.15,409.66031418126494,6.024044583840994,53.69709377436585,361.98726499074013,47.67304919052485,0.1163721442869144,-5.684341886080802e-14
3200000.0,700000.0,0.85,423.15,441.96101288239004,6.024044583840994,57.66627287210885,390.3187845941222,51.64222828826785,0.11684792726730928,0.0
3200000.0,700000.0,0.85,433.15,471.83077907567144,6.024044583840994,61.09094627718639,416.76387738232603,55.06690169334539,0.11670900699022405,0.0
3200000.0,700000.0,0.85,443.15,500.55830349809406,6.024044583840994,64.20445480437263,442.37789327756246,58.180410220531634,0.11623103605303226,-5.684341886080802e-14
3200000.0,700000.0,0.85,453.15,528.6966836525827,6.024044583840994,67.11057792275737,467.61015031366634,61.086533338916375,0.11554173730935974,0.0
3200000.0,700000.0,0.85,463.15,556.5403048200494,6.024044583840994,69.86649226464203,492.6978571392484,63.84244768080104,0.11471307132273866,0.0
3200000.0,700000.0,0.85,473.15,584.2656952655201,6.024044583840994,72.50773061176064,517.7820092376005,66.48368602791965,0.11379015842733342,0.0
3200000.0,700000.0,0.85,483.15,611.9868766669856,6.024044583840994,75.05815192850493,542.9527693223216,69.03410734466394,0.11280324787459298,1.1368683772161603e-13
3200000.0,700000.0,0.85,493.15,639.7812555994833,6.024044583840994,77.53467050044878,568.2706296828754,71.5106259166078,0.11177355586887493,1.1368683772161603e-13
3200000.0,700000.0,0.85,503.15,667.7032394684252,6.024044583840994,79.9497732151373,593.7775108371288,73.92572863129631,0.11071644446438568,1.1368683772161603e-13
3200000.0,700000.0,0.85,513.15,695.7920208427009,6.024044583840994,82.31297409132705,619.5030913352149,76.28892950748606,0.10964329457973598,0.0
3200000.0,700000.0,0.85,523.15,724.0763161380529,6.024044583840994,84.63170813224394,645.4686525896499,78.60766354840295,0.10856267743663578,1.1368683772161603e-13
3200000.0,700000.0,0.85,533.15,752.5773956687216,6.024044583840994,86.91190785341081,671.6895323991517,80.88786326956982,0.1074811225198903,1.1368683772161603e-13
3200000.0,700000.0,0.85,543.15,781.3110996247989,6.024044583840994,89.15839003062551,698.1767541780143,83.13434544678452,0.10640364060706073,1.1368683772161603e-13
3200000.0,700000.0,0.85,553.15,810.2892240046442,6.024044583840994,91.37512374076061,724.9381448477246,85.35107915691962,0.10533409136936817,0.0
3200000.0,700000.0,0.85,563.15,839.5204998920844,6.024044583840994,93.56542132215318,751.9791231537722,87.5413767383122,0.10427544860377458,1.1368683772161603e-13
3200000.0,700000.0,0.85,573.15,869.0113016501882,6.024044583840994,95.73207767163566,779.3032685623934,89.70803308779467,0.10322999587858725,1.1368683772161603e-13
3200000.0,700000.0,0.85,583.15,898.7661693302576,6.024044583840994,97.87747395730648,806.9127399567922,91.85342937346549,0.10219947357599453,0.0
3200000.0,700000.0,0.85,593.15,928.7882006618178,6.024044583840994,100.0036562344199,834.8085890112388,93.97961165057892,0.10118519118095251,1.1368683772161603e-13
3200000.0,700000.0,0.85,603.15,959.0793495511864,6.024044583840994,102.11239598908392,862.9909981459435,96.08835140524293,0.10018811420578362,0.0
3200000.0,700000.0,0.85,613.15,989.6406563156929,6.024044583840994,104.20523742656246,891.4594634729715,98.18119284272147,0.09920893226864551,0.0
3200000.0,700000.0,0.85,623.15,1020.4724272578717,6.024044583840994,106.28353487618011,920.2129369655325,100.25949029233912,0.09824811294681235,0.0
3200000.0,700000.0,0.9,403.15,369.8818886509748,6.024044583840994,51.14446920967975,324.7614640251361,45.12042462583875,0.12198603394829896,-5.684341886080802e-14
3200000.0,700000.0,0.9,413.15,409.66031418126494,6.024044583840994,56.85574634932855,358.8286124157774,50.83170176548755,0.12408256305490147,-5.684341886080802e-14
3200000.0,700000.0,0.9,423.15,441.96101288239004,6.024044583840994,61.058406570468215,386.92665089576286,55.03436198662722,0.12452311489582087,-5.684341886080802e-14
3200000.0,700000.0,0.9,433.15,471.83077907567144,6.024044583840994,64.68453135231498,413.1702923071975,58.66048676847398,0.12432526526436316,-5.684341886080802e-14
3200000.0,700000.0,0.9,443.15,500.55830349809406,6.024044583840994,67.98118743992399,438.6011606420111,61.95714285608299,0.12377607647920857,-5.684341886080802e-14
3200000.0,700000.0,0.9,453.15,528.6966836525827,6.024044583840994,71.05825897703716,463.6624692593865,65.03421439319617,0.12300855368317662,1.1368683772161603e-13
3200000.0,700000.0,0.9,463.15,556.5403048200494,6.024044583840994,73.97628592726798,488.58806347662244,67.95224134342699,0.12209761046039339,0.0
3200000.0,700000.0,0.9,473.15,584.2656952655201,6.024044583840994,76.77289123598183,513.5168486133792,70.74884665214084,0.12109019445337957,1.1368683772161603e-13
3200000.0,700000.0,0.9,483.15,611.9868766669856,6.024044583840994,79.47333733606408,538.5375839147625,73.44929275222309,0.12001775781899769,0.0
3200000.0,700000.0,0.9,493.15,639.7812555994833,6.024044583840994,82.09553347106336,563.709766712261,76.07148888722237,0.11890234079449921,0.0
3200000.0,700000.0,0.9,503.15,667.7032394684252,6.024044583840994,84.65270105132181,589.0745830009444,78.62865646748082,0.11775988466085474,0.0
3200000.0,700000.0,0.9,513.15,695.7920208427009,6.024044583840994,87.15491374375812,614.6611516827838,81.13086915991713,0.11660218388485737,0.0
3200000.0,700000.0,0.9,523.15,724.0763161380529,6.024044583840994,89.61004390472884,640.490316817165,83.58599932088785,0.11543810708614766,1.1368683772161603e-13
3200000.0,700000.0,0.9,533.15,752.5773956687216,6.024044583840994,92.02437302125851,666.577067231304,86.00032843741752,0.11427439746712,1.1368683772161603e-13
3200000.0,700000.0,0.9,543.15,781.3110996247989,6.024044583840994,94.40300120889756,692.9321429997423,88.37895662505657,0.11311621794122458,1.1368683772161603e-13
3200000.0,700000.0,0.9,553.15,810.2892240046442,6.024044583840994,96.75013101962884,719.5631375688564,90.72608643578785,0.11196753424338746,0.0
3200000.0,700000.0,0.9,563.15,839.5204998920844,6.024044583840994,99.06926963522099,746.4752748407044,93.04522505138,0.11083139132795498,1.1368683772161603e-13
3200000.0,700000.0,0.9,573.15,869.0113016501882,6.024044583840994,101.36337635820243,773.6719698758268,95.33933177436144,0.10971011722554022,0.0
3200000.0,700000.0,0.9,583.15,898.7661693302576,6.024044583840994,103.63497242538351,801.1552414887152,97.61092784154252,0.10860547623224426,0.0
3200000.0,700000.0,0.9,593.15,928.7882006618178,6.024044583840994,105.88622424820927,828.9260209974495,99.86217966436828,0.10751878586873782,0.0
3200000.0,700000.0,0.9,603.15,959.0793495511864,6.024044583840994,108.11900751785375,856.9843866171736,102.09496293401276,0.10645100739765632,0.0
3200000.0,700000.0,0.9,613.15,989.6406563156929,6.024044583840994,110.33495727518387,885.32974362435,104.31091269134288,0.1054028166947781,0.0
3200000.0,700000.0,0.9,623.15,1020.4724272578717,6.024044583840994,112.53550751595549,913.9609643257572,106.5114629321145,0.10437466029172705,0.0
3400000.0,500000.0,0.7,413.15,431.95017022040616,6.753647625877347,54.465310175815596,384.23850767046787,47.71166254993825,0.11045640409307624,5.684341886080802e-14
3400000.0,500000.0,0.7,423.15,467.4136313973238,6.753647625877347,58.95515695327951,415.21212206992163,52.201509327402164,0.11168161521380278,0.0
3400000.0,500000.0,0.7,433.15,498.8006813091731,6.753647625877347,62.64522164885816,442.9091072861923,55.89157402298081,0.11205191996988748,0.0
3400000.0,500000.0,0.7,443.15,528.4683321059476,6.753647625877347,65.93768162540475,469.28429810642024,59.1840339995274,0.11199163772723879,0.0
3400000.0,500000.0,0.7,453.15,557.2633251074789,6.753647625877347,68.98182652186078,495.03514621149543,62.22817889598343,0.11166745790059222,0.0
3400000.0,500000.0,0.7,463.15,585.5990133602307,6.753647625877347,71.85288250589453,520.4997784802135,65.09923488001718,0.11116691352751894,0.0
3400000.0,500000.0,0.7,473.15,613.7108479809098,6.753647625877347,74.59511147462344,545.8693841321636,67.84146384874609,0.11054304168150599,0.0
3400000.0,500000.0,0.7,483.15,641.7458944285011,6.753647625877347,77.237149861797,571.2623921925814,70.48350223591964,0.10983085805120399,0.0
3400000.0,500000.0,0.7,493.15,669.8017342669422,6.753647625877347,79.79875962747424,596.7566222653452,73.04511200159689,0.10905482662200089,0.0
3400000.0,500000.0,0.7,503.15,697.945884683202,6.753647625877347,82.29423466848536,622.405297640594,75.54058704260801,0.10823272792402223,0.0
3400000.0,500000.0,0.7,513.15,726.226475026054,6.753647625877347,84.73429212073108,648.2458305312001,77.98064449485373,0.1073778596298849,1.1368683772161603e-13
3400000.0,500000.0,0.7,523.15,754.6785504457741,6.753647625877347,87.12719931484992,674.3049987568015,80.37355168897257,0.1065003790574112,0.0
3400000.0,500000.0,0.7,533.15,783.3280046495266,6.753647625877347,89.47948293100298,700.602169344401,82.72583530512563,0.10560816773318155,0.0
3400000.0,500000.0,0.7,543.15,812.1941440316469,6.753647625877347,91.79639516055363,727.1513964969706,85.04274753467628,0.10470741282685561,0.0
3400000.0,500000.0,0.7,553.15,841.2914208517575,6.753647625877347,94.08223133700446,753.9628371406304,87.32858371112711,0.10380301230542933,-1.1368683772161603e-13
3400000.0,500000.0,0.7,563.15,870.6306404403034,6.753647625877347,96.34055297594983,781.0437350902308,89.58690535007248,0.10289886570585864,0.0
3400000.0,500000.0,0.7,573.15,900.2198235995148,6.753647625877347,98.5743484597262,808.3991227656659,91.82070083384885,0.10199808805221064,0.0
3400000.0,500000.0,0.7,583.15,930.064836103396,6.753647625877347,100.78615138664236,836.032332342631,94.03250376076501,0.10110317056467162,0.0
3400000.0,500000.0,0.7,593.15,960.1698567715999,6.753647625877347,102.97812943470268,863.9453749627746,96.22448180882533,0.10021610356771979,0.0
3400000.0,500000.0,0.7,603.15,990.537731117189,6.753647625877347,105.1521522268164,892.1392265162498,98.39850460093905,0.09933847193277454,1.1368683772161603e-13
3400000.0,500000.0,0.7,613.15,1021.170242273117,6.753647625877347,107.3098439449158,920.6140459540784,100.55619631903845,0.09847153016836951,0.0
3400000.0,500000.0,0.7,623.15,1052.0683210728218,6.753647625877347,109.45262467225781,949.3693440264412,102.69897704638046,0.0976162621659928,2.2737367544323206e-13
3400000.0,500000.0,0.75,413.15,431.95017022040616,6.753647625877347,58.35568947408814,380.34812837219533,51.60204184821079,0.11946295060349303,5.684341886080802e-14
3400000.0,500000.0,0.75,423.15,467.4136313973238,6.753647625877347,63.16623959279945,411.0010394304017,56.4125919669221,0.12069094304819004,0.0
3400000.0,500000.0,0.75,433.15,498.8006813091731,6.753647625877347,67.1198803380623,438.43444859698815,60.36623271218495,0.1210227551288527,5.684341886080802e-14
3400000.0,500000.0,0.75,443.15,528.4683321059476,6.753647625877347,70.64751602721937,464.57446370460565,63.89386840134202,0.12090387355231824,-1.1368683772161603e-13
3400000.0,500000.0,0.75,453.15,557.2633251074789,6.753647625877347,73.90909984485083,490.1078728885054,67.15545221897348,0.12050936997517514,-1.1368683772161603e-13
3400000.0,500000.0,0.75,463.15,585.5990133602307,6.753647625877347,76.9852312563156,515.3674297297924,70.23158363043825,0.11993118503981384,0.0
3400000.0,500000.0,0.75,473.15,613.7108479809098,6.753647625877347,79.92333372281097,540.5411618839761,73.16968609693362,0.11922501669582619,0.0
3400000.0,500000.0,0.75,483.15,641.7458944285011,6.753647625877347,82.75408913763962,565.7454529167388,76.00044151176228,0.1184276240355905,-1.1368683772161603e-13
3400000.0,500000.0,0.75,493.15,669.8017342669422,6.753647625877347,85.49867102943675,591.0567108633828,78.7450234035594,0.11756467529864059,-1.1368683772161603e-13
3400000.0,500000.0,0.75,503.15,697.945884683202,6.753647625877347,88.17239428766293,616.5271380214165,81.41874666178558,0.11665481299992417,0.0
3400000.0,500000.0,0.75,513.15,726.226475026054,6.753647625877347,90.78674155792618,642.1933810940052,84.03309393204883,0.1157119670265864,-1.1368683772161603e-13
3400000.0,500000.0,0.75,523.15,754.6785504457741,6.753647625877347,93.35057069448207,668.0816273771694,86.59692306860472,0.11474676604688656,0.0
3400000.0,500000.0,0.75,533.15,783.3280046495266,6.753647625877347,95.87087456893175,694.2107777064722,89.1172269430544,0.11376744660485727,0.0
3400000.0,500000.0,0.75,543.15,812.1941440316469,6.753647625877347,98.3532805291647,720.5945111283595,91.59963290328736,0.11278046459261125,0.0
3400000.0,500000.0,0.75,553.15,841.2914208517575,6.753647625877347,100.8023907182191,747.2426777594158,94.04874309234175,0.11179092138741055,-1.1368683772161603e-13
3400000.0,500000.0,0.75,563.15,870.6306404403034,6.753647625877347,103.2220210456606,774.1622670205201,96.46837341978325,0.11080286971177165,0.0
3400000.0,500000.0,0.75,573.15,900.2198235995148,6.753647625877347,105.61537334970664,801.3580978756854,98.8617257238293,0.10981953866393682,1.1368683772161603e-13
3400000.0,500000.0,0.75,583.15,930.064836103396,6.753647625877347,107.98516219997383,828.8333215292995,101.23151457409648,0.10884350278010349,0.0
3400000.0,500000.0,0.75,593.15,960.1698567715999,6.753647625877347,110.3337101086101,856.5897942888671,103.58006248273276,0.1078768113289895,0.0
3400000.0,500000.0,0.75,603.15,990.537731117189,6.753647625877347,112.6630202430177,884.6283585000485,105.90937261714035,0.10692108870773584,0.0
3400000.0,500000.0,0.75,613.15,1021.170242273117,6.753647625877347,114.9748327981243,912.9490571008699,108.22118517224695,0.10597761342060599,0.0
3400000.0,500000.0,0.75,623.15,1052.0683210728218,6.753647625877347,117.27066929170466,941.5512994069944,110.51702166582731,0.10504738090880845,2.2737367544323206e-13
3400000.0,500000.0,0.8,413.15,431.95017022040616,6.753647625877347,62.24606877236068,376.4577490739228,55.49242114648333,0.12846949711390984,5.684341886080802e-14
3400000.0,500000.0,0.8,423.15,467.4136313973238,6.753647625877347,67.37732223231939,406.7899567908818,60.62367460644204,0.1297002708825773,0.0
3400000.0,500000.0,0.8,433.15,498.8006813091731,6.753647625877347,71.59453902726644,433.959789907784,64.84089140138909,0.12999359028781793,5.684341886080802e-14
3400000.0,500000.0,0.8,443.15,528.4683321059476,6.753647625877347,75.3573504290341,459.8646293027909,68.60370280315675,0.12981610937739793,0.0
3400000.0,500000.0,0.8,453.15,557.2633251074789,6.753647625877347,78.83637316784088,485.18059956551537,72.08272554196353,0.12935128204975807,-1.1368683772161603e-13
3400000.0,500000.0,0.8,463.15,585.5990133602307,6.753647625877347,82.11758000673656,510.2350809793715,75.36393238085921,0.12869545655210854,0.0
3400000.0,500000.0,0.8,473.15,613.7108479809098,6.753647625877347,85.25155597099825,535.2129396357888,78.4979083451209,0.12790699171014602,0.0
3400000.0,500000.0,0.8,483.15,641.7458944285011,6.753647625877347,88.27102841348236,560.2285136408959,81.517380787605,0.12702439001997717,1.1368683772161603e-13
3400000.0,500000.0,0.8,493.15,669.8017342669422,6.753647625877347,91.19858243139915,585.3567994614203,84.4449348055218,0.1260745239752801,0.0
3400000.0,500000.0,0.8,503.15,697.945884683202,6.753647625877347,94.0505539068405,610.6489784022388,87.29690628096316,0.12507689807582612,1.1368683772161603e-13
3400000.0,500000.0,0.8,513.15,726.226475026054,6.753647625877347,96.83919099512126,636.14093165681,90.08554336924391,0.12404607442328787,0.0
3400000.0,500000.0,0.8,523.15,754.6785504457741,6.753647625877347,99.57394207411423,661.8582559975372,92.82029444823688,0.12299315303636192,0.0
3400000.0,500000.0,0.8,533.15,783.3280046495266,6.753647625877347,102.26226620686055,687.8193860685434,95.5086185809832,0.121926725476533,0.0
3400000.0,500000.0,0.8,543.15,812.1941440316469,6.753647625877347,104.91016589777567,714.0376257597485,98.15651827189832,0.12085351635836675,1.1368683772161603e-13
3400000.0,500000.0,0.8,553.15,841.2914208517575,6.753647625877347,107.52255009943363,740.5225183782012,100.76890247355628,0.11977883046939164,0.0
3400000.0,500000.0,0.8,563.15,870.6306404403034,6.753647625877347,110.10348911537137,767.2807989508093,103.34984148949403,0.11870687371768467,0.0
3400000.0,500000.0,0.8,573.15,900.2198235995148,6.753647625877347,112.65639823968708,794.317072985705,105.90275061380973,0.11764098927566297,1.1368683772161603e-13
3400000.0,500000.0,0.8,583.15,930.064836103396,6.753647625877347,115.18417301330553,821.6343107159678,108.43052538742818,0.1165838349955356,0.0
3400000.0,500000.0,0.8,593.15,960.1698567715999,6.753647625877347,117.68929078251729,849.2342136149599,110.93564315663994,0.11553751909025896,0.0
3400000.0,500000.0,0.8,603.15,990.537731117189,6.753647625877347,120.17388825921877,877.1174904838474,113.42024063334142,0.11450370548269691,1.1368683772161603e-13
3400000.0,500000.0,0.8,613.15,1021.170242273117,6.753647625877347,122.63982165133254,905.2840682476617,115.88617402545519,0.11348369667284221,0.0
3400000.0,500000.0,0.8,623.15,1052.0683210728218,6.753647625877347,125.08871391115174,933.7332547875473,118.3350662852744,0.11247849965162433,2.2737367544323206e-13
3400000.0,500000.0,0.85,413.15,431.95017022040616,6.753647625877347,66.13644807063322,372.56736977565026,59.38280044475587,0.13747604362432664,5.684341886080802e-14
3400000.0,500000.0,0.85,423.15,467.4136313973238,6.753647625877347,71.58840487183933,402.5788741513618,64.83475724596198,0.1387095987169646,5.684341886080802e-14
3400000.0,500000.0,0.85,433.15,498.8006813091731,6.753647625877347,76.06919771647057,429.4851312185799,69.31555009059322,0.13896442544678314,0.0
3400000.0,500000.0,0.85,443.15,528.4683321059476,6.753647625877347,80.0671848308487,455.1547949009763,73.31353720497135,0.13872834520247737,-1.1368683772161603e-13
3400000.0,500000.0,0.85,453.15,557.2633251074789,6.753647625877347,83.76364649083092,480.2533262425253,77.00999886495357,0.138193194124341,0.0
3400000.0,500000.0,0.85,463.15,585.5990133602307,6.753647625877347,87.24992875715765,505.1027322289504,80.4962811312803,0.13745972806440349,0.0
3400000.0,500000.0,0.85,473.15,613.7108479809098,6.753647625877347,90.57977821918566,529.8847173876015,83.8261305933083,0.13658896672446602,-1.1368683772161603e-13
3400000.0,500000.0,0.85,483.15,641.7458944285011,6.753647625877347,93.78796768932499,554.7115743650534,87.03432006344764,0.13562115600436367,0.0
3400000.0,500000.0,0.85,493.15,669.8017342669422,6.753647625877347,96.89849383336166,579.6568880594577,90.1448462074843,0.1345843726519198,1.1368683772161603e-13
3400000.0,500000.0,0.85,503.15,697.945884683202,6.753647625877347,99.92871352601796,604.7708187830614,93.17506590014061,0.1334989831517279,0.0
3400000.0,500000.0,0.85,513.15,726.226475026054,6.753647625877347,102.89164043231635,630.088482219615,96.137992806439,0.13238018181998937,0.0
3400000.0,500000.0,0.85,523.15,754.6785504457741,6.753647625877347,105.79731345374626,655.6348846179052,99.0436658278689,0.1312395400258371,0.0
3400000.0,500000.0,0.85,533.15,783.3280046495266,6.753647625877347,108.65365784478932,681.4279944306146,101.90001021891197,0.13008600434820872,0.0
3400000.0,500000.0,0.85,543.15,812.1941440316469,6.753647625877347,111.46705126638663,707.4807403911375,104.71340364050928,0.12892656812412223,1.1368683772161603e-13
3400000.0,500000.0,0.85,553.15,841.2914208517575,6.753647625877347,114.24270948064827,733.8023589969866,107.48906185477092,0.12776673955137288,-1.1368683772161603e-13
3400000.0,500000.0,0.85,563.15,870.6306404403034,6.753647625877347,116.98495718508191,760.3993308810988,110.23130955920456,0.12661087772359741,0.0
3400000.0,500000.0,0.85,573.15,900.2198235995148,6.753647625877347,119.69742312966753,787.2760480957245,112.94377550379018,0.12546243988738914,1.1368683772161603e-13
3400000.0,500000.0,0.85,583.15,930.064836103396,6.753647625877347,122.383183826637,814.4352999026363,115.62953620075965,0.12432416721096745,0.0
3400000.0,500000.0,0.85,593.15,960.1698567715999,6.753647625877347,125.0448714564247,841.8786329410525,118.29122383054735,0.12319822685152866,0.0
3400000.0,500000.0,0.85,603.15,990.537731117189,6.753647625877347,127.68475627542007,869.6066224676462,120.93110864954272,0.1220863222576582,0.0
3400000.0,500000.0,0.85,613.15,1021.170242273117,6.753647625877347,130.3048105045408,897.6190793944535,123.55116287866345,0.12098977992507844,0.0
3400000.0,500000.0,0.85,623.15,1052.0683210728218,6.753647625877347,132.9067585305986,925.9152101681004,126.15311090472126,0.11990961839444002,2.2737367544323206e-13
3400000.0,500000.0,0.9,413.15,431.95017022040616,6.753647625877347,70.02682736890577,368.67699047737773,63.27317974302842,0.14648259013474346,0.0
3400000.0,500000.0,0.9,423.15,467.4136313973238,6.753647625877347,75.79948751135939,398.36779151184174,69.04583988548204,0.1477189265513521,5.684341886080802e-14
3400000.0,500000.0,0.9,433.15,498.8006813091731,6.753647625877347,80.54385640567483,425.01047252937565,73.79020877979748,0.1479352606057486,0.0
3400000.0,500000.0,0.9,443.15,528.4683321059476,6.753647625877347,84.77701923266332,450.44496049916165,78.02337160678597,0.1476405810275568,0.0
3400000.0,500000.0,0.9,453.15,557.2633251074789,6.753647625877347,88.69091981382097,475.32605291953524,81.93727218794362,0.1470351061989239,0.0
3400000.0,500000.0,0.9,463.15,585.5990133602307,6.753647625877347,92.38227750757872,499.97038347852936,85.62862988170137,0.14622399957669838,0.0
3400000.0,500000.0,0.9,473.15,613.7108479809098,6.753647625877347,95.90800046737306,524.556495139414,89.15435284149571,0.14527094173878602,0.0
3400000.0,500000.0,0.9,483.15,641.7458944285011,6.753647625877347,99.30490696516762,549.1946350892107,92.55125933929027,0.14421792198875016,1.1368683772161603e-13
3400000.0,500000.0,0.9,493.15,669.8017342669422,6.753647625877347,102.59840523532405,573.9569766574954,95.8447576094467,0.14309422132855934,0.0
3400000.0,500000.0,0.9,503.15,697.945884683202,6.753647625877347,105.80687314519554,598.8926591638839,99.05322551931819,0.14192106822762984,0.0
3400000.0,500000.0,0.9,513.15,726.226475026054,6.753647625877347,108.94408986951143,624.0360327824199,102.19044224363408,0.14071428921669085,0.0
3400000.0,500000.0,0.9,523.15,754.6785504457741,6.753647625877347,112.02068483337841,649.4115132382731,105.26703720750106,0.13948592701531248,0.0
3400000.0,500000.0,0.9,533.15,783.3280046495266,6.753647625877347,115.04504948271811,675.0366027926858,108.29140185684076,0.13824528321988444,0.0
3400000.0,500000.0,0.9,543.15,812.1941440316469,6.753647625877347,118.02393663499761,700.9238550225266,111.27028900912026,0.13699961988987777,0.0
3400000.0,500000.0,0.9,553.15,841.2914208517575,6.753647625877347,120.96286886186293,727.0821996157719,114.20922123598558,0.13575464863335412,0.0
3400000.0,500000.0,0.9,563.15,870.6306404403034,6.753647625877347,123.86642525479267,753.517862811388,117.11277762891532,0.13451488172951043,0.0
3400000.0,500000.0,0.9,573.15,900.2198235995148,6.753647625877347,126.73844801964798,780.2350232057441,119.98480039377063,0.1332838904991153,0.0
3400000.0,500000.0,0.9,583.15,930.064836103396,6.753647625877347,129.5821946399687,807.2362890893046,122.82854701409134,0.13206449942639956,0.0
3400000.0,500000.0,0.9,593.15,960.1698567715999,6.753647625877347,132.40045213033213,834.5230522671451,125.64680450445478,0.13085893461279838,0.0
3400000.0,500000.0,0.9,603.15,990.537731117189,6.753647625877347,135.19562429162116,862.095754451445,128.44197666574382,0.1296689390326193,1.1368683772161603e-13
3400000.0,500000.0,0.9,613.15,1021.170242273117,6.753647625877347,137.96979935774905,889.9540905412451,131.21615173187172,0.12849586317731468,0.0
3400000.0,500000.0,0.9,623.15,1052.0683210728218,6.753647625877347,140.7248031500457,918.0971655486534,133.97115552416835,0.1273407371372559,2.2737367544323206e-13
3400000.0,550000.0,0.7,413.15,422.8349187765022,6.696583915945142,51.57290299812332,377.958599694324,44.87631908217818,0.10613200823628866,5.684341886080802e-14
3400000.0,550000.0,0.7,423.15,458.29837995341984,6.696583915945142,55.88936059488717,409.1056032744778,49.19277667894203,0.10733788036506227,0.0
3400000.0,550000.0,0.7,433.15,489.68542986526916,6.696583915945142,59.43164570494532,436.950368076269,52.73506178900018,0.10769171098986868,0.0
3400000.0,550000.0,0.7,443.15,519.3530806620437,6.696583915945142,62.588951393033845,463.460713184955,55.892367477088705,0.10761920850809258,-1.1368683772161603e-13
3400000.0,550000.0,0.7,453.15,548.1480736635749,6.696583915945142,65.50577723618527,489.33888034333484,58.80919332024013,0.10728705644660202,-1.1368683772161603e-13
3400000.0,550000.0,0.7,463.15,576.4837619163268,6.696583915945142,68.25494776591042,514.9253980663615,61.558363849965275,0.10678247665699231,0.0
3400000.0,550000.0,0.7,473.15,604.5955965370058,6.696583915945142,70.87932030692534,540.4128601460257,64.1827363909802,0.10615812744685071,-1.1368683772161603e-13
3400000.0,550000.0,0.7,483.15,632.630642984597,6.696583915945142,73.40662709074921,565.9205998097931,66.71004317480407,0.10544864355618686,-2.2737367544323206e-13
3400000.0,550000.0,0.7,493.15,660.6864828230382,6.696583915945142,75.85600810993381,591.5270586290494,69.15942419398867,0.10467812796544333,1.1368683772161603e-13
3400000.0,550000.0,0.7,503.15,688.8306332392981,6.696583915945142,78.24130834115856,617.2859088140847,71.54472442521342,0.10386402835885342,0.0
3400000.0,550000.0,0.7,513.15,717.1112235821499,6.696583915945142,80.57290884389158,643.2348986542037,73.87632492794644,0.10301933995526624,-2.2737367544323206e-13
3400000.0,550000.0,0.7,523.15,745.5632990018702,6.696583915945142,82.85881798715155,669.4010649306637,76.16223407120641,0.10215394745579526,0.0
3400000.0,550000.0,0.7,533.15,774.2127532056228,6.696583915945142,85.10535817876818,695.8039789427996,78.40877426282304,0.10127548782705016,1.1368683772161603e-13
3400000.0,550000.0,0.7,543.15,803.078892587743,6.696583915945142,87.31761731834756,722.4578591853406,80.62103340240242,0.10038992949076159,0.0
3400000.0,550000.0,0.7,553.15,832.1761694078536,6.696583915945142,89.49975642774812,749.3729968960506,82.80317251180298,0.09950197512952422,0.0
3400000.0,550000.0,0.7,563.15,861.5153889963995,6.696583915945142,91.65522568322905,776.5567472291156,84.95864176728391,0.09861535017529324,-1.1368683772161603e-13
3400000.0,550000.0,0.7,573.15,891.1045721556109,6.696583915945142,93.78692006094847,804.0142360106075,87.09033614500333,0.09773301458248496,0.0
3400000.0,550000.0,0.7,583.15,920.9495846594921,6.696583915945142,95.89729398077843,831.7488745946589,89.20071006483329,0.0968573215631711,-1.1368683772161603e-13
3400000.0,550000.0,0.7,593.15,951.0546053276961,6.696583915945142,97.98844739157288,859.7627418520683,91.29186347562774,0.0959901386988943,0.0
3400000.0,550000.0,0.7,603.15,981.422479673285,6.696583915945142,100.06219151674118,888.056872072489,93.36560760079604,0.0951329417600842,-1.1368683772161603e-13
3400000.0,550000.0,0.7,613.15,1012.054990829213,6.696583915945142,102.12009982633917,916.631474918819,95.42351591039403,0.09428688833618627,0.0
3400000.0,550000.0,0.7,623.15,1042.9530696289178,6.696583915945142,104.16354808969865,945.4861054551643,97.46696417375351,0.0934528762722106,0.0
3400000.0,550000.0,0.75,413.15,422.8349187765022,6.696583915945142,55.256681783703506,374.27482090874383,48.560097867758365,0.11484410513746092,0.0
3400000.0,550000.0,0.75,423.15,458.29837995341984,6.696583915945142,59.88145778023626,405.11350608912875,53.18487386429112,0.11604857488192885,0.0
3400000.0,550000.0,0.75,433.15,489.68542986526916,6.696583915945142,63.6767632552986,432.7052505259157,56.98017933935346,0.11636078156344339,0.0
3400000.0,550000.0,0.75,443.15,519.3530806620437,6.696583915945142,67.0595907782506,458.99007379973824,60.363006862305454,0.11622730105953719,0.0
3400000.0,550000.0,0.75,453.15,548.1480736635749,6.696583915945142,70.18476132448426,484.65989625503585,63.488177408539116,0.11582304209191638,-1.1368683772161603e-13
3400000.0,550000.0,0.75,463.15,576.4837619163268,6.696583915945142,73.13030117776117,510.0500446545107,66.43371726181603,0.11523952910829514,0.0
3400000.0,550000.0,0.75,473.15,604.5955965370058,6.696583915945142,75.94212890027708,535.3500515526738,69.24554498433194,0.11453200350937984,0.0
3400000.0,550000.0,0.75,483.15,632.630642984597,6.696583915945142,78.64995759723138,560.6772693033109,71.95337368128624,0.11373678224283885,-2.2737367544323206e-13
3400000.0,550000.0,0.75,493.15,660.6864828230382,6.696583915945142,81.27429440350062,586.1087723354827,74.57771048755548,0.11287912258911882,-1.1368683772161603e-13
3400000.0,550000.0,0.75,503.15,688.8306332392981,6.696583915945142,83.8299732226699,611.6972439325733,77.13338930672477,0.1119772925080247,0.0
3400000.0,550000.0,0.75,513.15,717.1112235821499,6.696583915945142,86.32811661845527,637.47969087964,79.63153270251013,0.11104488409026804,-2.2737367544323206e-13
3400000.0,550000.0,0.75,523.15,745.5632990018702,6.696583915945142,88.77730498623383,663.4825779315815,82.08072107028869,0.11009222312870687,-1.1368683772161603e-13
3400000.0,550000.0,0.75,533.15,774.2127532056228,6.696583915945142,91.18431233439455,689.7250247871734,84.48772841844941,0.10912727550486417,-1.1368683772161603e-13
3400000.0,550000.0,0.75,543.15,803.078892587743,6.696583915945142,93.55458998394386,716.2208865197443,86.85800606799872,0.10815625571744032,-1.1368683772161603e-13
3400000.0,550000.0,0.75,553.15,832.1761694078536,6.696583915945142,95.89259617258725,742.9801571512115,89.1960122566421,0.10718405012740362,0.0
3400000.0,550000.0,0.75,563.15,861.5153889963995,6.696583915945142,98.2020275177455,770.0099453945991,91.50544360180037,0.10621452010090884,0.0
3400000.0,550000.0,0.75,573.15,891.1045721556109,6.696583915945142,100.48598577958765,797.3151702919683,93.78940186364251,0.10525072454376809,0.0
3400000.0,550000.0,0.75,583.15,920.9495846594921,6.696583915945142,102.74710069369105,824.8990678817462,96.05051677774591,0.10429508669929985,-1.1368683772161603e-13
3400000.0,550000.0,0.75,593.15,951.0546053276961,6.696583915945142,104.98762220525649,852.7635670383847,98.29103828931135,0.10334952140360448,0.0
3400000.0,550000.0,0.75,603.15,981.422479673285,6.696583915945142,107.20949091079412,880.909572678436,100.51290699484898,0.10241553365306007,0.0
3400000.0,550000.0,0.75,613.15,1012.054990829213,6.696583915945142,109.41439267107775,909.3371820740805,102.71780875513261,0.10149429594825891,-1.1368683772161603e-13
3400000.0,550000.0,0.75,623.15,1042.9530696289178,6.696583915945142,111.60380152467708,938.0458520201859,104.90721760873194,0.10058670966475786,0.0
3400000.0,550000.0,0.8,413.15,422.8349187765022,6.696583915945142,58.940460569283694,370.5910421231636,52.24387665333855,0.12355620203863317,5.684341886080802e-14
3400000.0,550000.0,0.8,423.15,458.29837995341984,6.696583915945142,63.873554965585356,401.12140890377964,57.176971049640215,0.12475926939879543,0.0
3400000.0,550000.0,0.8,433.15,489.68542986526916,6.696583915945142,67.9218808056519,428.46013297556243,61.225296889706755,0.12502985213701812,0.0
3400000.0,550000.0,0.8,443.15,519.3530806620437,6.696583915945142,71.53023016346735,454.5194344145215,64.83364624752221,0.12483539361098181,-1.1368683772161603e-13
3400000.0,550000.0,0.8,453.15,548.1480736635749,6.696583915945142,74.86374541278323,479.98091216673686,68.16716149683809,0.1243590277372307,-1.1368683772161603e-13
3400000.0,550000.0,0.8,463.15,576.4837619163268,6.696583915945142,78.00565458961192,505.17469124266,71.30907067366678,0.12369658155959798,0.0
3400000.0,550000.0,0.8,473.15,604.5955965370058,6.696583915945142,81.00493749362894,530.2872429593219,74.3083535776838,0.12290587957190914,0.0
3400000.0,550000.0,0.8,483.15,632.630642984597,6.696583915945142,83.89328810371354,555.4339387968288,77.1967041877684,0.12202492092949085,-2.2737367544323206e-13
3400000.0,550000.0,0.8,493.15,660.6864828230382,6.696583915945142,86.69258069706731,580.6904860419161,79.99599678112217,0.12108011721279414,-1.1368683772161603e-13
3400000.0,550000.0,0.8,503.15,688.8306332392981,6.696583915945142,89.41863810418127,606.108579051062,82.72205418823613,0.12009055665719601,0.0
3400000.0,550000.0,0.8,513.15,717.1112235821499,6.696583915945142,92.08332439301897,631.7244831050763,85.38674047707383,0.11907042822526986,-2.2737367544323206e-13
3400000.0,550000.0,0.8,523.15,745.5632990018702,6.696583915945142,94.69579198531609,657.5640909324992,87.99920806937095,0.11803049880161846,0.0
3400000.0,550000.0,0.8,533.15,774.2127532056228,6.696583915945142,97.26326649002078,683.6460706315471,90.56668257407564,0.116979063182678,0.0
3400000.0,550000.0,0.8,543.15,803.078892587743,6.696583915945142,99.79156264954003,709.983913854148,93.09497873359489,0.11592258194411889,1.1368683772161603e-13
3400000.0,550000.0,0.8,553.15,832.1761694078536,6.696583915945142,102.28543591742637,736.5873174063724,95.58885200148123,0.114866125125283,-1.1368683772161603e-13
3400000.0,550000.0,0.8,563.15,861.5153889963995,6.696583915945142,104.74882935226196,763.4631435600827,98.05224543631682,0.11381369002652443,-1.1368683772161603e-13
3400000.0,550000.0,0.8,573.15,891.1045721556109,6.696583915945142,107.18505149822683,790.6161045733293,100.48846758228169,0.11276843450505121,-1.1368683772161603e-13
3400000.0,550000.0,0.8,583.15,920.9495846594921,6.696583915945142,109.59690740660392,818.0492611688334,102.90032349065878,0.11173285183542886,-1.1368683772161603e-13
3400000.0,550000.0,0.8,593.15,951.0546053276961,6.696583915945142,111.98679701894032,845.7643922247009,105.29021310299518,0.1107089041083149,-1.1368683772161603e-13
3400000.0,550000.0,0.8,603.15,981.422479673285,6.696583915945142,114.35679030484707,873.7622732843831,107.66020638890193,0.10969812554603595,-1.1368683772161603e-13
3400000.0,550000.0,0.8,613.15,1012.054990829213,6.696583915945142,116.70868551581633,902.0428892293419,110.01210159987119,0.10870170356033156,-1.1368683772161603e-13
3400000.0,550000.0,0.8,623.15,1042.9530696289178,6.696583915945142,119.04405495965551,930.6055985852075,112.34747104371037,0.10772054305730511,0.0
3400000.0,550000.0,0.85,413.15,422.8349187765022,6.696583915945142,62.624239354863995,366.90726333758334,55.927655438918855,0.13226829893980568,0.0
3400000.0,550000.0,0.85,423.15,458.29837995341984,6.696583915945142,67.86565215093445,397.12931171843053,61.16906823498931,0.13346996391566202,0.0
3400000.0,550000.0,0.85,433.15,489.68542986526916,6.696583915945142,72.16699835600507,424.21501542520923,65.47041444005993,0.13369892271059258,0.0
3400000.0,550000.0,0.85,443.15,519.3530806620437,6.696583915945142,76.00086954868398,450.04879502930487,69.30428563273884,0.13344348616242618,-1.1368683772161603e-13
3400000.0,550000.0,0.85,453.15,548.1480736635749,6.696583915945142,79.5427295010822,475.30192807843787,72.84614558513707,0.13289501338254503,-1.1368683772161603e-13
3400000.0,550000.0,0.85,463.15,576.4837619163268,6.696583915945142,82.88100800146267,500.29933783080924,76.18442408551753,0.13215363401090083,0.0
3400000.0,550000.0,0.85,473.15,604.5955965370058,6.696583915945142,86.06774608698068,525.2244343659703,79.37116217103554,0.13127975563443825,-1.1368683772161603e-13
3400000.0,550000.0,0.85,483.15,632.630642984597,6.696583915945142,89.13661861019558,550.1906082903465,82.44003469425044,0.13031305961614265,0.0
3400000.0,550000.0,0.85,493.15,660.6864828230382,6.696583915945142,92.11086699063401,575.2721997483494,85.41428307468887,0.12928111183646948,-1.1368683772161603e-13
3400000.0,550000.0,0.85,503.15,688.8306332392981,6.696583915945142,95.00730298569263,600.5199141695506,88.31071906974749,0.1282038208063673,0.0
3400000.0,550000.0,0.85,513.15,717.1112235821499,6.696583915945142,97.83853216758254,625.9692753305126,91.1419482516374,0.1270959723602715,-1.1368683772161603e-13
3400000.0,550000.0,0.85,523.15,745.5632990018702,6.696583915945142,100.61427898439835,651.645603933417,93.91769506845321,0.12596877447453006,0.0
3400000.0,550000.0,0.85,533.15,774.2127532056228,6.696583915945142,103.34222064564703,677.5671164759209,96.64563672970189,0.12483085086049187,0.0
3400000.0,550000.0,0.85,543.15,803.078892587743,6.696583915945142,106.02853531513631,703.7469411885518,99.33195139919117,0.1236889081707976,0.0
3400000.0,550000.0,0.85,553.15,832.1761694078536,6.696583915945142,108.67827566226549,730.1944776615333,101.98169174632035,0.1225482001231624,0.0
3400000.0,550000.0,0.85,563.15,861.5153889963995,6.696583915945142,111.2956311867782,756.9163417255664,104.59904727083305,0.12141285995213975,-1.1368683772161603e-13
3400000.0,550000.0,0.85,573.15,891.1045721556109,6.696583915945142,113.884117216866,783.9170388546901,107.18753330092086,0.12028614446633434,-1.1368683772161603e-13
3400000.0,550000.0,0.85,583.15,920.9495846594921,6.696583915945142,116.44671411951678,811.1994544559205,109.75013020357164,0.11917061697155788,-1.1368683772161603e-13
3400000.0,550000.0,0.85,593.15,951.0546053276961,6.696583915945142,118.98597183262417,838.765217411017,112.28938791667903,0.11806828681302534,0.0
3400000.0,550000.0,0.85,603.15,981.422479673285,6.696583915945142,121.5040896989,866.6149738903301,114.80750578295486,0.11698071743901181,0.0
3400000.0,550000.0,0.85,613.15,1012.054990829213,6.696583915945142,124.0029783605549,894.7485963846033,117.30639444460977,0.1159091111724042,-1.1368683772161603e-13
3400000.0,550000.0,0.85,623.15,1042.9530696289178,6.696583915945142,126.48430839463393,923.1653451502291,119.78772447868879,0.11485437644985234,0.0
3400000.0,550000.0,0.9,413.15,422.8349187765022,6.696583915945142,66.30801814044418,363.22348455200313,59.611434224499035,0.14098039584097793,5.684341886080802e-14
3400000.0,550000.0,0.9,423.15,458.29837995341984,6.696583915945142,71.85774933628353,393.1372145330815,65.16116542033839,0.14218065843252858,0.0
3400000.0,550000.0,0.9,433.15,489.68542986526916,6.696583915945142,76.41211590635835,419.969897874856,69.71553199041321,0.1423679932841673,0.0
3400000.0,550000.0,0.9,443.15,519.3530806620437,6.696583915945142,80.47150893390074,445.5781556440881,73.7749250179556,0.1420515787138708,0.0
3400000.0,550000.0,0.9,453.15,548.1480736635749,6.696583915945142,84.22171358938108,470.622943990139,77.52512967343594,0.14143099902785916,-1.1368683772161603e-13
3400000.0,550000.0,0.9,463.15,576.4837619163268,6.696583915945142,87.75636141331343,495.42398441895847,81.05977749736829,0.14061068646220365,0.0
3400000.0,550000.0,0.9,473.15,604.5955965370058,6.696583915945142,91.13055468033254,520.1616257726184,84.4339707643874,0.13965363169696754,-1.1368683772161603e-13
3400000.0,550000.0,0.9,483.15,632.630642984597,6.696583915945142,94.37994911667762,544.9472777838646,87.68336520073248,0.13860119830279444,-1.1368683772161603e-13
3400000.0,550000.0,0.9,493.15,660.6864828230382,6.696583915945142,97.5291532842007,569.8539134547826,90.83256936825556,0.1374821064601448,0.0
3400000.0,550000.0,0.9,503.15,688.8306332392981,6.696583915945142,100.59596786720398,594.9312492880392,93.89938395125884,0.1363170849555386,0.0
3400000.0,550000.0,0.9,513.15,717.1112235821499,6.696583915945142,103.59373994214623,620.2140675559489,96.89715602620109,0.1351215164952733,-1.1368683772161603e-13
3400000.0,550000.0,0.9,523.15,745.5632990018702,6.696583915945142,106.53276598348062,645.7271169343346,99.83618206753547,0.13390705014744167,0.0
3400000.0,550000.0,0.9,533.15,774.2127532056228,6.696583915945142,109.4211748012734,671.4881623202945,102.72459088532825,0.13268263853830586,0.0
3400000.0,550000.0,0.9,543.15,803.078892587743,6.696583915945142,112.2655079807326,697.5099685229554,105.56892406478745,0.1314552343974763,1.1368683772161603e-13
3400000.0,550000.0,0.9,553.15,832.1761694078536,6.696583915945142,115.0711154071046,723.8016379166942,108.37453149115946,0.1302302751210418,0.0
3400000.0,550000.0,0.9,563.15,861.5153889963995,6.696583915945142,117.84243302129465,750.36953989105,111.14584910534951,0.12901202987775534,-1.1368683772161603e-13
3400000.0,550000.0,0.9,573.15,891.1045721556109,6.696583915945142,120.58318293550518,777.2179731360509,113.88659901956004,0.12780385442761746,-1.1368683772161603e-13
3400000.0,550000.0,0.9,583.15,920.9495846594921,6.696583915945142,123.29652083242941,804.3496477430078,116.59993691648427,0.12660838210768663,-1.1368683772161603e-13
3400000.0,550000.0,0.9,593.15,951.0546053276961,6.696583915945142,125.98514664630801,831.7660425973332,119.28856273036287,0.12542766951773573,0.0
3400000.0,550000.0,0.9,603.15,981.422479673285,6.696583915945142,128.65138909295294,859.4676744962773,121.9548051770078,0.12426330933198768,-1.1368683772161603e-13
3400000.0,550000.0,0.9,613.15,1012.054990829213,6.696583915945142,131.29727120529347,887.4543035398647,124.60068728934833,0.12311651878447682,0.0
3400000.0,550000.0,0.9,623.15,1042.9530696289178,6.696583915945142,133.9245618296126,915.7250917152504,127.22797791366746,0.12198820984239983,0.0
3400000.0,600000.0,0.7,413.15,414.2339931848181,6.6355917267701585,48.93163839704671,371.9379465145415,42.29604667027655,0.10210665316258918,0.0
3400000.0,600000.0,0.7,423.15,449.6974543617357,6.6355917267701585,53.08766315800208,403.2453829305038,46.45207143123192,0.10329627392968511,-5.684341886080802e-14
3400000.0,600000.0,0.7,433.15,481.084504273585,6.6355917267701585,56.49343127097201,431.2266647293832,49.85783954420185,0.10363634476126984,0.0
3400000.0,600000.0,0.7,443.15,510.7521550703596,6.6355917267701585,59.5260278348953,457.8617189622344,52.890436108125144,0.1035540145706074,1.1368683772161603e-13
3400000.0,600000.0,0.7,453.15,539.5471480718908,6.6355917267701585,62.325478979422826,483.85726081923815,55.68988725265267,0.1032159792738491,-1.1368683772161603e-13
3400000.0,600000.0,0.7,463.15,567.8828363246427,6.6355917267701585,64.96236570755893,509.55606234385385,58.32677398078877,0.10270916859942743,0.0
3400000.0,600000.0,0.7,473.15,595.9946709453217,6.6355917267701585,67.47823248072643,535.1520301913654,60.842640753956275,0.10208588049529416,0.0
3400000.0,600000.0,0.7,483.15,624.029717392913,6.6355917267701585,69.89996558503934,560.7653435346438,63.26437385826918,0.10138038637418852,0.0
3400000.0,600000.0,0.7,493.15,652.0855572313541,6.6355917267701585,72.24612264339068,586.4750263147336,65.61053091662052,0.10061644547870656,0.0
3400000.0,600000.0,0.7,503.15,680.229707647614,6.6355917267701585,74.53012803203833,612.3351713423458,67.89453630526818,0.09981118957603693,0.0
3400000.0,600000.0,0.7,513.15,708.5102979904659,6.6355917267701585,76.76204777852388,638.3838419387122,70.12645605175372,0.09897732785345821,0.0
3400000.0,600000.0,0.7,523.15,736.962373410186,6.6355917267701585,78.94964740396489,664.6483177329912,72.31405567719473,0.09812448815069347,0.0
3400000.0,600000.0,0.7,533.15,765.6118276139385,6.6355917267701585,81.0990576860786,691.1483616546302,74.46346595930844,0.09726007785352137,-1.1368683772161603e-13
3400000.0,600000.0,0.7,543.15,794.4779669960589,6.6355917267701585,83.21521235422837,717.8983463686006,76.57962062745821,0.09638986077487798,0.0
3400000.0,600000.0,0.7,553.15,823.5752438161694,6.6355917267701585,85.30214636163623,744.9086891813033,78.66655463486607,0.09551835758242543,0.0
3400000.0,600000.0,0.7,563.15,852.9144634047153,6.6355917267701585,87.36320535670733,772.1868497747781,80.72761362993717,0.09464913199816523,0.0
3400000.0,600000.0,0.7,573.15,882.5036465639267,6.6355917267701585,89.40119660865469,799.7380416820422,82.76560488188453,0.09378500044066294,0.0
3400000.0,600000.0,0.7,583.15,912.348659067808,6.6355917267701585,91.4185001791725,827.5657506154056,84.78290845240234,0.0929281888121908,0.0
3400000.0,600000.0,0.7,593.15,942.4536797360118,6.6355917267701585,93.41715240311343,855.6721190596686,86.78156067634328,0.09208045184846796,0.0
3400000.0,600000.0,0.7,603.15,972.8215540816009,6.6355917267701585,95.3989096463425,884.0582361620285,88.76331791957234,0.0912431653545855,0.0
3400000.0,600000.0,0.7,613.15,1003.4540652375289,6.6355917267701585,97.36529773748084,912.7243592268183,90.72970601071069,0.09041739841796739,-1.1368683772161603e-13
3400000.0,600000.0,0.7,623.15,1034.3521440372338,6.6355917267701585,99.31765081040258,941.6700849536012,92.68205908363242,0.08960397057996153,2.2737367544323206e-13
3400000.0,600000.0,0.75,413.15,414.2339931848181,6.6355917267701585,52.4267554254072,368.44282948618104,45.79116369863704,0.11054419591828736,0.0
3400000.0,600000.0,0.75,423.15,449.6974543617357,6.6355917267701585,56.87963909785938,399.4534069906465,50.24404737108922,0.11172855635218476,0.0
3400000.0,600000.0,0.75,433.15,481.084504273585,6.6355917267701585,60.5286763617557,427.1914196385995,53.89308463498554,0.11202415408569762,0.0
3400000.0,600000.0,0.75,443.15,510.7521550703596,6.6355917267701585,63.77788696595933,453.6098598311704,57.142295239189174,0.1118787158740768,1.1368683772161603e-13
3400000.0,600000.0,0.75,453.15,539.5471480718908,6.6355917267701585,66.77729890652455,479.4054408921364,60.14170717975439,0.11146700968520538,-1.1368683772161603e-13
3400000.0,600000.0,0.75,463.15,567.8828363246427,6.6355917267701585,69.6025346866703,504.9158933647425,62.96694295990014,0.11088016564723874,0.0
3400000.0,600000.0,0.75,473.15,595.9946709453217,6.6355917267701585,72.29810622934974,530.3321564427421,65.66251450257958,0.1101729892960799,0.0
3400000.0,600000.0,0.75,483.15,624.029717392913,6.6355917267701585,74.892820269685,555.7724888499981,68.25722854291485,0.10938137502182045,0.0
3400000.0,600000.0,0.75,493.15,652.0855572313541,6.6355917267701585,77.40655997506146,581.3145889830628,70.7709682482913,0.1085301881991881,0.0
3400000.0,600000.0,0.75,503.15,680.229707647614,6.6355917267701585,79.85370860575536,607.0115907686287,73.2181168789852,0.10763734082151422,0.0
3400000.0,600000.0,0.75,513.15,708.5102979904659,6.6355917267701585,82.24505119127559,632.9008385259605,75.60945946450543,0.10671610515606489,0.0
3400000.0,600000.0,0.75,523.15,736.962373410186,6.6355917267701585,84.58890793281957,659.0090572041366,77.95331620604941,0.10577652132405592,0.0
3400000.0,600000.0,0.75,533.15,765.6118276139385,6.6355917267701585,86.89184752079845,685.3555718199103,80.25625579402829,0.10482630087383875,-1.1368683772161603e-13
3400000.0,600000.0,0.75,543.15,794.4779669960589,6.6355917267701585,89.15915609381604,711.954402629013,82.52356436704588,0.10387143230550439,0.0
3400000.0,600000.0,0.75,553.15,823.5752438161694,6.6355917267701585,91.39515681603876,738.8156787269008,84.7595650892686,0.10291660139821764,0.0
3400000.0,600000.0,0.75,563.15,852.9144634047153,6.6355917267701585,93.60343431075779,765.9466208207276,86.96784258398763,0.10196549163537942,1.1368683772161603e-13
3400000.0,600000.0,0.75,573.15,882.5036465639267,6.6355917267701585,95.78699636641564,793.3522419242812,89.15140463964548,0.10102100426073145,0.0
3400000.0,600000.0,0.75,583.15,912.348659067808,6.6355917267701585,97.94839304911345,821.0358577454647,91.31280132234329,0.10008542284223021,0.0
3400000.0,600000.0,0.75,593.15,942.4536797360118,6.6355917267701585,100.08980614619283,848.9994653165892,93.45421441942267,0.09916053852704981,0.0
3400000.0,600000.0,0.75,603.15,972.8215540816009,6.6355917267701585,102.21311747822398,877.244028330147,95.57752575145382,0.0982477468251456,0.0
3400000.0,600000.0,0.75,613.15,1003.4540652375289,6.6355917267701585,104.31996186158666,905.7696951027124,97.6843701348165,0.09734812336595947,0.0
3400000.0,600000.0,0.75,623.15,1034.3521440372338,6.6355917267701585,106.41176872543153,934.5759670385723,99.77617699866137,0.0964624838589494,0.0
3400000.0,600000.0,0.8,413.15,414.2339931848181,6.6355917267701585,55.92187245376758,364.94771245782067,49.28628072699742,0.11898173867398527,-5.684341886080802e-14
3400000.0,600000.0,0.8,423.15,449.6974543617357,6.6355917267701585,60.67161503771669,395.6614310507892,54.03602331094653,0.12016083877468443,0.0
3400000.0,600000.0,0.8,433.15,481.084504273585,6.6355917267701585,64.56392145253939,423.1561745478158,57.92832972576923,0.12041196341012539,0.0
3400000.0,600000.0,0.8,443.15,510.7521550703596,6.6355917267701585,68.02974609702325,449.3580007001065,61.39415437025309,0.12020341717754597,0.0
3400000.0,600000.0,0.8,453.15,539.5471480718908,6.6355917267701585,71.22911883362616,474.9536209650348,64.593527106856,0.11971804009656145,-1.1368683772161603e-13
3400000.0,600000.0,0.8,463.15,567.8828363246427,6.6355917267701585,74.24270366578165,500.2757243856312,67.60711193901149,0.11905116269505,0.0
3400000.0,600000.0,0.8,473.15,595.9946709453217,6.6355917267701585,77.11797997797304,525.5122826941188,70.48238825120288,0.1182600980968656,0.0
3400000.0,600000.0,0.8,483.15,624.029717392913,6.6355917267701585,79.88567495433067,550.7796341653525,73.25008322756051,0.11738236366945239,0.0
3400000.0,600000.0,0.8,493.15,652.0855572313541,6.6355917267701585,82.56699730673223,576.154151651392,75.93140557996207,0.11644393091966963,0.0
3400000.0,600000.0,0.8,503.15,680.229707647614,6.6355917267701585,85.17728917947237,601.6880101949117,78.54169745270221,0.11546349206699148,0.0
3400000.0,600000.0,0.8,513.15,708.5102979904659,6.6355917267701585,87.7280546040273,627.4178351132088,81.09246287725715,0.11445488245867158,0.0
3400000.0,600000.0,0.8,523.15,736.962373410186,6.6355917267701585,90.22816846167413,653.369796675282,83.59257673490397,0.11342855449741823,0.0
3400000.0,600000.0,0.8,533.15,765.6118276139385,6.6355917267701585,92.68463735551829,679.5627819851904,86.04904562874813,0.11239252389415613,0.0
3400000.0,600000.0,0.8,543.15,794.4779669960589,6.6355917267701585,95.10309983340383,706.0104588894252,88.46750810663367,0.11135300383613096,0.0
3400000.0,600000.0,0.8,553.15,823.5752438161694,6.6355917267701585,97.48816727044131,732.7226682724983,90.85257554367115,0.11031484521400985,0.0
3400000.0,600000.0,0.8,563.15,852.9144634047153,6.6355917267701585,99.84366326480824,759.7063918666772,93.20807153803808,0.10928185127259361,0.0
3400000.0,600000.0,0.8,573.15,882.5036465639267,6.6355917267701585,102.17279612417659,786.9664421665203,95.53720439740643,0.10825700808079994,0.0
3400000.0,600000.0,0.8,583.15,912.348659067808,6.6355917267701585,104.47828591905441,814.5059648755237,97.84269419228426,0.10724265687226965,0.0
3400000.0,600000.0,0.8,593.15,942.4536797360118,6.6355917267701585,106.76245988927246,842.3268115735096,100.1268681625023,0.10624062520563193,-1.1368683772161603e-13
3400000.0,600000.0,0.8,603.15,972.8215540816009,6.6355917267701585,109.0273253101057,870.4298204982654,102.39173358333554,0.10525232829570597,0.0
3400000.0,600000.0,0.8,613.15,1003.4540652375289,6.6355917267701585,111.2746259856925,898.8150309786065,104.63903425892234,0.10427884831395157,0.0
3400000.0,600000.0,0.8,623.15,1034.3521440372338,6.6355917267701585,113.50588664046023,927.4818491235436,106.87029491369007,0.10332099713793705,0.0
3400000.0,600000.0,0.85,413.15,414.2339931848181,6.6355917267701585,59.41698948212806,361.4525954294602,52.7813977553579,0.12741928142968342,-5.684341886080802e-14
3400000.0,600000.0,0.85,423.15,449.6974543617357,6.6355917267701585,64.46359097757389,391.869455110932,57.82799925080373,0.12859312119718383,0.0
3400000.0,600000.0,0.85,433.15,481.084504273585,6.6355917267701585,68.59916654332308,419.1209294570321,61.96357481655292,0.12879977273455318,0.0
3400000.0,600000.0,0.85,443.15,510.7521550703596,6.6355917267701585,72.28160522808717,445.10614156904256,65.64601350131701,0.12852811848101517,1.1368683772161603e-13
3400000.0,600000.0,0.85,453.15,539.5471480718908,6.6355917267701585,75.68093876072776,470.5018010379332,69.0453470339576,0.1279690705079175,0.0
3400000.0,600000.0,0.85,463.15,567.8828363246427,6.6355917267701585,78.88287264489301,495.6355554065198,72.24728091812285,0.12722215974286133,0.0
3400000.0,600000.0,0.85,473.15,595.9946709453217,6.6355917267701585,81.93785372659634,520.6924089454955,75.30226199982619,0.12634720689765133,0.0
3400000.0,600000.0,0.85,483.15,624.029717392913,6.6355917267701585,84.87852963897632,545.7867794807067,78.24293791220616,0.1253833523170843,0.0
3400000.0,600000.0,0.85,493.15,652.0855572313541,6.6355917267701585,87.7274346384029,570.9937143197213,81.09184291163274,0.124357673640151,0.0
3400000.0,600000.0,0.85,503.15,680.229707647614,6.6355917267701585,90.50086975318939,596.3644296211947,83.86527802641923,0.12328964331246876,0.0
3400000.0,600000.0,0.85,513.15,708.5102979904659,6.6355917267701585,93.21105801677902,621.934831700457,86.57546629000886,0.12219365976127826,0.0
3400000.0,600000.0,0.85,523.15,736.962373410186,6.6355917267701585,95.86742899052881,647.7305361464274,89.23183726375865,0.1210805876707807,0.0
3400000.0,600000.0,0.85,533.15,765.6118276139385,6.6355917267701585,98.47742719023826,673.7699921504704,91.8418354634681,0.11995874691447367,0.0
3400000.0,600000.0,0.85,543.15,794.4779669960589,6.6355917267701585,101.0470435729915,700.0665151498375,94.41145184622134,0.11883457536675739,0.0
3400000.0,600000.0,0.85,553.15,823.5752438161694,6.6355917267701585,103.58117772484397,726.6296578180957,96.94558599807381,0.11771308902980221,-1.1368683772161603e-13
3400000.0,600000.0,0.85,563.15,852.9144634047153,6.6355917267701585,106.08389221885871,753.4661629126267,99.44830049208855,0.1165982109098078,0.0
3400000.0,600000.0,0.85,573.15,882.5036465639267,6.6355917267701585,108.55859588193778,780.5806424087591,101.92300415516762,0.1154930119008687,0.0
3400000.0,600000.0,0.85,583.15,912.348659067808,6.6355917267701585,111.00817878899537,807.9760720055828,104.37258706222521,0.11439989090230908,0.0
3400000.0,600000.0,0.85,593.15,942.4536797360118,6.6355917267701585,113.43511363235186,835.6541578304302,106.7995219055817,0.11332071188421379,-1.1368683772161603e-13
3400000.0,600000.0,0.85,603.15,972.8215540816009,6.6355917267701585,115.84153314198717,863.6156126663839,109.20594141521701,0.11225690976626608,0.0
3400000.0,600000.0,0.85,613.15,1003.4540652375289,6.6355917267701585,118.22929010979831,891.8603668545007,111.59369838302815,0.11120957326194365,0.0
3400000.0,600000.0,0.85,623.15,1034.3521440372338,6.6355917267701585,120.60000455548894,920.3877312085149,113.96441282871878,0.11017951041692468,0.0
3400000.0,600000.0,0.9,413.15,414.2339931848181,6.6355917267701585,62.91210651048855,357.9574784010997,56.27651478371839,0.1358568241853816,-5.684341886080802e-14
3400000.0,600000.0,0.9,423.15,449.6974543617357,6.6355917267701585,68.2555669174312,388.0774791710747,61.61997519066104,0.13702540361968352,0.0
3400000.0,600000.0,0.9,433.15,481.084504273585,6.6355917267701585,72.63441163410688,415.0856843662483,65.99881990733672,0.13718758205898118,0.0
3400000.0,600000.0,0.9,443.15,510.7521550703596,6.6355917267701585,76.53346435915108,440.85428243797867,69.89787263238092,0.13685281978448435,1.1368683772161603e-13
3400000.0,600000.0,0.9,453.15,539.5471480718908,6.6355917267701585,80.13275868782948,466.0499811108315,73.49716696105932,0.13622010091927378,0.0
3400000.0,600000.0,0.9,463.15,567.8828363246427,6.6355917267701585,83.52304162400436,490.99538642740845,76.8874498972342,0.1353931567906726,0.0
3400000.0,600000.0,0.9,473.15,595.9946709453217,6.6355917267701585,86.75772747521975,515.872535196872,80.1221357484496,0.13443431569843725,0.0
3400000.0,600000.0,0.9,483.15,624.029717392913,6.6355917267701585,89.87138432362198,540.7939247960611,83.23579259685182,0.13338434096471624,0.0
3400000.0,600000.0,0.9,493.15,652.0855572313541,6.6355917267701585,92.88787197007368,565.8332769880506,86.25228024330352,0.13227141636063255,0.0
3400000.0,600000.0,0.9,503.15,680.229707647614,6.6355917267701585,95.8244503269064,591.0408490474776,89.18885860013624,0.13111579455794603,1.1368683772161603e-13
3400000.0,600000.0,0.9,513.15,708.5102979904659,6.6355917267701585,98.69406142953073,616.4518282877053,92.05846970276058,0.12993243706388494,0.0
3400000.0,600000.0,0.9,523.15,736.962373410186,6.6355917267701585,101.50668951938349,642.0912756175727,94.87109779261333,0.12873262084414316,0.0
3400000.0,600000.0,0.9,533.15,765.6118276139385,6.6355917267701585,104.27021702495811,667.9772023157507,97.63462529818796,0.12752496993479107,-1.1368683772161603e-13
3400000.0,600000.0,0.9,543.15,794.4779669960589,6.6355917267701585,106.99098731257929,694.1225714102496,100.35539558580913,0.12631614689738396,1.1368683772161603e-13
3400000.0,600000.0,0.9,553.15,823.5752438161694,6.6355917267701585,109.6741881792465,720.5366473636931,103.03859645247634,0.12511133284559442,0.0
3400000.0,600000.0,0.9,563.15,852.9144634047153,6.6355917267701585,112.32412117290916,747.2259339585763,105.688529446139,0.12391457054702198,0.0
3400000.0,600000.0,0.9,573.15,882.5036465639267,6.6355917267701585,114.94439563969873,774.1948426509981,108.30880391292857,0.1227290157209372,0.0
3400000.0,600000.0,0.9,583.15,912.348659067808,6.6355917267701585,117.53807165893633,801.4461791356417,110.90247993216617,0.12155712493234852,0.0
3400000.0,600000.0,0.9,593.15,942.4536797360118,6.6355917267701585,120.1077673754315,828.9815040873506,113.47217564866133,0.12040079856279591,-1.1368683772161603e-13
3400000.0,600000.0,0.9,603.15,972.8215540816009,6.6355917267701585,122.65574097386887,856.8014048345021,116.02014924709871,0.11926149123682643,0.0
3400000.0,600000.0,0.9,613.15,1003.4540652375289,6.6355917267701585,125.1839542339039,884.9057027303951,118.54836250713375,0.11814029820993552,0.0
3400000.0,600000.0,0.9,623.15,1034.3521440372338,6.6355917267701585,127.69412247051788,913.2936132934859,121.05853074374772,0.11703802369591255,0.0
3400000.0,650000.0,0.7,413.15,406.0748217818011,6.571088442610286,46.502710767616634,366.1431994567948,39.931622325006344,0.09833562728610411,0.0
3400000.0,650000.0,0.7,423.15,441.53828295871875,6.571088442610286,50.50918603966187,397.6001853616672,43.93809759705158,0.09951141111168278,0.0
3400000.0,650000.0,0.7,433.15,472.92533287056807,6.571088442610286,53.78790264230303,425.7085186708753,47.21681419969275,0.09983989208845198,0.0
3400000.0,650000.0,0.7,443.15,502.59298366734265,6.571088442610286,56.70456981909799,452.4595022908549,50.13348137648771,0.09974966425251604,5.684341886080802e-14
3400000.0,650000.0,0.7,453.15,531.3879766688738,6.571088442610286,59.39500588266621,478.56405922881794,52.82391744005592,0.09940743817952873,-1.1368683772161603e-13
3400000.0,650000.0,0.7,463.15,559.7236649216258,6.571088442610286,61.927681020619815,504.36707234361614,55.356592578009526,0.09889986085501803,1.1368683772161603e-13
3400000.0,650000.0,0.7,473.15,587.8354995423048,6.571088442610286,64.3429036896322,530.0636842952828,57.771815247021905,0.09827888123803968,1.1368683772161603e-13
3400000.0,650000.0,0.7,483.15,615.870545989896,6.571088442610286,66.66676305413444,555.7748713783718,60.095674611524146,0.09757841969034525,0.0
3400000.0,650000.0,0.7,493.15,643.9263858283372,6.571088442610286,68.91726757838217,581.5802066925652,62.34617913577188,0.09682190465851262,1.1368683772161603e-13
3400000.0,650000.0,0.7,503.15,672.0705362445971,6.571088442610286,71.10744480346085,607.5341798837464,64.53635636085056,0.09602616523180366,1.1368683772161603e-13
3400000.0,650000.0,0.7,513.15,700.3511265874489,6.571088442610286,73.24706339054008,633.6751516395192,66.67597494792979,0.0952036377421381,-1.1368683772161603e-13
3400000.0,650000.0,0.7,523.15,728.8032020071691,6.571088442610286,75.34365954191412,660.0306309078652,68.77257109930383,0.09436370601816775,1.1368683772161603e-13
3400000.0,650000.0,0.7,533.15,757.4526562109218,6.571088442610286,77.40318302096799,686.620561632564,70.8320945783577,0.09351356021733147,1.1368683772161603e-13
3400000.0,650000.0,0.7,543.15,786.318795593042,6.571088442610286,79.43042188655131,713.4594621491009,72.85933344394103,0.0926587712926161,0.0
3400000.0,650000.0,0.7,553.15,815.4160724131525,6.571088442610286,81.42929194554803,740.5578689102148,74.85820350293774,0.09180368898224123,0.0
3400000.0,650000.0,0.7,563.15,844.7552920016984,6.571088442610286,83.40304003839731,767.9233404059113,76.83195159578702,0.09095172569292712,1.1368683772161603e-13
3400000.0,650000.0,0.7,573.15,874.3444751609098,6.571088442610286,85.35439051281033,795.5611730907098,78.78330207020004,0.09010556400633876,0.0
3400000.0,650000.0,0.7,583.15,904.189487664791,6.571088442610286,87.28565311915125,823.47492298825,80.71456467654096,0.0892673115289128,1.1368683772161603e-13
3400000.0,650000.0,0.7,593.15,934.294508332995,6.571088442610286,89.19880403256579,851.6667927430394,82.6277155899555,0.08843861850090837,0.0
3400000.0,650000.0,0.7,603.15,964.662382678584,6.571088442610286,91.0955477339467,880.1379233872475,84.52445929133641,0.08762076847719182,1.1368683772161603e-13
3400000.0,650000.0,0.7,613.15,995.294893834512,6.571088442610286,92.97736498679873,908.8886172903235,86.40627654418844,0.0868147491556962,0.0
3400000.0,650000.0,0.7,623.15,1026.1929726342169,6.571088442610286,94.84555053644743,937.9185105403795,88.27446209383714,0.08602130831907605,2.2737367544323206e-13
3400000.0,650000.0,0.75,413.15,406.0748217818011,6.571088442610286,49.82433296530356,362.82157725910787,43.25324452269328,0.10651545528704272,0.0
3400000.0,650000.0,0.75,423.15,441.53828295871875,6.571088442610286,54.11698504249495,393.9923863588341,47.54589659988467,0.1076823877677894,0.0
3400000.0,650000.0,0.75,433.15,472.92533287056807,6.571088442610286,57.62989568818186,421.86652562499654,51.05880724557157,0.10796378137676446,-5.684341886080802e-14
3400000.0,650000.0,0.75,443.15,502.59298366734265,6.571088442610286,60.75489623474795,448.40917587520494,54.18380779213767,0.10780852409989267,5.684341886080802e-14
3400000.0,650000.0,0.75,453.15,531.3879766688738,6.571088442610286,63.63750630285672,474.3215588086274,57.06641786024643,0.10739124776209698,-1.1368683772161603e-13
3400000.0,650000.0,0.75,463.15,559.7236649216258,6.571088442610286,66.35108680780698,499.943666556429,59.77999836519669,0.10680269945986162,1.1368683772161603e-13
3400000.0,650000.0,0.75,473.15,587.8354995423048,6.571088442610286,68.93882538174884,525.4677626031662,62.36773693913855,0.10609726188312676,0.0
3400000.0,650000.0,0.75,483.15,615.870545989896,6.571088442610286,71.42867470085831,551.0129597316479,64.85758625824802,0.10531042064043128,0.0
3400000.0,650000.0,0.75,493.15,643.9263858283372,6.571088442610286,73.83992954826658,576.6575447226808,67.26884110565629,0.10446666355987676,1.1368683772161603e-13
3400000.0,650000.0,0.75,503.15,672.0705362445971,6.571088442610286,76.18654800370801,602.4550766834992,69.61545956109772,0.10358356125845916,1.1368683772161603e-13
3400000.0,650000.0,0.75,513.15,700.3511265874489,6.571088442610286,78.47899648986443,628.4432185401948,71.90790804725414,0.10267408063957102,-1.1368683772161603e-13
3400000.0,650000.0,0.75,523.15,728.8032020071691,6.571088442610286,80.72534950919368,654.6489409405857,74.15426106658339,0.10174799021513346,0.0
3400000.0,650000.0,0.75,533.15,757.4526562109218,6.571088442610286,82.93198180817998,681.0917628453519,76.3608933655697,0.10081276069128482,1.1368683772161603e-13
3400000.0,650000.0,0.75,543.15,786.318795593042,6.571088442610286,85.10402344987635,707.7858605857758,78.53293500726606,0.09987416738275535,1.1368683772161603e-13
3400000.0,650000.0,0.75,553.15,815.4160724131525,6.571088442610286,87.24566994165839,734.7414909141044,80.6745814990481,0.09893670756365978,0.0
3400000.0,650000.0,0.75,563.15,844.7552920016984,6.571088442610286,89.36040004113991,761.9659804031687,82.78931159852962,0.09800389814943375,1.1368683772161603e-13
3400000.0,650000.0,0.75,573.15,874.3444751609098,6.571088442610286,91.45113269229675,789.4644309112233,84.88004424968646,0.09707849327242055,1.1368683772161603e-13
3400000.0,650000.0,0.75,583.15,904.189487664791,6.571088442610286,93.520342627662,817.2402334797392,86.94925418505171,0.09616264662577707,1.1368683772161603e-13
3400000.0,650000.0,0.75,593.15,934.294508332995,6.571088442610286,95.57014717774885,845.2954495978564,88.99905873513856,0.09525803474317128,0.0
3400000.0,650000.0,0.75,603.15,964.662382678584,6.571088442610286,97.60237257208583,873.6310985491084,91.03128412947554,0.09436595203050047,0.0
3400000.0,650000.0,0.75,613.15,995.294893834512,6.571088442610286,99.61860534299863,902.2473769341236,93.04751690038835,0.09348738497181458,0.0
3400000.0,650000.0,0.75,623.15,1026.1929726342169,6.571088442610286,101.6202327176223,931.1438283592047,95.04914427501201,0.09262307071838814,2.2737367544323206e-13
3400000.0,650000.0,0.8,413.15,406.0748217818011,6.571088442610286,53.14595516299049,359.4999550614209,46.5748667203802,0.1146952832879813,0.0
3400000.0,650000.0,0.8,423.15,441.53828295871875,6.571088442610286,57.72478404532792,390.38458735600113,51.15369560271763,0.11585336442389572,0.0
3400000.0,650000.0,0.8,433.15,472.92533287056807,6.571088442610286,61.47188873406057,418.0245325791178,54.90080029145028,0.1160876706650767,-5.684341886080802e-14
3400000.0,650000.0,0.8,443.15,502.59298366734265,6.571088442610286,64.8052226503978,444.35884945955513,58.234134207787505,0.11586738394726903,0.0
3400000.0,650000.0,0.8,453.15,531.3879766688738,6.571088442610286,67.88000672304712,470.07905838843703,61.30891828043683,0.11537505734466502,-1.1368683772161603e-13
3400000.0,650000.0,0.8,463.15,559.7236649216258,6.571088442610286,70.77449259499403,495.52026076924193,64.20340415238374,0.11470553806470501,1.1368683772161603e-13
3400000.0,650000.0,0.8,473.15,587.8354995423048,6.571088442610286,73.53474707386538,520.8718409110496,66.96365863125509,0.11391564252821365,1.1368683772161603e-13
3400000.0,650000.0,0.8,483.15,615.870545989896,6.571088442610286,76.19058634758217,546.2510480849242,69.61949790497188,0.11304242159051728,-1.1368683772161603e-13
3400000.0,650000.0,0.8,493.15,643.9263858283372,6.571088442610286,78.762591518151,571.7348827527964,72.19150307554071,0.1121114224612409,1.1368683772161603e-13
3400000.0,650000.0,0.8,503.15,672.0705362445971,6.571088442610286,81.26565120395529,597.375973483252,74.694562761345,0.11114095728511486,1.1368683772161603e-13
3400000.0,650000.0,0.8,513.15,700.3511265874489,6.571088442610286,83.71092958918865,623.2112854408706,77.13984114657836,0.11014452353700376,-1.1368683772161603e-13
3400000.0,650000.0,0.8,523.15,728.8032020071691,6.571088442610286,86.10703947647323,649.2672509733061,79.53595103386294,0.10913227441209919,1.1368683772161603e-13
3400000.0,650000.0,0.8,533.15,757.4526562109218,6.571088442610286,88.460780595392,675.56296405814,81.8896921527817,0.10811196116523822,1.1368683772161603e-13
3400000.0,650000.0,0.8,543.15,786.318795593042,6.571088442610286,90.7776250132015,702.1122590224506,84.20653657059121,0.10708956347289474,1.1368683772161603e-13
3400000.0,650000.0,0.8,553.15,815.4160724131525,6.571088442610286,93.0620479377691,728.9251129179937,86.4909594951588,0.10606972614507877,0.0
3400000.0,650000.0,0.8,563.15,844.7552920016984,6.571088442610286,95.31776004388253,756.0086204004261,88.74667160127224,0.10505607060594041,0.0
3400000.0,650000.0,0.8,573.15,874.3444751609098,6.571088442610286,97.5478748717832,783.3676887317368,90.9767864291729,0.10405142253850236,1.1368683772161603e-13
3400000.0,650000.0,0.8,583.15,904.189487664791,6.571088442610286,99.75503213617276,811.0055439712286,93.18394369356247,0.10305798172264134,0.0
3400000.0,650000.0,0.8,593.15,934.294508332995,6.571088442610286,101.94149032293214,838.9241064526731,95.37040188032185,0.10207745098543443,0.0
3400000.0,650000.0,0.8,603.15,964.662382678584,6.571088442610286,104.10919741022471,867.1242737109695,97.53810896761442,0.10111113558380887,0.0
3400000.0,650000.0,0.8,613.15,995.294893834512,6.571088442610286,106.25984569919855,895.6061365779236,99.68875725658826,0.10016002078793297,1.1368683772161603e-13
3400000.0,650000.0,0.8,623.15,1026.1929726342169,6.571088442610286,108.39491489879717,924.3691461780298,101.82382645618688,0.09922483311770022,2.2737367544323206e-13
3400000.0,650000.0,0.85,413.15,406.0748217818011,6.571088442610286,56.46757736067742,356.178332863734,49.896488918067135,0.12287511128891992,0.0
3400000.0,650000.0,0.85,423.15,441.53828295871875,6.571088442610286,61.332583048160885,386.7767883531682,54.761494605550595,0.12402434108000206,0.0
3400000.0,650000.0,0.85,433.15,472.92533287056807,6.571088442610286,65.31388177993941,414.182539533239,58.74279333732912,0.12421155995338921,-5.684341886080802e-14
3400000.0,650000.0,0.85,443.15,502.59298366734265,6.571088442610286,68.85554906604764,440.30852304390527,62.284460623437354,0.12392624379464542,0.0
3400000.0,650000.0,0.85,453.15,531.3879766688738,6.571088442610286,72.12250714323763,465.8365579682465,65.55141870062734,0.12335886692723327,-1.1368683772161603e-13
3400000.0,650000.0,0.85,463.15,559.7236649216258,6.571088442610286,75.19789838218118,491.09685498205477,68.62680993957089,0.12260837666954859,1.1368683772161603e-13
3400000.0,650000.0,0.85,473.15,587.8354995423048,6.571088442610286,78.13066876598204,516.2759192189329,71.55958032337175,0.12173402317330075,1.1368683772161603e-13
3400000.0,650000.0,0.85,483.15,615.870545989896,6.571088442610286,80.95249799430603,541.4891364382003,74.38140955169574,0.12077442254060328,0.0
3400000.0,650000.0,0.85,493.15,643.9263858283372,6.571088442610286,83.6852534880354,566.8122207829119,77.11416504542511,0.119756181362605,1.1368683772161603e-13
3400000.0,650000.0,0.85,503.15,672.0705362445971,6.571088442610286,86.34475440420245,592.2968702830049,79.77366596159216,0.11869835331177037,0.0
3400000.0,650000.0,0.85,513.15,700.3511265874489,6.571088442610286,88.94286268851289,617.9793523415464,82.3717742459026,0.11761496643443652,-1.1368683772161603e-13
3400000.0,650000.0,0.85,523.15,728.8032020071691,6.571088442610286,91.48872944375279,643.8855610060266,84.9176410011425,0.11651655860906492,0.0
3400000.0,650000.0,0.85,533.15,757.4526562109218,6.571088442610286,93.98957938260399,670.0341652709279,87.4184909399937,0.11541116163919159,1.1368683772161603e-13
3400000.0,650000.0,0.85,543.15,786.318795593042,6.571088442610286,96.45122657652665,696.4386574591255,89.88013813391636,0.11430495956303413,1.1368683772161603e-13
3400000.0,650000.0,0.85,553.15,815.4160724131525,6.571088442610286,98.87842593387968,723.1087349218831,92.3073374912694,0.1132027447264976,0.0
3400000.0,650000.0,0.85,563.15,844.7552920016984,6.571088442610286,101.27512004662515,750.0512603976834,94.70403160401486,0.11210824306244707,1.1368683772161603e-13
3400000.0,650000.0,0.85,573.15,874.3444751609098,6.571088442610286,103.64461705126962,777.2709465522504,97.07352860865933,0.11102435180458414,1.1368683772161603e-13
3400000.0,650000.0,0.85,583.15,904.189487664791,6.571088442610286,105.98972164468351,804.7708544627178,99.41863320207322,0.1099533168195056,0.0
3400000.0,650000.0,0.85,593.15,934.294508332995,6.571088442610286,108.31283346811543,832.5527633074898,101.74174502550514,0.10889686722769758,0.0
3400000.0,650000.0,0.85,603.15,964.662382678584,6.571088442610286,110.61602224836382,860.6174488728303,104.04493380575353,0.1078563191371175,1.1368683772161603e-13
3400000.0,650000.0,0.85,613.15,995.294893834512,6.571088442610286,112.90108605539845,888.9648962217237,106.32999761278816,0.10683265660405135,1.1368683772161603e-13
3400000.0,650000.0,0.85,623.15,1026.1929726342169,6.571088442610286,115.16959707997204,917.594463996855,108.59850863736175,0.1058265955170123,2.2737367544323206e-13
3400000.0,650000.0,0.9,413.15,406.0748217818011,6.571088442610286,59.789199558364224,352.85671066604715,53.21811111575394,0.13105493928985823,5.684341886080802e-14
3400000.0,650000.0,0.9,423.15,441.53828295871875,6.571088442610286,64.94038205099397,383.1689893503351,58.369293608383686,0.13219531773610868,-5.684341886080802e-14
3400000.0,650000.0,0.9,433.15,472.92533287056807,6.571088442610286,69.15587482581823,410.34054648736014,62.58478638320794,0.1323354492417017,0.0
3400000.0,650000.0,0.9,443.15,502.59298366734265,6.571088442610286,72.90587548169749,436.2581966282554,66.3347870390872,0.13198510364202182,5.684341886080802e-14
3400000.0,650000.0,0.9,453.15,531.3879766688738,6.571088442610286,76.36500756342802,461.5940575480561,69.79391912081773,0.1313426765098013,-1.1368683772161603e-13
3400000.0,650000.0,0.9,463.15,559.7236649216258,6.571088442610286,79.62130416936834,486.67344919486766,73.05021572675805,0.1305112152743922,0.0
3400000.0,650000.0,0.9,473.15,587.8354995423048,6.571088442610286,82.72659045809857,511.67999752681646,76.15550201548828,0.12955240381838762,0.0
3400000.0,650000.0,0.9,483.15,615.870545989896,6.571088442610286,85.71440964103002,536.7272247914763,79.14332119841973,0.1285064234906895,0.0
3400000.0,650000.0,0.9,493.15,643.9263858283372,6.571088442610286,88.60791545791994,561.8895588130274,82.03682701530965,0.12740094026396934,1.1368683772161603e-13
3400000.0,650000.0,0.9,503.15,672.0705362445971,6.571088442610286,91.42385760444961,587.2177670827576,84.85276916183932,0.1262557493384259,1.1368683772161603e-13
3400000.0,650000.0,0.9,513.15,700.3511265874489,6.571088442610286,94.17479578783724,612.747419242222,87.60370734522695,0.12508540933186943,-1.1368683772161603e-13
3400000.0,650000.0,0.9,523.15,728.8032020071691,6.571088442610286,96.87041941103246,638.5038710387469,90.29933096842217,0.1239008428060308,1.1368683772161603e-13
3400000.0,650000.0,0.9,533.15,757.4526562109218,6.571088442610286,99.51837816981599,664.505366483716,92.9472897272057,0.12271036211314496,1.1368683772161603e-13
3400000.0,650000.0,0.9,543.15,786.318795593042,6.571088442610286,102.12482813985169,690.7650558958005,95.5537396972414,0.12152035565317337,0.0
3400000.0,650000.0,0.9,553.15,815.4160724131525,6.571088442610286,104.69480392999016,717.2923569257727,98.12371548737987,0.12033576330791632,0.0
3400000.0,650000.0,0.9,563.15,844.7552920016984,6.571088442610286,107.232480049368,744.0939003949406,100.6613916067577,0.119160415518954,1.1368683772161603e-13
3400000.0,650000.0,0.9,573.15,874.3444751609098,6.571088442610286,109.74135923075606,771.1742043727639,103.17027078814577,0.11799728107066594,1.1368683772161603e-13
3400000.0,650000.0,0.9,583.15,904.189487664791,6.571088442610286,112.2244111531945,798.5361649542068,105.6533227105842,0.11684865191637012,0.0
3400000.0,650000.0,0.9,593.15,934.294508332995,6.571088442610286,114.68417661329872,826.1814201623065,108.11308817068843,0.11571628346996073,0.0
3400000.0,650000.0,0.9,603.15,964.662382678584,6.571088442610286,117.12284708650294,854.1106240346912,110.55175864389265,0.11460150269042617,1.1368683772161603e-13
3400000.0,650000.0,0.9,613.15,995.294893834512,6.571088442610286,119.54232641159837,882.3236558655238,112.97123796898808,0.11350529242016974,1.1368683772161603e-13
3400000.0,650000.0,0.9,623.15,1026.1929726342169,6.571088442610286,121.94427926114668,910.8197818156804,115.37319081853639,0.11242835791632418,0.0
3400000.0,700000.0,0.7,413.15,398.2997411479313,6.503407254287798,44.25574792623834,360.54740047598074,37.75234067195054,0.09478374392899508,0.0
3400000.0,700000.0,0.7,423.15,433.7632023248489,6.503407254287798,48.12194252028561,392.1446670588511,41.61853526599781,0.0959475931635836,5.684341886080802e-14
3400000.0,700000.0,0.7,433.15,465.15025223669824,6.503407254287798,51.281673555034565,420.37198593595144,44.778266300746765,0.09626624103809088,5.684341886080802e-14
3400000.0,700000.0,0.7,443.15,494.81790303347276,6.503407254287798,54.08989436318574,447.23141592457483,47.58648710889794,0.09616969559340878,0.0
3400000.0,700000.0,0.7,453.15,523.612896035004,6.503407254287798,56.67844130663352,473.43786198265826,50.17503405234572,0.09582467206650211,1.1368683772161603e-13
3400000.0,700000.0,0.7,463.15,551.9485842877559,6.503407254287798,59.1137865714666,499.338204970577,52.6103793171788,0.09531753647863442,1.1368683772161603e-13
3400000.0,700000.0,0.7,473.15,580.0604189084349,6.503407254287798,61.43506785751495,525.1287583052077,54.93166060322715,0.09469989472234332,1.1368683772161603e-13
3400000.0,700000.0,0.7,483.15,608.0954653560261,6.503407254287798,63.66761866705166,550.9312539432623,57.16421141276386,0.09400532427798242,0.0
3400000.0,700000.0,0.7,493.15,636.1513051944673,6.503407254287798,65.82892652890331,576.8257859198518,59.32551927461551,0.09325693241559896,0.0
3400000.0,700000.0,0.7,503.15,664.2954556107272,6.503407254287798,67.93164235580946,602.8672205092055,61.42823510152166,0.09247125594897672,1.1368683772161603e-13
3400000.0,700000.0,0.7,513.15,692.5760459535791,6.503407254287798,69.98525246797385,629.094200739893,63.48184521368605,0.0916604690338092,0.0
3400000.0,700000.0,0.7,523.15,721.0281213732993,6.503407254287798,71.99707525875536,655.5344533688317,65.49366800446757,0.0908337221018865,1.1368683772161603e-13
3400000.0,700000.0,0.7,533.15,749.6775755770518,6.503407254287798,73.97288851026946,682.2080943210701,67.46948125598166,0.08999799841158135,0.0
3400000.0,700000.0,0.7,543.15,778.5437149591721,6.503407254287798,75.9173418443054,709.1297803691544,69.4139345900176,0.0891586859623647,1.1368683772161603e-13
3400000.0,700000.0,0.7,553.15,807.6409917792827,6.503407254287798,77.8342378128944,736.310161220676,71.3308305586066,0.08831997296405227,1.1368683772161603e-13
3400000.0,700000.0,0.7,563.15,836.9802113678286,6.503407254287798,79.72672931676311,763.7568893053532,73.22332206247532,0.08748512935904501,1.1368683772161603e-13
3400000.0,700000.0,0.7,573.15,866.56939452704,6.503407254287798,81.59746185497055,791.4753399263572,75.09405460068275,0.08665671217441034,1.1368683772161603e-13
3400000.0,700000.0,0.7,583.15,896.4144070309212,6.503407254287798,83.4486783105859,819.469135974623,76.94527105629811,0.0858367184337812,1.1368683772161603e-13
3400000.0,700000.0,0.7,593.15,926.5194276991251,6.503407254287798,85.28229763851688,847.740537314896,78.77889038422909,0.0850267010373057,1.1368683772161603e-13
3400000.0,700000.0,0.7,603.15,956.8873020447141,6.503407254287798,87.09997496392438,876.2907343350774,80.59656770963659,0.0842278579070019,1.1368683772161603e-13
3400000.0,700000.0,0.7,613.15,987.5198132006421,6.503407254287798,88.90314817698066,905.1200722779492,82.39974092269287,0.08344110145560296,0.0
3400000.0,700000.0,0.7,623.15,1018.4178920003469,6.503407254287798,90.693074545732,934.2282247089026,84.18966729144421,0.08266711332622143,0.0
3400000.0,700000.0,0.75,413.15,398.2997411479313,6.503407254287798,47.41687277811242,357.38627562410664,40.91346552382462,0.10272029152192964,5.684341886080802e-14
3400000.0,700000.0,0.75,423.15,433.7632023248489,6.503407254287798,51.559224128877396,388.7073854502593,45.055816874589595,0.10387192051585536,0.0
3400000.0,700000.0,0.75,433.15,465.15025223669824,6.503407254287798,54.94465023753699,416.70900925344904,48.44124298324919,0.10414106571009486,5.684341886080802e-14
3400000.0,700000.0,0.75,443.15,494.81790303347276,6.503407254287798,57.95345824627043,443.36785204149015,51.45005099198263,0.10397774752402644,0.0
3400000.0,700000.0,0.75,453.15,523.612896035004,6.503407254287798,60.72690139996447,469.38940188932736,54.22349414567667,0.10355645278463839,0.0
3400000.0,700000.0,0.75,463.15,551.9485842877559,6.503407254287798,63.33619989799999,495.1157916440436,56.83279264371219,0.10296754853905499,1.1368683772161603e-13
3400000.0,700000.0,0.75,473.15,580.0604189084349,6.503407254287798,65.82328699019457,520.7405391725281,59.319879735906774,0.1022650017174688,1.1368683772161603e-13
3400000.0,700000.0,0.75,483.15,608.0954653560261,6.503407254287798,68.21530571469816,546.3835668956158,61.71189846041036,0.1014838984603831,0.0
3400000.0,700000.0,0.75,493.15,636.1513051944673,6.503407254287798,70.53099270953925,572.1237197392157,64.02758545525145,0.10064835980440005,2.2737367544323206e-13
3400000.0,700000.0,0.75,503.15,664.2954556107272,6.503407254287798,72.78390252408153,598.0149603409334,66.28049526979373,0.09977562650772319,1.1368683772161603e-13
3400000.0,700000.0,0.75,513.15,692.5760459535791,6.503407254287798,74.9841990728291,624.0952541350377,68.4807918185413,0.09887837186781845,0.0
3400000.0,700000.0,0.75,523.15,721.0281213732993,6.503407254287798,77.13972349152365,650.3918051360633,70.63631623723586,0.09796610443251377,1.1368683772161603e-13
3400000.0,700000.0,0.75,533.15,749.6775755770518,6.503407254287798,79.256666261003,676.9243165703366,72.75325900671521,0.09704606537112252,0.0
3400000.0,700000.0,0.75,543.15,778.5437149591721,6.503407254287798,81.34000911889865,703.7071130945611,74.83660186461086,0.09612382763700737,2.2737367544323206e-13
3400000.0,700000.0,0.75,553.15,807.6409917792827,6.503407254287798,83.39382622810103,730.7505728054693,76.89041897381324,0.09520371025796862,1.1368683772161603e-13
3400000.0,700000.0,0.75,563.15,836.9802113678286,6.503407254287798,85.42149569653208,758.0621229255842,78.91808844224428,0.09428907323062392,2.2737367544323206e-13
3400000.0,700000.0,0.75,573.15,866.56939452704,6.503407254287798,87.42585198746855,785.6469497938591,80.92244473318075,0.09338253259838118,2.2737367544323206e-13
3400000.0,700000.0,0.75,583.15,896.4144070309212,6.503407254287798,89.40929818991339,813.5085160952956,82.90589093562559,0.0924861205770043,0.0
3400000.0,700000.0,0.75,593.15,926.5194276991251,6.503407254287798,91.37389032698236,841.6489446264305,84.87048307269457,0.09160140687331074,0.0
3400000.0,700000.0,0.75,603.15,956.8873020447141,6.503407254287798,93.32140174706187,870.06930755194,86.81799449277408,0.09072959198774819,1.1368683772161603e-13
3400000.0,700000.0,0.75,613.15,987.5198132006421,6.503407254287798,95.25337304676488,898.769847408165,88.74996579247708,0.08987157989755194,1.1368683772161603e-13
3400000.0,700000.0,0.75,623.15,1018.4178920003469,6.503407254287798,97.17115129899862,927.7501479556361,90.66774404471083,0.08902803530545195,0.0
3400000.0,700000.0,0.8,413.15,398.2997411479313,6.503407254287798,50.57799762998661,354.22515077223244,44.07459037569881,0.11065683911486451,5.684341886080802e-14
3400000.0,700000.0,0.8,423.15,433.7632023248489,6.503407254287798,54.9965057374693,385.27010384166744,48.4930984831815,0.11179624786812739,0.0
3400000.0,700000.0,0.8,433.15,465.15025223669824,6.503407254287798,58.607626920039536,413.0460325709465,52.104219665751735,0.1120158903820991,0.0
3400000.0,700000.0,0.8,443.15,494.81790303347276,6.503407254287798,61.81702212935523,439.50428815840536,55.31361487506743,0.11178579945464433,0.0
3400000.0,700000.0,0.8,453.15,523.612896035004,6.503407254287798,64.7753614932954,465.3409417959964,58.271954239007606,0.11128823350277467,0.0
3400000.0,700000.0,0.8,463.15,551.9485842877559,6.503407254287798,67.55861322453327,490.8933783175104,61.055205970245474,0.11061756059947536,1.1368683772161603e-13
3400000.0,700000.0,0.8,473.15,580.0604189084349,6.503407254287798,70.21150612287421,516.3523200398485,63.70809886858641,0.10983010871259433,1.1368683772161603e-13
3400000.0,700000.0,0.8,483.15,608.0954653560261,6.503407254287798,72.76299276234465,541.8358798479693,66.25958550805686,0.10896247264278376,0.0
3400000.0,700000.0,0.8,493.15,636.1513051944673,6.503407254287798,75.23305889017519,567.4216535585798,68.7296516358874,0.10803978719320112,2.2737367544323206e-13
3400000.0,700000.0,0.8,503.15,664.2954556107272,6.503407254287798,77.6361626923536,593.1627001726613,71.1327554380658,0.10707999706646966,2.2737367544323206e-13
3400000.0,700000.0,0.8,513.15,692.5760459535791,6.503407254287798,79.98314567768446,619.0963075301825,73.47973842339667,0.10609627470182784,0.0
3400000.0,700000.0,0.8,523.15,721.0281213732993,6.503407254287798,82.28237172429193,645.2491569032951,75.77896447000414,0.10509848676314103,1.1368683772161603e-13
3400000.0,700000.0,0.8,533.15,749.6775755770518,6.503407254287798,84.54044401173654,671.6405388196031,78.03703675744875,0.10409413233066367,0.0
3400000.0,700000.0,0.8,543.15,778.5437149591721,6.503407254287798,86.76267639349192,698.2844458199679,80.25926913920412,0.10308896931165006,1.1368683772161603e-13
3400000.0,700000.0,0.8,553.15,807.6409917792827,6.503407254287798,88.95341464330791,725.1909843902625,82.45000738902012,0.10208744755188526,0.0
3400000.0,700000.0,0.8,563.15,836.9802113678286,6.503407254287798,91.1162620763008,752.3673565458155,84.612854822013,0.10109301710220256,1.1368683772161603e-13
3400000.0,700000.0,0.8,573.15,866.56939452704,6.503407254287798,93.25424211996653,779.8185596613612,86.75083486567874,0.10010835302235199,1.1368683772161603e-13
3400000.0,700000.0,0.8,583.15,896.4144070309212,6.503407254287798,95.36991806924111,807.5478962159679,88.86651081495332,0.09913552272022769,1.1368683772161603e-13
3400000.0,700000.0,0.8,593.15,926.5194276991251,6.503407254287798,97.46548301544786,835.557351937965,90.96207576116007,0.09817611270931578,1.1368683772161603e-13
3400000.0,700000.0,0.8,603.15,956.8873020447141,6.503407254287798,99.54282853019936,863.8478807688025,93.03942127591156,0.09723132606849448,1.1368683772161603e-13
3400000.0,700000.0,0.8,613.15,987.5198132006421,6.503407254287798,101.6035979165493,892.4196225383805,95.10019066226151,0.09630205833950115,1.1368683772161603e-13
3400000.0,700000.0,0.8,623.15,1018.4178920003469,6.503407254287798,103.64922805226524,921.2720712023694,97.14582079797745,0.09538895728468247,2.2737367544323206e-13
3400000.0,700000.0,0.85,413.15,398.2997411479313,6.503407254287798,53.739122481860804,351.06402592035823,47.235715227573,0.11859338670779937,5.684341886080802e-14
3400000.0,700000.0,0.85,423.15,433.7632023248489,6.503407254287798,58.43378734606109,381.8328222330756,51.93038009177329,0.11972057522039914,5.684341886080802e-14
3400000.0,700000.0,0.85,433.15,465.15025223669824,6.503407254287798,62.27060360254196,409.38305588844406,55.76719634825416,0.11989071505410308,5.684341886080802e-14
3400000.0,700000.0,0.85,443.15,494.81790303347276,6.503407254287798,65.68058601243992,435.6407242753207,59.17717875815212,0.11959385138526199,0.0
3400000.0,700000.0,0.85,453.15,523.612896035004,6.503407254287798,68.82382158662635,461.29248170266544,62.32041433233855,0.11902001422091095,1.1368683772161603e-13
3400000.0,700000.0,0.85,463.15,551.9485842877559,6.503407254287798,71.78102655106666,486.670964990977,65.27761929677887,0.11826757265989593,1.1368683772161603e-13
3400000.0,700000.0,0.85,473.15,580.0604189084349,6.503407254287798,74.59972525555385,511.9641009071688,68.09631800126606,0.11739521570771985,1.1368683772161603e-13
3400000.0,700000.0,0.85,483.15,608.0954653560261,6.503407254287798,77.31067980999127,537.2881928003227,70.80727255570348,0.11644104682518464,0.0
3400000.0,700000.0,0.85,493.15,636.1513051944673,6.503407254287798,79.93512507081114,562.7195873779439,73.43171781652335,0.11543121458200223,1.1368683772161603e-13
3400000.0,700000.0,0.85,503.15,664.2954556107272,6.503407254287798,82.48842286062566,588.3104400043893,75.98501560633787,0.11438436762521613,1.1368683772161603e-13
3400000.0,700000.0,0.85,513.15,692.5760459535791,6.503407254287798,84.9820922825397,614.0973609253272,78.4786850282519,0.11331417753583706,0.0
3400000.0,700000.0,0.85,523.15,721.0281213732993,6.503407254287798,87.42501995706012,640.1065086705269,80.92161270277232,0.11223086909376814,1.1368683772161603e-13
3400000.0,700000.0,0.85,533.15,749.6775755770518,6.503407254287798,89.82422176247009,666.3567610688694,83.3208145081823,0.11114219929020484,1.1368683772161603e-13
3400000.0,700000.0,0.85,543.15,778.5437149591721,6.503407254287798,92.18534366808505,692.8617785453747,85.68193641379726,0.11005411098629257,2.2737367544323206e-13
3400000.0,700000.0,0.85,553.15,807.6409917792827,6.503407254287798,94.51300305851456,719.6313959750559,88.00959580422676,0.10897118484580162,1.1368683772161603e-13
3400000.0,700000.0,0.85,563.15,836.9802113678286,6.503407254287798,96.81102845606952,746.6725901660468,90.30762120178173,0.10789696097378118,1.1368683772161603e-13
3400000.0,700000.0,0.85,573.15,866.56939452704,6.503407254287798,99.08263225246431,773.9901695288634,92.57922499817651,0.10683417344632255,1.1368683772161603e-13
3400000.0,700000.0,0.85,583.15,896.4144070309212,6.503407254287798,101.33053794856859,801.5872763366403,94.8271306942808,0.1057849248634508,1.1368683772161603e-13
3400000.0,700000.0,0.85,593.15,926.5194276991251,6.503407254287798,103.55707570391334,829.4657592494996,97.05366844962555,0.10475081854532083,0.0
3400000.0,700000.0,0.85,603.15,956.8873020447141,6.503407254287798,105.76425531333662,857.6264539856652,99.26084805904883,0.10373306014924054,1.1368683772161603e-13
3400000.0,700000.0,0.85,613.15,987.5198132006421,6.503407254287798,107.9538227863335,886.0693976685964,101.45041553204571,0.10273253678145011,1.1368683772161603e-13
3400000.0,700000.0,0.85,623.15,1018.4178920003469,6.503407254287798,110.12730480553186,914.7939944491028,103.62389755124407,0.10174987926391299,0.0
3400000.0,700000.0,0.9,413.15,398.2997411479313,6.503407254287798,56.90024733373488,347.9029010684842,50.39684007944708,0.12652993430073395,0.0
3400000.0,700000.0,0.9,423.15,433.7632023248489,6.503407254287798,61.87106895465288,378.39554062448383,55.367661700365076,0.1276449025726709,5.684341886080802e-14
3400000.0,700000.0,0.9,433.15,465.15025223669824,6.503407254287798,65.93358028504439,405.72007920594166,59.430173030756585,0.12776553972610705,0.0
3400000.0,700000.0,0.9,443.15,494.81790303347276,6.503407254287798,69.54414989552461,431.77716039223594,63.04074264123681,0.12740190331587967,5.684341886080802e-14
3400000.0,700000.0,0.9,453.15,523.612896035004,6.503407254287798,72.87228167995741,457.24402160933437,66.36887442566962,0.12675179493904748,1.1368683772161603e-13
3400000.0,700000.0,0.9,463.15,551.9485842877559,6.503407254287798,76.00343987759994,482.4485516644437,69.50003262331215,0.1259175847203163,1.1368683772161603e-13
3400000.0,700000.0,0.9,473.15,580.0604189084349,6.503407254287798,78.98794438823347,507.5758817744892,72.48453713394568,0.12496032270284534,1.1368683772161603e-13
3400000.0,700000.0,0.9,483.15,608.0954653560261,6.503407254287798,81.85836685763776,532.7405057526762,75.35495960334997,0.12391962100758529,0.0
3400000.0,700000.0,0.9,493.15,636.1513051944673,6.503407254287798,84.63719125144708,558.0175211973079,78.13378399715928,0.1228226419708033,1.1368683772161603e-13
3400000.0,700000.0,0.9,503.15,664.2954556107272,6.503407254287798,87.34068302889774,583.4581798361172,80.83727577460995,0.12168873818396263,1.1368683772161603e-13
3400000.0,700000.0,0.9,513.15,692.5760459535791,6.503407254287798,89.98103888739494,609.0984143204719,83.47763163310715,0.12053208036984629,1.1368683772161603e-13
3400000.0,700000.0,0.9,523.15,721.0281213732993,6.503407254287798,92.5676681898284,634.9638604377586,86.0642609355406,0.1193632514243954,1.1368683772161603e-13
3400000.0,700000.0,0.9,533.15,749.6775755770518,6.503407254287798,95.10799951320362,661.0729833181359,88.60459225891583,0.11819026624974599,1.1368683772161603e-13
3400000.0,700000.0,0.9,543.15,778.5437149591721,6.503407254287798,97.60801094267832,687.4391112707815,91.10460368839053,0.11701925266093526,1.1368683772161603e-13
3400000.0,700000.0,0.9,553.15,807.6409917792827,6.503407254287798,100.07259147372132,714.0718075598492,93.56918421943352,0.11585492213971813,0.0
3400000.0,700000.0,0.9,563.15,836.9802113678286,6.503407254287798,102.50579483583826,740.977823786278,96.00238758155047,0.11470090484535983,1.1368683772161603e-13
3400000.0,700000.0,0.9,573.15,866.56939452704,6.503407254287798,104.9110223849623,768.1617793963654,98.4076151306745,0.11355999387029338,1.1368683772161603e-13
3400000.0,700000.0,0.9,583.15,896.4144070309212,6.503407254287798,107.29115782789607,795.6266564573128,100.78775057360828,0.1124343270066739,1.1368683772161603e-13
3400000.0,700000.0,0.9,593.15,926.5194276991251,6.503407254287798,109.64866839237884,823.374166561034,103.14526113809104,0.11132552438132587,1.1368683772161603e-13
3400000.0,700000.0,0.9,603.15,956.8873020447141,6.503407254287798,111.98568209647411,851.4050272025278,105.48227484218631,0.11023479422998682,1.1368683772161603e-13
3400000.0,700000.0,0.9,613.15,987.5198132006421,6.503407254287798,114.30404765611794,879.7191727988119,107.80064040183015,0.10916301522339932,1.1368683772161603e-13
3400000.0,700000.0,0.9,623.15,1018.4178920003469,6.503407254287798,116.60538155879826,908.3159176958364,110.10197430451046,0.10811080124314328,0.0
3600000.0,500000.0,0.7,413.15,417.41709356293387,7.217172222648223,53.53677058236871,371.0974952032134,46.31959835972049,0.11096718144518654,0.0
3600000.0,500000.0,0.7,423.15,458.2528964057666,7.217172222648223,59.076507846888504,406.39356078152633,51.85933562424028,0.11316750211726036,0.0
3600000.0,500000.0,0.7,433.15,491.64660350394354,7.217172222648223,63.22308284044592,435.64069288614587,56.005910617797696,0.11391497514402836,0.0
3600000.0,500000.0,0.7,443.15,522.4502643212173,7.217172222648223,66.81180840337777,462.85562814048774,59.594636180729545,0.11406757781653463,0.0
3600000.0,500000.0,0.7,453.15,552.0016255891472,7.217172222648223,70.07965769083786,489.13914012095756,62.86248546818964,0.11388097888497516,0.0
3600000.0,500000.0,0.7,463.15,580.8874221188712,7.217172222648223,73.13364636816644,514.9709479733531,65.91647414551821,0.11347547155536317,-1.1368683772161603e-13
3600000.0,500000.0,0.7,473.15,609.4224790094082,7.217172222648223,76.03293572373002,540.6067155083264,68.81576350108179,0.11291963436094292,0.0
3600000.0,500000.0,0.7,483.15,637.7961270770639,7.217172222648223,78.81427091522806,566.1990283844841,71.59709869257983,0.11225702956319279,0.0
3600000.0,500000.0,0.7,493.15,666.1308159695396,7.217172222648223,81.50228571394854,591.8457024782393,74.28511349130031,0.11151730517553052,0.0
3600000.0,500000.0,0.7,503.15,694.5097780863794,7.217172222648223,84.11441562255972,617.6125346864678,76.8972433999115,0.11072161375724712,0.0
3600000.0,500000.0,0.7,513.15,722.9916244891599,7.217172222648223,86.66351467075467,643.5452820410535,79.44634244810644,0.10988556403297256,-1.1368683772161603e-13
3600000.0,500000.0,0.7,523.15,751.6186938642071,7.217172222648223,89.1593657369531,669.6765003499023,81.94219351430488,0.10902096260142932,-1.1368683772161603e-13
3600000.0,500000.0,0.7,533.15,780.4221315894193,7.217172222648223,91.60960720992799,696.0296966021397,84.39243498727976,0.1081369063886039,-1.1368683772161603e-13
3600000.0,500000.0,0.7,543.15,809.4251337893706,7.217172222648223,94.02032971160789,722.6219763004109,86.80315748895967,0.10724050176522894,0.0
3600000.0,500000.0,0.7,553.15,838.6451028977575,7.217172222648223,96.3964757862466,749.4657993341591,89.17930356359838,0.10633735683360995,0.0
3600000.0,500000.0,0.7,563.15,868.0951275648217,7.217172222648223,98.74211652846145,776.5701832590084,91.52494430581322,0.10543192951970456,0.0
3600000.0,500000.0,0.7,573.15,897.7850269599113,7.217172222648223,101.06064841787214,803.9415507646873,93.84347619522393,0.10452778045652827,0.0
3600000.0,500000.0,0.7,583.15,927.7221050509751,7.217172222648223,103.35493674373464,831.5843405298887,96.13776452108641,0.103627760940119,0.0
3600000.0,500000.0,0.7,593.15,957.9117063792235,7.217172222648223,105.62742228810768,859.5014563137639,98.41025006545945,0.10273415536118341,0.0
3600000.0,500000.0,0.7,603.15,988.3576326741243,7.217172222648223,107.88020212564221,887.6946027711301,100.663029902994,0.10184879093879982,1.1368683772161603e-13
3600000.0,500000.0,0.7,613.15,1019.062459848512,7.217172222648223,110.11509180434793,916.1645402668123,102.89791958169971,0.10097312346977821,0.0
3600000.0,500000.0,0.7,623.15,1050.0277823546003,7.217172222648223,112.33367388281413,944.9112806944341,105.11650166016591,0.10010830515784151,2.2737367544323206e-13
3600000.0,500000.0,0.75,413.15,417.41709356293387,7.217172222648223,57.36082562396652,367.27344016161555,50.143653401318296,0.12012841394037964,0.0
3600000.0,500000.0,0.75,423.15,458.2528964057666,7.217172222648223,63.296258407380435,402.1738102210344,56.07908618473221,0.12237584666584667,0.0
3600000.0,500000.0,0.75,433.15,491.64660350394354,7.217172222648223,67.73901732904918,431.12475839754256,60.52184510640095,0.1231003014666723,5.684341886080802e-14
3600000.0,500000.0,0.75,443.15,522.4502643212173,7.217172222648223,71.58408043219045,458.0833561116751,64.36690820954223,0.12320198228470532,0.0
3600000.0,500000.0,0.75,453.15,552.0016255891472,7.217172222648223,75.08534752589767,484.13345028589777,67.86817530324944,0.12294923086651102,0.0
3600000.0,500000.0,0.75,463.15,580.8874221188712,7.217172222648223,78.3574782516068,509.74711608991265,71.14030602895858,0.12246831885163563,-1.1368683772161603e-13
3600000.0,500000.0,0.75,473.15,609.4224790094082,7.217172222648223,81.46385970399645,535.1757915280601,74.24668748134823,0.12183122552688447,-2.2737367544323206e-13
3600000.0,500000.0,0.75,483.15,637.7961270770639,7.217172222648223,84.44386169488716,560.569437604825,77.22668947223895,0.12108366011276792,0.0
3600000.0,500000.0,0.75,493.15,666.1308159695396,7.217172222648223,87.32387755065923,586.0241106415286,80.106705328011,0.1202567174608449,0.0
3600000.0,500000.0,0.75,503.15,694.5097780863794,7.217172222648223,90.12258816702827,611.6043621419994,82.90541594438005,0.11937256833563073,-2.2737367544323206e-13
3600000.0,500000.0,0.75,513.15,722.9916244891599,7.217172222648223,92.85376571866567,637.3550309931423,85.63659349601744,0.11844755955025786,1.1368683772161603e-13
3600000.0,500000.0,0.75,523.15,751.6186938642071,7.217172222648223,95.52789186102117,663.3079742258343,88.31071963837294,0.11749404366774278,-2.2737367544323206e-13
3600000.0,500000.0,0.75,533.15,780.4221315894193,7.217172222648223,98.15315058206569,689.486153230002,90.93597835941748,0.11652152684882976,-1.1368683772161603e-13
3600000.0,500000.0,0.75,543.15,809.4251337893706,7.217172222648223,100.73606754815124,715.9062384638677,93.51889532550302,0.11553742455177898,-1.1368683772161603e-13
3600000.0,500000.0,0.75,553.15,838.6451028977575,7.217172222648223,103.281938342407,742.5803367779988,96.06476611975879,0.11454757893157388,-1.1368683772161603e-13
3600000.0,500000.0,0.75,563.15,868.0951275648217,7.217172222648223,105.79512485192296,769.5171749355469,98.57795262927473,0.11355662472822001,0.0
3600000.0,500000.0,0.75,573.15,897.7850269599113,7.217172222648223,108.27926616200595,796.7229330205536,101.06209393935774,0.11256825509952557,0.0
3600000.0,500000.0,0.75,583.15,927.7221050509751,7.217172222648223,110.73743222542991,824.2018450481934,103.5202600027817,0.1115854192103072,0.0
3600000.0,500000.0,0.75,593.15,957.9117063792235,7.217172222648223,113.1722381658298,851.9566404360419,105.95506594318158,0.11061047196476738,0.0
3600000.0,500000.0,0.75,603.15,988.3576326741243,7.217172222648223,115.58593084890232,879.98887404787,108.3687586262541,0.10964528936054146,1.1368683772161603e-13
3600000.0,500000.0,0.75,613.15,1019.062459848512,7.217172222648223,117.9804555046584,908.2991765665018,110.76328328201018,0.10869135862239063,0.0
3600000.0,500000.0,0.75,623.15,1050.0277823546003,7.217172222648223,120.35750773158647,936.8874468456619,113.14033550893825,0.10774984948991581,2.2737367544323206e-13
3600000.0,500000.0,0.8,413.15,417.41709356293387,7.217172222648223,61.18488066556421,363.44938512001784,53.967708442915985,0.12928964643557245,5.684341886080802e-14
3600000.0,500000.0,0.8,423.15,458.2528964057666,7.217172222648223,67.51600896787248,397.9540596605423,60.29883674522426,0.13158419121443324,0.0
3600000.0,500000.0,0.8,433.15,491.64660350394354,7.217172222648223,72.25495181765244,426.6088239089393,65.03777959500422,0.13228562778931627,0.0
3600000.0,500000.0,0.8,443.15,522.4502643212173,7.217172222648223,76.35635246100311,453.3110840828624,69.1391802383549,0.13233638675287598,0.0
3600000.0,500000.0,0.8,453.15,552.0016255891472,7.217172222648223,80.09103736095759,479.12776045083785,72.87386513830936,0.1320174828480471,0.0
3600000.0,500000.0,0.8,463.15,580.8874221188712,7.217172222648223,83.5813101350473,504.52328420647217,76.36413791239909,0.13146116614790834,-1.1368683772161603e-13
3600000.0,500000.0,0.8,473.15,609.4224790094082,7.217172222648223,86.89478368426289,529.7448675477935,79.67761146161467,0.13074281669282603,0.0
3600000.0,500000.0,0.8,483.15,637.7961270770639,7.217172222648223,90.07345247454639,554.9398468251657,82.85628025189817,0.12991029066234322,1.1368683772161603e-13
3600000.0,500000.0,0.8,493.15,666.1308159695396,7.217172222648223,93.14546938736981,580.2025188048182,85.92829716472158,0.12899612974615912,-2.2737367544323206e-13
3600000.0,500000.0,0.8,503.15,694.5097780863794,7.217172222648223,96.13076071149682,605.5961895975307,88.9135884888486,0.12802352291401434,0.0
3600000.0,500000.0,0.8,513.15,722.9916244891599,7.217172222648223,99.04401676657679,631.1647799452313,91.82684454392856,0.12700955506754333,0.0
3600000.0,500000.0,0.8,523.15,751.6186938642071,7.217172222648223,101.89641798508924,656.9394481017662,94.67924576244101,0.12596712473405625,-1.1368683772161603e-13
3600000.0,500000.0,0.8,533.15,780.4221315894193,7.217172222648223,104.6966939542034,682.9426098578642,97.47952173155517,0.12490614730905558,-1.1368683772161603e-13
3600000.0,500000.0,0.8,543.15,809.4251337893706,7.217172222648223,107.45180538469471,709.1905006273242,100.23463316204649,0.12383434733832918,-1.1368683772161603e-13
3600000.0,500000.0,0.8,553.15,838.6451028977575,7.217172222648223,110.16740089856752,735.6948742218383,102.9502286759193,0.12275780102953796,-1.1368683772161603e-13
3600000.0,500000.0,0.8,563.15,868.0951275648217,7.217172222648223,112.84813317538472,762.4641666120851,105.6309609527365,0.12168131993673574,0.0
3600000.0,500000.0,0.8,573.15,897.7850269599113,7.217172222648223,115.49788390613952,789.50431527642,108.28071168349129,0.12060872974252258,0.0
3600000.0,500000.0,0.8,583.15,927.7221050509751,7.217172222648223,118.1199277071252,816.8193495664981,110.90275548447698,0.11954307748049538,0.0
3600000.0,500000.0,0.8,593.15,957.9117063792235,7.217172222648223,120.71705404355167,844.41182455832,113.49988182090345,0.11848678856835108,0.0
3600000.0,500000.0,0.8,603.15,988.3576326741243,7.217172222648223,123.29165957216243,872.2831453246099,116.07448734951421,0.1174417877822831,1.1368683772161603e-13
3600000.0,500000.0,0.8,613.15,1019.062459848512,7.217172222648223,125.84581920496886,900.4338128661914,118.62864698232065,0.11640959377500305,0.0
3600000.0,500000.0,0.8,623.15,1050.0277823546003,7.217172222648223,128.3813415803588,928.8636129968895,121.16416935771056,0.11539139382199008,2.2737367544323206e-13
3600000.0,500000.0,0.85,413.15,417.41709356293387,7.217172222648223,65.00893570716202,359.62533007842006,57.7917634845138,0.13845087893076558,0.0
3600000.0,500000.0,0.85,423.15,458.2528964057666,7.217172222648223,71.73575952836453,393.7343091000503,64.5185873057163,0.14079253576301978,-5.684341886080802e-14
3600000.0,500000.0,0.85,433.15,491.64660350394354,7.217172222648223,76.77088630625582,422.09288942033595,69.55371408360759,0.1414709541119604,0.0
3600000.0,500000.0,0.85,443.15,522.4502643212173,7.217172222648223,81.12862448981579,448.53881205404974,73.91145226716756,0.14147079122104664,0.0
3600000.0,500000.0,0.85,453.15,552.0016255891472,7.217172222648223,85.0967271960174,474.12207061577806,77.87955497336918,0.141085734829583,0.0
3600000.0,500000.0,0.85,463.15,580.8874221188712,7.217172222648223,88.8051420184878,499.2994523230317,81.58796979583957,0.140454013444181,-1.1368683772161603e-13
3600000.0,500000.0,0.85,473.15,609.4224790094082,7.217172222648223,92.32570766452933,524.3139435675272,85.10853544188112,0.13965440785876757,-1.1368683772161603e-13
3600000.0,500000.0,0.85,483.15,637.7961270770639,7.217172222648223,95.7030432542055,549.3102560455065,88.48587103155728,0.13873692121191836,1.1368683772161603e-13
3600000.0,500000.0,0.85,493.15,666.1308159695396,7.217172222648223,98.9670612240804,574.3809269681075,91.74988900143217,0.13773554203147334,0.0
3600000.0,500000.0,0.85,503.15,694.5097780863794,7.217172222648223,102.13893325596536,599.5880170530623,94.92176103331713,0.13667447749239792,-1.1368683772161603e-13
3600000.0,500000.0,0.85,513.15,722.9916244891599,7.217172222648223,105.23426781448781,624.9745288973204,98.01709559183959,0.13557155058482867,-1.1368683772161603e-13
3600000.0,500000.0,0.85,523.15,751.6186938642071,7.217172222648223,108.26494410915731,650.570921977698,101.04777188650908,0.13444020580036972,-1.1368683772161603e-13
3600000.0,500000.0,0.85,533.15,780.4221315894193,7.217172222648223,111.2402373263411,676.3990664857265,104.02306510369289,0.13329076776928142,-1.1368683772161603e-13
3600000.0,500000.0,0.85,543.15,809.4251337893706,7.217172222648223,114.16754322123806,702.4747627907808,106.95037099858985,0.13213127012487924,0.0
3600000.0,500000.0,0.85,553.15,838.6451028977575,7.217172222648223,117.05286345472793,728.8094116656778,109.83569123207971,0.1309680231275019,0.0
3600000.0,500000.0,0.85,563.15,868.0951275648217,7.217172222648223,119.90114149884612,755.4111582886239,112.6839692761979,0.12980601514525106,-1.1368683772161603e-13
3600000.0,500000.0,0.85,573.15,897.7850269599113,7.217172222648223,122.71650165027333,782.2856975322861,115.4993294276251,0.12864920438551988,0.0
3600000.0,500000.0,0.85,583.15,927.7221050509751,7.217172222648223,125.50242318882049,809.4368540848028,118.28525096617227,0.12750073575068357,0.0
3600000.0,500000.0,0.85,593.15,957.9117063792235,7.217172222648223,128.26186992127379,836.8670086805979,121.04469769862555,0.12636310517193503,-1.1368683772161603e-13
3600000.0,500000.0,0.85,603.15,988.3576326741243,7.217172222648223,130.99738829542255,864.5774166013498,123.78021607277432,0.12523828620402475,1.1368683772161603e-13
3600000.0,500000.0,0.85,613.15,1019.062459848512,7.217172222648223,133.71118290527957,892.5684491658807,126.49401068263134,0.12412782892761569,0.0
3600000.0,500000.0,0.85,623.15,1050.0277823546003,7.217172222648223,136.40517542913136,920.8397791481169,129.18800320648313,0.12303293815406459,2.2737367544323206e-13
3600000.0,500000.0,0.9,413.15,417.41709356293387,7.217172222648223,68.83299074875983,355.80127503682223,61.6158185261116,0.14761211142595865,5.684341886080802e-14
3600000.0,500000.0,0.9,423.15,458.2528964057666,7.217172222648223,75.95551008885657,389.51455853955827,68.73833786620835,0.15000088031160638,0.0
3600000.0,500000.0,0.9,433.15,491.64660350394354,7.217172222648223,81.28682079485908,417.5769549317327,74.06964857221087,0.15065628043460438,0.0
3600000.0,500000.0,0.9,443.15,522.4502643212173,7.217172222648223,85.90089651862858,443.76654002523696,78.68372429598037,0.15060519568921754,0.0
3600000.0,500000.0,0.9,453.15,552.0016255891472,7.217172222648223,90.10241703107721,469.11638078071826,82.88524480842898,0.15015398681111886,0.0
3600000.0,500000.0,0.9,463.15,580.8874221188712,7.217172222648223,94.02897390192828,494.0756204395912,86.81180167928005,0.14944686074045363,-1.1368683772161603e-13
3600000.0,500000.0,0.9,473.15,609.4224790094082,7.217172222648223,97.75663164479576,518.8830195872607,90.53945942214753,0.14856599902470907,-1.1368683772161603e-13
3600000.0,500000.0,0.9,483.15,637.7961270770639,7.217172222648223,101.3326340338646,543.6806652658474,94.11546181121636,0.1475635517614934,1.1368683772161603e-13
3600000.0,500000.0,0.9,493.15,666.1308159695396,7.217172222648223,104.78865306079096,568.559335131397,97.57148083814275,0.14647495431678756,-1.1368683772161603e-13
3600000.0,500000.0,0.9,503.15,694.5097780863794,7.217172222648223,108.1471058004339,593.5798445085936,100.92993357778568,0.14532543207078152,0.0
3600000.0,500000.0,0.9,513.15,722.9916244891599,7.217172222648223,111.42451886239881,618.7842778494092,104.2073466397506,0.14413354610211396,0.0
3600000.0,500000.0,0.9,523.15,751.6186938642071,7.217172222648223,114.63347023322538,644.20239585363,107.41629801057715,0.14291328686668317,-1.1368683772161603e-13
3600000.0,500000.0,0.9,533.15,780.4221315894193,7.217172222648223,117.78378069847881,669.8555231135888,110.56660847583058,0.14167538822950726,-1.1368683772161603e-13
3600000.0,500000.0,0.9,543.15,809.4251337893706,7.217172222648223,120.88328105778155,695.7590249542372,113.66610883513331,0.14042819291142944,0.0
3600000.0,500000.0,0.9,553.15,838.6451028977575,7.217172222648223,123.93832601088845,721.9239491095173,116.72115378824023,0.13917824522546596,0.0
3600000.0,500000.0,0.9,563.15,868.0951275648217,7.217172222648223,126.95414982230776,748.3581499651622,119.73697759965953,0.13793071035376664,0.0
3600000.0,500000.0,0.9,573.15,897.7850269599113,7.217172222648223,129.93511939440714,775.0670797881523,122.71794717175891,0.13668967902851717,0.0
3600000.0,500000.0,0.9,583.15,927.7221050509751,7.217172222648223,132.884918670516,802.0543586031073,125.66774644786776,0.13545839402087195,0.0
3600000.0,500000.0,0.9,593.15,957.9117063792235,7.217172222648223,135.80668579899566,829.322192802876,128.58951357634743,0.13423942177551873,0.0
3600000.0,500000.0,0.9,603.15,988.3576326741243,7.217172222648223,138.7031170186829,856.8716878780895,131.48594479603466,0.1330347846257666,1.1368683772161603e-13
3600000.0,500000.0,0.9,613.15,1019.062459848512,7.217172222648223,141.57654660559004,884.7030854655702,134.3593743829418,0.13184606408022811,0.0
3600000.0,500000.0,0.9,623.15,1050.0277823546003,7.217172222648223,144.4290092779037,912.8159452993445,137.21183705525547,0.1306744824861389,2.2737367544323206e-13
3600000.0,550000.0,0.7,413.15,408.2977984764492,7.164152155296702,50.7238910690411,364.7380595627048,43.5597389137444,0.10668619589987072,0.0
3600000.0,550000.0,0.7,423.15,449.133601319282,7.164152155296702,56.062577569508576,400.2351759050701,48.89842541421187,0.10887278366743876,0.0
3600000.0,550000.0,0.7,433.15,482.5273084174589,7.164152155296702,60.05132596248132,429.6401346102743,52.88717380718462,0.1096045195465481,0.0
3600000.0,550000.0,0.7,443.15,513.3309692347327,7.164152155296702,63.49936704828881,456.99575434174056,56.335214892992106,0.10974443053177939,1.1368683772161603e-13
3600000.0,550000.0,0.7,453.15,542.8823305026626,7.164152155296702,66.63632199326472,483.41016066469456,59.47216983796801,0.10954891418717178,1.1368683772161603e-13
3600000.0,550000.0,0.7,463.15,571.7681270323866,7.164152155296702,69.56590196233894,509.36637722534437,62.401749807042236,0.10913820980354791,0.0
3600000.0,550000.0,0.7,473.15,600.3031839229236,7.164152155296702,72.34545230911614,535.1218837691042,65.18130015381944,0.10858063375220818,0.0
3600000.0,550000.0,0.7,483.15,628.6768319905792,7.164152155296702,75.01059659770445,560.8303875481714,67.84644444240774,0.10791942853625697,1.1368683772161603e-13
3600000.0,550000.0,0.7,493.15,657.011520883055,7.164152155296702,77.585219655941,586.5904533824108,70.4210675006443,0.1071839157492931,-1.1368683772161603e-13
3600000.0,550000.0,0.7,503.15,685.3904829998947,7.164152155296702,80.08622832845548,612.468406826736,72.92207617315877,0.10639493541548048,0.0
3600000.0,550000.0,0.7,513.15,713.8723294026753,7.164152155296702,82.52608769009542,638.5103938678766,75.36193553479872,0.10556780593787264,0.0
3600000.0,550000.0,0.7,523.15,742.4993987777225,7.164152155296702,84.91428506624757,664.7492658667716,77.75013291095087,0.10471406850825808,1.1368683772161603e-13
3600000.0,550000.0,0.7,533.15,771.3028365029347,7.164152155296702,87.25822836714285,691.2087602910887,80.09407621184614,0.10384257962150174,0.0
3600000.0,550000.0,0.7,543.15,800.305838702886,7.164152155296702,89.56382461322193,717.9061662449609,82.39967245792522,0.10296022904378202,-1.1368683772161603e-13
3600000.0,550000.0,0.7,553.15,829.5258078112729,7.164152155296702,91.83586746415682,744.8540925024129,84.67171530886012,0.10207243043139165,0.0
3600000.0,550000.0,0.7,563.15,858.9758324783371,7.164152155296702,94.07830544988578,772.0616791837481,86.91415329458907,0.10118346757652345,0.0
3600000.0,550000.0,0.7,573.15,888.6657318734267,7.164152155296702,96.29443284296804,799.5354511857554,89.13028068767133,0.1002967454362989,0.0
3600000.0,550000.0,0.7,583.15,918.6028099644905,7.164152155296702,98.48702874697139,827.2799333728159,91.32287659167469,0.09941497631082237,-1.1368683772161603e-13
3600000.0,550000.0,0.7,593.15,948.7924112927388,7.164152155296702,100.65846055945498,855.2981028885806,93.49430840415828,0.0985403206132007,0.0
3600000.0,550000.0,0.7,603.15,979.2383375876395,7.164152155296702,102.81076233613724,883.5917274067991,95.64661018084054,0.09767449507386182,-1.1368683772161603e-13
3600000.0,550000.0,0.7,613.15,1009.9431647620274,7.164152155296702,104.94569509925391,912.1616218180703,97.7815429439572,0.09681885709578265,-1.1368683772161603e-13
3600000.0,550000.0,0.7,623.15,1040.9084872681156,7.164152155296702,107.06479391428921,941.0078455091231,99.9006417589925,0.09597447132089745,0.0
3600000.0,550000.0,0.75,413.15,408.2977984764492,7.164152155296702,54.34702614540118,361.11492448634476,47.182873990104476,0.11555995199133068,-5.684341886080802e-14
3600000.0,550000.0,0.75,423.15,449.133601319282,7.164152155296702,60.06704739590199,396.2307060786767,52.90289524060528,0.11778877172673939,0.0
3600000.0,550000.0,0.75,433.15,482.5273084174589,7.164152155296702,64.34070638837292,425.35075418438265,57.17655423307622,0.11849392404462603,5.684341886080802e-14
3600000.0,550000.0,0.75,443.15,513.3309692347327,7.164152155296702,68.03503612316656,452.46008526686285,60.87088396786986,0.11858019020090566,0.0
3600000.0,550000.0,0.75,453.15,542.8823305026626,7.164152155296702,71.39605927849794,478.65042337946136,64.23190712320124,0.11831644449309667,0.0
3600000.0,550000.0,0.75,463.15,571.7681270323866,7.164152155296702,74.53489495964895,504.39738422803435,67.37074280435225,0.117828783416142,0.0
3600000.0,550000.0,0.75,473.15,600.3031839229236,7.164152155296702,77.5129846169101,529.9543514613101,70.3488324616134,0.11718883781673543,1.1368683772161603e-13
3600000.0,550000.0,0.75,483.15,628.6768319905792,7.164152155296702,80.3684963546833,555.4724877911927,73.2043441993866,0.1164419308527717,-1.1368683772161603e-13
3600000.0,550000.0,0.75,493.15,657.011520883055,7.164152155296702,83.12702105993672,581.048651978415,75.96286890464002,0.11561877758633864,0.0
3600000.0,550000.0,0.75,503.15,685.3904829998947,7.164152155296702,85.8066732090594,606.7479619461321,78.64252105376269,0.11474119207134478,-1.1368683772161603e-13
3600000.0,550000.0,0.75,513.15,713.8723294026753,7.164152155296702,88.42080823938792,632.615673318584,81.25665608409122,0.11382519357779537,1.1368683772161603e-13
3600000.0,550000.0,0.75,523.15,742.4993987777225,7.164152155296702,90.97959114240808,658.6839597906112,83.81543898711138,0.11288283751486605,0.0
3600000.0,550000.0,0.75,533.15,771.3028365029347,7.164152155296702,93.49095896479592,684.9760296934354,86.32680680949922,0.11192336229554467,1.1368683772161603e-13
3600000.0,550000.0,0.75,543.15,800.305838702886,7.164152155296702,95.96124065702362,711.5087502011592,88.79708850172692,0.11095394311460582,0.0
3600000.0,550000.0,0.75,553.15,829.5258078112729,7.164152155296702,98.39557228302513,738.2943876835445,91.23142012772843,0.10998020708776389,0.0
3600000.0,550000.0,0.75,563.15,858.9758324783371,7.164152155296702,100.79818441059184,765.341800223042,93.63403225529514,0.10900659682722394,0.0
3600000.0,550000.0,0.75,573.15,888.6657318734267,7.164152155296702,103.17260661746585,792.6572774112576,96.00845446216914,0.10803663404435594,0.0
3600000.0,550000.0,0.75,583.15,918.6028099644905,7.164152155296702,105.52181651461217,820.245145605175,98.35766435931546,0.10707311505297658,0.0
3600000.0,550000.0,0.75,593.15,948.7924112927388,7.164152155296702,107.84835059941607,848.1082128486196,100.68419844411936,0.10611825858402067,-1.1368683772161603e-13
3600000.0,550000.0,0.75,603.15,979.2383375876395,7.164152155296702,110.15438821728993,876.2481015256463,102.99023606199323,0.10517381939488847,0.0
3600000.0,550000.0,0.75,613.15,1009.9431647620274,7.164152155296702,112.44181617777213,904.665500739552,105.27766402247542,0.10424117682630385,0.0
3600000.0,550000.0,0.75,623.15,1040.9084872681156,7.164152155296702,114.7122791938812,933.3603602295311,107.5481270385845,0.10332140467107405,0.0
3600000.0,550000.0,0.8,413.15,408.2977984764492,7.164152155296702,57.97016122176126,357.4917894099847,50.806009066464554,0.12443370808279063,-5.684341886080802e-14
3600000.0,550000.0,0.8,423.15,449.133601319282,7.164152155296702,64.07151722229551,392.2262362522832,56.90736506699881,0.1267047597860403,-5.684341886080802e-14
3600000.0,550000.0,0.8,433.15,482.5273084174589,7.164152155296702,68.63008681426442,421.0613737584912,61.46593465896771,0.12738332854270376,0.0
3600000.0,550000.0,0.8,443.15,513.3309692347327,7.164152155296702,72.57070519804431,447.9244161919851,65.4065530427476,0.12741594987003194,1.1368683772161603e-13
3600000.0,550000.0,0.8,453.15,542.8823305026626,7.164152155296702,76.15579656373116,473.8906860942281,68.99164440843445,0.12708397479902153,1.1368683772161603e-13
3600000.0,550000.0,0.8,463.15,571.7681270323866,7.164152155296702,79.50388795695885,499.42839123072446,72.33973580166214,0.1265193570287359,0.0
3600000.0,550000.0,0.8,473.15,600.3031839229236,7.164152155296702,82.6805169247042,524.786819153516,75.51636476940749,0.1257970418812629,1.1368683772161603e-13
3600000.0,550000.0,0.8,483.15,628.6768319905792,7.164152155296702,85.72639611166227,550.1145880342137,78.56224395636556,0.12496443316928661,-1.1368683772161603e-13
3600000.0,550000.0,0.8,493.15,657.011520883055,7.164152155296702,88.66882246393256,575.5068505744191,81.50467030863585,0.12405363942338433,1.1368683772161603e-13
3600000.0,550000.0,0.8,503.15,685.3904829998947,7.164152155296702,91.52711808966345,601.0275170655281,84.36296593436674,0.12308744872720927,0.0
3600000.0,550000.0,0.8,513.15,713.8723294026753,7.164152155296702,94.31552878868044,626.7209527692916,87.15137663338373,0.12208258121771813,0.0
3600000.0,550000.0,0.8,523.15,742.4993987777225,7.164152155296702,97.0448972185686,652.6186537144505,89.88074506327189,0.12105160652147402,1.1368683772161603e-13
3600000.0,550000.0,0.8,533.15,771.3028365029347,7.164152155296702,99.723689562449,678.7432990957825,92.55953740715229,0.12000414496958758,0.0
3600000.0,550000.0,0.8,543.15,800.305838702886,7.164152155296702,102.35865670082508,705.1113341573576,95.19450454552837,0.11894765718542931,0.0
3600000.0,550000.0,0.8,553.15,829.5258078112729,7.164152155296702,104.95527710189356,731.734682864676,97.79112494659685,0.11788798374413628,1.1368683772161603e-13
3600000.0,550000.0,0.8,563.15,858.9758324783371,7.164152155296702,107.5180633712979,758.621921262336,100.3539112160012,0.11682972607792438,0.0
3600000.0,550000.0,0.8,573.15,888.6657318734267,7.164152155296702,110.05078039196367,785.7791036367598,102.88662823666697,0.115776522652413,-1.1368683772161603e-13
3600000.0,550000.0,0.8,583.15,918.6028099644905,7.164152155296702,112.55660428225296,813.2103578375343,105.39245212695626,0.1147312537951308,0.0
3600000.0,550000.0,0.8,593.15,948.7924112927388,7.164152155296702,115.03824063937715,840.9183228086584,107.87408848408045,0.11369619655484065,0.0
3600000.0,550000.0,0.8,603.15,979.2383375876395,7.164152155296702,117.49801409844262,868.9044756444937,110.33386194314592,0.11267314371591512,0.0
3600000.0,550000.0,0.8,613.15,1009.9431647620274,7.164152155296702,119.93793725629011,897.1693796610341,112.77378510099341,0.11166349655682481,0.0
3600000.0,550000.0,0.8,623.15,1040.9084872681156,7.164152155296702,122.35976447347319,925.7128749499391,115.19561231817649,0.11066833802125065,0.0
3600000.0,550000.0,0.85,413.15,408.2977984764492,7.164152155296702,61.59329629812134,353.8686543336246,54.42914414282463,0.13330746417425057,-5.684341886080802e-14
3600000.0,550000.0,0.85,423.15,449.133601319282,7.164152155296702,68.07598704868904,388.2217664258896,60.91183489339234,0.13562074784534117,0.0
3600000.0,550000.0,0.85,433.15,482.5273084174589,7.164152155296702,72.91946724015591,416.7719933325997,65.7553150848592,0.13627273304078147,-5.684341886080802e-14
3600000.0,550000.0,0.85,443.15,513.3309692347327,7.164152155296702,77.10637427292205,443.3887471171073,69.94222211762535,0.1362517095391582,1.1368683772161603e-13
3600000.0,550000.0,0.85,453.15,542.8823305026626,7.164152155296702,80.91553384896437,469.1309488089949,73.75138169366767,0.1358515051049464,1.1368683772161603e-13
3600000.0,550000.0,0.85,463.15,571.7681270323866,7.164152155296702,84.47288095426873,494.45939823341456,77.30872879897203,0.13520993064132977,0.0
3600000.0,550000.0,0.85,473.15,600.3031839229236,7.164152155296702,87.84804923249816,519.6192868457222,80.68389707720145,0.13440524594579015,0.0
3600000.0,550000.0,0.85,483.15,628.6768319905792,7.164152155296702,91.08429586864112,544.7566882772348,83.92014371334442,0.13348693548580134,0.0
3600000.0,550000.0,0.85,493.15,657.011520883055,7.164152155296702,94.21062386792828,569.9650491704235,87.04647171263157,0.13248850126042985,0.0
3600000.0,550000.0,0.85,503.15,685.3904829998947,7.164152155296702,97.24756297026738,595.307072184924,90.08341081497068,0.13143370538307358,1.1368683772161603e-13
3600000.0,550000.0,0.85,513.15,713.8723294026753,7.164152155296702,100.21024933797307,620.8262322199989,93.04609718267636,0.13033996885764104,0.0
3600000.0,550000.0,0.85,523.15,742.4993987777225,7.164152155296702,103.11020329472912,646.5533476382901,95.94605113943241,0.129220375528082,0.0
3600000.0,550000.0,0.85,533.15,771.3028365029347,7.164152155296702,105.95642016010196,672.5105684981295,98.79226800480525,0.12808492764363036,0.0
3600000.0,550000.0,0.85,543.15,800.305838702886,7.164152155296702,108.75607274462666,698.713918113556,101.59192058932996,0.12694137125625296,1.1368683772161603e-13
3600000.0,550000.0,0.85,553.15,829.5258078112729,7.164152155296702,111.51498192076187,725.1749780458077,104.35082976546516,0.12579576040050852,0.0
3600000.0,550000.0,0.85,563.15,858.9758324783371,7.164152155296702,114.2379423320042,751.9020423016296,107.07379017670749,0.12465285532862513,0.0
3600000.0,550000.0,0.85,573.15,888.6657318734267,7.164152155296702,116.92895416646125,778.9009298622622,109.76480201116455,0.12351641126046979,0.0
3600000.0,550000.0,0.85,583.15,918.6028099644905,7.164152155296702,119.59139204989397,806.1755700698933,112.42723989459726,0.12238939253728524,-1.1368683772161603e-13
3600000.0,550000.0,0.85,593.15,948.7924112927388,7.164152155296702,122.22813067933824,833.7284327686974,115.06397852404153,0.12127413452566062,-1.1368683772161603e-13
3600000.0,550000.0,0.85,603.15,979.2383375876395,7.164152155296702,124.84163997959509,861.5608497633413,117.67748782429838,0.12017246803694154,-1.1368683772161603e-13
3600000.0,550000.0,0.85,613.15,1009.9431647620274,7.164152155296702,127.43405833480833,889.6732585825159,120.26990617951162,0.119085816287346,-1.1368683772161603e-13
3600000.0,550000.0,0.85,623.15,1040.9084872681156,7.164152155296702,130.0072497530654,918.0653896703469,122.84309759776869,0.11801527137142745,0.0
3600000.0,550000.0,0.9,413.15,408.2977984764492,7.164152155296702,65.21643137448142,350.2455192572645,58.05227921918471,0.14218122026571053,-5.684341886080802e-14
3600000.0,550000.0,0.9,423.15,449.133601319282,7.164152155296702,72.08045687508246,384.2172965994962,64.91630471978576,0.14453673590464183,0.0
3600000.0,550000.0,0.9,433.15,482.5273084174589,7.164152155296702,77.20884766604739,412.4826129067082,70.04469551075069,0.14516213753885915,0.0
3600000.0,550000.0,0.9,443.15,513.3309692347327,7.164152155296702,81.64204334779991,438.85307804222947,74.47789119250321,0.14508746920828466,1.1368683772161603e-13
3600000.0,550000.0,0.9,453.15,542.8823305026626,7.164152155296702,85.67527113419747,464.3712115237618,78.51111897890077,0.14461903541087104,1.1368683772161603e-13
3600000.0,550000.0,0.9,463.15,571.7681270323866,7.164152155296702,89.44187395157863,489.49040523610466,82.27772179628192,0.14390050425392367,0.0
3600000.0,550000.0,0.9,473.15,600.3031839229236,7.164152155296702,93.01558154029213,514.4517545379282,85.85142938499543,0.14301345001031743,0.0
3600000.0,550000.0,0.9,483.15,628.6768319905792,7.164152155296702,96.44219562561996,539.3987885202561,89.27804347032325,0.14200943780231604,-1.1368683772161603e-13
3600000.0,550000.0,0.9,493.15,657.011520883055,7.164152155296702,99.75242527192412,564.4232477664277,92.58827311662742,0.14092336309747558,-1.1368683772161603e-13
3600000.0,550000.0,0.9,503.15,685.3904829998947,7.164152155296702,102.9680078508713,589.5866273043202,95.8038556955746,0.1397799620389379,-1.1368683772161603e-13
3600000.0,550000.0,0.9,513.15,713.8723294026753,7.164152155296702,106.10496988726558,614.9315116707063,98.94081773196888,0.1385973564975638,1.1368683772161603e-13
3600000.0,550000.0,0.9,523.15,742.4993987777225,7.164152155296702,109.17550937088974,640.4880415621295,102.01135721559304,0.13738914453469012,0.0
3600000.0,550000.0,0.9,533.15,771.3028365029347,7.164152155296702,112.18915075775503,666.2778379004762,105.02499860245833,0.13616571031767327,2.2737367544323206e-13
3600000.0,550000.0,0.9,543.15,800.305838702886,7.164152155296702,115.15348878842825,692.3165020697545,107.98933663313154,0.13493508532707663,0.0
3600000.0,550000.0,0.9,553.15,829.5258078112729,7.164152155296702,118.07468673963018,718.6152732269394,110.91053458433348,0.13370353705688076,0.0
3600000.0,550000.0,0.9,563.15,858.9758324783371,7.164152155296702,120.95782129271026,745.1821633409236,113.79366913741356,0.1324759845793256,0.0
3600000.0,550000.0,0.9,573.15,888.6657318734267,7.164152155296702,123.80712794095906,772.0227560877644,116.64297578566236,0.13125629986852683,0.0
3600000.0,550000.0,0.9,583.15,918.6028099644905,7.164152155296702,126.62617981753475,799.1407823022524,119.46202766223804,0.13004753127943944,0.0
3600000.0,550000.0,0.9,593.15,948.7924112927388,7.164152155296702,129.41802071929934,826.5385427287363,122.25386856400263,0.12885207249648062,0.0
3600000.0,550000.0,0.9,603.15,979.2383375876395,7.164152155296702,132.1852658607478,854.2172238821886,125.02111370545109,0.12767179235796822,-1.1368683772161603e-13
3600000.0,550000.0,0.9,613.15,1009.9431647620274,7.164152155296702,134.93017941332656,882.1771375039976,127.76602725802985,0.12650813601786723,0.0
3600000.0,550000.0,0.9,623.15,1040.9084872681156,7.164152155296702,137.65473503265738,910.4179043907549,130.49058287736068,0.12536220472160406,0.0
3600000.0,600000.0,0.7,413.15,399.69296027167644,7.107072579210391,48.15631808757945,358.64371476330734,41.04924550836906,0.10270194771623539,5.684341886080802e-14
3600000.0,600000.0,0.7,423.15,440.52876311450916,7.107072579210391,53.308839173984246,394.3269965197353,46.20176659477386,0.10487797951745632,0.0
3600000.0,600000.0,0.7,433.15,473.9224702126861,7.107072579210391,57.15172524160857,423.87781755028794,50.04465266239818,0.10559670791709713,0.0
3600000.0,600000.0,0.7,443.15,504.7261310299599,7.107072579210391,60.46991580498405,451.3632878041862,53.36284322577366,0.10572633344122638,5.684341886080802e-14
3600000.0,600000.0,0.7,453.15,534.2774922978898,7.107072579210391,63.486173393722154,477.898391483378,56.379100814511766,0.10552400508587631,0.0
3600000.0,600000.0,0.7,463.15,563.1632888276138,7.107072579210391,66.30112510583538,503.9692363009888,59.19405252662499,0.105109927619491,-1.1368683772161603e-13
3600000.0,600000.0,0.7,473.15,591.6983457181508,7.107072579210391,68.97042080315144,529.8349974942098,61.86334822394105,0.1045521737074604,-1.1368683772161603e-13
3600000.0,600000.0,0.7,483.15,620.0719937858065,7.107072579210391,71.52863595984817,555.6504304051687,64.42156338063778,0.10389368335653477,0.0
3600000.0,600000.0,0.7,493.15,648.4066826782822,7.107072579210391,73.99895495653082,581.5148003009618,66.89188237732043,0.10316346849020672,-1.1368683772161603e-13
3600000.0,600000.0,0.7,503.15,676.7856447951219,7.107072579210391,76.3977898878362,607.4949274864962,69.2907173086258,0.1023820730263888,-1.1368683772161603e-13
3600000.0,600000.0,0.7,513.15,705.2674911979025,7.107072579210391,78.7372416299855,633.6373221471274,71.63016905077511,0.10156454103550228,-1.1368683772161603e-13
3600000.0,600000.0,0.7,523.15,733.8945605729497,7.107072579210391,81.0265206430268,659.9751125091333,73.9194480638164,0.10072216369352523,-1.1368683772161603e-13
3600000.0,600000.0,0.7,533.15,762.6979982981619,7.107072579210391,83.27281884844892,686.5322520289234,76.16574626923853,0.09986357174030895,0.0
3600000.0,600000.0,0.7,543.15,791.7010004981132,7.107072579210391,85.48187115118863,713.326201926135,78.37479857197823,0.09899545222586215,-1.1368683772161603e-13
3600000.0,600000.0,0.7,553.15,820.9209696065001,7.107072579210391,87.65833160150797,740.3697105842025,80.55125902229757,0.09812303742333318,0.0
3600000.0,600000.0,0.7,563.15,850.3709942735643,7.107072579210391,89.80603377314004,767.6720330796346,82.69896119392965,0.09725044921666907,0.0
3600000.0,600000.0,0.7,573.15,880.0608936686539,7.107072579210391,91.92817605725163,795.2397901906127,84.82110347804124,0.09638094828239999,-1.1368683772161603e-13
3600000.0,600000.0,0.7,583.15,909.9979717597176,7.107072579210391,94.02745669204066,823.0775876468874,86.92038411283026,0.09551711851043701,-1.1368683772161603e-13
3600000.0,600000.0,0.7,593.15,940.187573087966,7.107072579210391,96.10617421038309,851.1884714567934,88.99910163117269,0.09466100614248997,-1.1368683772161603e-13
3600000.0,600000.0,0.7,603.15,970.6334993828668,7.107072579210391,98.16630352246435,879.5742684396129,91.05923094325395,0.09381422648316777,0.0
3600000.0,600000.0,0.7,613.15,1001.3383265572546,7.107072579210391,100.20955446959543,908.2358446668696,93.10248189038504,0.09297804690097579,-1.1368683772161603e-13
3600000.0,600000.0,0.7,623.15,1032.3036490633426,7.107072579210391,102.2374175319937,937.1733041105595,95.1303449527833,0.0921534521737858,-2.2737367544323206e-13
3600000.0,600000.0,0.75,413.15,399.69296027167644,7.107072579210391,51.596055093835105,355.2039777570517,44.488982514624716,0.11130789615204877,5.684341886080802e-14
3600000.0,600000.0,0.75,423.15,440.52876311450916,7.107072579210391,57.11661340069736,390.5192222930222,50.00954082148697,0.11352162448581753,0.0
3600000.0,600000.0,0.75,433.15,473.9224702126861,7.107072579210391,61.23399133029487,419.79555146160163,54.12691875108448,0.11421049254489557,0.0
3600000.0,600000.0,0.75,443.15,504.7261310299599,7.107072579210391,64.78919550534,447.04400810383027,57.682122926129615,0.11428400350190246,5.684341886080802e-14
3600000.0,600000.0,0.75,453.15,534.2774922978898,7.107072579210391,68.02090006470226,473.36366481239793,60.91382748549187,0.11401159203526579,0.0
3600000.0,600000.0,0.75,463.15,563.1632888276138,7.107072579210391,71.0369197562522,499.233441650572,63.929847177041815,0.11351920205972617,-1.1368683772161603e-13
3600000.0,600000.0,0.75,473.15,591.6983457181508,7.107072579210391,73.89687943194795,524.9085388654133,66.78980685273756,0.11287813686832947,-1.1368683772161603e-13
3600000.0,600000.0,0.75,483.15,620.0719937858065,7.107072579210391,76.63782424269453,550.5412421223223,69.53075166348414,0.11213335283693263,1.1368683772161603e-13
3600000.0,600000.0,0.75,493.15,648.4066826782822,7.107072579210391,79.28459459628304,576.2291606612096,72.17752201707265,0.11131520378374127,0.0
3600000.0,600000.0,0.75,503.15,676.7856447951219,7.107072579210391,81.85477487982449,602.0379424945079,74.7477023006141,0.11044516513532418,-1.1368683772161603e-13
3600000.0,600000.0,0.75,513.15,705.2674911979025,7.107072579210391,84.3613303178416,628.0132334592713,77.25425773863121,0.10953894614852336,-1.1368683772161603e-13
3600000.0,600000.0,0.75,523.15,733.8945605729497,7.107072579210391,86.81412926038587,654.1875038917742,79.70705668117547,0.108608321907916,-1.1368683772161603e-13
3600000.0,600000.0,0.75,533.15,762.6979982981619,7.107072579210391,89.22087733762385,680.5841935397484,82.11380475841345,0.10766227909557546,0.0
3600000.0,600000.0,0.75,543.15,791.7010004981132,7.107072579210391,91.58771909055929,707.2203539867643,84.4806465113489,0.10670776777874014,0.0
3600000.0,600000.0,0.75,553.15,820.9209696065001,7.107072579210391,93.91964100161567,734.1084011840949,86.81256842240528,0.1057502142551164,-1.1368683772161603e-13
3600000.0,600000.0,0.75,563.15,850.3709942735643,7.107072579210391,96.22075047122128,761.2573163815534,89.11367789201088,0.10479388230796477,-1.1368683772161603e-13
3600000.0,600000.0,0.75,573.15,880.0608936686539,7.107072579210391,98.49447434705519,788.6734919008092,91.38740176784479,0.10384213459012358,-1.1368683772161603e-13
3600000.0,600000.0,0.75,583.15,909.9979717597176,7.107072579210391,100.74370359861501,816.361340740313,93.63663101940462,0.10289762606649974,-1.1368683772161603e-13
3600000.0,600000.0,0.75,593.15,940.187573087966,7.107072579210391,102.97090093969601,844.3237447274804,95.86382836048561,0.10196244994563056,0.0
3600000.0,600000.0,0.75,603.15,970.6334993828668,7.107072579210391,105.17818234549742,872.5623896165797,98.07110976628702,0.10103824958508137,0.0
3600000.0,600000.0,0.75,613.15,1001.3383265572546,7.107072579210391,107.36737978885229,901.0780193476128,100.2603072096419,0.10012630551589019,-1.1368683772161603e-13
3600000.0,600000.0,0.75,623.15,1032.3036490633426,7.107072579210391,109.54009021285036,929.8706314297027,102.43301763363996,0.09922760393861073,0.0
3600000.0,600000.0,0.8,413.15,399.69296027167644,7.107072579210391,55.03579210009077,351.76424075079603,47.92871952088038,0.11991384458786217,5.684341886080802e-14
3600000.0,600000.0,0.8,423.15,440.52876311450916,7.107072579210391,60.92438762741047,386.7114480663091,53.81731504820008,0.12216526945417872,0.0
3600000.0,600000.0,0.8,433.15,473.9224702126861,7.107072579210391,65.31625741898117,415.7132853729153,58.20918483977078,0.12282427717269401,5.684341886080802e-14
3600000.0,600000.0,0.8,443.15,504.7261310299599,7.107072579210391,69.10847520569595,442.72472840347433,62.001402626485564,0.12284167356257851,5.684341886080802e-14
3600000.0,600000.0,0.8,453.15,534.2774922978898,7.107072579210391,72.55562673568237,468.8289381414178,65.44855415647197,0.12249917898465525,0.0
3600000.0,600000.0,0.8,463.15,563.1632888276138,7.107072579210391,75.77271440666902,494.49764700015515,68.66564182745863,0.1219284764999613,0.0
3600000.0,600000.0,0.8,473.15,591.6983457181508,7.107072579210391,78.82333806074446,519.9820802366168,71.71626548153407,0.12120410002919857,-1.1368683772161603e-13
3600000.0,600000.0,0.8,483.15,620.0719937858065,7.107072579210391,81.74701252554078,545.4320538394761,74.63993994633039,0.12037302231733031,0.0
3600000.0,600000.0,0.8,493.15,648.4066826782822,7.107072579210391,84.57023423603526,570.9435210214574,77.46316165682487,0.11946693907727583,-1.1368683772161603e-13
3600000.0,600000.0,0.8,503.15,676.7856447951219,7.107072579210391,87.31175987181288,596.5809575025195,80.20468729260249,0.11850825724425972,-1.1368683772161603e-13
3600000.0,600000.0,0.8,513.15,705.2674911979025,7.107072579210391,89.98541900569771,622.3891447714152,82.87834642648731,0.11751335126154444,-1.1368683772161603e-13
3600000.0,600000.0,0.8,523.15,733.8945605729497,7.107072579210391,92.60173787774495,648.3998952744151,85.49466529853456,0.11649448012230679,-1.1368683772161603e-13
3600000.0,600000.0,0.8,533.15,762.6979982981619,7.107072579210391,95.16893582679879,674.6361350505736,88.06186324758839,0.115460986450842,-1.1368683772161603e-13
3600000.0,600000.0,0.8,543.15,791.7010004981132,7.107072579210391,97.69356702992995,701.1145060473937,90.58649445071956,0.11442008333161813,0.0
3600000.0,600000.0,0.8,553.15,820.9209696065001,7.107072579210391,100.18095040172338,727.8470917839871,93.07387782251298,0.1133773910868996,-1.1368683772161603e-13
3600000.0,600000.0,0.8,563.15,850.3709942735643,7.107072579210391,102.63546716930274,754.8425996834719,95.52839459009235,0.11233731539926074,0.0
3600000.0,600000.0,0.8,573.15,880.0608936686539,7.107072579210391,105.06077263685899,782.1071936110053,97.95370005764859,0.11130332089784746,-1.1368683772161603e-13
3600000.0,600000.0,0.8,583.15,909.9979717597176,7.107072579210391,107.45995050518937,809.6450938337387,100.35287792597897,0.11027813362256247,0.0
3600000.0,600000.0,0.8,593.15,940.187573087966,7.107072579210391,109.83562766900914,837.4590179981673,102.72855508979875,0.10926389374877138,0.0
3600000.0,600000.0,0.8,603.15,970.6334993828668,7.107072579210391,112.19006116853049,865.5505107935467,105.0829885893201,0.10826227268699497,0.0
3600000.0,600000.0,0.8,613.15,1001.3383265572546,7.107072579210391,114.52520510810916,893.9201940283559,107.41813252889877,0.10727456413080459,-1.1368683772161603e-13
3600000.0,600000.0,0.8,623.15,1032.3036490633426,7.107072579210391,116.84276289370703,922.5679587488461,109.73569031449664,0.10630175570343567,-2.2737367544323206e-13
3600000.0,600000.0,0.85,413.15,399.69296027167644,7.107072579210391,58.47552910634654,348.32450374454027,51.36845652713615,0.12851979302367586,5.684341886080802e-14
3600000.0,600000.0,0.85,423.15,440.52876311450916,7.107072579210391,64.7321618541237,382.90367383959585,57.625089274913314,0.1308089144225402,0.0
3600000.0,600000.0,0.85,433.15,473.9224702126861,7.107072579210391,69.39852350766748,411.631019284229,62.29145092845709,0.13143806180049247,5.684341886080802e-14
3600000.0,600000.0,0.85,443.15,504.7261310299599,7.107072579210391,73.42775490605203,438.4054487031182,66.32068232684163,0.1313993436232548,5.684341886080802e-14
3600000.0,600000.0,0.85,453.15,534.2774922978898,7.107072579210391,77.09035340666259,464.2942114704376,69.98328082745219,0.13098676593404493,0.0
3600000.0,600000.0,0.85,463.15,563.1632888276138,7.107072579210391,80.50850905708585,489.7618523497384,73.40143647787545,0.13033775094019648,-1.1368683772161603e-13
3600000.0,600000.0,0.85,473.15,591.6983457181508,7.107072579210391,83.74979668954096,515.0556216078203,76.64272411033056,0.12953006319006763,-1.1368683772161603e-13
3600000.0,600000.0,0.85,483.15,620.0719937858065,7.107072579210391,86.85620080838702,540.3228655566298,79.74912822917662,0.12861269179772797,0.0
3600000.0,600000.0,0.85,493.15,648.4066826782822,7.107072579210391,89.85587387578748,565.6578813817051,82.74880129657708,0.1276186743708104,0.0
3600000.0,600000.0,0.85,503.15,676.7856447951219,7.107072579210391,92.76874486380106,591.1239725105313,85.66167228459067,0.12657134935319492,-1.1368683772161603e-13
3600000.0,600000.0,0.85,513.15,705.2674911979025,7.107072579210391,95.60950769355381,616.7650560835591,88.50243511434341,0.12548775637456552,-1.1368683772161603e-13
3600000.0,600000.0,0.85,523.15,733.8945605729497,7.107072579210391,98.38934649510402,642.6122866570561,91.28227391589363,0.12438063833669755,-1.1368683772161603e-13
3600000.0,600000.0,0.85,533.15,762.6979982981619,7.107072579210391,101.11699431597371,668.6880765613986,94.00992173676332,0.12325969380610853,0.0
3600000.0,600000.0,0.85,543.15,791.7010004981132,7.107072579210391,103.7994149693005,695.0086581080232,96.6923423900901,0.12213239888449597,-1.1368683772161603e-13
3600000.0,600000.0,0.85,553.15,820.9209696065001,7.107072579210391,106.4422598018311,721.5857823838794,99.3351872226207,0.12100456791868283,-1.1368683772161603e-13
3600000.0,600000.0,0.85,563.15,850.3709942735643,7.107072579210391,109.05018386738422,748.4278829853905,101.94311128817382,0.11988074849055674,-1.1368683772161603e-13
3600000.0,600000.0,0.85,573.15,880.0608936686539,7.107072579210391,111.62707092666254,775.5408953212018,104.51999834745214,0.11876450720557105,-1.1368683772161603e-13
3600000.0,600000.0,0.85,583.15,909.9979717597176,7.107072579210391,114.17619741176371,802.9288469271644,107.06912483255331,0.11765864117862519,-1.1368683772161603e-13
3600000.0,600000.0,0.85,593.15,940.187573087966,7.107072579210391,116.70035439832229,830.5942912688541,109.5932818191119,0.11656533755191222,0.0
3600000.0,600000.0,0.85,603.15,970.6334993828668,7.107072579210391,119.20193999156379,858.5386319705134,112.0948674123534,0.11548629578890882,0.0
3600000.0,600000.0,0.85,613.15,1001.3383265572546,7.107072579210391,121.68303042736603,886.7623687090991,114.57595784815564,0.11442282274571901,-1.1368683772161603e-13
3600000.0,600000.0,0.85,623.15,1032.3036490633426,7.107072579210391,124.14543557456392,915.2652860679892,117.03836299535352,0.11337590746826082,-2.2737367544323206e-13
3600000.0,600000.0,0.9,413.15,399.69296027167644,7.107072579210391,61.9152661126022,344.8847667382846,54.80819353339181,0.13712574145948925,5.684341886080802e-14
3600000.0,600000.0,0.9,423.15,440.52876311450916,7.107072579210391,68.53993608083681,379.09589961288276,61.43286350162642,0.1394525593909014,0.0
3600000.0,600000.0,0.9,433.15,473.9224702126861,7.107072579210391,73.48078959635389,407.5487531955426,66.37371701714349,0.14005184642829113,5.684341886080802e-14
3600000.0,600000.0,0.9,443.15,504.7261310299599,7.107072579210391,77.74703460640798,434.0861690027623,70.63996202719758,0.13995701368393088,5.684341886080802e-14
3600000.0,600000.0,0.9,453.15,534.2774922978898,7.107072579210391,81.62508007764269,459.7594847994575,74.5180074984323,0.1394743528834344,0.0
3600000.0,600000.0,0.9,463.15,563.1632888276138,7.107072579210391,85.24430370750267,485.02605769932154,78.13723112829227,0.13874702538043163,-1.1368683772161603e-13
3600000.0,600000.0,0.9,473.15,591.6983457181508,7.107072579210391,88.67625531833758,510.12916297902365,81.56918273912719,0.13785602635093694,-1.1368683772161603e-13
3600000.0,600000.0,0.9,483.15,620.0719937858065,7.107072579210391,91.96538909123338,535.2136772737834,84.85831651202298,0.1368523612781258,0.0
3600000.0,600000.0,0.9,493.15,648.4066826782822,7.107072579210391,95.1415135155397,560.372241741953,88.0344409363293,0.13577040966434495,-1.1368683772161603e-13
3600000.0,600000.0,0.9,503.15,676.7856447951219,7.107072579210391,98.22572985578945,585.6669875185429,91.11865727657906,0.13463444146213047,-1.1368683772161603e-13
3600000.0,600000.0,0.9,513.15,705.2674911979025,7.107072579210391,101.23359638140991,611.140967395703,94.12652380219951,0.13346216148758658,-1.1368683772161603e-13
3600000.0,600000.0,0.9,523.15,733.8945605729497,7.107072579210391,104.17695511246309,636.824678039697,97.0698825332527,0.1322667965510883,-1.1368683772161603e-13
3600000.0,600000.0,0.9,533.15,762.6979982981619,7.107072579210391,107.06505280514865,662.7400180722236,99.95798022593826,0.13105840116137507,0.0
3600000.0,600000.0,0.9,543.15,791.7010004981132,7.107072579210391,109.90526290867116,688.9028101686524,102.79819032946077,0.12984471443737394,0.0
3600000.0,600000.0,0.9,553.15,820.9209696065001,7.107072579210391,112.7035692019388,715.3244729837717,105.59649662272841,0.12863174475046604,0.0
3600000.0,600000.0,0.9,563.15,850.3709942735643,7.107072579210391,115.46490056546568,742.013166287309,108.35782798625529,0.1274241815818527,0.0
3600000.0,600000.0,0.9,573.15,880.0608936686539,7.107072579210391,118.19336921646632,768.9745970313979,111.08629663725593,0.1262256935132949,0.0
3600000.0,600000.0,0.9,583.15,909.9979717597176,7.107072579210391,120.89244431833806,796.21260002059,113.78537173912767,0.1250391487346879,-1.1368683772161603e-13
3600000.0,600000.0,0.9,593.15,940.187573087966,7.107072579210391,123.56508112763544,823.729564539541,116.45800854842504,0.12386678135505304,0.0
3600000.0,600000.0,0.9,603.15,970.6334993828668,7.107072579210391,126.21381881459686,851.5267531474803,119.10674623538647,0.12271031889082241,0.0
3600000.0,600000.0,0.9,613.15,1001.3383265572546,7.107072579210391,128.84085574662265,879.6045433898424,121.73378316741226,0.12157108136063316,-1.1368683772161603e-13
3600000.0,600000.0,0.9,623.15,1032.3036490633426,7.107072579210391,131.44810825542058,907.9626133871325,124.34103567621018,0.12045005923308574,0.0
3600000.0,650000.0,0.7,413.15,391.5299844577384,7.046373705971579,45.79618335956521,352.7801748041448,38.74980965359363,0.09897022243969739,0.0
3600000.0,650000.0,0.7,423.15,432.3657873005712,7.046373705971579,50.7750382279274,388.6371227786153,43.72866452195582,0.10113812379784022,5.684341886080802e-14
3600000.0,650000.0,0.7,433.15,465.7594943987481,7.046373705971579,54.482116238251564,418.3237518664681,47.43574253227999,0.10184600228818759,-5.684341886080802e-14
3600000.0,650000.0,0.7,443.15,496.56315521602187,7.046373705971579,57.67956253980659,445.9299663821869,50.63318883383501,0.10196726902101273,0.0
3600000.0,650000.0,0.7,453.15,526.1145164839518,7.046373705971579,60.583694536227966,472.57719565369536,53.53732083025639,0.10175982443527475,1.1368683772161603e-13
3600000.0,650000.0,0.7,463.15,555.0003130136759,7.046373705971579,63.2922403627137,498.75444635693367,56.24586665674212,0.1013438467292471,1.1368683772161603e-13
3600000.0,650000.0,0.7,473.15,583.5353699042129,7.046373705971579,65.85925538307079,524.7224882271137,58.81288167709921,0.10078717539735993,0.0
3600000.0,650000.0,0.7,483.15,611.9090179718684,7.046373705971579,68.31832859243114,550.6370630854088,61.27195488645957,0.10013245938022187,0.0
3600000.0,650000.0,0.7,493.15,640.2437068643442,7.046373705971579,70.69198459946271,576.5980959708531,63.64561089349114,0.09940841309507235,0.0
3600000.0,650000.0,0.7,503.15,668.622668981184,7.046373705971579,72.9961692048841,602.6728734822715,65.94979549891252,0.09863529694469339,1.1368683772161603e-13
3600000.0,650000.0,0.7,513.15,697.1045153839644,7.046373705971579,75.24263986878178,628.9082492211543,68.1962661628102,0.09782789331847574,0.0
3600000.0,650000.0,0.7,523.15,725.7315847590116,7.046373705971579,77.44034587695636,655.3376125880269,70.39397217098478,0.09699725580272214,0.0
3600000.0,650000.0,0.7,533.15,754.5350224842239,7.046373705971579,79.59627533006609,681.9851208601293,72.54990162409452,0.09615180139051985,1.1368683772161603e-13
3600000.0,650000.0,0.7,543.15,783.5380246841752,7.046373705971579,81.7160006637117,708.8683977264351,74.66962695774012,0.09529802588436931,0.0
3600000.0,650000.0,0.7,553.15,812.757993792562,7.046373705971579,83.80404410839198,736.0003233901417,76.7576704024204,0.0944409910313488,0.0
3600000.0,650000.0,0.7,563.15,842.2080184596263,7.046373705971579,85.86413067132258,763.3902614942753,78.81775696535101,0.09358466701552708,0.0
3600000.0,650000.0,0.7,573.15,871.8979178547158,7.046373705971579,87.89936817421787,791.0449233864696,80.8529944682463,0.09273217977992558,0.0
3600000.0,650000.0,0.7,583.15,901.8349959457796,7.046373705971579,89.91237845707381,818.9689911946774,82.86600475110224,0.0918859936946651,0.0
3600000.0,650000.0,0.7,593.15,932.024597274028,7.046373705971579,91.90539498251933,847.1655759974803,84.85902127654775,0.09104804908018757,0.0
3600000.0,650000.0,0.7,603.15,962.4705235689287,7.046373705971579,93.88033676638152,875.6365605085189,86.83396306040994,0.09021986744946918,-1.1368683772161603e-13
3600000.0,650000.0,0.7,613.15,993.1753507433166,7.046373705971579,95.83886527602071,904.3828591732675,88.79249157004914,0.08940263318415492,0.0
3600000.0,650000.0,0.7,623.15,1024.1406732494047,7.046373705971579,97.7824288461036,933.4046181092726,90.73605514013202,0.08859725769141037,0.0
3600000.0,650000.0,0.75,413.15,391.5299844577384,7.046373705971579,49.067339313819886,349.5090188498901,42.02096560784831,0.10732502560703377,0.0
3600000.0,650000.0,0.75,423.15,432.3657873005712,7.046373705971579,54.40182667277939,385.01033433376335,47.35545296680782,0.10952636484599404,0.0
3600000.0,650000.0,0.75,433.15,465.7594943987481,7.046373705971579,58.37369596955529,414.43217213516436,51.32732226358371,0.11020134400017434,0.0
3600000.0,650000.0,0.75,443.15,496.56315521602187,7.046373705971579,61.79953129264992,441.8099976293435,54.75315758667834,0.11026423731108051,0.0
3600000.0,650000.0,0.75,453.15,526.1145164839518,7.046373705971579,64.91110128881573,468.2497889011076,57.864727582844154,0.10998504274232322,1.1368683772161603e-13
3600000.0,650000.0,0.75,463.15,555.0003130136759,7.046373705971579,67.81311467433616,494.23357204531123,60.76674096836459,0.10948956161555755,1.1368683772161603e-13
3600000.0,650000.0,0.75,473.15,583.5353699042129,7.046373705971579,70.56348791043297,520.0182556997514,63.51711420446139,0.10884878189112633,1.1368683772161603e-13
3600000.0,650000.0,0.75,483.15,611.9090179718684,7.046373705971579,73.19820920617623,545.7571824716638,66.15183550020465,0.1081073060819736,0.0
3600000.0,650000.0,0.75,493.15,640.2437068643442,7.046373705971579,75.74141207085293,571.5486684994629,68.69503836488136,0.10729514031668033,0.0
3600000.0,650000.0,0.75,503.15,668.622668981184,7.046373705971579,78.21018129094725,597.4588613962082,71.16380758497567,0.10643343530875457,1.1368683772161603e-13
3600000.0,650000.0,0.75,513.15,697.1045153839644,7.046373705971579,80.6171141451234,623.5337749448126,73.57074043915182,0.10553760421223084,0.0
3600000.0,650000.0,0.75,523.15,725.7315847590116,7.046373705971579,82.97179915388185,649.8061593111014,75.92542544791027,0.10461915540457327,0.0
3600000.0,650000.0,0.75,533.15,754.5350224842239,7.046373705971579,85.28172356792795,676.2996726222675,78.23534986195638,0.10368683696665937,0.0
3600000.0,650000.0,0.75,543.15,783.5380246841752,7.046373705971579,87.55285785397678,703.03154053617,80.5064841480052,0.10274738635748454,0.0
3600000.0,650000.0,0.75,553.15,812.757993792562,7.046373705971579,89.79004725899152,730.0143202395421,82.74367355301995,0.10180604089406026,0.0
3600000.0,650000.0,0.75,563.15,842.2080184596263,7.046373705971579,91.99728286213148,757.2571093034665,84.95090915615991,0.10086689665046485,0.0
3600000.0,650000.0,0.75,573.15,871.8979178547158,7.046373705971579,94.17789447237621,784.7663970883112,87.13152076640463,0.09993316761300414,0.0
3600000.0,650000.0,0.75,583.15,901.8349959457796,7.046373705971579,96.33469120400748,812.5466784477437,89.28831749803591,0.09900737706945686,0.0
3600000.0,650000.0,0.75,593.15,932.024597274028,7.046373705971579,98.47006605269922,840.6009049273005,91.42369234672765,0.09809150167723292,0.0
3600000.0,650000.0,0.75,603.15,962.4705235689287,7.046373705971579,100.58607510683755,868.9308221680628,93.53970140086598,0.09718708169265508,-1.1368683772161603e-13
3600000.0,650000.0,0.75,613.15,993.1753507433166,7.046373705971579,102.68449851002218,897.537225939266,95.6381248040506,0.09629530649595029,0.0
3600000.0,650000.0,0.75,623.15,1024.1406732494047,7.046373705971579,104.76688804939668,926.4201589059796,97.72051434342511,0.09541708175047516,0.0
3600000.0,650000.0,0.8,413.15,391.5299844577384,7.046373705971579,52.33849526807456,346.23786289563543,45.29212156210298,0.11567982877437014,0.0
3600000.0,650000.0,0.8,423.15,432.3657873005712,7.046373705971579,58.02861511763139,381.3835458889113,50.982241411659814,0.11791460589414787,5.684341886080802e-14
3600000.0,650000.0,0.8,433.15,465.7594943987481,7.046373705971579,62.26527570085903,410.54059240386067,55.218901994887446,0.11855668571216113,-5.684341886080802e-14
3600000.0,650000.0,0.8,443.15,496.56315521602187,7.046373705971579,65.91950004549325,437.6900288765002,58.873126339521676,0.11856120560114829,0.0
3600000.0,650000.0,0.8,453.15,526.1145164839518,7.046373705971579,69.23850804140349,463.92238214851983,62.192134335431916,0.11821026104937171,1.1368683772161603e-13
3600000.0,650000.0,0.8,463.15,555.0003130136759,7.046373705971579,72.33398898595851,489.71269773368886,65.28761527998694,0.11763527650186781,1.1368683772161603e-13
3600000.0,650000.0,0.8,473.15,583.5353699042129,7.046373705971579,75.26772043779516,515.3140231723893,68.22134673182359,0.11691038838489276,0.0
3600000.0,650000.0,0.8,483.15,611.9090179718684,7.046373705971579,78.07808981992142,540.8773018579186,71.03171611394984,0.11608215278372548,0.0
3600000.0,650000.0,0.8,493.15,640.2437068643442,7.046373705971579,80.79083954224316,566.4992410280727,73.74446583627159,0.11518186753828832,0.0
3600000.0,650000.0,0.8,503.15,668.622668981184,7.046373705971579,83.42419337701041,592.2448493101451,76.37781967103884,0.11423157367281578,1.1368683772161603e-13
3600000.0,650000.0,0.8,513.15,697.1045153839644,7.046373705971579,85.9915884214649,618.1593006684711,78.94521471549332,0.11324731510598576,0.0
3600000.0,650000.0,0.8,523.15,725.7315847590116,7.046373705971579,88.50325243080722,644.274706034176,81.45687872483565,0.11224105500642421,0.0
3600000.0,650000.0,0.8,533.15,754.5350224842239,7.046373705971579,90.96717180578982,670.6142243844057,83.92079809981824,0.11122187254279889,0.0
3600000.0,650000.0,0.8,543.15,783.5380246841752,7.046373705971579,93.38971504424198,697.1946833459048,86.3433413382704,0.11019674683059992,1.1368683772161603e-13
3600000.0,650000.0,0.8,553.15,812.757993792562,7.046373705971579,95.77605040959094,724.0283170889427,88.72967670361936,0.10917109075677155,1.1368683772161603e-13
3600000.0,650000.0,0.8,563.15,842.2080184596263,7.046373705971579,98.13043505294016,751.1239571126578,91.08406134696858,0.10814912628540234,0.0
3600000.0,650000.0,0.8,573.15,871.8979178547158,7.046373705971579,100.45642077053478,778.4878707901527,93.4100470645632,0.10713415544608296,0.0
3600000.0,650000.0,0.8,583.15,901.8349959457796,7.046373705971579,102.75700395094138,806.1243657008099,95.7106302449698,0.10612876044424888,0.0
3600000.0,650000.0,0.8,593.15,932.024597274028,7.046373705971579,105.03473712287914,834.0362338571205,97.98836341690756,0.10513495427427828,0.0
3600000.0,650000.0,0.8,603.15,962.4705235689287,7.046373705971579,107.29181344729336,862.225083827607,100.24543974132179,0.10415429593584075,-1.1368683772161603e-13
3600000.0,650000.0,0.8,613.15,993.1753507433166,7.046373705971579,109.53013174402365,890.6915927052646,102.48375803805207,0.10318797980774568,0.0
3600000.0,650000.0,0.8,623.15,1024.1406732494047,7.046373705971579,111.75134725268977,919.4356997026865,104.7049735467182,0.10223690580953992,0.0
3600000.0,650000.0,0.85,413.15,391.5299844577384,7.046373705971579,55.60965122232912,342.9667069413809,48.563277516357545,0.12403463194170623,0.0
3600000.0,650000.0,0.85,423.15,432.3657873005712,7.046373705971579,61.65540356248338,377.75675744405936,54.609029856511796,0.12630284694230165,0.0
3600000.0,650000.0,0.85,433.15,465.7594943987481,7.046373705971579,66.15685543216264,406.64901267255703,59.11048172619107,0.12691202742414767,-5.684341886080802e-14
3600000.0,650000.0,0.85,443.15,496.56315521602187,7.046373705971579,70.03946879833657,433.5700601236569,62.993095092364996,0.12685817389121604,-5.684341886080802e-14
3600000.0,650000.0,0.85,453.15,526.1145164839518,7.046373705971579,73.56591479399114,459.59497539593224,66.51954108801957,0.12643547935642,0.0
3600000.0,650000.0,0.85,463.15,555.0003130136759,7.046373705971579,76.85486329758086,485.19182342206653,69.80848959160929,0.12578099138817805,1.1368683772161603e-13
3600000.0,650000.0,0.85,473.15,583.5353699042129,7.046373705971579,79.97195296515746,510.609790645027,72.92557925918588,0.12497199487865936,1.1368683772161603e-13
3600000.0,650000.0,0.85,483.15,611.9090179718684,7.046373705971579,82.95797043366649,535.9974212441736,75.91159672769491,0.12405699948547717,0.0
3600000.0,650000.0,0.85,493.15,640.2437068643442,7.046373705971579,85.8402670136334,561.4498135566824,78.79389330766182,0.12306859475989632,0.0
3600000.0,650000.0,0.85,503.15,668.622668981184,7.046373705971579,88.63820546307345,587.0308372240821,81.59183175710187,0.12202971203687678,1.1368683772161603e-13
3600000.0,650000.0,0.85,513.15,697.1045153839644,7.046373705971579,91.3660626978064,612.7848263921296,84.31968899183482,0.12095702599974069,0.0
3600000.0,650000.0,0.85,523.15,725.7315847590116,7.046373705971579,94.0347057077327,638.7432527572506,86.98833200176112,0.11986295460827531,0.0
3600000.0,650000.0,0.85,533.15,754.5350224842239,7.046373705971579,96.65262004365167,664.9287761465438,89.60624633768009,0.1187569081189384,1.1368683772161603e-13
3600000.0,650000.0,0.85,543.15,783.5380246841752,7.046373705971579,99.22657223450707,691.3578261556397,92.1801985285355,0.11764610730371516,0.0
3600000.0,650000.0,0.85,553.15,812.757993792562,7.046373705971579,101.76205356019037,718.0423139383433,94.71567985421879,0.11653614061948286,0.0
3600000.0,650000.0,0.85,563.15,842.2080184596263,7.046373705971579,104.26358724374883,744.9908049218491,97.21721353777725,0.11543135592033983,0.0
3600000.0,650000.0,0.85,573.15,871.8979178547158,7.046373705971579,106.73494706869312,772.2093444919943,99.68857336272154,0.11433514327916153,0.0
3600000.0,650000.0,0.85,583.15,901.8349959457796,7.046373705971579,109.17931669787527,799.702052953876,102.13294299190369,0.11325014381904087,0.0
3600000.0,650000.0,0.85,593.15,932.024597274028,7.046373705971579,111.59940819305903,827.4715627869406,104.55303448708746,0.11217840687132363,0.0
3600000.0,650000.0,0.85,603.15,962.4705235689287,7.046373705971579,113.99755178774916,855.5193454871512,106.95117808177758,0.11112151017902641,-1.1368683772161603e-13
3600000.0,650000.0,0.85,613.15,993.1753507433166,7.046373705971579,116.3757649780251,883.8459594712631,109.32939127205353,0.11008065311954103,0.0
3600000.0,650000.0,0.85,623.15,1024.1406732494047,7.046373705971579,118.73580645598308,912.4512404993932,111.6894327500115,0.10905672986860492,0.0
3600000.0,650000.0,0.9,413.15,391.5299844577384,7.046373705971579,58.880807176583794,339.6955509871262,51.83443347061221,0.13238943510904258,0.0
3600000.0,650000.0,0.9,423.15,432.3657873005712,7.046373705971579,65.28219200733537,374.1299689992074,58.23581830136379,0.13469108799045548,0.0
3600000.0,650000.0,0.9,433.15,465.7594943987481,7.046373705971579,70.04843516346638,402.7574329412533,63.002061457494804,0.13526736913613446,0.0
3600000.0,650000.0,0.9,443.15,496.56315521602187,7.046373705971579,74.1594375511799,429.45009137081354,67.11306384520833,0.1351551421812838,0.0
3600000.0,650000.0,0.9,453.15,526.1145164839518,7.046373705971579,77.8933215465789,455.2675686433445,70.84694784060733,0.13466069766346847,0.0
3600000.0,650000.0,0.9,463.15,555.0003130136759,7.046373705971579,81.37573760920333,480.67094911044404,74.32936390323175,0.13392670627448852,1.1368683772161603e-13
3600000.0,650000.0,0.9,473.15,583.5353699042129,7.046373705971579,84.67618549251964,505.9055581176648,77.62981178654806,0.13303360137242576,1.1368683772161603e-13
3600000.0,650000.0,0.9,483.15,611.9090179718684,7.046373705971579,87.83785104741156,531.1175406304285,80.79147734143999,0.13203184618722885,0.0
3600000.0,650000.0,0.9,493.15,640.2437068643442,7.046373705971579,90.88969448502361,556.4003860852922,83.84332077905204,0.13095532198150428,0.0
3600000.0,650000.0,0.9,503.15,668.622668981184,7.046373705971579,93.85221754913661,581.8168251380189,86.80584384316504,0.12982785040093797,1.1368683772161603e-13
3600000.0,650000.0,0.9,513.15,697.1045153839644,7.046373705971579,96.74053697414801,607.410352115788,89.69416326817644,0.12866673689349578,1.1368683772161603e-13
3600000.0,650000.0,0.9,523.15,725.7315847590116,7.046373705971579,99.56615898465819,633.2117994803251,92.51978527868661,0.12748485421012642,0.0
3600000.0,650000.0,0.9,533.15,754.5350224842239,7.046373705971579,102.33806828151353,659.243327908682,95.29169457554195,0.12629194369507793,0.0
3600000.0,650000.0,0.9,543.15,783.5380246841752,7.046373705971579,105.06342942477215,685.5209689653747,98.01705571880058,0.1250954677768304,0.0
3600000.0,650000.0,0.9,553.15,812.757993792562,7.046373705971579,107.7480567107898,712.0563107877439,100.70168300481822,0.12390119048219418,0.0
3600000.0,650000.0,0.9,563.15,842.2080184596263,7.046373705971579,110.39673943455773,738.8576527310402,103.35036572858616,0.12271358555527759,0.0
3600000.0,650000.0,0.9,573.15,871.8979178547158,7.046373705971579,113.01347336685146,765.930818193836,105.96709966087988,0.12153613111224008,0.0
3600000.0,650000.0,0.9,583.15,901.8349959457796,7.046373705971579,115.60162944480894,793.2797402069423,108.55525573883736,0.12037152719383264,0.0
3600000.0,650000.0,0.9,593.15,932.024597274028,7.046373705971579,118.16407926323917,820.9068917167605,111.1177055572676,0.11922185946836923,0.0
3600000.0,650000.0,0.9,603.15,962.4705235689287,7.046373705971579,120.70329012820497,848.8136071466954,113.6569164222334,0.11808872442221208,-1.1368683772161603e-13
3600000.0,650000.0,0.9,613.15,993.1753507433166,7.046373705971579,123.22139821202657,877.0003262372617,116.175024506055,0.1169733264313364,0.0
3600000.0,650000.0,0.9,623.15,1024.1406732494047,7.046373705971579,125.72026565927617,905.4667812961001,118.67389195330459,0.1158765539276697,0.0
3600000.0,700000.0,0.7,413.15,383.75118924813137,6.982407093386282,43.613845135187844,347.1197512063298,36.63143804180156,0.09545622024930293,0.0
3600000.0,700000.0,0.7,423.15,424.5869920909641,6.982407093386282,48.42967411569739,383.139725068653,41.44726702231111,0.09761784462165386,0.0
3600000.0,700000.0,0.7,433.15,457.98069918914103,6.982407093386282,52.00951082889922,412.9535954536281,45.02710373551294,0.09831659678068057,-5.684341886080802e-14
3600000.0,700000.0,0.7,443.15,488.78436000641483,6.982407093386282,55.09397383417829,440.67279326562283,48.111566740792014,0.0984310683348391,-5.684341886080802e-14
3600000.0,700000.0,0.7,453.15,518.3357212743447,6.982407093386282,57.893286778242214,467.4248415894888,50.91087968485593,0.09821989416374763,0.0
3600000.0,700000.0,0.7,463.15,547.2215178040688,6.982407093386282,60.502436280123305,493.70148861733173,53.52002918673702,0.09780322491978419,0.0
3600000.0,700000.0,0.7,473.15,575.7565746946058,6.982407093386282,62.973968988948734,519.7650127990433,55.991561895562455,0.09724867132478972,0.0
3600000.0,700000.0,0.7,483.15,604.1302227622614,6.982407093386282,65.34053974840977,545.7720901072379,58.35813265502348,0.09659859820982454,0.0
3600000.0,700000.0,0.7,493.15,632.4649116547372,6.982407093386282,67.62404796519782,571.8232707829256,60.64164087181153,0.09588143113450034,0.0
3600000.0,700000.0,0.7,503.15,660.8438737715769,6.982407093386282,69.83999734410969,597.9862835208535,62.857590250723405,0.09511715663184064,1.1368683772161603e-13
3600000.0,700000.0,0.7,513.15,689.3257201743575,6.982407093386282,71.99981960760266,624.308307660141,65.01741251421637,0.09432030549762589,1.1368683772161603e-13
3600000.0,700000.0,0.7,523.15,717.9527895494047,6.982407093386282,74.11221621784533,650.8229804249456,67.12980912445904,0.09350170387469416,0.0
3600000.0,700000.0,0.7,533.15,746.7562272746168,6.982407093386282,76.18398180946149,677.5546525585416,69.2015747160752,0.09266956496450693,0.0
3600000.0,700000.0,0.7,543.15,775.7592294745682,6.982407093386282,78.22053455859994,704.5211020093545,71.23812746521365,0.09183020292709139,0.0
3600000.0,700000.0,0.7,553.15,804.9791985829551,6.982407093386282,80.22627150632418,731.7353341700172,73.2438644129379,0.09098851814043482,0.0
3600000.0,700000.0,0.7,563.15,834.4292232500193,6.982407093386282,82.20481453221967,759.2068158111858,75.22240743883339,0.09014833774139591,1.1368683772161603e-13
3600000.0,700000.0,0.7,573.15,864.1191226451089,6.982407093386282,84.15918541000434,786.9423443284908,77.17677831661805,0.08931266106040606,0.0
3600000.0,700000.0,0.7,583.15,894.0562007361726,6.982407093386282,86.09193338366039,814.9466744458985,79.1095262902741,0.08848384052941495,1.1368683772161603e-13
3600000.0,700000.0,0.7,593.15,924.245802064421,6.982407093386282,88.00523007490322,843.2229790829041,81.02282298151694,0.08766371759605737,0.0
3600000.0,700000.0,0.7,603.15,954.6917283593217,6.982407093386282,89.90094137186907,871.773194080839,82.91853427848278,0.08685372651230759,0.0
3600000.0,700000.0,0.7,613.15,985.3965555337096,6.982407093386282,91.7806827563208,900.5982798707751,84.79827566293451,0.08605497470711794,0.0
3600000.0,700000.0,0.7,623.15,1016.3618780397976,6.982407093386282,93.64586249295971,929.6984226402242,86.66345539957342,0.08526830577974506,0.0
3600000.0,700000.0,0.75,413.15,383.75118924813137,6.982407093386282,46.72911978770117,344.00447655381646,39.746712694314894,0.10357417464214004,0.0
3600000.0,700000.0,0.75,423.15,424.5869920909641,6.982407093386282,51.88893655253295,379.6804626318174,44.90652945914667,0.10576520311655198,0.0
3600000.0,700000.0,0.75,433.15,457.98069918914103,6.982407093386282,55.72447588810628,409.2386303944211,48.74206879472,0.10642821603840134,-5.684341886080802e-14
3600000.0,700000.0,0.75,443.15,488.78436000641483,6.982407093386282,59.02925767947675,436.73750942032433,52.04685058609047,0.10648223397615957,0.0
3600000.0,700000.0,0.75,453.15,518.3357212743447,6.982407093386282,62.02852154811669,463.2896068196143,55.046114454730414,0.10619780230349128,0.0
3600000.0,700000.0,0.75,463.15,547.2215178040688,6.982407093386282,64.82403887156072,489.37988602589434,57.84163177817443,0.10570057992289053,0.0
3600000.0,700000.0,0.75,473.15,575.7565746946058,6.982407093386282,67.47210963101651,515.2668721569755,60.48970253763022,0.10506124497095899,0.0
3600000.0,700000.0,0.75,483.15,604.1302227622614,6.982407093386282,70.00772115901043,541.1049086966373,63.025314065624144,0.10432405413762258,0.0
3600000.0,700000.0,0.75,493.15,632.4649116547372,6.982407093386282,72.45433710556908,566.9929816425544,65.4719300121828,0.1035186755908507,1.1368683772161603e-13
3600000.0,700000.0,0.75,503.15,660.8438737715769,6.982407093386282,74.82856858297461,592.9977122819886,67.84616148958833,0.10266594604619063,0.0
3600000.0,700000.0,0.75,513.15,689.3257201743575,6.982407093386282,77.1426638652886,619.1654634024551,70.16025677190231,0.10178099368489549,1.1368683772161603e-13
3600000.0,700000.0,0.75,523.15,717.9527895494047,6.982407093386282,79.40594594769145,645.5292506950994,72.42353885430516,0.10087507132573299,1.1368683772161603e-13
3600000.0,700000.0,0.75,533.15,746.7562272746168,6.982407093386282,81.6256947958516,672.1129395721515,74.64328770246532,0.09995669935674407,0.0
3600000.0,700000.0,0.75,543.15,775.7592294745682,6.982407093386282,83.80771559849987,698.9339209694546,76.82530850511358,0.09903241313306496,1.1368683772161603e-13
3600000.0,700000.0,0.75,553.15,804.9791985829551,6.982407093386282,85.9567194710616,726.0048862052797,78.97431237767532,0.0981072709912228,0.0
3600000.0,700000.0,0.75,563.15,834.4292232500193,6.982407093386282,88.0765869988068,753.3350433445987,81.09417990542052,0.09718521073550937,1.1368683772161603e-13
3600000.0,700000.0,0.75,573.15,864.1191226451089,6.982407093386282,90.17055579643323,780.9309739420619,83.18814870304695,0.09626930653774234,0.0
3600000.0,700000.0,0.75,583.15,894.0562007361726,6.982407093386282,92.24135719677899,808.7972506327799,85.2589501033927,0.09536195826748906,1.1368683772161603e-13
3600000.0,700000.0,0.75,593.15,924.245802064421,6.982407093386282,94.29131793739623,836.9368912204111,87.30891084400994,0.0944650337053134,0.0
3600000.0,700000.0,0.75,603.15,954.6917283593217,6.982407093386282,96.32243718414544,865.3516982685626,89.34003009075916,0.09357997711396725,0.0
3600000.0,700000.0,0.75,613.15,985.3965555337096,6.982407093386282,98.33644581034383,894.042516816752,91.35403871695755,0.09270789328817823,0.0
3600000.0,700000.0,0.75,623.15,1016.3618780397976,6.982407093386282,100.33485267102834,923.0094324621556,93.35244557764206,0.09184961340510517,0.0
3600000.0,700000.0,0.8,413.15,383.75118924813137,6.982407093386282,49.844394440214614,340.889201901303,42.86198734682833,0.11169212903497742,0.0
3600000.0,700000.0,0.8,423.15,424.5869920909641,6.982407093386282,55.34819898936851,376.22120019498186,48.36579189598223,0.11391256161145011,0.0
3600000.0,700000.0,0.8,433.15,457.98069918914103,6.982407093386282,59.43944094731333,405.523665335214,52.457033853927044,0.11453983529612208,0.0
3600000.0,700000.0,0.8,443.15,488.78436000641483,6.982407093386282,62.96454152477521,432.8022255750259,55.98213443138893,0.11453339961748002,0.0
3600000.0,700000.0,0.8,453.15,518.3357212743447,6.982407093386282,66.16375631799106,459.15437204973995,59.18134922460477,0.11417571044323467,0.0
3600000.0,700000.0,0.8,463.15,547.2215178040688,6.982407093386282,69.14564146299811,485.05828343445694,62.16323436961183,0.11359793492599685,0.0
3600000.0,700000.0,0.8,473.15,575.7565746946058,6.982407093386282,71.97025027308426,510.7687315149078,64.98784317969798,0.11287381861712824,0.0
3600000.0,700000.0,0.8,483.15,604.1302227622614,6.982407093386282,74.6749025696112,536.4377272860364,67.69249547622492,0.1120495100654208,1.1368683772161603e-13
3600000.0,700000.0,0.8,493.15,632.4649116547372,6.982407093386282,77.28462624594033,562.1626925021832,70.30221915255404,0.11115592004720105,0.0
3600000.0,700000.0,0.8,503.15,660.8438737715769,6.982407093386282,79.81713982183963,588.0091410431236,72.83473272845335,0.11021473546054077,0.0
3600000.0,700000.0,0.8,513.15,689.3257201743575,6.982407093386282,82.28550812297455,614.0226191447691,75.30310102958826,0.10924168187216511,1.1368683772161603e-13
3600000.0,700000.0,0.8,523.15,717.9527895494047,6.982407093386282,84.69967567753757,640.2355209652534,77.71726858415128,0.10824843877677183,0.0
3600000.0,700000.0,0.8,533.15,746.7562272746168,6.982407093386282,87.0674077822417,666.6712265857614,80.08500068885542,0.1072438337489812,0.0
3600000.0,700000.0,0.8,543.15,775.7592294745682,6.982407093386282,89.39489663839993,693.3467399295545,82.41248954501364,0.1062346233390387,1.1368683772161603e-13
3600000.0,700000.0,0.8,553.15,804.9791985829551,6.982407093386282,91.68716743579903,720.2744382405423,84.70476034241274,0.10522602384201075,1.1368683772161603e-13
3600000.0,700000.0,0.8,563.15,834.4292232500193,6.982407093386282,93.94835946539371,747.4632708780118,86.96595237200742,0.10422208372962255,1.1368683772161603e-13
3600000.0,700000.0,0.8,573.15,864.1191226451089,6.982407093386282,96.1819261828619,774.9196035556332,89.19951908947561,0.10322595201507835,0.0
3600000.0,700000.0,0.8,583.15,894.0562007361726,6.982407093386282,98.3907810098976,802.6478268196613,91.40837391651131,0.10224007600556315,0.0
3600000.0,700000.0,0.8,593.15,924.245802064421,6.982407093386282,100.57740579988948,830.6508033579178,93.59499870650319,0.10126634981456968,1.1368683772161603e-13
3600000.0,700000.0,0.8,603.15,954.6917283593217,6.982407093386282,102.74393299642182,858.9302024562862,95.76152590303553,0.10030622771562689,0.0
3600000.0,700000.0,0.8,613.15,985.3965555337096,6.982407093386282,104.89220886436664,887.4867537627292,97.90980177098035,0.0993608118692383,0.0
3600000.0,700000.0,0.8,623.15,1016.3618780397976,6.982407093386282,107.02384284909675,916.3204422840872,100.04143575571047,0.09843092103046505,-1.1368683772161603e-13
3600000.0,700000.0,0.85,413.15,383.75118924813137,6.982407093386282,52.959669092728056,337.77392724878956,45.97726199934178,0.11981008342781484,0.0
3600000.0,700000.0,0.85,423.15,424.5869920909641,6.982407093386282,58.80746142620407,372.7619377581463,51.825054332817786,0.12205992010634824,0.0
3600000.0,700000.0,0.85,433.15,457.98069918914103,6.982407093386282,63.15440600652038,401.80870027600696,56.171998913134104,0.12265145455384285,-5.684341886080802e-14
3600000.0,700000.0,0.85,443.15,488.78436000641483,6.982407093386282,66.89982537007367,428.86694172972744,59.917418276687386,0.12258456525880047,0.0
3600000.0,700000.0,0.85,453.15,518.3357212743447,6.982407093386282,70.29899108786555,455.01913727986545,63.31658399447926,0.12215361858297832,0.0
3600000.0,700000.0,0.85,463.15,547.2215178040688,6.982407093386282,73.46724405443553,480.7366808430195,66.48483696104924,0.12149528992910319,1.1368683772161603e-13
3600000.0,700000.0,0.85,473.15,575.7565746946058,6.982407093386282,76.46839091515203,506.27059087284005,69.48598382176574,0.12068639226329751,0.0
3600000.0,700000.0,0.85,483.15,604.1302227622614,6.982407093386282,79.34208398021187,531.7705458754358,72.35967688682558,0.11977496599321884,0.0
3600000.0,700000.0,0.85,493.15,632.4649116547372,6.982407093386282,82.11491538631171,557.3324033618118,75.13250829292542,0.1187931645035516,0.0
3600000.0,700000.0,0.85,503.15,660.8438737715769,6.982407093386282,84.80571106070455,583.0205698042587,77.82330396731827,0.11776352487489077,0.0
3600000.0,700000.0,0.85,513.15,689.3257201743575,6.982407093386282,87.42835238066048,608.8797748870832,80.4459452872742,0.1167023700594347,1.1368683772161603e-13
3600000.0,700000.0,0.85,523.15,717.9527895494047,6.982407093386282,89.99340540738369,634.9417912354072,83.0109983139974,0.11562180622781068,1.1368683772161603e-13
3600000.0,700000.0,0.85,533.15,746.7562272746168,6.982407093386282,92.5091207686318,661.2295135993713,85.52671367524552,0.11453096814121831,0.0
3600000.0,700000.0,0.85,543.15,775.7592294745682,6.982407093386282,94.98207767829997,687.7595588896545,87.99967058491369,0.11343683354501242,0.0
3600000.0,700000.0,0.85,553.15,804.9791985829551,6.982407093386282,97.41761540053645,714.5439902758048,90.43520830715016,0.11234477669279871,1.1368683772161603e-13
3600000.0,700000.0,0.85,563.15,834.4292232500193,6.982407093386282,99.82013193198084,741.5914984114247,92.83772483859455,0.11125895672373602,0.0
3600000.0,700000.0,0.85,573.15,864.1191226451089,6.982407093386282,102.19329656929081,768.9082331692043,95.21088947590452,0.11018259749241466,0.0
3600000.0,700000.0,0.85,583.15,894.0562007361726,6.982407093386282,104.54020482301618,796.4984030065427,97.5577977296299,0.10911819374363722,0.0
3600000.0,700000.0,0.85,593.15,924.245802064421,6.982407093386282,106.86349366238248,824.3647154954248,99.8810865689962,0.10806766592382572,1.1368683772161603e-13
3600000.0,700000.0,0.85,603.15,954.6917283593217,6.982407093386282,109.1654288086982,852.5087066440097,102.18302171531191,0.10703247831728654,1.1368683772161603e-13
3600000.0,700000.0,0.85,613.15,985.3965555337096,6.982407093386282,111.44797191838943,880.9309907087064,104.46556482500314,0.10601373045029835,1.1368683772161603e-13
3600000.0,700000.0,0.85,623.15,1016.3618780397976,6.982407093386282,113.71283302716539,909.6314521060185,106.7304259337791,0.10501222865582516,0.0
3600000.0,700000.0,0.9,413.15,383.75118924813137,6.982407093386282,56.074943745241384,334.6586525962762,49.0925366518551,0.1279280378206519,0.0
3600000.0,700000.0,0.9,423.15,424.5869920909641,6.982407093386282,62.26672386303963,369.30267532131074,55.284316769653344,0.13020727860124637,0.0
3600000.0,700000.0,0.9,433.15,457.98069918914103,6.982407093386282,66.86937106572744,398.09373521679987,59.88696397234115,0.1307630738115636,0.0
3600000.0,700000.0,0.9,443.15,488.78436000641483,6.982407093386282,70.83510921537213,424.931657884429,63.85270212198584,0.13063573090012093,-5.684341886080802e-14
3600000.0,700000.0,0.9,453.15,518.3357212743447,6.982407093386282,74.43422585774003,450.88390250999095,67.45181876435375,0.13013152672272196,0.0
3600000.0,700000.0,0.9,463.15,547.2215178040688,6.982407093386282,77.78884664587281,476.4150782515822,70.80643955248652,0.1293926449322093,1.1368683772161603e-13
3600000.0,700000.0,0.9,473.15,575.7565746946058,6.982407093386282,80.9665315572198,501.7724502307723,73.98412446383351,0.12849896590946677,0.0
3600000.0,700000.0,0.9,483.15,604.1302227622614,6.982407093386282,84.00926539081253,527.1033644648352,77.02685829742624,0.12750042192101688,0.0
3600000.0,700000.0,0.9,493.15,632.4649116547372,6.982407093386282,86.94520452668297,552.5021142214405,79.96279743329669,0.12643040895990196,0.0
3600000.0,700000.0,0.9,503.15,660.8438737715769,6.982407093386282,89.79428229956957,578.0319985653936,82.81187520618329,0.1253123142892409,1.1368683772161603e-13
3600000.0,700000.0,0.9,513.15,689.3257201743575,6.982407093386282,92.57119663834642,603.7369306293973,85.58878954496014,0.1241630582467043,0.0
3600000.0,700000.0,0.9,523.15,717.9527895494047,6.982407093386282,95.2871351372297,629.6480615055613,88.30472804384341,0.12299517367884936,0.0
3600000.0,700000.0,0.9,533.15,746.7562272746168,6.982407093386282,97.95083375502192,655.7878006129812,90.96842666163563,0.12181810253345546,0.0
3600000.0,700000.0,0.9,543.15,775.7592294745682,6.982407093386282,100.5692587181999,682.1723778497545,93.58685162481362,0.120639043750986,1.1368683772161603e-13
3600000.0,700000.0,0.9,553.15,804.9791985829551,6.982407093386282,103.148063365274,708.8135423110673,96.16565627188771,0.11946352954358684,1.1368683772161603e-13
3600000.0,700000.0,0.9,563.15,834.4292232500193,6.982407093386282,105.69190439856797,735.7197259448376,98.70949730518169,0.11829582971784948,0.0
3600000.0,700000.0,0.9,573.15,864.1191226451089,6.982407093386282,108.2046669557197,762.8968627827754,101.22225986233342,0.11713924296975094,0.0
3600000.0,700000.0,0.9,583.15,894.0562007361726,6.982407093386282,110.68962863613478,790.3489791934242,103.7072215427485,0.11599631148171131,0.0
3600000.0,700000.0,0.9,593.15,924.245802064421,6.982407093386282,113.14958152487549,818.0786276329318,106.1671744314892,0.11486898203308174,1.1368683772161603e-13
3600000.0,700000.0,0.9,603.15,954.6917283593217,6.982407093386282,115.58692462097457,846.0872108317334,108.60451752758829,0.11375872891894619,0.0
3600000.0,700000.0,0.9,613.15,985.3965555337096,6.982407093386282,118.00373497241246,874.3752276546834,111.02132787902617,0.11266664903135865,1.1368683772161603e-13
3600000.0,700000.0,0.9,623.15,1016.3618780397976,6.982407093386282,120.40182320523402,902.9424619279499,113.41941611184774,0.11159353628118526,0.0
