boiler_Pa,condenser_Pa,expander_eff,boiler_outlet_K,Q_in_kW,W_pump_kW,W_exp_kW,Q_out_kW,net_kW,thermal_eff,bal_kW
800000.0,5000.0,0.7,453.15,2653.6898624896808,0.9988680333111261,521.7288035820629,2132.959926940929,520.7299355487518,0.1962286335375322,0.0
800000.0,5000.0,0.7,493.15,2746.156531122289,0.9988680333111261,544.5386514665023,2202.6167476890982,543.5397834331911,0.19792745871301784,-4.547473508864641e-13
800000.0,5000.0,0.7,533.15,2833.167709537934,0.9988680333111261,569.0962396559478,2265.0703379152974,568.0973716226366,0.20051667598431316,0.0
800000.0,5000.0,0.7,573.15,2918.114619941631,0.9988680333111261,595.6447794652465,2323.4687085096957,594.6459114319354,0.2037774347067387,0.0
800000.0,5000.0,0.7,613.15,3002.3773652677364,0.9988680333111261,624.1850069513432,2379.191226349704,623.186138918032,0.20756422764413546,4.547473508864641e-13
800000.0,5000.0,0.7,653.15,3086.637743984464,0.9988680333111261,654.6499221935728,2432.986689824202,653.6510541602617,0.2117679845761491,4.547473508864641e-13
800000.0,5000.0,0.7,693.15,3171.27312172533,0.9988680333111261,686.9539848258794,2485.318004932762,685.9551167925682,0.21630275616859346,0.0
800000.0,5000.0,0.7,733.15,3256.512453299582,0.9988680333111261,721.0114613910406,2536.4998599418523,720.0125933577294,0.2210992906316677,4.547473508864641e-13
800000.0,5000.0,0.7,773.15,3342.5051626204618,0.9988680333111261,756.7428901040782,2586.761140549694,755.7440220707671,0.22610107847321254,9.094947017729282e-13
800000.0,5000.0,0.7,813.15,3429.3541852144854,0.9988680333111261,794.0767358936803,2636.2763173541166,793.0778678603691,0.23126158017730877,-4.547473508864641e-13
800000.0,5000.0,0.75,453.15,2653.6898624896808,0.9988680333111261,558.9951466950672,2095.6935838279246,557.996278661756,0.2102718507347525,0.0
800000.0,5000.0,0.75,493.15,2746.156531122289,0.9988680333111261,583.4342694283952,2163.721129727205,582.435401395084,0.21209111527122473,0.0
800000.0,5000.0,0.75,533.15,2833.167709537934,0.9988680333111261,609.745971059944,2224.4206065113012,608.7471030266329,0.21486447871662157,0.0
800000.0,5000.0,0.75,573.15,2918.114619941631,0.9988680333111261,638.1908351413356,2280.922652833607,637.1919671080244,0.21835741569355135,0.0
800000.0,5000.0,0.75,613.15,3002.3773652677364,0.9988680333111261,668.7696503050108,2334.6065829960367,667.7707822716997,0.2224140076449555,4.547473508864641e-13
800000.0,5000.0,0.75,653.15,3086.637743984464,0.9988680333111261,701.4106309216851,2386.22598109609,700.4117628883739,0.22691738421633817,4.547473508864641e-13
800000.0,5000.0,0.75,693.15,3171.27312172533,0.9988680333111261,736.0221265991563,2436.2498631594854,735.0232585658451,0.2317754511683169,-4.547473508864641e-13
800000.0,5000.0,0.75,733.15,3256.512453299582,0.9988680333111261,772.5122800618294,2484.9990412710636,771.5134120285182,0.23691400634651377,0.0
800000.0,5000.0,0.75,773.15,3342.5051626204618,0.9988680333111261,810.7959536829413,2532.7080769708314,809.7970856496302,0.24227250108860396,4.547473508864641e-13
800000.0,5000.0,0.75,813.15,3429.3541852144854,0.9988680333111261,850.7965027432288,2579.556550504568,849.7976347099176,0.2478010694765166,0.0
800000.0,5000.0,0.8,453.15,2653.6898624896808,0.9988680333111261,596.2614898080718,2058.42724071492,595.2626217747606,0.22431506793197292,0.0
800000.0,5000.0,0.8,493.15,2746.156531122289,0.9988680333111261,622.3298873902885,2124.8255117653116,621.3310193569773,0.22625477182943177,0.0
800000.0,5000.0,0.8,533.15,2833.167709537934,0.9988680333111261,650.3957024639402,2183.770875107305,649.396834430629,0.2292122814489299,0.0
800000.0,5000.0,0.8,573.15,2918.114619941631,0.9988680333111261,680.7368908174248,2238.3765971575176,679.7380227841136,0.23293739668036406,0.0
800000.0,5000.0,0.8,613.15,3002.3773652677364,0.9988680333111261,713.3542936586784,2290.021939642369,712.3554256253673,0.23726378764577555,4.547473508864641e-13
800000.0,5000.0,0.8,653.15,3086.637743984464,0.9988680333111261,748.1713396497979,2339.4652723679774,747.1724716164867,0.24206678385652744,0.0
800000.0,5000.0,0.8,693.15,3171.27312172533,0.9988680333111261,785.0902683724337,2387.1817213862073,784.0914003391225,0.24724814616804053,0.0
800000.0,5000.0,0.8,733.15,3256.512453299582,0.9988680333111261,824.0130987326177,2433.4982226002758,823.0142306993065,0.25272872206135966,0.0
800000.0,5000.0,0.8,773.15,3342.5051626204618,0.9988680333111261,864.8490172618041,2478.6550133919686,863.8501492284929,0.25844392370399527,4.547473508864641e-13
800000.0,5000.0,0.8,813.15,3429.3541852144854,0.9988680333111261,907.5162695927773,2522.8367836550196,906.5174015594662,0.26434055877572443,-4.547473508864641e-13
800000.0,5000.0,0.85,453.15,2653.6898624896808,0.9988680333111261,633.5278329210765,2021.1608976019154,632.5289648877654,0.2383582851291934,0.0
800000.0,5000.0,0.85,493.15,2746.156531122289,0.9988680333111261,661.2255053521814,2085.929893803419,660.2266373188702,0.24041842838763866,0.0
800000.0,5000.0,0.85,533.15,2833.167709537934,0.9988680333111261,691.0454338679365,2143.121143703309,690.0465658346253,0.24356008418123828,0.0
800000.0,5000.0,0.85,573.15,2918.114619941631,0.9988680333111261,723.2829464935139,2195.8305414814286,722.2840784602027,0.24751737766717677,0.0
800000.0,5000.0,0.85,613.15,3002.3773652677364,0.9988680333111261,757.9389370123455,2245.437296288702,756.9400689790343,0.25211356764659537,4.547473508864641e-13
800000.0,5000.0,0.85,653.15,3086.637743984464,0.9988680333111261,794.9320483779102,2292.7045636398652,793.933180344599,0.2572161834967165,0.0
800000.0,5000.0,0.85,693.15,3171.27312172533,0.9988680333111261,834.1584101457107,2338.11357961293,833.1595421123995,0.262720841167764,4.547473508864641e-13
800000.0,5000.0,0.85,733.15,3256.512453299582,0.9988680333111261,875.5139174034065,2381.997403929487,874.5150493700953,0.2685434377762057,-4.547473508864641e-13
800000.0,5000.0,0.85,773.15,3342.5051626204618,0.9988680333111261,918.9020808406668,2424.601949813106,917.9032128073557,0.27461534631938656,4.547473508864641e-13
800000.0,5000.0,0.85,813.15,3429.3541852144854,0.9988680333111261,964.2360364423259,2466.117016805471,963.2371684090148,0.2808800480749323,-4.547473508864641e-13
800000.0,5000.0,0.9,453.15,2653.6898624896808,0.9988680333111261,670.7941760340808,1983.8945544889111,669.7953080007696,0.25240150232641373,0.0
800000.0,5000.0,0.9,493.15,2746.156531122289,0.9988680333111261,700.1211233140742,2047.034275841526,699.122255280763,0.25458208494584555,0.0
800000.0,5000.0,0.9,533.15,2833.167709537934,0.9988680333111261,731.6951652719328,2102.4714122993128,730.6962972386216,0.25790788691354666,0.0
800000.0,5000.0,0.9,573.15,2918.114619941631,0.9988680333111261,765.8290021696025,2153.28448580534,764.8301341362913,0.2620973586539893,0.0
800000.0,5000.0,0.9,613.15,3002.3773652677364,0.9988680333111261,802.5235803660131,2200.8526529350347,801.5247123327019,0.2669633476474154,0.0
800000.0,5000.0,0.9,653.15,3086.637743984464,0.9988680333111261,841.6927571060224,2245.943854911753,840.6938890727113,0.27236558313690556,0.0
800000.0,5000.0,0.9,693.15,3171.27312172533,0.9988680333111261,883.2265519189881,2289.0454378396535,882.2276838856769,0.2781935361674876,-4.547473508864641e-13
800000.0,5000.0,0.9,733.15,3256.512453299582,0.9988680333111261,927.0147360741953,2330.496585258698,926.0158680408841,0.2843581534910518,0.0
800000.0,5000.0,0.9,773.15,3342.5051626204618,0.9988680333111261,972.9551444195295,2370.5488862342436,971.9562763862183,0.29078676893477784,0.0
800000.0,5000.0,0.9,813.15,3429.3541852144854,0.9988680333111261,1020.9558032918744,2409.3972499559222,1019.9569352585632,0.29741953737414006,0.0
800000.0,8000.0,0.7,453.15,2617.5992991071735,0.9982266425536364,484.36875406112756,2134.2287716885994,483.37052741857394,0.1846617729395958,0.0
800000.0,8000.0,0.7,493.15,2710.0659677397816,0.9982266425536364,505.99591392953926,2205.0682804527964,504.99768728698564,0.18634147408159146,-4.547473508864641e-13
800000.0,8000.0,0.7,533.15,2797.077146155427,0.9982266425536364,529.5278759105993,2268.5474968873814,528.5296492680457,0.1889578376465261,-4.547473508864641e-13
800000.0,8000.0,0.7,573.15,2882.024056559124,0.9982266425536364,555.1477349413806,2327.874548260297,554.149508298827,0.19227789130963444,-4.547473508864641e-13
800000.0,8000.0,0.7,613.15,2966.286801885229,0.9982266425536364,582.8289900100143,2384.4560385177683,581.8307633674607,0.1961478448401136,0.0
800000.0,8000.0,0.7,653.15,3050.547180601957,0.9982266425536364,612.4892848683446,2439.0561223761656,611.491058225791,0.2004529096006727,4.547473508864641e-13
800000.0,8000.0,0.7,693.15,3135.1825583428226,0.9982266425536364,644.0332124277708,2492.1475725576056,643.0349857852171,0.20510288438358404,0.0
800000.0,8000.0,0.7,733.15,3220.4218899170746,0.9982266425536364,677.3680982606486,2544.05201829898,676.369871618095,0.2100252372944563,-4.547473508864641e-13
800000.0,8000.0,0.7,773.15,3306.4145992379545,0.9982266425536364,712.4092873490699,2595.003538531438,711.4110607065163,0.2151608757324259,0.0
800000.0,8000.0,0.7,813.15,3393.263621831978,0.9982266425536364,749.0811932146619,2645.18065525987,748.0829665721083,0.22046119899409058,0.0
800000.0,8000.0,0.75,453.15,2617.5992991071735,0.9982266425536364,518.9665222083507,2099.6310035413762,517.9682955657971,0.19787913900438042,0.0
800000.0,8000.0,0.75,493.15,2710.0659677397816,0.9982266425536364,542.1384792102208,2168.925715172115,541.1402525676672,0.19967788939801448,-4.547473508864641e-13
800000.0,8000.0,0.75,533.15,2797.077146155427,0.9982266425536364,567.3512956184992,2230.7240771794814,566.3530689759456,0.20248031762527394,0.0
800000.0,8000.0,0.75,573.15,2882.024056559124,0.9982266425536364,594.8011445800504,2288.2211386216272,593.8029179374968,0.20603676662104053,0.0
800000.0,8000.0,0.75,613.15,2966.286801885229,0.9982266425536364,624.459632153587,2342.825396374196,623.4614055110334,0.21018244261303098,0.0
800000.0,8000.0,0.75,653.15,3050.547180601957,0.9982266425536364,656.2385195017979,2395.3068877427127,655.2402928592443,0.21479434805199352,0.0
800000.0,8000.0,0.75,693.15,3135.1825583428226,0.9982266425536364,690.03558474404,2446.1452002413366,689.0373581014863,0.21977583291535466,-4.547473508864641e-13
800000.0,8000.0,0.75,733.15,3220.4218899170746,0.9982266425536364,725.751533850695,2495.668582708933,724.7533072081413,0.22504918050560252,0.0
800000.0,8000.0,0.75,773.15,3306.4145992379545,0.9982266425536364,763.2956650168607,2544.1171608636473,762.297438374307,0.2305510744327095,0.0
800000.0,8000.0,0.75,813.15,3393.263621831978,0.9982266425536364,802.5869927299949,2591.674855744537,801.5887660874413,0.2362294402739844,-4.547473508864641e-13
800000.0,8000.0,0.8,453.15,2617.5992991071735,0.9982266425536364,553.5642903555744,2065.0332353941526,552.5660637130208,0.21109650506916522,0.0
800000.0,8000.0,0.8,493.15,2710.0659677397816,0.9982266425536364,578.2810444909022,2132.7831498914334,577.2828178483486,0.21301430471443744,-4.547473508864641e-13
800000.0,8000.0,0.8,533.15,2797.077146155427,0.9982266425536364,605.1747153263991,2192.9006574715813,604.1764886838455,0.21600279760402177,0.0
800000.0,8000.0,0.8,573.15,2882.024056559124,0.9982266425536364,634.4545542187207,2248.5677289829573,633.456327576167,0.21979564193244683,-4.547473508864641e-13
800000.0,8000.0,0.8,613.15,2966.286801885229,0.9982266425536364,666.0902742971597,2301.194754230623,665.0920476546061,0.22421704038594836,0.0
800000.0,8000.0,0.8,653.15,3050.547180601957,0.9982266425536364,699.9877541352511,2351.5576531092593,698.9895274926974,0.22913578650331434,0.0
800000.0,8000.0,0.8,693.15,3135.1825583428226,0.9982266425536364,736.0379570603092,2400.142827925067,735.0397304177555,0.23444878144712528,0.0
800000.0,8000.0,0.8,733.15,3220.4218899170746,0.9982266425536364,774.1349694407414,2447.285147118887,773.1367427981878,0.2400731237167488,0.0
800000.0,8000.0,0.8,773.15,3306.4145992379545,0.9982266425536364,814.1820426846515,2493.2307831958565,813.1838160420979,0.24594127313299316,0.0
800000.0,8000.0,0.8,813.15,3393.263621831978,0.9982266425536364,856.0927922453279,2538.1690562292038,855.0945656027743,0.25199768155387825,0.0
800000.0,8000.0,0.85,453.15,2617.5992991071735,0.9982266425536364,588.162058502798,2030.435467246929,587.1638318602444,0.22431387113395002,0.0
800000.0,8000.0,0.85,493.15,2710.0659677397816,0.9982266425536364,614.4236097715836,2096.6405846107514,613.42538312903,0.22635072003086038,4.547473508864641e-13
800000.0,8000.0,0.85,533.15,2797.077146155427,0.9982266425536364,642.998135034299,2155.0772377636813,641.9999083917454,0.2295252775827696,0.0
800000.0,8000.0,0.85,573.15,2882.024056559124,0.9982266425536364,674.1079638573909,2208.914319344287,673.1097372148373,0.2335545172438531,-4.547473508864641e-13
800000.0,8000.0,0.85,613.15,2966.286801885229,0.9982266425536364,707.7209164407318,2259.564112087051,706.7226897981782,0.23825163815886558,0.0
800000.0,8000.0,0.85,653.15,3050.547180601957,0.9982266425536364,743.7369887687042,2307.8084184758063,742.7387621261506,0.24347722495463514,0.0
800000.0,8000.0,0.85,693.15,3135.1825583428226,0.9982266425536364,782.0403293765784,2354.140455608798,781.0421027340248,0.24912172997889592,-4.547473508864641e-13
800000.0,8000.0,0.85,733.15,3220.4218899170746,0.9982266425536364,822.5184050307879,2398.9017115288407,821.5201783882343,0.2550970669278951,-4.547473508864641e-13
800000.0,8000.0,0.85,773.15,3306.4145992379545,0.9982266425536364,865.0684203524422,2442.3444055280656,864.0701937098886,0.26133147183327676,4.547473508864641e-13
800000.0,8000.0,0.85,813.15,3393.263621831978,0.9982266425536364,909.598591760661,2484.663256713871,908.6003651181073,0.26776592283377204,0.0
800000.0,8000.0,0.9,453.15,2617.5992991071735,0.9982266425536364,622.7598266500212,1995.8376990997058,621.7616000074676,0.23753123719873465,0.0
800000.0,8000.0,0.9,493.15,2710.0659677397816,0.9982266425536364,650.5661750522652,2060.4980193300703,649.5679484097116,0.2396871353472834,-4.547473508864641e-13
800000.0,8000.0,0.9,533.15,2797.077146155427,0.9982266425536364,680.8215547421989,2117.2538180557817,679.8233280996453,0.24304775756151747,-4.547473508864641e-13
800000.0,8000.0,0.9,573.15,2882.024056559124,0.9982266425536364,713.7613734960607,2169.260909705617,712.7631468535071,0.2473133925552592,-4.547473508864641e-13
800000.0,8000.0,0.9,613.15,2966.286801885229,0.9982266425536364,749.3515585843045,2217.933469943478,748.3533319417509,0.25228623593178295,0.0
800000.0,8000.0,0.9,653.15,3050.547180601957,0.9982266425536364,787.4862234021574,2264.059183842353,786.4879967596038,0.25781866340595594,0.0
800000.0,8000.0,0.9,693.15,3135.1825583428226,0.9982266425536364,828.0427016928476,2308.138083292529,827.044475050294,0.26379467851066657,0.0
800000.0,8000.0,0.9,733.15,3220.4218899170746,0.9982266425536364,870.9018406208344,2350.518275938794,869.9036139782808,0.27012101013904133,0.0
800000.0,8000.0,0.9,773.15,3306.4145992379545,0.9982266425536364,915.9547980202329,2391.458027860275,914.9565713776793,0.2767216705335604,4.547473508864641e-13
800000.0,8000.0,0.9,813.15,3393.263621831978,0.9982266425536364,963.104391275994,2431.157457198538,962.1061646334404,0.2835341641136659,0.0
800000.0,12000.0,0.7,453.15,2584.530206482441,0.9965363825397798,450.7520894394638,2134.7746534255166,449.75555305692404,0.174018300087521,4.547473508864641e-13
800000.0,12000.0,0.7,493.15,2676.996875115049,0.9965363825397798,471.29581419406924,2206.6975973035196,470.29927781152946,0.17568166858294051,0.0
800000.0,12000.0,0.7,533.15,2764.008053530694,0.9965363825397798,493.8882220131303,2271.1163679001033,492.89168563059053,0.1783249817239062,0.0
800000.0,12000.0,0.7,573.15,2848.9549639343913,0.9965363825397798,518.657336509997,2331.2941638069337,517.6608001274572,0.1817019948299114,4.547473508864641e-13
800000.0,12000.0,0.7,613.15,2933.217709260496,0.9965363825397798,545.5517053785012,2388.662540264535,544.5551689959614,0.1856511254779145,0.0
800000.0,12000.0,0.7,653.15,3017.478087977224,0.9965363825397798,574.4749047683845,2443.9997195913793,573.4783683858446,0.19005220640070256,0.0
800000.0,12000.0,0.7,693.15,3102.11346571809,0.9965363825397798,605.3224888982381,2497.7875132023914,604.3259525156983,0.19481104066443503,4.547473508864641e-13
800000.0,12000.0,0.7,733.15,3187.352797292342,0.9965363825397798,637.9954248663541,2550.3539088085276,636.9988884838143,0.19985201795827096,4.547473508864641e-13
800000.0,12000.0,0.7,773.15,3273.3455066132215,0.9965363825397798,672.4043002455682,2601.937742750193,671.4077638630283,0.20511362534341898,0.0
800000.0,12000.0,0.7,813.15,3360.1945292072455,0.9965363825397798,708.469817150434,2652.7212484393513,707.4732807678942,0.2105453343901506,0.0
800000.0,12000.0,0.75,453.15,2584.530206482441,0.9965363825397798,482.94866725656857,2102.578075608412,481.9521308740288,0.18647571990654663,4.547473508864641e-13
800000.0,12000.0,0.75,493.15,2676.996875115049,0.9965363825397798,504.9598009222173,2173.0336105753713,503.96326453967754,0.18825694912999058,4.547473508864641e-13
800000.0,12000.0,0.75,533.15,2764.008053530694,0.9965363825397798,529.1659521569251,2235.8386377563083,528.1694157743852,0.19108823329936075,4.547473508864641e-13
800000.0,12000.0,0.75,573.15,2848.9549639343913,0.9965363825397798,555.704289117854,2294.247211199077,554.7077527353142,0.1947056937570069,4.547473508864641e-13
800000.0,12000.0,0.75,613.15,2933.217709260496,0.9965363825397798,584.5196843341087,2349.6945613089274,583.5231479515688,0.19893618741947489,0.0
800000.0,12000.0,0.75,653.15,3017.478087977224,0.9965363825397798,615.5088265375551,2402.9657978222085,614.5122901550153,0.20365095362364524,0.0
800000.0,12000.0,0.75,693.15,3102.11346571809,0.9965363825397798,648.5598095338265,2454.550192566803,647.5632731512867,0.2087490610216561,4.547473508864641e-13
800000.0,12000.0,0.75,733.15,3187.352797292342,0.9965363825397798,683.5665266425228,2504.782807032359,682.569990259983,0.2141494944769925,4.547473508864641e-13
800000.0,12000.0,0.75,773.15,3273.3455066132215,0.9965363825397798,720.4331788345376,2553.908864161224,719.4366424519977,0.21978634427636862,0.0
800000.0,12000.0,0.75,813.15,3360.1945292072455,0.9965363825397798,759.0748040897506,2602.1162615000344,758.0782677072108,0.22560547049222787,4.547473508864641e-13
800000.0,12000.0,0.8,453.15,2584.530206482441,0.9965363825397798,515.1452450736733,2070.381497791307,514.1487086911335,0.19893313972557225,4.547473508864641e-13
800000.0,12000.0,0.8,493.15,2676.996875115049,0.9965363825397798,538.6237876503649,2139.369623847224,537.627251267825,0.20083222967704042,4.547473508864641e-13
800000.0,12000.0,0.8,533.15,2764.008053530694,0.9965363825397798,564.4436823007204,2200.5609076125133,563.4471459181806,0.20385148487481555,0.0
800000.0,12000.0,0.8,573.15,2848.9549639343913,0.9965363825397798,592.7512417257111,2257.2002585912196,591.7547053431713,0.2077093926841024,4.547473508864641e-13
800000.0,12000.0,0.8,613.15,2933.217709260496,0.9965363825397798,623.487663289716,2310.72658235332,622.4911269071762,0.2122212493610352,4.547473508864641e-13
800000.0,12000.0,0.8,653.15,3017.478087977224,0.9965363825397798,656.5427483067257,2361.931876053038,655.5462119241859,0.21724970084658787,0.0
800000.0,12000.0,0.8,693.15,3102.11346571809,0.9965363825397798,691.7971301694149,2411.312871931215,690.8005937868751,0.2226870813788772,4.547473508864641e-13
800000.0,12000.0,0.8,733.15,3187.352797292342,0.9965363825397798,729.1376284186905,2459.211705256191,728.1410920361507,0.22844697099571373,4.547473508864641e-13
800000.0,12000.0,0.8,773.15,3273.3455066132215,0.9965363825397798,768.4620574235068,2505.879985572254,767.465521040967,0.2344590632093182,4.547473508864641e-13
800000.0,12000.0,0.8,813.15,3360.1945292072455,0.9965363825397798,809.6797910290672,2551.511274560718,808.6832546465274,0.24066560659430516,0.0
800000.0,12000.0,0.85,453.15,2584.530206482441,0.9965363825397798,547.3418228907776,2038.184919974203,546.3452865082378,0.21139055954459768,4.547473508864641e-13
800000.0,12000.0,0.85,493.15,2676.996875115049,0.9965363825397798,572.2877743785125,2105.705637119076,571.2912379959727,0.21340751022409032,4.547473508864641e-13
800000.0,12000.0,0.85,533.15,2764.008053530694,0.9965363825397798,599.7214124445156,2165.283177468718,598.7248760619758,0.2166147364502703,0.0
800000.0,12000.0,0.85,573.15,2848.9549639343913,0.9965363825397798,629.7981943335682,2220.1533059833628,628.8016579510283,0.2207130916111979,4.547473508864641e-13
800000.0,12000.0,0.85,613.15,2933.217709260496,0.9965363825397798,662.4556422453229,2271.758603397713,661.4591058627831,0.22550631130259535,0.0
800000.0,12000.0,0.85,653.15,3017.478087977224,0.9965363825397798,697.5766700758958,2320.897954283868,696.580133693356,0.23084844806953037,0.0
800000.0,12000.0,0.85,693.15,3102.11346571809,0.9965363825397798,735.0344508050038,2368.075551295626,734.0379144224639,0.2366251017360984,0.0
800000.0,12000.0,0.85,733.15,3187.352797292342,0.9965363825397798,774.7087301948587,2413.640603480023,773.7121938123189,0.24274444751443514,4.547473508864641e-13
800000.0,12000.0,0.85,773.15,3273.3455066132215,0.9965363825397798,816.4909360124758,2457.8511069832853,815.494399629936,0.2491317821422677,4.547473508864641e-13
800000.0,12000.0,0.85,813.15,3360.1945292072455,0.9965363825397798,860.2847779683839,2500.906287621401,859.288241585844,0.25572574269638243,4.547473508864641e-13
800000.0,12000.0,0.9,453.15,2584.530206482441,0.9965363825397798,579.5384007078824,2005.9883421570983,578.5418643253425,0.22384797936362333,4.547473508864641e-13
800000.0,12000.0,0.9,493.15,2676.996875115049,0.9965363825397798,605.9517611066606,2072.041650390928,604.9552247241207,0.22598279077114036,4.547473508864641e-13
800000.0,12000.0,0.9,533.15,2764.008053530694,0.9965363825397798,634.9991425883104,2130.0054473249234,634.0026062057706,0.22937798802572487,0.0
800000.0,12000.0,0.9,573.15,2848.9549639343913,0.9965363825397798,666.8451469414252,2183.1063533755055,665.8486105588854,0.23371679053829342,4.547473508864641e-13
800000.0,12000.0,0.9,613.15,2933.217709260496,0.9965363825397798,701.4236212009304,2232.7906244421056,700.4270848183905,0.23879137324415572,0.0
800000.0,12000.0,0.9,653.15,3017.478087977224,0.9965363825397798,738.6105918450663,2279.8640325146976,737.6140554625265,0.24444719529247302,0.0
800000.0,12000.0,0.9,693.15,3102.11346571809,0.9965363825397798,778.2717714405921,2324.8382306600374,777.2752350580523,0.2505631220933195,4.547473508864641e-13
800000.0,12000.0,0.9,733.15,3187.352797292342,0.9965363825397798,820.279831971027,2368.0695017038547,819.2832955884871,0.2570419240331565,4.547473508864641e-13
800000.0,12000.0,0.9,773.15,3273.3455066132215,0.9965363825397798,864.5198146014451,2409.822228394316,863.5232782189053,0.2638045010752173,4.547473508864641e-13
800000.0,12000.0,0.9,813.15,3360.1945292072455,0.9965363825397798,910.889764907701,2450.3013006820843,909.8932285251611,0.2707858787984599,0.0
800000.0,20000.0,0.7,453.15,2540.022789915809,0.9915666477385675,406.42669345405045,2134.587663109497,405.43512680631187,0.159618696499865,0.0
800000.0,20000.0,0.7,493.15,2632.489458548417,0.9915666477385675,425.513129005678,2207.967896190478,424.52156235793944,0.16126239783388352,0.0
800000.0,20000.0,0.7,533.15,2719.5006369640623,0.9915666477385675,446.84177666185934,2273.6504269499414,445.85021001412076,0.1639456170570526,0.0
800000.0,20000.0,0.7,573.15,2804.4475473677594,0.9915666477385675,470.46658559952164,2334.9725284159767,469.47501895178306,0.16740374388261603,-4.547473508864641e-13
800000.0,20000.0,0.7,613.15,2888.7102926938646,0.9915666477385675,496.302542433186,2393.3993169084174,495.3109757854474,0.17146439954127263,0.0
800000.0,20000.0,0.7,653.15,2972.9706714105923,0.9915666477385675,524.2343014921779,2449.727936566153,523.2427348444394,0.17599996524559564,0.0
800000.0,20000.0,0.7,693.15,3057.606049151458,0.9915666477385675,554.1452593778301,2504.452356421367,553.1536927300916,0.18091071375385392,-4.547473508864641e-13
800000.0,20000.0,0.7,733.15,3142.84538072571,0.9915666477385675,585.9278306360179,2557.909116737431,584.9362639882794,0.18611678053764533,0.0
800000.0,20000.0,0.7,773.15,3228.8380900465895,0.9915666477385675,619.4862038212563,2610.3434528730722,618.4946371735177,0.1915533142030647,-4.547473508864641e-13
800000.0,20000.0,0.7,813.15,3315.6871126406136,0.9915666477385675,654.427070914661,2662.2516083736914,653.4355042669225,0.19707393432142226,0.0
800000.0,20000.0,0.75,453.15,2540.022789915809,0.9915666477385675,435.4571715579112,2105.5571850056363,434.4656049101726,0.1710479160403806,0.0
800000.0,20000.0,0.75,493.15,2632.489458548417,0.9915666477385675,455.90692393465525,2177.574101261501,454.9153572869167,0.1728080451793193,-4.547473508864641e-13
800000.0,20000.0,0.75,533.15,2719.5006369640623,0.9915666477385675,478.7590464234208,2241.73315718838,477.7674797756822,0.175682062096901,0.0
800000.0,20000.0,0.75,573.15,2804.4475473677594,0.9915666477385675,504.07134171377356,2301.3677723017245,503.079775066035,0.1793864091122771,0.0
800000.0,20000.0,0.75,613.15,2888.7102926938646,0.9915666477385675,531.7527240355564,2357.9491353060466,530.7611573878179,0.18373637492490014,0.0
800000.0,20000.0,0.75,653.15,2972.9706714105923,0.9915666477385675,561.6796087416192,2412.282629316712,560.6880420938807,0.1885952147075335,0.0
800000.0,20000.0,0.75,693.15,3057.606049151458,0.9915666477385675,593.7270636191042,2464.870552180093,592.7354969713657,0.19385607152885528,-4.547473508864641e-13
800000.0,20000.0,0.75,733.15,3142.84538072571,0.9915666477385675,627.7798185385903,2516.0571288348588,626.7882518908518,0.19943337198030436,-4.547473508864641e-13
800000.0,20000.0,0.75,773.15,3228.8380900465895,0.9915666477385675,663.7352183799176,2566.094438314411,662.743651732179,0.2052576292924667,-4.547473508864641e-13
800000.0,20000.0,0.75,813.15,3315.6871126406136,0.9915666477385675,701.1718616942796,2615.506817594073,700.1802950465411,0.2111720048544983,0.0
800000.0,20000.0,0.8,453.15,2540.022789915809,0.9915666477385675,464.48764966177197,2076.5267069017755,463.4960830140334,0.18247713558089623,0.0
800000.0,20000.0,0.8,493.15,2632.489458548417,0.9915666477385675,486.3007188636321,2147.1803063325237,485.3091522158935,0.18435369252475495,0.0
800000.0,20000.0,0.8,533.15,2719.5006369640623,0.9915666477385675,510.67631618498217,2209.815887426819,509.6847495372436,0.18741850713674937,0.0
800000.0,20000.0,0.8,573.15,2804.4475473677594,0.9915666477385675,537.676097828025,2267.763016187473,536.6845311802865,0.19136907434193803,0.0
800000.0,20000.0,0.8,613.15,2888.7102926938646,0.9915666477385675,567.2029056379268,2322.4989537036763,566.2113389901883,0.1960083503085276,0.0
800000.0,20000.0,0.8,653.15,2972.9706714105923,0.9915666477385675,599.1249159910604,2374.8373220672706,598.1333493433219,0.20119046416947134,0.0
800000.0,20000.0,0.8,693.15,3057.606049151458,0.9915666477385675,633.3088678603777,2425.288747938819,632.3173012126392,0.20680142930385648,0.0
800000.0,20000.0,0.8,733.15,3142.84538072571,0.9915666477385675,669.6318064411632,2474.2051409322858,668.6402397934247,0.21274996342296354,-4.547473508864641e-13
800000.0,20000.0,0.8,773.15,3228.8380900465895,0.9915666477385675,707.9842329385788,2521.8454237557494,706.9926662908402,0.2189619443818686,0.0
800000.0,20000.0,0.8,813.15,3315.6871126406136,0.9915666477385675,747.9166524738981,2568.762026814454,746.9250858261596,0.22527007538757432,0.0
800000.0,20000.0,0.85,453.15,2540.022789915809,0.9915666477385675,493.5181277656327,2047.4962287979147,492.5265611178941,0.19390635512141183,4.547473508864641e-13
800000.0,20000.0,0.85,493.15,2632.489458548417,0.9915666477385675,516.6945137926093,2116.7865114035467,515.7029471448708,0.19589933987019076,-4.547473508864641e-13
800000.0,20000.0,0.85,533.15,2719.5006369640623,0.9915666477385675,542.5935859465432,2177.898617665258,541.6020192988046,0.19915495217659762,0.0
800000.0,20000.0,0.85,573.15,2804.4475473677594,0.9915666477385675,571.2808539422764,2234.1582600732218,570.2892872945379,0.2033517395715989,0.0
800000.0,20000.0,0.85,613.15,2888.7102926938646,0.9915666477385675,602.6530872402974,2287.048772101306,601.6615205925589,0.20828032569215513,0.0
800000.0,20000.0,0.85,653.15,2972.9706714105923,0.9915666477385675,636.5702232405017,2337.392014817829,635.5786565927632,0.2137857136314092,4.547473508864641e-13
800000.0,20000.0,0.85,693.15,3057.606049151458,0.9915666477385675,672.8906721016513,2385.7069436975457,671.8991054539127,0.2197467870788577,-4.547473508864641e-13
800000.0,20000.0,0.85,733.15,3142.84538072571,0.9915666477385675,711.483794343736,2432.3531530297128,710.4922276959975,0.22606655486562266,0.0
800000.0,20000.0,0.85,773.15,3228.8380900465895,0.9915666477385675,752.2332474972401,2477.596409197088,751.2416808495016,0.2326662594712706,0.0
800000.0,20000.0,0.85,813.15,3315.6871126406136,0.9915666477385675,794.6614432535167,2522.0172360348356,793.6698766057782,0.23936814592065034,0.0
800000.0,20000.0,0.9,453.15,2540.022789915809,0.9915666477385675,522.5486058694935,2018.465750694054,521.557039221755,0.2053355746619275,4.547473508864641e-13
800000.0,20000.0,0.9,493.15,2632.489458548417,0.9915666477385675,547.0883087215861,2086.3927164745696,546.0967420738476,0.20744498721562638,0.0
800000.0,20000.0,0.9,533.15,2719.5006369640623,0.9915666477385675,574.5108557081046,2145.981347903696,573.5192890603661,0.21089139721644604,4.547473508864641e-13
800000.0,20000.0,0.9,573.15,2804.4475473677594,0.9915666477385675,604.8856100565279,2200.5535039589704,603.8940434087893,0.21533440480125982,-4.547473508864641e-13
800000.0,20000.0,0.9,613.15,2888.7102926938646,0.9915666477385675,638.1032688426678,2251.598590498935,637.1117021949293,0.2205523010757826,0.0
800000.0,20000.0,0.9,653.15,2972.9706714105923,0.9915666477385675,674.015530489943,2299.946707568388,673.0239638422045,0.22638096309334704,0.0
800000.0,20000.0,0.9,693.15,3057.606049151458,0.9915666477385675,712.4724763429249,2346.1251394562723,711.4809096951864,0.23269214485385892,-4.547473508864641e-13
800000.0,20000.0,0.9,733.15,3142.84538072571,0.9915666477385675,753.3357822463089,2390.50116512714,752.3442155985704,0.23938314630828184,-4.547473508864641e-13
800000.0,20000.0,0.9,773.15,3228.8380900465895,0.9915666477385675,796.4822620559008,2433.3473946384274,795.4906954081623,0.24637057456067238,0.0
800000.0,20000.0,0.9,813.15,3315.6871126406136,0.9915666477385675,841.4062340331357,2475.2724452552166,840.4146673853971,0.25346621645372647,0.0
800000.0,30000.0,0.7,453.15,2502.180556686824,0.9837421499221819,369.55663474071866,2133.6076640960273,368.57289259079647,0.14730067804492478,4.547473508864641e-13
800000.0,30000.0,0.7,493.15,2594.647225319432,0.9837421499221819,387.4052230973416,2208.2257443720127,386.4214809474194,0.1489302581008277,0.0
800000.0,30000.0,0.7,533.15,2681.658403735077,0.9837421499221819,407.6604105442623,2274.981735340737,406.6766683943401,0.151651182651717,4.547473508864641e-13
800000.0,30000.0,0.7,573.15,2766.6053141387742,0.9837421499221819,430.3132261234373,2337.275830165259,429.3294839735151,0.15518277282972778,4.547473508864641e-13
800000.0,30000.0,0.7,613.15,2850.8680594648795,0.9837421499221819,455.250149075693,2396.6016525391083,454.2664069257708,0.1593431886185005,4.547473508864641e-13
800000.0,30000.0,0.7,653.15,2935.128438181607,0.9837421499221819,482.3397612018031,2453.772419129726,481.35601905188093,0.1639982812302736,4.547473508864641e-13
800000.0,30000.0,0.7,693.15,3019.763815922473,0.9837421499221819,511.45513220821135,2509.2924258641838,510.47139005828916,0.16904348193282498,4.547473508864641e-13
800000.0,30000.0,0.7,733.15,3105.003147496725,0.9837421499221819,542.4814119516705,2563.5054776949764,541.4976698017483,0.1743952080171988,4.547473508864641e-13
800000.0,30000.0,0.7,773.15,3190.9958568176044,0.9837421499221819,574.6764950261535,2617.303103941373,573.6927528762313,0.17978486297640572,0.0
800000.0,30000.0,0.7,813.15,3277.8448794116284,0.9837421499221819,607.044439679191,2671.7841818823595,606.0606975292689,0.18489608868802127,4.547473508864641e-13
800000.0,30000.0,0.75,453.15,2502.180556686824,0.9837421499221819,395.95353722219824,2107.2107616145477,394.96979507227604,0.1578502374725754,4.547473508864641e-13
800000.0,30000.0,0.75,493.15,2594.647225319432,0.9837421499221819,415.0770247471519,2180.5539427222025,414.0932825972297,0.15959521531727686,0.0
800000.0,30000.0,0.75,533.15,2681.658403735077,0.9837421499221819,436.77901129742384,2245.863134587575,435.79526914750164,0.16250961290987537,4.547473508864641e-13
800000.0,30000.0,0.75,573.15,2766.6053141387742,0.9837421499221819,461.0498851322541,2306.539171156442,460.0661429823319,0.16629265498448859,4.547473508864641e-13
800000.0,30000.0,0.75,613.15,2850.8680594648795,0.9837421499221819,487.76801686681387,2364.0837847479875,486.7842747168917,0.1707494926328731,4.547473508864641e-13
800000.0,30000.0,0.75,653.15,2935.128438181607,0.9837421499221819,516.7926012876462,2419.319579043883,515.8088591377241,0.17573638428486688,4.547473508864641e-13
800000.0,30000.0,0.75,693.15,3019.763815922473,0.9837421499221819,547.987641651655,2472.75991642074,547.0038995017329,0.18114128549309574,4.547473508864641e-13
800000.0,30000.0,0.75,733.15,3105.003147496725,0.9837421499221819,581.2300842339326,2524.7568054127146,580.2463420840105,0.18687463893613412,0.0
800000.0,30000.0,0.75,773.15,3190.9958568176044,0.9837421499221819,615.72481609945,2576.2547828680767,614.7410739495278,0.1926486593945666,0.0
800000.0,30000.0,0.75,813.15,3277.8448794116284,0.9837421499221819,650.4047567991335,2628.423864762417,649.4210146492113,0.19812438920714945,4.547473508864641e-13
800000.0,30000.0,0.8,453.15,2502.180556686824,0.9837421499221819,422.35043970367826,2080.8138591330676,421.36669755375607,0.1683997969002262,4.547473508864641e-13
800000.0,30000.0,0.8,493.15,2594.647225319432,0.9837421499221819,442.74882639696216,2152.882141072392,441.76508424703997,0.17026017253372602,0.0
800000.0,30000.0,0.8,533.15,2681.658403735077,0.9837421499221819,465.89761205058545,2216.7445338344137,464.91386990066326,0.17336804316803373,4.547473508864641e-13
800000.0,30000.0,0.8,573.15,2766.6053141387742,0.9837421499221819,491.7865441410709,2275.8025121476253,490.8028019911487,0.17740253713924942,4.547473508864641e-13
800000.0,30000.0,0.8,613.15,2850.8680594648795,0.9837421499221819,520.2858846579352,2331.565916956866,519.302142508013,0.18215579664724588,4.547473508864641e-13
800000.0,30000.0,0.8,653.15,2935.128438181607,0.9837421499221819,551.2454413734894,2384.8667389580396,550.2616992235672,0.18747448733946018,4.547473508864641e-13
800000.0,30000.0,0.8,693.15,3019.763815922473,0.9837421499221819,584.5201510950989,2436.227406977296,583.5364089451767,0.19323908905336654,4.547473508864641e-13
800000.0,30000.0,0.8,733.15,3105.003147496725,0.9837421499221819,619.978756516195,2486.0081331304523,618.9950143662728,0.1993540698550695,0.0
800000.0,30000.0,0.8,773.15,3190.9958568176044,0.9837421499221819,656.7731371727465,2535.20646179478,655.7893950228244,0.20551245581272748,4.547473508864641e-13
800000.0,30000.0,0.8,813.15,3277.8448794116284,0.9837421499221819,693.765073919076,2585.0635476424745,692.7813317691539,0.21135268972627766,0.0
800000.0,30000.0,0.85,453.15,2502.180556686824,0.9837421499221819,448.7473421851583,2054.416956651588,447.7636000352361,0.178949356327877,0.0
800000.0,30000.0,0.85,493.15,2594.647225319432,0.9837421499221819,470.420628046772,2125.2103394225824,469.4368858968498,0.180925129750175,0.0
800000.0,30000.0,0.85,533.15,2681.658403735077,0.9837421499221819,495.01621280374707,2187.6259330812522,494.0324706538249,0.18422647342619208,4.547473508864641e-13
800000.0,30000.0,0.85,573.15,2766.6053141387742,0.9837421499221819,522.5232031498878,2245.0658531388085,521.5394609999656,0.18851241929401027,4.547473508864641e-13
800000.0,30000.0,0.85,613.15,2850.8680594648795,0.9837421499221819,552.8037524490561,2299.0480491657454,551.820010299134,0.1935621006616185,4.547473508864641e-13
800000.0,30000.0,0.85,653.15,2935.128438181607,0.9837421499221819,585.6982814593324,2350.4138988721966,584.7145393094103,0.19921259039405342,4.547473508864641e-13
800000.0,30000.0,0.85,693.15,3019.763815922473,0.9837421499221819,621.0526605385421,2399.6948975338532,620.06891838862,0.20533689261363716,0.0
800000.0,30000.0,0.85,733.15,3105.003147496725,0.9837421499221819,658.7274287984567,2447.2594608481904,657.7436866485345,0.2118335007740047,4.547473508864641e-13
800000.0,30000.0,0.85,773.15,3190.9958568176044,0.9837421499221819,697.8214582460434,2494.158140721483,696.8377160961213,0.2183762522308885,0.0
800000.0,30000.0,0.85,813.15,3277.8448794116284,0.9837421499221819,737.125391039018,2541.7032305225325,736.1416488890959,0.22458099024540568,0.0
800000.0,30000.0,0.9,453.15,2502.180556686824,0.9837421499221819,475.1442446666383,2028.0200541701076,474.1605025167161,0.18949891575552782,4.547473508864641e-13
800000.0,30000.0,0.9,493.15,2594.647225319432,0.9837421499221819,498.09242969658226,2097.538537772772,497.10868754666006,0.19159008696662416,0.0
800000.0,30000.0,0.9,533.15,2681.658403735077,0.9837421499221819,524.1348135569086,2158.5073323280903,523.1510714069865,0.19508490368435044,4.547473508864641e-13
800000.0,30000.0,0.9,573.15,2766.6053141387742,0.9837421499221819,553.2598621587045,2214.3291941299917,552.2761200087824,0.19962230144877108,4.547473508864641e-13
800000.0,30000.0,0.9,613.15,2850.8680594648795,0.9837421499221819,585.321620240177,2266.5301813746246,584.3378780902549,0.20496840467599112,0.0
800000.0,30000.0,0.9,653.15,2935.128438181607,0.9837421499221819,620.1511215451756,2315.9610587863535,619.1673793952534,0.21095069344864673,4.547473508864641e-13
800000.0,30000.0,0.9,693.15,3019.763815922473,0.9837421499221819,657.5851699819858,2363.1623880904094,656.6014278320637,0.2174346961739079,0.0
800000.0,30000.0,0.9,733.15,3105.003147496725,0.9837421499221819,697.4761010807189,2408.510788565928,696.4923589307967,0.22431293169294006,4.547473508864641e-13
800000.0,30000.0,0.9,773.15,3190.9958568176044,0.9837421499221819,738.8697793193398,2453.1098196481867,737.8860371694177,0.23124004864904935,0.0
800000.0,30000.0,0.9,813.15,3277.8448794116284,0.9837421499221819,780.48570815896,2498.3429134025905,779.5019660090379,0.23780929076453372,0.0
1300000.0,5000.0,0.7,493.15,2721.2824100424027,1.6269092013960471,583.7820740950015,2139.1272451487976,582.1551648936054,0.2139267731806396,-4.547473508864641e-13
1300000.0,5000.0,0.7,533.15,2815.2378255682024,1.6269092013960471,610.288868618655,2206.5758661509435,608.6619594172589,0.21620267882498062,-4.547473508864641e-13
1300000.0,5000.0,0.7,573.15,2904.2544435477043,1.6269092013960471,638.1050199443927,2267.7763328047076,636.4781107429966,0.21915370127333061,0.0
1300000.0,5000.0,0.7,613.15,2991.181139758799,1.6269092013960471,667.5454983439115,2325.262550616283,665.9185891425154,0.22262730273707643,4.547473508864641e-13
1300000.0,5000.0,0.7,653.15,3077.31663222254,1.6269092013960471,698.6872904031342,2380.256251020802,697.0603812017381,0.22651565129919632,-4.547473508864641e-13
1300000.0,5000.0,0.7,693.15,3163.340861577448,1.6269092013960471,731.520832924665,2433.4469378541794,729.8939237232689,0.23073514858569374,-4.547473508864641e-13
1300000.0,5000.0,0.7,733.15,3249.6477417829187,1.6269092013960471,766.004466791579,2485.2701841927355,764.377557590183,0.2352185893141782,0.0
1300000.0,5000.0,0.7,773.15,3336.4843487551107,1.6269092013960471,802.0863023630734,2536.0249555934333,800.4593931616773,0.23991102894288716,-4.547473508864641e-13
1300000.0,5000.0,0.7,813.15,3424.015281276073,1.6269092013960471,839.7131157260267,2585.9290747514424,838.0862065246306,0.24476707540051923,0.0
1300000.0,5000.0,0.75,493.15,2721.2824100424027,1.6269092013960471,625.4807936732154,2097.4285255705836,623.8538844718194,0.2292499603016574,-4.547473508864641e-13
1300000.0,5000.0,0.75,533.15,2815.2378255682024,1.6269092013960471,653.8809306628443,2162.983804106754,652.2540214614482,0.23168700545922905,-4.547473508864641e-13
1300000.0,5000.0,0.75,573.15,2904.2544435477043,1.6269092013960471,683.6839499404202,2222.19740280868,682.0570407390242,0.23484755003279068,0.0
1300000.0,5000.0,0.75,613.15,2991.181139758799,1.6269092013960471,715.2273196541909,2277.580729306004,713.6004104527948,0.23856810307059426,0.0
1300000.0,5000.0,0.75,653.15,3077.31663222254,1.6269092013960471,748.5935254319292,2330.3500159920072,746.9666162305331,0.24273310338268603,-4.547473508864641e-13
1300000.0,5000.0,0.75,693.15,3163.340861577448,1.6269092013960471,783.7723209907124,2381.1954497881316,782.1454117893163,0.24725296640947117,-4.547473508864641e-13
1300000.0,5000.0,0.75,733.15,3249.6477417829187,1.6269092013960471,820.7190715624062,2430.5555794219085,819.0921623610101,0.2520556772444558,0.0
1300000.0,5000.0,0.75,773.15,3336.4843487551107,1.6269092013960471,859.3781811032928,2478.733076853214,857.7512719018968,0.2570823604258584,0.0
1300000.0,5000.0,0.75,813.15,3424.015281276073,1.6269092013960471,899.6926239921711,2525.949566485298,898.065714790775,0.2622843769716124,0.0
1300000.0,5000.0,0.8,493.15,2721.2824100424027,1.6269092013960471,667.1795132514299,2055.7298059923687,665.5526040500338,0.24457314742267533,0.0
1300000.0,5000.0,0.8,533.15,2815.2378255682024,1.6269092013960471,697.4729927070341,2119.391742062564,695.846083505638,0.24717133209347764,4.547473508864641e-13
1300000.0,5000.0,0.8,573.15,2904.2544435477043,1.6269092013960471,729.2628799364487,2176.618472812652,727.6359707350526,0.25054139879225107,-4.547473508864641e-13
1300000.0,5000.0,0.8,613.15,2991.181139758799,1.6269092013960471,762.9091409644703,2229.898907995724,761.2822317630743,0.25450890340411214,4.547473508864641e-13
1300000.0,5000.0,0.8,653.15,3077.31663222254,1.6269092013960471,798.4997604607246,2280.4437809632113,796.8728512593285,0.2589505554661759,0.0
1300000.0,5000.0,0.8,693.15,3163.340861577448,1.6269092013960471,836.0238090567598,2328.943961722084,834.3968998553637,0.26377078423324857,-4.547473508864641e-13
1300000.0,5000.0,0.8,733.15,3249.6477417829187,1.6269092013960471,875.4336763332333,2375.8409746510815,873.8067671318372,0.26889276517473343,0.0
1300000.0,5000.0,0.8,773.15,3336.4843487551107,1.6269092013960471,916.6700598435127,2421.4411981129933,915.0431506421166,0.27425369190882976,4.547473508864641e-13
1300000.0,5000.0,0.8,813.15,3424.015281276073,1.6269092013960471,959.6721322583161,2465.9700582191526,958.04522305692,0.27980167854270577,0.0
1300000.0,5000.0,0.85,493.15,2721.2824100424027,1.6269092013960471,708.8782328296444,2014.0310864141543,707.2513236282483,0.2598963345436933,0.0
1300000.0,5000.0,0.85,533.15,2815.2378255682024,1.6269092013960471,741.0650547512239,2075.7996800183746,739.4381455498278,0.2626556587277262,-4.547473508864641e-13
1300000.0,5000.0,0.85,573.15,2904.2544435477043,1.6269092013960471,774.8418099324764,2131.039542816624,773.2149007310803,0.2662352475517112,0.0
1300000.0,5000.0,0.85,613.15,2991.181139758799,1.6269092013960471,810.5909622747498,2182.2170866854453,808.9640530733537,0.27044970373763005,-4.547473508864641e-13
1300000.0,5000.0,0.85,653.15,3077.31663222254,1.6269092013960471,848.40599548952,2230.5375459344164,846.779086288124,0.27516800754966575,-4.547473508864641e-13
1300000.0,5000.0,0.85,693.15,3163.340861577448,1.6269092013960471,888.2752971228073,2276.692473656037,886.6483879214112,0.28028860205702605,-4.547473508864641e-13
1300000.0,5000.0,0.85,733.15,3249.6477417829187,1.6269092013960471,930.1482811040598,2321.1263698802545,928.5213719026638,0.2857298531050109,0.0
1300000.0,5000.0,0.85,773.15,3336.4843487551107,1.6269092013960471,973.9619385837321,2364.1493193727742,972.3350293823361,0.291425023391801,0.0
1300000.0,5000.0,0.85,813.15,3424.015281276073,1.6269092013960471,1019.651640524461,2405.990549953008,1018.0247313230649,0.2973189801137991,-4.547473508864641e-13
1300000.0,5000.0,0.9,493.15,2721.2824100424027,1.6269092013960471,750.5769524078588,1972.3323668359399,748.9500432064627,0.27521952166471125,0.0
1300000.0,5000.0,0.9,533.15,2815.2378255682024,1.6269092013960471,784.6571167954137,2032.2076179741846,783.0302075940176,0.2781399853619748,0.0
1300000.0,5000.0,0.9,573.15,2904.2544435477043,1.6269092013960471,820.4207399285044,2085.4606128205955,818.7938307271083,0.2819290963111714,0.0
1300000.0,5000.0,0.9,613.15,2991.181139758799,1.6269092013960471,858.2727835850292,2134.535265375165,856.6458743836331,0.2863905040711479,4.547473508864641e-13
1300000.0,5000.0,0.9,653.15,3077.31663222254,1.6269092013960471,898.3122305183155,2180.6313109056205,896.6853213169194,0.2913854596331556,0.0
1300000.0,5000.0,0.9,693.15,3163.340861577448,1.6269092013960471,940.5267851888551,2224.4409855899885,938.899875987459,0.2968064198808036,0.0
1300000.0,5000.0,0.9,733.15,3249.6477417829187,1.6269092013960471,984.862885874887,2266.411765109427,983.2359766734909,0.30256694103528853,4.547473508864641e-13
1300000.0,5000.0,0.9,773.15,3336.4843487551107,1.6269092013960471,1031.253817323952,2306.8574406325547,1029.626908122556,0.3085963548747724,-4.547473508864641e-13
1300000.0,5000.0,0.9,813.15,3424.015281276073,1.6269092013960471,1079.6311487906053,2346.011041686864,1078.0042395892092,0.31483628168489225,0.0
1300000.0,8000.0,0.7,493.15,2685.189869001528,1.6282454690057493,546.8254685475961,2139.9926459229378,545.1972230785904,0.2030386116722981,0.0
1300000.0,8000.0,0.7,533.15,2779.145284527328,1.6282454690057493,572.2244812217103,2208.5490487746233,570.5962357527046,0.20531356850232124,0.0
1300000.0,8000.0,0.7,573.15,2868.16190250683,1.6282454690057493,599.0673384822253,2270.7228094936104,597.4390930132196,0.20830033774977838,0.0
1300000.0,8000.0,0.7,613.15,2955.088598717924,1.6282454690057493,627.6216305682873,2329.0952136186424,625.9933850992816,0.21183574170022215,0.0
1300000.0,8000.0,0.7,653.15,3041.2240911816657,1.6282454690057493,657.940865814094,2384.9114708365773,656.3126203450882,0.2158054127770895,0.0
1300000.0,8000.0,0.7,693.15,3127.2483205365734,1.6282454690057493,690.0017819718905,2438.8747840336887,688.3735365028848,0.22012116274308963,0.0
1300000.0,8000.0,0.7,733.15,3213.5552007420442,1.6282454690057493,723.7537644777406,2491.4296817333093,722.1255190087348,0.22471234315252725,0.0
1300000.0,8000.0,0.7,773.15,3300.391807714236,1.6282454690057493,759.1385797252734,2542.8814734579682,757.5103342562677,0.2295213351595668,4.547473508864641e-13
1300000.0,8000.0,0.7,813.15,3387.9227402351985,1.6282454690057493,796.0982511605788,2593.4527345436254,794.4700056915731,0.23450062666907773,0.0
1300000.0,8000.0,0.75,493.15,2685.189869001528,1.6282454690057493,585.8844305867101,2100.933683883824,584.2561851177044,0.21758468250699775,0.0
1300000.0,8000.0,0.75,533.15,2779.145284527328,1.6282454690057493,613.0976584518328,2167.6758715445008,611.4694129828271,0.22002067196239605,4.547473508864641e-13
1300000.0,8000.0,0.75,573.15,2868.16190250683,1.6282454690057493,641.8578626595274,2227.932285316308,640.2296171905217,0.2232194830532225,0.0
1300000.0,8000.0,0.75,613.15,2955.088598717924,1.6282454690057493,672.4517470374508,2284.265097149479,670.8235015684451,0.2270062230484339,0.0
1300000.0,8000.0,0.75,653.15,3041.2240911816657,1.6282454690057493,704.9366419436722,2337.915694706999,703.3083964746664,0.23125832736692428,0.0
1300000.0,8000.0,0.75,693.15,3127.2483205365734,1.6282454690057493,739.2876235413114,2389.588942464268,737.6593780723057,0.23588129322130008,0.0
1300000.0,8000.0,0.75,733.15,3213.5552007420442,1.6282454690057493,775.4504619404366,2439.732984270613,773.8222164714309,0.24079941626418835,4.547473508864641e-13
1300000.0,8000.0,0.75,773.15,3300.391807714236,1.6282454690057493,813.3627639913643,2488.6572891918777,811.7345185223586,0.24595095546687362,0.0
1300000.0,8000.0,0.75,813.15,3387.9227402351985,1.6282454690057493,852.9624119577632,2536.588573746441,851.3341664887574,0.25128500020920064,0.0
1300000.0,8000.0,0.8,493.15,2685.189869001528,1.6282454690057493,624.9433926258241,2061.8747218447097,623.3151471568184,0.23213075334169736,0.0
1300000.0,8000.0,0.8,533.15,2779.145284527328,1.6282454690057493,653.9708356819549,2126.8026943143786,652.3425902129492,0.23472777542247075,4.547473508864641e-13
1300000.0,8000.0,0.8,573.15,2868.16190250683,1.6282454690057493,684.6483868368291,2185.1417611390066,683.0201413678234,0.23813862835666647,0.0
1300000.0,8000.0,0.8,613.15,2955.088598717924,1.6282454690057493,717.2818635066143,2239.4349806803157,715.6536180376086,0.24217670439664568,0.0
1300000.0,8000.0,0.8,653.15,3041.2240911816657,1.6282454690057493,751.9324180732505,2290.919918577421,750.3041726042447,0.24671124195675911,0.0
1300000.0,8000.0,0.8,693.15,3127.2483205365734,1.6282454690057493,788.5734651107323,2340.303100894847,786.9452196417266,0.25164142369951054,0.0
1300000.0,8000.0,0.8,733.15,3213.5552007420442,1.6282454690057493,827.1471594031323,2388.0362868079173,825.5189139341265,0.25688648937584935,4.547473508864641e-13
1300000.0,8000.0,0.8,773.15,3300.391807714236,1.6282454690057493,867.5869482574551,2434.4331049257867,865.9587027884494,0.2623805757741804,4.547473508864641e-13
1300000.0,8000.0,0.8,813.15,3387.9227402351985,1.6282454690057493,909.8265727549475,2479.7244129492565,908.1983272859418,0.26806937374932355,4.547473508864641e-13
1300000.0,8000.0,0.85,493.15,2685.189869001528,1.6282454690057493,664.002354664938,2022.8157598055957,662.3741091959323,0.24667682417639694,4.547473508864641e-13
1300000.0,8000.0,0.85,533.15,2779.145284527328,1.6282454690057493,694.8440129120769,2085.9295170842565,693.2157674430712,0.2494348788825454,4.547473508864641e-13
1300000.0,8000.0,0.85,573.15,2868.16190250683,1.6282454690057493,727.4389110141308,2142.3512369617047,725.8106655451251,0.25305777366011045,0.0
1300000.0,8000.0,0.85,613.15,2955.088598717924,1.6282454690057493,762.1119799757777,2194.6048642111523,760.483734506772,0.2573471857448574,0.0
1300000.0,8000.0,0.85,653.15,3041.2240911816657,1.6282454690057493,798.9281942028282,2243.924142447843,797.2999487338225,0.26216415654659375,0.0
1300000.0,8000.0,0.85,693.15,3127.2483205365734,1.6282454690057493,837.8593066801532,2291.017259325426,836.2310612111474,0.267401554177721,0.0
1300000.0,8000.0,0.85,733.15,3213.5552007420442,1.6282454690057493,878.8438568658279,2336.339589345222,877.2156113968222,0.2729735624875103,0.0
1300000.0,8000.0,0.85,773.15,3300.391807714236,1.6282454690057493,921.811132523546,2380.2089206596957,920.1828870545403,0.2788101960814872,4.547473508864641e-13
1300000.0,8000.0,0.85,813.15,3387.9227402351985,1.6282454690057493,966.6907335521317,2422.8602521520725,965.062488083126,0.2848537472894464,0.0
1300000.0,8000.0,0.9,493.15,2685.189869001528,1.6282454690057493,703.0613167040525,1983.7567977664812,701.4330712350468,0.26122289501109675,4.547473508864641e-13
1300000.0,8000.0,0.9,533.15,2779.145284527328,1.6282454690057493,735.7171901421993,2045.056339854134,734.0889446731936,0.2641419823426202,4.547473508864641e-13
1300000.0,8000.0,0.9,573.15,2868.16190250683,1.6282454690057493,770.2294351914325,2099.560712784403,768.6011897224267,0.2679769189635544,0.0
1300000.0,8000.0,0.9,613.15,2955.088598717924,1.6282454690057493,806.9420964449412,2149.774747741989,805.3138509759355,0.2725176670930692,0.0
1300000.0,8000.0,0.9,653.15,3041.2240911816657,1.6282454690057493,845.9239703324065,2196.928366318265,844.2957248634008,0.2776170711364286,0.0
1300000.0,8000.0,0.9,693.15,3127.2483205365734,1.6282454690057493,887.145148249574,2241.731417756005,885.5169027805683,0.28316168465593144,0.0
1300000.0,8000.0,0.9,733.15,3213.5552007420442,1.6282454690057493,930.5405543285241,2284.642891882526,928.9123088595184,0.28906063559917144,0.0
1300000.0,8000.0,0.9,773.15,3300.391807714236,1.6282454690057493,976.0353167896374,2325.9847363936046,974.4070713206316,0.2952398163887942,0.0
1300000.0,8000.0,0.9,813.15,3387.9227402351985,1.6282454690057493,1023.5548943493161,2365.996091354888,1021.9266488803104,0.3016381208295693,0.0
1300000.0,12000.0,0.7,493.15,2652.1186481625377,1.6286834232497787,513.5783902931335,2140.168941292654,511.9497068698837,0.1930342397104205,0.0
1300000.0,12000.0,0.7,533.15,2746.0740636883374,1.6286834232497787,537.9625877852542,2209.7401593263326,536.3339043620044,0.195309336865313,4.547473508864641e-13
1300000.0,12000.0,0.7,573.15,2835.0906816678394,1.6286834232497787,563.913831237197,2272.8055338538916,562.2851478139472,0.19833056891258366,4.547473508864641e-13
1300000.0,12000.0,0.7,613.15,2922.0173778789335,1.6286834232497787,591.6563070569559,2331.9897542452272,590.0276236337062,0.2019247483264463,0.0
1300000.0,12000.0,0.7,653.15,3008.152870342675,1.6286834232497787,621.222015656109,2388.5595381098155,619.5933322328592,0.2059713581518475,4.547473508864641e-13
1300000.0,12000.0,0.7,693.15,3094.177099697583,1.6286834232497787,652.5751453808155,2443.230637740017,650.9464619575657,0.21037789401944304,0.0
1300000.0,12000.0,0.7,733.15,3180.4839799030533,1.6286834232497787,685.6568777742968,2496.455785552006,684.0281943510471,0.21507047313343092,0.0
1300000.0,12000.0,0.7,773.15,3267.320586875245,1.6286834232497787,720.403167659448,2548.546102639047,718.7744842361982,0.21998896806254625,-4.547473508864641e-13
1300000.0,12000.0,0.7,813.15,3354.8515193962076,1.6286834232497787,756.7516846901178,2599.7285181293396,755.1230012668681,0.22508388132860557,0.0
1300000.0,12000.0,0.75,493.15,2652.1186481625377,1.6286834232497787,550.2625610283576,2103.48477055743,548.6338776051078,0.20686626444303946,0.0
1300000.0,12000.0,0.75,533.15,2746.0740636883374,1.6286834232497787,576.388486912772,2171.3142601988147,574.7598034895223,0.20930236772912983,4.547473508864641e-13
1300000.0,12000.0,0.75,573.15,2835.0906816678394,1.6286834232497787,604.1933906112821,2232.525974479807,602.5647071880323,0.21253807191576427,0.0
1300000.0,12000.0,0.75,613.15,2922.0173778789335,1.6286834232497787,633.9174718467389,2289.7285894554443,632.2887884234891,0.21638775772184557,0.0
1300000.0,12000.0,0.75,653.15,3008.152870342675,1.6286834232497787,665.5950167744029,2344.1865369915217,663.9663333511531,0.22072227109771755,4.547473508864641e-13
1300000.0,12000.0,0.75,693.15,3094.177099697583,1.6286834232497787,699.18765576516,2396.6181273556726,697.5589723419102,0.22544248433940253,0.0
1300000.0,12000.0,0.75,733.15,3180.4839799030533,1.6286834232497787,734.632369043889,2447.480294282414,733.0036856206392,0.23046922740449785,0.0
1300000.0,12000.0,0.75,773.15,3267.320586875245,1.6286834232497787,771.8605367779802,2497.088733520515,770.2318533547304,0.23573807126510168,0.0
1300000.0,12000.0,0.75,813.15,3354.8515193962076,1.6286834232497787,810.8053764536982,2545.674826365759,809.1766930304484,0.24119597792992065,0.0
1300000.0,12000.0,0.8,493.15,2652.1186481625377,1.6286834232497787,586.9467317635813,2066.800599822206,585.3180483403315,0.22069828917565823,0.0
1300000.0,12000.0,0.8,533.15,2746.0740636883374,1.6286834232497787,614.8143860402904,2132.8883610712965,613.1857026170406,0.22329539859294686,0.0
1300000.0,12000.0,0.8,573.15,2835.0906816678394,1.6286834232497787,644.4729499853677,2192.246415105721,642.8442665621179,0.226745574918945,4.547473508864641e-13
1300000.0,12000.0,0.8,613.15,2922.0173778789335,1.6286834232497787,676.1786366365212,2247.467424665662,674.5499532132715,0.23085076711724462,0.0
1300000.0,12000.0,0.8,653.15,3008.152870342675,1.6286834232497787,709.9680178926965,2299.8135358732284,708.3393344694467,0.2354731840435875,0.0
1300000.0,12000.0,0.8,693.15,3094.177099697583,1.6286834232497787,745.8001661495035,2350.005616971329,744.1714827262538,0.2405070746593617,0.0
1300000.0,12000.0,0.8,733.15,3180.4839799030533,1.6286834232497787,783.6078603134821,2398.504803012821,781.9791768902323,0.24586798167556512,0.0
1300000.0,12000.0,0.8,773.15,3267.320586875245,1.6286834232497787,823.3179058965119,2445.6313644019833,821.6892224732621,0.25148717446765695,-4.547473508864641e-13
1300000.0,12000.0,0.8,813.15,3354.8515193962076,1.6286834232497787,864.859068217278,2491.621134602179,863.2303847940283,0.25730807453123555,0.0
1300000.0,12000.0,0.85,493.15,2652.1186481625377,1.6286834232497787,623.630902498805,2030.1164290869824,622.0022190755552,0.234530313908277,0.0
1300000.0,12000.0,0.85,533.15,2746.0740636883374,1.6286834232497787,653.2402851678087,2094.4624619437786,651.6116017445589,0.23728842945676387,0.0
1300000.0,12000.0,0.85,573.15,2835.0906816678394,1.6286834232497787,684.7525093594534,2151.9668557316354,683.1238259362036,0.24095307792212578,4.547473508864641e-13
1300000.0,12000.0,0.85,613.15,2922.0173778789335,1.6286834232497787,718.4398014263036,2205.20625987588,716.8111180030538,0.2453137765126437,-4.547473508864641e-13
1300000.0,12000.0,0.85,653.15,3008.152870342675,1.6286834232497787,754.34101901099,2255.4405347549346,752.7123355877402,0.2502240969894574,4.547473508864641e-13
1300000.0,12000.0,0.85,693.15,3094.177099697583,1.6286834232497787,792.4126765338476,2303.3931065869847,790.7839931105979,0.25557166497932104,0.0
1300000.0,12000.0,0.85,733.15,3180.4839799030533,1.6286834232497787,832.5833515830743,2349.529311743229,830.9546681598246,0.2612667359466321,0.0
1300000.0,12000.0,0.85,773.15,3267.320586875245,1.6286834232497787,874.775275015044,2394.173995283451,873.1465915917943,0.26723627767021235,0.0
1300000.0,12000.0,0.85,813.15,3354.8515193962076,1.6286834232497787,918.9127599808578,2437.5674428385996,917.284076557608,0.27342017113255046,0.0
1300000.0,12000.0,0.9,493.15,2652.1186481625377,1.6286834232497787,660.3150732340291,1993.4322583517583,658.6863898107794,0.24836233864089594,0.0
1300000.0,12000.0,0.9,533.15,2746.0740636883374,1.6286834232497787,691.666184295327,2056.0365628162604,690.0375008720772,0.25128146032058085,0.0
1300000.0,12000.0,0.9,573.15,2835.0906816678394,1.6286834232497787,725.032068733539,2111.6872963575497,723.4033853102892,0.2551605809253065,4.547473508864641e-13
1300000.0,12000.0,0.9,613.15,2922.0173778789335,1.6286834232497787,760.7009662160864,2162.945095086097,759.0722827928366,0.25977678590804293,0.0
1300000.0,12000.0,0.9,653.15,3008.152870342675,1.6286834232497787,798.7140201292834,2211.067533636641,797.0853367060337,0.2649750099353273,4.547473508864641e-13
1300000.0,12000.0,0.9,693.15,3094.177099697583,1.6286834232497787,839.0251869181916,2256.780596202641,837.3965034949418,0.2706362552992803,0.0
1300000.0,12000.0,0.9,733.15,3180.4839799030533,1.6286834232497787,881.558842852667,2300.553820473636,879.9301594294172,0.2766654902176992,0.0
1300000.0,12000.0,0.9,773.15,3267.320586875245,1.6286834232497787,926.2326441335762,2342.7166261649186,924.6039607103264,0.28298538087276776,0.0
1300000.0,12000.0,0.9,813.15,3354.8515193962076,1.6286834232497787,972.9664517444377,2383.5137510750196,971.3377683211879,0.2895322677338654,0.0
1300000.0,20000.0,0.7,493.15,2607.6079306703705,1.6270146139838035,469.75011150064364,2139.4848337837107,468.1230968866598,0.1795220406337365,0.0
1300000.0,20000.0,0.7,533.15,2701.56334619617,1.6270146139838035,492.76931796663536,2210.421042843519,491.14230335265154,0.18179929189674013,-4.547473508864641e-13
1300000.0,20000.0,0.7,573.15,2790.5799641756716,1.6270146139838035,517.5212840830926,2274.6856947065635,515.8942694691088,0.18486991094752678,-9.094947017729282e-13
1300000.0,20000.0,0.7,613.15,2877.5066603867663,1.6270146139838035,544.1718153418815,2334.961859658869,542.5448007278977,0.18854684445977066,-4.547473508864641e-13
1300000.0,20000.0,0.7,653.15,2963.642152850508,1.6270146139838035,572.7239826293946,2392.545184835097,571.0969680154109,0.19270105450015784,-4.547473508864641e-13
1300000.0,20000.0,0.7,693.15,3049.6663822054156,1.6270146139838035,603.1250945416703,2448.1683022777293,601.4980799276865,0.19723405925231186,0.0
1300000.0,20000.0,0.7,733.15,3135.973262410886,1.6270146139838035,635.3052978637717,2502.2949791610986,633.6782832497879,0.20206750192845274,-4.547473508864641e-13
1300000.0,20000.0,0.7,773.15,3222.809869383078,1.6270146139838035,669.1927304859757,2555.2441535110866,667.565715871992,0.20713779060127424,-4.547473508864641e-13
1300000.0,20000.0,0.7,813.15,3310.3408019040403,1.6270146139838035,704.7192059343867,2607.248610583638,703.0921913204029,0.21239269108364875,-4.547473508864641e-13
1300000.0,20000.0,0.75,493.15,2607.6079306703705,1.6270146139838035,503.3036908935467,2105.9312543908077,501.67667627956286,0.19238961132879764,-4.547473508864641e-13
1300000.0,20000.0,0.75,533.15,2701.56334619617,1.6270146139838035,527.9671263928236,2175.2232344173303,526.3401117788399,0.19482797341025976,0.0
1300000.0,20000.0,0.75,573.15,2790.5799641756716,1.6270146139838035,554.4870900890278,2237.719888700628,552.860075475044,0.19811655016965518,-4.547473508864641e-13
1300000.0,20000.0,0.75,613.15,2877.5066603867663,1.6270146139838035,583.0412307234444,2296.092444277306,581.4142161094607,0.20205486371708786,-4.547473508864641e-13
1300000.0,20000.0,0.75,653.15,2963.642152850508,1.6270146139838035,613.6328385314941,2351.636328932998,612.0058239175104,0.20650462922079418,-4.547473508864641e-13
1300000.0,20000.0,0.75,693.15,3049.6663822054156,1.6270146139838035,646.2054584375038,2405.087938381896,644.57844382352,0.2113603138968213,-4.547473508864641e-13
1300000.0,20000.0,0.75,733.15,3135.973262410886,1.6270146139838035,680.684247711184,2456.9160293136865,679.0572330972002,0.21653795369899037,-9.094947017729282e-13
1300000.0,20000.0,0.75,773.15,3222.809869383078,1.6270146139838035,716.9922112349738,2507.4446727620884,715.36519662099,0.22196940732278686,-4.547473508864641e-13
1300000.0,20000.0,0.75,813.15,3310.3408019040403,1.6270146139838035,755.0562920725574,2556.911524445467,753.4292774585737,0.2275987043464578,-4.547473508864641e-13
1300000.0,20000.0,0.8,493.15,2607.6079306703705,1.6270146139838035,536.8572702864496,2072.3776749979047,535.2302556724659,0.20525718202385876,-4.547473508864641e-13
1300000.0,20000.0,0.8,533.15,2701.56334619617,1.6270146139838035,563.1649348190119,2140.025425991142,561.5379202050282,0.20785665492377942,0.0
1300000.0,20000.0,0.8,573.15,2790.5799641756716,1.6270146139838035,591.452896094963,2200.754082694693,589.8258814809792,0.2113631893917836,-4.547473508864641e-13
1300000.0,20000.0,0.8,613.15,2877.5066603867663,1.6270146139838035,621.9106461050072,2257.223028895743,620.2836314910235,0.215562882974405,-4.547473508864641e-13
1300000.0,20000.0,0.8,653.15,2963.642152850508,1.6270146139838035,654.5416944335936,2310.727473030898,652.9146798196099,0.22030820394143052,-4.547473508864641e-13
1300000.0,20000.0,0.8,693.15,3049.6663822054156,1.6270146139838035,689.2858223333373,2362.0075744860624,687.6588077193535,0.2254865685413307,-4.547473508864641e-13
1300000.0,20000.0,0.8,733.15,3135.973262410886,1.6270146139838035,726.0631975585962,2411.537079466274,724.4361829446125,0.231008405469528,-4.547473508864641e-13
1300000.0,20000.0,0.8,773.15,3222.809869383078,1.6270146139838035,764.7916919839722,2459.64519201309,763.1646773699885,0.23680102404429965,-4.547473508864641e-13
1300000.0,20000.0,0.8,813.15,3310.3408019040403,1.6270146139838035,805.3933782107281,2506.5744383072965,803.7663635967443,0.2428047176092668,-9.094947017729282e-13
1300000.0,20000.0,0.85,493.15,2607.6079306703705,1.6270146139838035,570.4108496793527,2038.8240956050015,568.783835065369,0.2181247527189199,0.0
1300000.0,20000.0,0.85,533.15,2701.56334619617,1.6270146139838035,598.3627432452002,2104.827617564954,596.7357286312165,0.22088533643729907,-4.547473508864641e-13
1300000.0,20000.0,0.85,573.15,2790.5799641756716,1.6270146139838035,628.4187021008981,2163.788276688758,626.7916874869144,0.22460982861391204,-9.094947017729282e-13
1300000.0,20000.0,0.85,613.15,2877.5066603867663,1.6270146139838035,660.7800614865702,2218.3536135141803,659.1530468725864,0.2290709022317222,-4.547473508864641e-13
1300000.0,20000.0,0.85,653.15,2963.642152850508,1.6270146139838035,695.4505503356932,2269.818617128799,693.8235357217094,0.23411177866206684,-4.547473508864641e-13
1300000.0,20000.0,0.85,693.15,3049.6663822054156,1.6270146139838035,732.3661862291708,2318.9272105902287,730.739171615187,0.23961282318584015,0.0
1300000.0,20000.0,0.85,733.15,3135.973262410886,1.6270146139838035,771.4421474060081,2366.1581296188624,769.8151327920243,0.2454788572400655,-9.094947017729282e-13
1300000.0,20000.0,0.85,773.15,3222.809869383078,1.6270146139838035,812.5911727329702,2411.845711264092,810.9641581189865,0.25163264076581227,-9.094947017729282e-13
1300000.0,20000.0,0.85,813.15,3310.3408019040403,1.6270146139838035,855.7304643488983,2456.237352169126,854.1034497349145,0.25801073087207566,-4.547473508864641e-13
1300000.0,20000.0,0.9,493.15,2607.6079306703705,1.6270146139838035,603.9644290722562,2005.270516212098,602.3374144582724,0.23099232341398118,0.0
1300000.0,20000.0,0.9,533.15,2701.56334619617,1.6270146139838035,633.5605516713881,2069.6298091387657,631.9335370574044,0.23391401795081854,0.0
1300000.0,20000.0,0.9,573.15,2790.5799641756716,1.6270146139838035,665.3845081068333,2126.8224706828228,663.7574934928496,0.23785646783604045,-9.094947017729282e-13
1300000.0,20000.0,0.9,613.15,2877.5066603867663,1.6270146139838035,699.6494768681335,2179.4841981326167,698.0224622541498,0.24257892148903956,-4.547473508864641e-13
1300000.0,20000.0,0.9,653.15,2963.642152850508,1.6270146139838035,736.3594062377931,2228.9097612266987,734.7323916238093,0.24791535338270332,-4.547473508864641e-13
1300000.0,20000.0,0.9,693.15,3049.6663822054156,1.6270146139838035,775.4465501250047,2275.846846694395,773.819535511021,0.2537390778303497,-4.547473508864641e-13
1300000.0,20000.0,0.9,733.15,3135.973262410886,1.6270146139838035,816.8210972534204,2320.77917977145,815.1940826394366,0.25994930901060315,-4.547473508864641e-13
1300000.0,20000.0,0.9,773.15,3222.809869383078,1.6270146139838035,860.3906534819687,2364.0462305150936,858.7636388679849,0.26646425748732505,-4.547473508864641e-13
1300000.0,20000.0,0.9,813.15,3310.3408019040403,1.6270146139838035,906.067550487069,2405.9002660309557,904.4405358730852,0.27321674413488467,-9.094947017729282e-13
1300000.0,30000.0,0.7,493.15,2569.7625230519875,1.6223645055654343,433.30231291357427,2138.082574643978,431.67994840800884,0.16798437386164486,9.094947017729282e-13
1300000.0,30000.0,0.7,533.15,2663.717938577787,1.6223645055654343,455.1620718866126,2210.1782311967395,453.53970738104715,0.17026566544924843,9.094947017729282e-13
1300000.0,30000.0,0.7,573.15,2752.7345565572887,1.6223645055654343,478.8953506466192,2275.4615704162347,477.27298614105376,0.17338140541162672,4.547473508864641e-13
1300000.0,30000.0,0.7,613.15,2839.6612527683833,1.6223645055654343,504.618364903884,2336.6652523700645,502.9960003983186,0.17713239560104158,4.547473508864641e-13
1300000.0,30000.0,0.7,653.15,2925.796745232125,1.6223645055654343,532.3096122950083,2395.109497442682,530.6872477894428,0.18138213074925666,4.547473508864641e-13
1300000.0,30000.0,0.7,693.15,3011.8209745870327,1.6223645055654343,561.9020634580627,2451.541275634535,560.2796989524973,0.18602689325826224,4.547473508864641e-13
1300000.0,30000.0,0.7,733.15,3098.127854792503,1.6223645055654343,593.3164920595777,2506.4337272384905,591.6941275540123,0.19098441229232,4.547473508864641e-13
1300000.0,30000.0,0.7,773.15,3184.964461764695,1.6223645055654343,626.4743961491631,2560.112430121097,624.8520316435977,0.19618807027359594,4.547473508864641e-13
1300000.0,30000.0,0.7,813.15,3272.4953942856573,1.6223645055654343,661.3026149545564,2612.8151438366663,659.6802504489909,0.20158324794006027,4.547473508864641e-13
1300000.0,30000.0,0.75,493.15,2569.7625230519875,1.6223645055654343,464.25247812168675,2107.132409435866,462.6301136161213,0.18002835260694713,4.547473508864641e-13
1300000.0,30000.0,0.75,533.15,2663.717938577787,1.6223645055654343,487.673648449942,2177.6666546334104,486.05128394437656,0.18247100299361618,4.547473508864641e-13
1300000.0,30000.0,0.75,573.15,2752.7345565572887,1.6223645055654343,513.1021614070921,2241.254759655762,511.4797969015267,0.1858078889891983,4.547473508864641e-13
1300000.0,30000.0,0.75,613.15,2839.6612527683833,1.6223645055654343,540.6625338255898,2300.6210834483586,539.0401693200243,0.18982551837636075,4.547473508864641e-13
1300000.0,30000.0,0.75,653.15,2925.796745232125,1.6223645055654343,570.331727458937,2357.087382278753,568.7093629533716,0.19437760462347214,4.547473508864641e-13
1300000.0,30000.0,0.75,693.15,3011.8209745870327,1.6223645055654343,602.0379251336385,2411.4054139589593,600.4155606280731,0.19935300460891417,4.547473508864641e-13
1300000.0,30000.0,0.75,733.15,3098.127854792503,1.6223645055654343,635.6962414924046,2464.0539778056636,634.0738769868392,0.2046635602872194,4.547473508864641e-13
1300000.0,30000.0,0.75,773.15,3184.964461764695,1.6223645055654343,671.2225673026745,2515.364258967586,669.6002027971091,0.21023788831417708,0.0
1300000.0,30000.0,0.75,813.15,3272.4953942856573,1.6223645055654343,708.538516022739,2565.5792427684837,706.9161515171736,0.21601746262242918,4.547473508864641e-13
1300000.0,30000.0,0.8,493.15,2569.7625230519875,1.6223645055654343,495.2026433297992,2076.182244227754,493.58027882423374,0.19207233135224938,0.0
1300000.0,30000.0,0.8,533.15,2663.717938577787,1.6223645055654343,520.1852250132714,2145.155078070081,518.562860507706,0.19467634053798397,4.547473508864641e-13
1300000.0,30000.0,0.8,573.15,2752.7345565572887,1.6223645055654343,547.308972167565,2207.047948895289,545.6866076619996,0.19823437256676985,0.0
1300000.0,30000.0,0.8,613.15,2839.6612527683833,1.6223645055654343,576.7067027472956,2264.576914526653,575.0843382417302,0.20251864115167995,0.0
1300000.0,30000.0,0.8,653.15,2925.796745232125,1.6223645055654343,608.3538426228664,2319.0652671148237,606.731478117301,0.20737307849768782,4.547473508864641e-13
1300000.0,30000.0,0.8,693.15,3011.8209745870327,1.6223645055654343,642.1737868092143,2371.2695522833833,640.5514223036489,0.2126791159595661,4.547473508864641e-13
1300000.0,30000.0,0.8,733.15,3098.127854792503,1.6223645055654343,678.0759909252315,2421.6742283728368,676.4536264196661,0.21834270828211882,4.547473508864641e-13
1300000.0,30000.0,0.8,773.15,3184.964461764695,1.6223645055654343,715.9707384561864,2470.616087814074,714.348373950621,0.22428770635475836,0.0
1300000.0,30000.0,0.8,813.15,3272.4953942856573,1.6223645055654343,755.7744170909217,2518.343341700301,754.1520525853563,0.2304516773047981,0.0
1300000.0,30000.0,0.85,493.15,2569.7625230519875,1.6223645055654343,526.1528085379116,2045.2320790196413,524.5304440323462,0.20411631009755163,0.0
1300000.0,30000.0,0.85,533.15,2663.717938577787,1.6223645055654343,552.6968015766008,2112.6435015067514,551.0744370710354,0.20688167808235175,4.547473508864641e-13
1300000.0,30000.0,0.85,573.15,2752.7345565572887,1.6223645055654343,581.5157829280379,2172.841138134816,579.8934184224725,0.2106608561443414,4.547473508864641e-13
1300000.0,30000.0,0.85,613.15,2839.6612527683833,1.6223645055654343,612.7508716690019,2228.5327456049467,611.1285071634364,0.2152117639269993,4.547473508864641e-13
1300000.0,30000.0,0.85,653.15,2925.796745232125,1.6223645055654343,646.3759577867957,2281.0431519508943,644.7535932812302,0.22036855237190348,9.094947017729282e-13
1300000.0,30000.0,0.85,693.15,3011.8209745870327,1.6223645055654343,682.3096484847907,2331.1336906078072,680.6872839792253,0.22600522731021822,4.547473508864641e-13
1300000.0,30000.0,0.85,733.15,3098.127854792503,1.6223645055654343,720.4557403580584,2379.29447894001,718.833375852493,0.23202185627701824,4.547473508864641e-13
1300000.0,30000.0,0.85,773.15,3184.964461764695,1.6223645055654343,760.7189096096978,2425.8679166605625,759.0965451041324,0.2383375243953395,4.547473508864641e-13
1300000.0,30000.0,0.85,813.15,3272.4953942856573,1.6223645055654343,803.0103181591044,2471.1074406321186,801.387953653539,0.24488589198716698,0.0
1300000.0,30000.0,0.9,493.15,2569.7625230519875,1.6223645055654343,557.1029737460241,2014.2819138115287,555.4806092404586,0.2161602888428539,4.547473508864641e-13
1300000.0,30000.0,0.9,533.15,2663.717938577787,1.6223645055654343,585.2083781399303,2080.1319249434223,583.5860136343649,0.21908701562671956,4.547473508864641e-13
1300000.0,30000.0,0.9,573.15,2752.7345565572887,1.6223645055654343,615.7225936885109,2138.6343273743432,614.1002291829454,0.22308733972191302,4.547473508864641e-13
1300000.0,30000.0,0.9,613.15,2839.6612527683833,1.6223645055654343,648.7950405907077,2192.488576683241,647.1726760851423,0.2279048867023185,4.547473508864641e-13
1300000.0,30000.0,0.9,653.15,2925.796745232125,1.6223645055654343,684.398072950725,2243.021036786965,682.7757084451596,0.23336402624611916,9.094947017729282e-13
1300000.0,30000.0,0.9,693.15,3011.8209745870327,1.6223645055654343,722.4455101603666,2290.997828932231,720.8231456548011,0.23933133866087017,4.547473508864641e-13
1300000.0,30000.0,0.9,733.15,3098.127854792503,1.6223645055654343,762.8354897908857,2336.9147295071825,761.2131252853203,0.2457010042719178,4.547473508864641e-13
1300000.0,30000.0,0.9,773.15,3184.964461764695,1.6223645055654343,805.4670807632097,2381.119745507051,803.8447162576442,0.2523873424359208,0.0
1300000.0,30000.0,0.9,813.15,3272.4953942856573,1.6223645055654343,850.246219227287,2423.8715395639356,848.6238547217216,0.2593201066695359,4.547473508864641e-13
2000000.0,5000.0,0.7,493.15,2681.3751573230797,2.505936764467682,612.5862064607893,2071.2948876267583,610.0802696963216,0.22752514433876841,0.0
2000000.0,5000.0,0.7,533.15,2788.20569782392,2.505936764467682,642.6999370323224,2148.0116975560654,640.1940002678547,0.2296078803538418,0.0
2000000.0,5000.0,0.7,573.15,2883.9276512046463,2.505936764467682,672.6036107909754,2213.8299771781385,670.0976740265077,0.23235592395898036,0.0
2000000.0,5000.0,0.7,613.15,2975.0183713982683,2.505936764467682,703.4509326713797,2274.0733754913563,700.944995906912,0.23561030837515992,0.0
2000000.0,5000.0,0.7,653.15,3063.989196671821,2.505936764467682,735.6160885349195,2330.879044901369,733.1101517704518,0.23926655895744467,0.0
2000000.0,5000.0,0.7,693.15,3152.0683193914356,2.505936764467682,769.2329734656782,2385.341282690225,766.7270367012105,0.24324569108617583,0.0
2000000.0,5000.0,0.7,733.15,3239.931795064142,2.505936764467682,804.3379624301582,2438.099769398452,801.8320256656905,0.24748423003448328,-4.547473508864641e-13
2000000.0,5000.0,0.7,773.15,3327.9865645306463,2.505936764467682,840.9255959809656,2489.5669053141482,838.4196592164978,0.25193000120622244,0.0
2000000.0,5000.0,0.7,813.15,3416.494850961875,2.505936764467682,878.9723012960991,2540.0284864302434,876.4663645316314,0.25653964158174347,0.0
2000000.0,5000.0,0.75,493.15,2681.3751573230797,2.505936764467682,656.3423640651316,2027.5387300224158,653.8364273006639,0.24384369546908685,0.0
2000000.0,5000.0,0.75,533.15,2788.20569782392,2.505936764467682,688.6070753917741,2102.1045591966135,686.1011386273063,0.24607264060997366,0.0
2000000.0,5000.0,0.75,573.15,2883.9276512046463,2.505936764467682,720.6467258474738,2165.78686212164,718.1407890830061,0.24901484223539078,4.547473508864641e-13
2000000.0,5000.0,0.75,613.15,2975.0183713982683,2.505936764467682,753.6974278621925,2223.826880300543,751.1914910977248,0.25249978229366776,4.547473508864641e-13
2000000.0,5000.0,0.75,653.15,3063.989196671821,2.505936764467682,788.1600948588424,2278.3350385774465,785.6541580943747,0.2564154465517604,-4.547473508864641e-13
2000000.0,5000.0,0.75,693.15,3152.0683193914356,2.505936764467682,824.1781858560844,2330.3960702998193,821.6722490916167,0.2606771699828688,-4.547473508864641e-13
2000000.0,5000.0,0.75,733.15,3239.931795064142,2.505936764467682,861.7906740323124,2380.6470577962978,859.2847372678447,0.26521692171943795,-4.547473508864641e-13
2000000.0,5000.0,0.75,773.15,3327.9865645306463,2.505936764467682,900.9917099796058,2429.500791315508,898.4857732151381,0.2699787862099899,0.0
2000000.0,5000.0,0.75,813.15,3416.494850961875,2.505936764467682,941.7560371029638,2477.244750623379,939.250100338496,0.27491629325127215,0.0
2000000.0,5000.0,0.8,493.15,2681.3751573230797,2.505936764467682,700.0985216694735,1983.7825724180739,697.5925849050058,0.2601622465994051,0.0
2000000.0,5000.0,0.8,533.15,2788.20569782392,2.505936764467682,734.5142137512257,2056.197420837162,732.008276986758,0.2625374008661055,0.0
2000000.0,5000.0,0.8,573.15,2883.9276512046463,2.505936764467682,768.6898409039723,2117.7437470651416,766.1839041395045,0.2656737605118012,0.0
2000000.0,5000.0,0.8,613.15,2975.0183713982683,2.505936764467682,803.9439230530053,2173.580385109731,801.4379862885376,0.26938925621217563,-4.547473508864641e-13
2000000.0,5000.0,0.8,653.15,3063.989196671821,2.505936764467682,840.7041011827653,2225.7910322535236,838.1981644182976,0.27356433414607617,0.0
2000000.0,5000.0,0.8,693.15,3152.0683193914356,2.505936764467682,879.12339824649,2275.450857909413,876.6174614820222,0.2781086488795615,0.0
2000000.0,5000.0,0.8,733.15,3239.931795064142,2.505936764467682,919.2433856344666,2323.1943461941432,916.7374488699988,0.2829496134043926,0.0
2000000.0,5000.0,0.8,773.15,3327.9865645306463,2.505936764467682,961.0578239782467,2369.4346773168677,958.551887213779,0.2880275712137575,-4.547473508864641e-13
2000000.0,5000.0,0.8,813.15,3416.494850961875,2.505936764467682,1004.539772909828,2414.4610148165143,1002.0338361453603,0.29329294492080066,0.0
2000000.0,5000.0,0.85,493.15,2681.3751573230797,2.505936764467682,743.8546792738158,1940.0264148137317,741.3487425093481,0.27648079772972356,0.0
2000000.0,5000.0,0.85,533.15,2788.20569782392,2.505936764467682,780.4213521106769,2010.2902824777111,777.9154153462092,0.2790021611222372,0.0
2000000.0,5000.0,0.85,573.15,2883.9276512046463,2.505936764467682,816.7329559604702,2069.7006320086434,814.2270191960025,0.28233267878821144,4.547473508864641e-13
2000000.0,5000.0,0.85,613.15,2975.0183713982683,2.505936764467682,854.1904182438179,2123.333889918918,851.6844814793502,0.28627873013068345,0.0
2000000.0,5000.0,0.85,653.15,3063.989196671821,2.505936764467682,893.2481075066883,2173.247025929601,890.7421707422205,0.29071322174039194,-9.094947017729282e-13
2000000.0,5000.0,0.85,693.15,3152.0683193914356,2.505936764467682,934.0686106368955,2220.505645519008,931.5626738724278,0.2955401277762542,-4.547473508864641e-13
2000000.0,5000.0,0.85,733.15,3239.931795064142,2.505936764467682,976.6960972366207,2265.741634591989,974.190160472153,0.3006823050893473,0.0
2000000.0,5000.0,0.85,773.15,3327.9865645306463,2.505936764467682,1021.123937976887,2309.3685633182276,1018.6180012124192,0.306076356217525,-4.547473508864641e-13
2000000.0,5000.0,0.85,813.15,3416.494850961875,2.505936764467682,1067.3235087166922,2351.6772790096506,1064.8175719522246,0.3116695965903293,-4.547473508864641e-13
2000000.0,5000.0,0.9,493.15,2681.3751573230797,2.505936764467682,787.6108368781579,1896.2702572093895,785.1049001136902,0.2927993488600419,0.0
2000000.0,5000.0,0.9,533.15,2788.20569782392,2.505936764467682,826.3284904701286,1964.3831441182595,823.8225537056609,0.29546692137836905,0.0
2000000.0,5000.0,0.9,573.15,2883.9276512046463,2.505936764467682,864.7760710169687,2021.6575169521452,862.270134252501,0.29899159706462186,0.0
2000000.0,5000.0,0.9,613.15,2975.0183713982683,2.505936764467682,904.4369134346312,2073.0873947281048,901.9309766701634,0.3031682040491914,0.0
2000000.0,5000.0,0.9,653.15,3063.989196671821,2.505936764467682,945.7921138306107,2120.7030196056785,943.286177066143,0.3078621093347076,-4.547473508864641e-13
2000000.0,5000.0,0.9,693.15,3152.0683193914356,2.505936764467682,989.0138230273011,2165.5604331286017,986.5078862628334,0.312971606672947,4.547473508864641e-13
2000000.0,5000.0,0.9,733.15,3239.931795064142,2.505936764467682,1034.1488088387748,2208.288922989835,1031.6428720743072,0.31841499677430196,0.0
2000000.0,5000.0,0.9,773.15,3327.9865645306463,2.505936764467682,1081.1900519755272,2249.302449319587,1078.6841152110596,0.32412514122129243,-4.547473508864641e-13
2000000.0,5000.0,0.9,813.15,3416.494850961875,2.505936764467682,1130.1072445235563,2288.8935432027856,1127.6013077590887,0.3300462482598578,4.547473508864641e-13
2000000.0,8000.0,0.7,493.15,2645.2798442302756,2.510045084006939,577.2131430770238,2070.5767462372587,574.7030979930169,0.21725606810429698,0.0
2000000.0,8000.0,0.7,533.15,2752.110384731116,2.510045084006939,606.0665707073309,2148.5538591077925,603.556525623324,0.21930680141752093,-4.547473508864641e-13
2000000.0,8000.0,0.7,573.15,2847.832338111842,2.510045084006939,634.9234158125096,2215.4189673833393,632.4133707285026,0.2220683297485844,0.0
2000000.0,8000.0,0.7,613.15,2938.923058305464,2.510045084006939,664.8420037350556,2276.5910996544158,662.3319586510487,0.22536553203707846,-4.547473508864641e-13
2000000.0,8000.0,0.7,653.15,3027.8938835790173,2.510045084006939,696.1574776410674,2334.2464510219565,693.6474325570605,0.22908578015856967,0.0
2000000.0,8000.0,0.7,693.15,3115.9730062986314,2.510045084006939,728.9832529656398,2389.4997984169986,726.4732078816329,0.2331448977295821,0.0
2000000.0,8000.0,0.7,733.15,3203.836481971338,2.510045084006939,763.3433785092249,2443.00314854612,760.8333334252179,0.2374757069240541,0.0
2000000.0,8000.0,0.7,773.15,3291.8912514378426,2.510045084006939,799.2242034668672,2495.1770930549824,796.7141583828602,0.24202323148884972,0.0
2000000.0,8000.0,0.7,813.15,3380.3995378690706,2.510045084006939,836.5963108462663,2546.3132721068114,834.0862657622594,0.2467419180538786,-4.547473508864641e-13
2000000.0,8000.0,0.75,493.15,2645.2798442302756,2.510045084006939,618.442653296811,2029.3472360174715,615.9326082128041,0.23284213560854028,0.0
2000000.0,8000.0,0.75,533.15,2752.110384731116,2.510045084006939,649.3570400435688,2105.2633897715546,646.8469949595618,0.23503671892970215,-4.547473508864641e-13
2000000.0,8000.0,0.75,573.15,2847.832338111842,2.510045084006939,680.2750883705457,2170.067294825303,677.7650432865388,0.23799330958363502,0.0
2000000.0,8000.0,0.75,613.15,2938.923058305464,2.510045084006939,712.3307182875596,2229.1023851019118,709.8206732035527,0.24152407501706558,-4.547473508864641e-13
2000000.0,8000.0,0.75,653.15,3027.8938835790173,2.510045084006939,745.8830117582866,2284.5209169047375,743.3729666742796,0.24550826259327202,0.0
2000000.0,8000.0,0.75,693.15,3115.9730062986314,2.510045084006939,781.0534853203283,2337.42956606231,778.5434402363213,0.24985564337770985,0.0
2000000.0,8000.0,0.75,733.15,3203.836481971338,2.510045084006939,817.8679055455983,2388.4786215097465,815.3578604615914,0.25449421811936457,0.0
2000000.0,8000.0,0.75,773.15,3291.8912514378426,2.510045084006939,856.3116465716432,2438.0896499502064,853.8016014876363,0.2593650689750793,-4.547473508864641e-13
2000000.0,8000.0,0.75,813.15,3380.3995378690706,2.510045084006939,896.353190192428,2486.55639276065,893.843145108421,0.26441937856608516,-4.547473508864641e-13
2000000.0,8000.0,0.8,493.15,2645.2798442302756,2.510045084006939,659.6721635165987,1988.1177257976838,657.1621184325918,0.24842820311278374,0.0
2000000.0,8000.0,0.8,533.15,2752.110384731116,2.510045084006939,692.6475093798069,2061.972920435316,690.1374642958,0.2507666364418835,-4.547473508864641e-13
2000000.0,8000.0,0.8,573.15,2847.832338111842,2.510045084006939,725.6267609285824,2124.7156222672666,723.1167158445754,0.2539182894186858,0.0
2000000.0,8000.0,0.8,613.15,2938.923058305464,2.510045084006939,759.8194328400637,2181.6136705494077,757.3093877560567,0.25768261799705267,-4.547473508864641e-13
2000000.0,8000.0,0.8,653.15,3027.8938835790173,2.510045084006939,795.608545875506,2234.795382787518,793.0985007914991,0.2619307450279745,0.0
2000000.0,8000.0,0.8,693.15,3115.9730062986314,2.510045084006939,833.1237176750167,2285.3593337076218,830.6136725910097,0.2665663890258376,0.0
2000000.0,8000.0,0.8,733.15,3203.836481971338,2.510045084006939,872.3924325819719,2333.954094473373,869.8823874979649,0.2715127293146751,-4.547473508864641e-13
2000000.0,8000.0,0.8,773.15,3291.8912514378426,2.510045084006939,913.3990896764197,2381.0022068454296,910.8890445924128,0.2767069064613091,0.0
2000000.0,8000.0,0.8,813.15,3380.3995378690706,2.510045084006939,956.11006953859,2426.7995134144876,953.600024454583,0.28209683907829175,0.0
2000000.0,8000.0,0.85,493.15,2645.2798442302756,2.510045084006939,700.901673736386,1946.8882155778965,698.391628652379,0.26401427061702704,0.0
2000000.0,8000.0,0.85,533.15,2752.110384731116,2.510045084006939,735.9379787160447,2018.6824510990784,733.4279336320377,0.26649655395406474,-4.547473508864641e-13
2000000.0,8000.0,0.85,573.15,2847.832338111842,2.510045084006939,770.978433486619,2079.36394970923,768.468388402612,0.2698432692537366,0.0
2000000.0,8000.0,0.85,613.15,2938.923058305464,2.510045084006939,807.3081473925677,2134.1249559969037,804.7981023085607,0.2738411609770398,-4.547473508864641e-13
2000000.0,8000.0,0.85,653.15,3027.8938835790173,2.510045084006939,845.334079992725,2185.069848670299,842.8240349087181,0.2783532274626768,0.0
2000000.0,8000.0,0.85,693.15,3115.9730062986314,2.510045084006939,885.1939500297052,2233.2891013529334,882.6839049456983,0.2832771346739654,-4.547473508864641e-13
2000000.0,8000.0,0.85,733.15,3203.836481971338,2.510045084006939,926.9169596183449,2279.429567437,924.406914534338,0.2885312405099855,-4.547473508864641e-13
2000000.0,8000.0,0.85,773.15,3291.8912514378426,2.510045084006939,970.4865327811958,2323.9147637406536,967.9764876971889,0.2940487439475387,0.0
2000000.0,8000.0,0.85,813.15,3380.3995378690706,2.510045084006939,1015.8669488847517,2367.042634068326,1013.3569038007447,0.2997742995904983,-4.547473508864641e-13
2000000.0,8000.0,0.9,493.15,2645.2798442302756,2.510045084006939,742.1311839561732,1905.6587053581093,739.6211388721663,0.2796003381212703,0.0
2000000.0,8000.0,0.9,533.15,2752.110384731116,2.510045084006939,779.2284480522825,1975.3919817628407,776.7184029682755,0.28222647146624597,-4.547473508864641e-13
2000000.0,8000.0,0.9,573.15,2847.832338111842,2.510045084006939,816.3301060446552,2034.0122771511938,813.8200609606482,0.28576824908878723,0.0
2000000.0,8000.0,0.9,613.15,2938.923058305464,2.510045084006939,854.7968619450717,2086.6362414443993,852.2868168610647,0.2899997039570269,0.0
2000000.0,8000.0,0.9,653.15,3027.8938835790173,2.510045084006939,895.059614109944,2135.34431455308,892.5495690259371,0.29477570989737917,0.0
2000000.0,8000.0,0.9,693.15,3115.9730062986314,2.510045084006939,937.2641823843941,2181.2188689982445,934.7541373003871,0.2999878803220933,-4.547473508864641e-13
2000000.0,8000.0,0.9,733.15,3203.836481971338,2.510045084006939,981.4414866547179,2224.905040400627,978.931441570711,0.30554975170529586,-4.547473508864641e-13
2000000.0,8000.0,0.9,773.15,3291.8912514378426,2.510045084006939,1027.573975885972,2266.8273206358776,1025.0639308019652,0.31139058143376835,-4.547473508864641e-13
2000000.0,8000.0,0.9,813.15,3380.3995378690706,2.510045084006939,1075.6238282309137,2307.285754722164,1073.1137831469068,0.3174517601027049,0.0
2000000.0,12000.0,0.7,493.15,2612.20564227465,2.5134641548862855,545.4167138196156,2069.3023926099204,542.9032496647293,0.20783327349066644,4.547473508864641e-13
2000000.0,12000.0,0.7,533.15,2719.0361827754905,2.5134641548862855,573.1156049685753,2148.434041961801,570.6021408136891,0.20985455965181005,4.547473508864641e-13
2000000.0,12000.0,0.7,573.15,2814.758136156216,2.5134641548862855,601.0134728067629,2216.2581275043394,598.5000086518767,0.2126292845427841,0.0
2000000.0,12000.0,0.7,613.15,2905.8488563498386,2.5134641548862855,630.0812674789415,2278.281053025783,627.5678033240553,0.21596711816332048,4.547473508864641e-13
2000000.0,12000.0,0.7,653.15,2994.8196816233913,2.5134641548862855,660.6183659758195,2336.714779802458,658.1049018209333,0.21974775505154845,0.0
2000000.0,12000.0,0.7,693.15,3082.898804343006,2.5134641548862855,692.7194227654976,2392.6928457323943,690.2059586106113,0.2238821325040867,0.0
2000000.0,12000.0,0.7,733.15,3170.7622800157123,2.5134641548862855,726.3971949122026,2446.8785492583957,723.8837307573164,0.22829959070716876,4.547473508864641e-13
2000000.0,12000.0,0.7,773.15,3258.8170494822166,2.5134641548862855,761.6305276840795,2499.6999859530233,759.1170635291933,0.23294252239468521,0.0
2000000.0,12000.0,0.7,813.15,3347.325335913445,2.5134641548862855,798.3846503698226,2551.4541496985084,795.8711862149363,0.23776332036687212,4.547473508864641e-13
2000000.0,12000.0,0.75,493.15,2612.20564227465,2.5134641548862855,584.3750505210171,2030.344055908519,581.8615863661308,0.2227472358797368,0.0
2000000.0,12000.0,0.75,533.15,2719.0361827754905,2.5134641548862855,614.0524338949025,2107.497213035474,611.5389697400162,0.22491019928825667,0.0
2000000.0,12000.0,0.75,573.15,2814.758136156216,2.5134641548862855,643.943006578675,2173.328593732427,641.4295424237887,0.2278808733810833,0.0
2000000.0,12000.0,0.75,613.15,2905.8488563498386,2.5134641548862855,675.0870722988658,2233.2752482058586,672.5736081439795,0.2314551242657638,4.547473508864641e-13
2000000.0,12000.0,0.75,653.15,2994.8196816233913,2.5134641548862855,707.8053921169494,2289.527753661328,705.2919279620631,0.23550397117056077,0.0
2000000.0,12000.0,0.75,693.15,3082.898804343006,2.5134641548862855,742.1993815344618,2343.21288696343,739.6859173795756,0.23993194857306044,4.547473508864641e-13
2000000.0,12000.0,0.75,733.15,3170.7622800157123,2.5134641548862855,778.2827088345028,2394.9930353360955,775.7692446796166,0.24466332577785438,0.0
2000000.0,12000.0,0.75,773.15,3258.8170494822166,2.5134641548862855,816.0327082329425,2445.29780540416,813.5192440780562,0.24963636550487356,0.0
2000000.0,12000.0,0.75,813.15,3347.325335913445,2.5134641548862855,855.4121253962386,2494.4266746720923,852.8986612413523,0.2548000494874534,4.547473508864641e-13
2000000.0,12000.0,0.8,493.15,2612.20564227465,2.5134641548862855,623.3333872224181,1991.385719207118,620.8199230675318,0.23766119826880697,0.0
2000000.0,12000.0,0.8,533.15,2719.0361827754905,2.5134641548862855,654.9892628212292,2066.5603841091474,652.4757986663429,0.2399658389247031,0.0
2000000.0,12000.0,0.8,573.15,2814.758136156216,2.5134641548862855,686.8725403505866,2130.399059960516,684.3590761957004,0.24313246221938237,-4.547473508864641e-13
2000000.0,12000.0,0.8,613.15,2905.8488563498386,2.5134641548862855,720.09287711879,2188.2694433859347,717.5794129639038,0.24694313036820714,0.0
2000000.0,12000.0,0.8,653.15,2994.8196816233913,2.5134641548862855,754.9924182580797,2242.3407275201976,752.4789541031935,0.2512601872895733,0.0
2000000.0,12000.0,0.8,693.15,3082.898804343006,2.5134641548862855,791.6793403034256,2293.7329281944662,789.1658761485394,0.25598176464203404,0.0
2000000.0,12000.0,0.8,733.15,3170.7622800157123,2.5134641548862855,830.1682227568031,2343.107521413795,827.6547586019168,0.26102706084854,4.547473508864641e-13
2000000.0,12000.0,0.8,773.15,3258.8170494822166,2.5134641548862855,870.4348887818055,2390.8956248552972,867.9214246269192,0.2663302086150619,0.0
2000000.0,12000.0,0.8,813.15,3347.325335913445,2.5134641548862855,912.4396004226543,2437.3991996456766,909.926136267768,0.2718367786080345,4.547473508864641e-13
2000000.0,12000.0,0.85,493.15,2612.20564227465,2.5134641548862855,662.2917239238192,1952.4273825057169,659.7782597689329,0.25257516065787716,0.0
2000000.0,12000.0,0.85,533.15,2719.0361827754905,2.5134641548862855,695.9260917475559,2025.6235551828208,693.4126275926697,0.25502147856114954,0.0
2000000.0,12000.0,0.85,573.15,2814.758136156216,2.5134641548862855,729.8020741224983,2087.4695261886045,727.288609967612,0.2583840510576815,-4.547473508864641e-13
2000000.0,12000.0,0.85,613.15,2905.8488563498386,2.5134641548862855,765.0986819387143,2143.2636385660103,762.585217783828,0.2624311364706505,0.0
2000000.0,12000.0,0.85,653.15,2994.8196816233913,2.5134641548862855,802.1794443992093,2195.153701379068,799.665980244323,0.2670164034085855,0.0
2000000.0,12000.0,0.85,693.15,3082.898804343006,2.5134641548862855,841.15929907239,2244.2529694255018,838.6458349175037,0.27203158071100775,0.0
2000000.0,12000.0,0.85,733.15,3170.7622800157123,2.5134641548862855,882.0537366791033,2291.222007491495,879.540272524217,0.2773907959192256,4.547473508864641e-13
2000000.0,12000.0,0.85,773.15,3258.8170494822166,2.5134641548862855,924.8370693306681,2336.4934443064344,922.3236051757818,0.28302405172525014,0.0
2000000.0,12000.0,0.85,813.15,3347.325335913445,2.5134641548862855,969.46707544907,2380.371724619261,966.9536112941837,0.2888735077286157,4.547473508864641e-13
2000000.0,12000.0,0.9,493.15,2612.20564227465,2.5134641548862855,701.2500606252202,1913.469045804316,698.7365964703339,0.26748912304694733,0.0
2000000.0,12000.0,0.9,533.15,2719.0361827754905,2.5134641548862855,736.8629206738831,1984.6867262564938,734.3494565189968,0.27007711819759617,-4.547473508864641e-13
2000000.0,12000.0,0.9,573.15,2814.758136156216,2.5134641548862855,772.7316078944099,2044.5399924166927,770.2181437395236,0.2736356398959805,-4.547473508864641e-13
2000000.0,12000.0,0.9,613.15,2905.8488563498386,2.5134641548862855,810.1044867586392,2098.2578337460855,807.5910226037529,0.27791914257309397,0.0
2000000.0,12000.0,0.9,653.15,2994.8196816233913,2.5134641548862855,849.3664705403396,2147.966675237938,846.8530063854533,0.28277261952759797,-4.547473508864641e-13
2000000.0,12000.0,0.9,693.15,3082.898804343006,2.5134641548862855,890.6392578413543,2194.7730106565373,888.125793686468,0.2880813967799815,4.547473508864641e-13
2000000.0,12000.0,0.9,733.15,3170.7622800157123,2.5134641548862855,933.9392506014034,2239.3364935691948,931.4257864465171,0.2937545309899112,4.547473508864641e-13
2000000.0,12000.0,0.9,773.15,3258.8170494822166,2.5134641548862855,979.2392498795311,2282.0912637575716,976.7257857246449,0.2997178948354385,0.0
2000000.0,12000.0,0.9,813.15,3347.325335913445,2.5134641548862855,1026.494550475486,2323.344249592845,1023.9810863205997,0.30591023684919694,4.547473508864641e-13
2000000.0,20000.0,0.7,493.15,2567.6903032063638,2.5164169217395247,503.5396502810703,2066.6670698470325,501.0232333593308,0.19512603709788745,4.547473508864641e-13
2000000.0,20000.0,0.7,533.15,2674.5208437072038,2.5164169217395247,529.6856163611706,2147.3516442677733,527.169199439431,0.19710790464758984,-4.547473508864641e-13
2000000.0,20000.0,0.7,573.15,2770.2427970879303,2.5164169217395247,556.2935987237291,2216.4656152859407,553.7771818019896,0.19990203832823544,0.0
2000000.0,20000.0,0.7,613.15,2861.333517281552,2.5164169217395247,584.2170223099711,2279.632911893321,581.7006053882316,0.2032970298201672,-4.547473508864641e-13
2000000.0,20000.0,0.7,653.15,2950.3043425551045,2.5164169217395247,613.7071563277221,2339.1136031491224,611.1907394059826,0.207161929225465,-4.547473508864641e-13
2000000.0,20000.0,0.7,693.15,3038.3834652747196,2.5164169217395247,644.8334205500921,2396.066461646367,642.3170036283526,0.2114009014890017,4.547473508864641e-13
2000000.0,20000.0,0.7,733.15,3126.2469409474256,2.5164169217395247,677.5933839372163,2451.1699739319492,675.0769670154768,0.21593846544025444,-4.547473508864641e-13
2000000.0,20000.0,0.7,773.15,3214.30171041393,2.5164169217395247,711.9557984978379,2504.862328837832,709.4393815760984,0.22071337587184325,-4.547473508864641e-13
2000000.0,20000.0,0.7,813.15,3302.809996845159,2.5164169217395247,747.8786924277516,2557.4477213391465,745.3622755060121,0.22567519058558666,4.547473508864641e-13
2000000.0,20000.0,0.75,493.15,2567.6903032063638,2.5164169217395247,539.5067681582896,2030.6999519698134,536.99035123655,0.20913361341357703,4.547473508864641e-13
2000000.0,20000.0,0.75,533.15,2674.5208437072038,2.5164169217395247,567.5203032441116,2109.516957384832,565.0038863223721,0.2112542467753624,-4.547473508864641e-13
2000000.0,20000.0,0.75,573.15,2770.2427970879303,2.5164169217395247,596.0288557754238,2176.7303582342456,593.5124388536843,0.21424563921890982,4.547473508864641e-13
2000000.0,20000.0,0.75,613.15,2861.333517281552,2.5164169217395247,625.9468096178263,2237.9031245854653,623.4303926960868,0.21788106452140718,0.0
2000000.0,20000.0,0.75,653.15,2950.3043425551045,2.5164169217395247,657.5433817797024,2295.277377697142,655.0269648579629,0.2220201337909018,-4.547473508864641e-13
2000000.0,20000.0,0.75,693.15,3038.3834652747196,2.5164169217395247,690.8929505893849,2350.006931607074,688.3765336676454,0.2265601236759643,4.547473508864641e-13
2000000.0,20000.0,0.75,733.15,3126.2469409474256,2.5164169217395247,725.9929113613032,2402.7704465078623,723.4764944395637,0.23142013670241618,-4.547473508864641e-13
2000000.0,20000.0,0.75,773.15,3214.30171041393,2.5164169217395247,762.8097841048263,2454.0083432308434,760.2933671830868,0.23653453710329456,0.0
2000000.0,20000.0,0.75,813.15,3302.809996845159,2.5164169217395247,801.2985990297339,2504.0278147371646,798.7821821079943,0.24184926861399547,0.0
2000000.0,20000.0,0.8,493.15,2567.6903032063638,2.5164169217395247,575.4738860355089,1994.732834092594,572.9574691137694,0.22314118972926666,4.547473508864641e-13
2000000.0,20000.0,0.8,533.15,2674.5208437072038,2.5164169217395247,605.3549901270527,2071.682270501891,602.8385732053132,0.225400588903135,0.0
2000000.0,20000.0,0.8,573.15,2770.2427970879303,2.5164169217395247,635.764112827119,2136.9951011825506,633.2476959053795,0.22858924010958437,4.547473508864641e-13
2000000.0,20000.0,0.8,613.15,2861.333517281552,2.5164169217395247,667.676596925681,2196.1733372776107,665.1601800039415,0.232465099222647,-4.547473508864641e-13
2000000.0,20000.0,0.8,653.15,2950.3043425551045,2.5164169217395247,701.3796072316826,2251.441152245162,698.8631903099431,0.2368783383563386,-4.547473508864641e-13
2000000.0,20000.0,0.8,693.15,3038.3834652747196,2.5164169217395247,736.9524806286772,2303.947401567782,734.4360637069377,0.2417193458629267,0.0
2000000.0,20000.0,0.8,733.15,3126.2469409474256,2.5164169217395247,774.3924387853905,2354.370919083775,771.876021863651,0.24690180796457808,0.0
2000000.0,20000.0,0.8,773.15,3214.30171041393,2.5164169217395247,813.6637697118148,2403.154357623855,811.1473527900753,0.25235569833474586,-4.547473508864641e-13
2000000.0,20000.0,0.8,813.15,3302.809996845159,2.5164169217395247,854.718505631716,2450.6079081351822,852.2020887099765,0.2580233466424042,0.0
2000000.0,20000.0,0.85,493.15,2567.6903032063638,2.5164169217395247,611.4410039127283,1958.7657162153746,608.9245869909888,0.23714876604495627,4.547473508864641e-13
2000000.0,20000.0,0.85,533.15,2674.5208437072038,2.5164169217395247,643.1896770099933,2033.8475836189502,640.6732600882538,0.23954693103090738,0.0
2000000.0,20000.0,0.85,573.15,2770.2427970879303,2.5164169217395247,675.4993698788136,2097.259844130856,672.9829529570741,0.2429328410002587,4.547473508864641e-13
2000000.0,20000.0,0.85,613.15,2861.333517281552,2.5164169217395247,709.4063842335362,2154.4435499697556,706.8899673117967,0.24704913392388697,-4.547473508864641e-13
2000000.0,20000.0,0.85,653.15,2950.3043425551045,2.5164169217395247,745.2158326836624,2207.604926793182,742.6994157619229,0.2517365429217752,-4.547473508864641e-13
2000000.0,20000.0,0.85,693.15,3038.3834652747196,2.5164169217395247,783.0120106679694,2257.8878715284895,780.4955937462299,0.2568785680498891,4.547473508864641e-13
2000000.0,20000.0,0.85,733.15,3126.2469409474256,2.5164169217395247,822.7919662094773,2305.9713916596884,820.2755492877378,0.2623834792267398,-4.547473508864641e-13
2000000.0,20000.0,0.85,773.15,3214.30171041393,2.5164169217395247,864.5177553188032,2352.3003720168667,862.0013383970637,0.26817685956619713,-4.547473508864641e-13
2000000.0,20000.0,0.85,813.15,3302.809996845159,2.5164169217395247,908.1384122336982,2397.1880015332,905.6219953119587,0.27419742467081304,4.547473508864641e-13
2000000.0,20000.0,0.9,493.15,2567.6903032063638,2.5164169217395247,647.4081217899476,1922.7985983381552,644.8917048682081,0.2511563423606459,4.547473508864641e-13
2000000.0,20000.0,0.9,533.15,2674.5208437072038,2.5164169217395247,681.0243638929338,1996.0128967360097,678.5079469711943,0.2536932731586798,0.0
2000000.0,20000.0,0.9,573.15,2770.2427970879303,2.5164169217395247,715.2346269305087,2057.5245870791605,712.7182100087692,0.25727644189093324,4.547473508864641e-13
2000000.0,20000.0,0.9,613.15,2861.333517281552,2.5164169217395247,751.1361715413914,2112.7137626619005,748.6197546196519,0.261633168625127,-4.547473508864641e-13
2000000.0,20000.0,0.9,653.15,2950.3043425551045,2.5164169217395247,789.0520581356432,2163.7687013412014,786.5356412139037,0.2665947474872122,-4.547473508864641e-13
2000000.0,20000.0,0.9,693.15,3038.3834652747196,2.5164169217395247,829.0715407072618,2211.828341489197,826.5551237855223,0.27203779023685154,4.547473508864641e-13
2000000.0,20000.0,0.9,733.15,3126.2469409474256,2.5164169217395247,871.191493633564,2257.5718642356014,868.6750767118245,0.27786515048890154,-4.547473508864641e-13
2000000.0,20000.0,0.9,773.15,3214.30171041393,2.5164169217395247,915.3717409257916,2301.4463864098784,912.8553240040521,0.2839980207976484,-4.547473508864641e-13
2000000.0,20000.0,0.9,813.15,3302.809996845159,2.5164169217395247,961.5583188356809,2343.7680949312175,959.0419019139414,0.29037150269922196,0.0
2000000.0,30000.0,0.7,493.15,2529.840452638737,2.516209762564453,468.74924840291214,2063.6074139983893,466.2330386403477,0.18429345540508124,0.0
2000000.0,30000.0,0.7,533.15,2636.6709931395776,2.516209762564453,493.5761324939244,2145.6110704082175,491.0599227313599,0.18624239581239427,0.0
2000000.0,30000.0,0.7,573.15,2732.392946520303,2.516209762564453,519.0884633450149,2215.820692937853,516.5722535824505,0.18905489206459275,-4.547473508864641e-13
2000000.0,30000.0,0.7,613.15,2823.4836667139257,2.516209762564453,546.0398379132058,2279.960038563284,543.5236281506413,0.19250107041816686,4.547473508864641e-13
2000000.0,30000.0,0.7,653.15,2912.4544919874784,2.516209762564453,574.6406618056167,2340.330039944426,572.1244520430522,0.19644064949925816,0.0
2000000.0,30000.0,0.7,693.15,3000.533614707093,2.516209762564453,604.9389199996097,2398.1109044700474,602.4227102370452,0.2007718584735311,0.0
2000000.0,30000.0,0.7,733.15,3088.3970903797995,2.516209762564453,636.9192804113752,2453.9940197309884,634.4030706488107,0.20541499427808171,4.547473508864641e-13
2000000.0,30000.0,0.7,773.15,3176.4518598463037,2.516209762564453,670.5419216568037,2508.426147952064,668.0257118942392,0.2103056307381162,0.0
2000000.0,30000.0,0.7,813.15,3264.960146277532,2.516209762564453,705.7587551961587,2561.717600843938,703.2425454335943,0.21539085132030777,0.0
2000000.0,30000.0,0.75,493.15,2529.840452638737,2.516209762564453,502.231337574549,2030.1253248267526,499.71512781198453,0.1975283173651363,0.0
2000000.0,30000.0,0.75,533.15,2636.6709931395776,2.516209762564453,528.8315705292043,2110.3556323729376,526.3153607666399,0.1996135893086674,0.0
2000000.0,30000.0,0.75,573.15,2732.392946520303,2.516209762564453,556.1662107268018,2178.742945556066,553.6500009642373,0.2026245901671315,0.0
2000000.0,30000.0,0.75,613.15,2823.4836667139257,2.516209762564453,585.0426834784346,2240.9571929980552,582.5264737158701,0.20631480202392524,4.547473508864641e-13
2000000.0,30000.0,0.75,653.15,2912.4544919874784,2.516209762564453,615.6864233631608,2299.284278386882,613.1702136005963,0.21053383504789627,0.0
2000000.0,30000.0,0.75,693.15,3000.533614707093,2.516209762564453,648.1488428567247,2354.9009816129324,645.6326330941603,0.21517260460925908,0.0
2000000.0,30000.0,0.75,733.15,3088.3970903797995,2.516209762564453,682.4135147264735,2408.49978541589,679.897304963909,0.2201456888693992,4.547473508864641e-13
2000000.0,30000.0,0.75,773.15,3176.4518598463037,2.516209762564453,718.437773203718,2460.5302964051502,715.9215634411536,0.2253840432751889,0.0
2000000.0,30000.0,0.75,813.15,3264.960146277532,2.516209762564453,756.1700948530278,2511.3062611870687,753.6538850904633,0.2308309600500711,0.0
2000000.0,30000.0,0.8,493.15,2529.840452638737,2.516209762564453,535.7134267461854,1996.643235655116,533.1972169836209,0.21076317932519117,0.0
2000000.0,30000.0,0.8,533.15,2636.6709931395776,2.516209762564453,564.0870085644848,2075.1001943376573,561.5707988019203,0.21298478280494074,0.0
2000000.0,30000.0,0.8,573.15,2732.392946520303,2.516209762564453,593.2439581085886,2141.6651981742793,590.7277483460241,0.21619428826967024,-4.547473508864641e-13
2000000.0,30000.0,0.8,613.15,2823.4836667139257,2.516209762564453,624.0455290436638,2201.954347432826,621.5293192810993,0.2201285336296838,0.0
2000000.0,30000.0,0.8,653.15,2912.4544919874784,2.516209762564453,656.7321849207049,2258.238516829338,654.2159751581404,0.2246270205965344,-4.547473508864641e-13
2000000.0,30000.0,0.8,693.15,3000.533614707093,2.516209762564453,691.3587657138398,2311.6910587558173,688.8425559512754,0.22957335074498708,0.0
2000000.0,30000.0,0.8,733.15,3088.3970903797995,2.516209762564453,727.9077490415717,2363.0055511007918,725.3915392790072,0.23487638346071663,4.547473508864641e-13
2000000.0,30000.0,0.8,773.15,3176.4518598463037,2.516209762564453,766.3336247506328,2412.6344448582354,763.8174149880683,0.2404624558122617,0.0
2000000.0,30000.0,0.8,813.15,3264.960146277532,2.516209762564453,806.5814345098962,2460.8949215302,804.0652247473317,0.24627106877983423,4.547473508864641e-13
2000000.0,30000.0,0.85,493.15,2529.840452638737,2.516209762564453,569.1955159178218,1963.1611464834798,566.6793061552573,0.22399804128524603,0.0
2000000.0,30000.0,0.85,533.15,2636.6709931395776,2.516209762564453,599.3424465997653,2039.844756302377,596.8262368372008,0.22635597630121407,-4.547473508864641e-13
2000000.0,30000.0,0.85,573.15,2732.392946520303,2.516209762564453,630.3217054903754,2104.5874507924923,627.8054957278109,0.229763986372209,0.0
2000000.0,30000.0,0.85,613.15,2823.4836667139257,2.516209762564453,663.0483746088925,2162.9515018675975,660.532164846328,0.23394226523544218,0.0
2000000.0,30000.0,0.85,653.15,2912.4544919874784,2.516209762564453,697.7779464782491,2217.192755271794,695.2617367156846,0.23872020614517253,-4.547473508864641e-13
2000000.0,30000.0,0.85,693.15,3000.533614707093,2.516209762564453,734.5686885709548,2268.481135898702,732.0524788083903,0.24397409688071503,4.547473508864641e-13
2000000.0,30000.0,0.85,733.15,3088.3970903797995,2.516209762564453,773.4019833566696,2317.511316785694,770.8857735941051,0.24960707805203394,4.547473508864641e-13
2000000.0,30000.0,0.85,773.15,3176.4518598463037,2.516209762564453,814.2294762975475,2364.7385933113205,811.7132665349831,0.25554086834933454,0.0
2000000.0,30000.0,0.85,813.15,3264.960146277532,2.516209762564453,856.9927741667647,2410.483581873332,854.4765644042002,0.2617111775095974,0.0
2000000.0,30000.0,0.9,493.15,2529.840452638737,2.516209762564453,602.6776050894587,1929.6790573118428,600.1613953268942,0.23723290324530108,0.0
2000000.0,30000.0,0.9,533.15,2636.6709931395776,2.516209762564453,634.5978846350456,2004.5893182670966,632.0816748724811,0.23972716979748734,-4.547473508864641e-13
2000000.0,30000.0,0.9,573.15,2732.392946520303,2.516209762564453,667.3994528721622,2067.5097034107057,664.8832431095977,0.24333368447474774,-4.547473508864641e-13
2000000.0,30000.0,0.9,613.15,2823.4836667139257,2.516209762564453,702.0512201741217,2123.9486563023684,699.5350104115572,0.24775599684120073,0.0
2000000.0,30000.0,0.9,653.15,2912.4544919874784,2.516209762564453,738.8237080357927,2176.14699371425,736.3074982732282,0.2528133916938105,0.0
2000000.0,30000.0,0.9,693.15,3000.533614707093,2.516209762564453,777.7786114280699,2225.271213041587,775.2624016655054,0.258374843016443,4.547473508864641e-13
2000000.0,30000.0,0.9,733.15,3088.3970903797995,2.516209762564453,818.8962176717678,2272.017082470596,816.3800079092033,0.26433777264335134,0.0
2000000.0,30000.0,0.9,773.15,3176.4518598463037,2.516209762564453,862.1253278444619,2316.842741764406,859.6091180818975,0.2706192808864072,0.0
2000000.0,30000.0,0.9,813.15,3264.960146277532,2.516209762564453,907.4041138236332,2360.072242216463,904.8879040610688,0.27715128623936053,4.547473508864641e-13
3000000.0,5000.0,0.7,533.15,2744.9361208420255,3.761225896267133,666.6956117433887,2082.001734994904,662.9343858471216,0.24151177173615337,0.0
3000000.0,5000.0,0.7,573.15,2852.824579675016,3.761225896267133,700.3838705809372,2156.2019349903453,696.6226446846701,0.24418698915025017,9.094947017729282e-13
3000000.0,5000.0,0.7,613.15,2950.873828126419,3.761225896267133,733.5813550717197,2221.053698950966,729.8201291754526,0.24732339357214503,4.547473508864641e-13
3000000.0,5000.0,0.7,653.15,3044.361918779884,3.761225896267133,767.3766402207445,2280.746504455406,763.6154143244775,0.25082938057197823,9.094947017729282e-13
3000000.0,5000.0,0.7,693.15,3135.6153787967555,3.761225896267133,802.2034855758674,2337.173119117155,798.4422596796003,0.2546365428230519,4.547473508864641e-13
3000000.0,5000.0,0.7,733.15,3225.8341799015657,3.761225896267133,838.2486075924164,2391.3467982054167,834.4873816961493,0.2586888646959569,-4.547473508864641e-13
3000000.0,5000.0,0.7,773.15,3315.7060805335914,3.761225896267133,875.5907122835265,2443.8765941463316,871.8294863872594,0.26293931525045106,4.547473508864641e-13
3000000.0,5000.0,0.7,813.15,3405.657658486712,3.761225896267133,914.2574723807596,2495.16141200222,910.4962464844925,0.26734814176509664,-4.547473508864641e-13
3000000.0,5000.0,0.75,533.15,2744.9361208420255,3.761225896267133,714.3167268679165,2034.380619870376,710.5555009716494,0.25886048698054304,4.547473508864641e-13
3000000.0,5000.0,0.75,573.15,2852.824579675016,3.761225896267133,750.411289908147,2106.174515663136,746.6500640118799,0.2617230899268737,4.547473508864641e-13
3000000.0,5000.0,0.75,613.15,2950.873828126419,3.761225896267133,785.9800232911282,2168.655030731558,782.2187973948611,0.26508039413244266,4.547473508864641e-13
3000000.0,5000.0,0.75,653.15,3044.361918779884,3.761225896267133,822.1892573793693,2225.933887296782,818.4280314831022,0.2688340129451859,0.0
3000000.0,5000.0,0.75,693.15,3135.6153787967555,3.761225896267133,859.5037345455722,2279.8728701474497,855.7425086493051,0.2729105471404096,9.094947017729282e-13
3000000.0,5000.0,0.75,733.15,3225.8341799015657,3.761225896267133,898.123508134732,2331.4718976631007,894.3622822384649,0.27724992431748485,4.547473508864641e-13
3000000.0,5000.0,0.75,773.15,3315.7060805335914,3.761225896267133,938.1329060180643,2381.334400411794,934.3716801217972,0.28180172108965407,4.547473508864641e-13
3000000.0,5000.0,0.75,813.15,3405.657658486712,3.761225896267133,979.561577550814,2429.8573068321652,975.800351654547,0.2865233236884236,0.0
3000000.0,5000.0,0.8,533.15,2744.9361208420255,3.761225896267133,761.9378419924443,1986.7595047458483,758.1766160961772,0.27620920222493267,0.0
3000000.0,5000.0,0.8,573.15,2852.824579675016,3.761225896267133,800.4387092353567,2056.147096335926,796.6774833390896,0.2792591907034972,4.547473508864641e-13
3000000.0,5000.0,0.8,613.15,2950.873828126419,3.761225896267133,838.3786915105371,2116.256362512149,834.61746561427,0.2828373946927405,4.547473508864641e-13
3000000.0,5000.0,0.8,653.15,3044.361918779884,3.761225896267133,877.0018745379941,2171.1212701381564,873.240648641727,0.2868386453183935,9.094947017729282e-13
3000000.0,5000.0,0.8,693.15,3135.6153787967555,3.761225896267133,916.8039835152771,2222.572621177745,913.04275761901,0.29118455145776717,4.547473508864641e-13
3000000.0,5000.0,0.8,733.15,3225.8341799015657,3.761225896267133,957.9984086770476,2271.5969971207855,954.2371827807805,0.2958109839390128,-4.547473508864641e-13
3000000.0,5000.0,0.8,773.15,3315.7060805335914,3.761225896267133,1000.6750997526021,2318.792206677256,996.913873856335,0.30066412692885713,0.0
3000000.0,5000.0,0.8,813.15,3405.657658486712,3.761225896267133,1044.8656827208683,2364.553201662111,1041.1044568246011,0.3056985056117505,0.0
3000000.0,5000.0,0.85,533.15,2744.9361208420255,3.761225896267133,809.558957116972,1939.1383896213206,805.7977312207049,0.29355791746932225,0.0
3000000.0,5000.0,0.85,573.15,2852.824579675016,3.761225896267133,850.4661285625664,2006.1196770087167,846.7049026662993,0.29679529148012074,0.0
3000000.0,5000.0,0.85,613.15,2950.873828126419,3.761225896267133,890.7773597299451,2063.8576942927407,887.016133833678,0.300594395253038,4.547473508864641e-13
3000000.0,5000.0,0.85,653.15,3044.361918779884,3.761225896267133,931.8144916966185,2116.3086529795323,928.0532658003514,0.30484327769160097,4.547473508864641e-13
3000000.0,5000.0,0.85,693.15,3135.6153787967555,3.761225896267133,974.1042324849819,2165.27237220804,970.3430065887148,0.3094585557751248,9.094947017729282e-13
3000000.0,5000.0,0.85,733.15,3225.8341799015657,3.761225896267133,1017.8733092193627,2211.7220965784704,1014.1120833230956,0.31437204356054055,-4.547473508864641e-13
3000000.0,5000.0,0.85,773.15,3315.7060805335914,3.761225896267133,1063.2172934871396,2256.2500129427194,1059.4560675908724,0.31952653276806003,-4.547473508864641e-13
3000000.0,5000.0,0.85,813.15,3405.657658486712,3.761225896267133,1110.1697878909226,2299.2490964920567,1106.4085619946554,0.3248736875350774,0.0
3000000.0,5000.0,0.9,533.15,2744.9361208420255,3.761225896267133,857.1800722414996,1891.517274496793,853.4188463452325,0.31090663271371183,0.0
3000000.0,5000.0,0.9,573.15,2852.824579675016,3.761225896267133,900.4935478897766,1956.0922576815065,896.7323219935095,0.3143313922567444,4.547473508864641e-13
3000000.0,5000.0,0.9,613.15,2950.873828126419,3.761225896267133,943.1760279493542,2011.4590260733316,939.4148020530871,0.3183513958133358,4.547473508864641e-13
3000000.0,5000.0,0.9,653.15,3044.361918779884,3.761225896267133,986.6271088552433,2061.4960358209078,982.8658829589762,0.3228479100648086,0.0
3000000.0,5000.0,0.9,693.15,3135.6153787967555,3.761225896267133,1031.4044814546867,2107.9721232383354,1027.6432555584195,0.32773256009248236,4.547473508864641e-13
3000000.0,5000.0,0.9,733.15,3225.8341799015657,3.761225896267133,1077.7482097616787,2151.8471960361544,1073.9869838654115,0.3329331031820686,-4.547473508864641e-13
3000000.0,5000.0,0.9,773.15,3315.7060805335914,3.761225896267133,1125.7594872216773,2193.7078192081813,1121.99826132541,0.338388938607263,0.0
3000000.0,5000.0,0.9,813.15,3405.657658486712,3.761225896267133,1175.4738930609772,2233.9449913220024,1171.71266716471,0.3440488694584044,-4.547473508864641e-13
3000000.0,8000.0,0.7,533.15,2708.836840983431,3.7693009815964325,631.5690928605022,2081.0370491045255,627.7997918789058,0.23175991347304103,0.0
3000000.0,8000.0,0.7,573.15,2816.7252998164217,3.7693009815964325,664.0770099895033,2156.417590808515,660.3077090079069,0.23442389254321036,4.547473508864641e-13
3000000.0,8000.0,0.7,613.15,2914.7745482678247,3.7693009815964325,696.2746356513263,2222.2692135980947,692.5053346697299,0.23758452779178682,4.547473508864641e-13
3000000.0,8000.0,0.7,653.15,3008.2626389212896,3.7693009815964325,729.1770145103563,2282.85492539253,725.4077135287599,0.2411384245987506,0.0
3000000.0,8000.0,0.7,693.15,3099.516098938161,3.7693009815964325,763.1841944247144,2340.1012054950434,759.414893443118,0.24501079175013157,0.0
3000000.0,8000.0,0.7,733.15,3189.7349000429717,3.7693009815964325,798.4644599360572,2395.039741088511,794.6951589544608,0.2491414439939052,0.0
3000000.0,8000.0,0.7,773.15,3279.6068006749974,3.7693009815964325,835.0851541272085,2448.2909475293854,831.3158531456121,0.2534803419039482,0.0
3000000.0,8000.0,0.7,813.15,3369.558378628118,3.7693009815964325,873.0663053592327,2500.261374250482,869.2970043776363,0.25798544102730814,4.547473508864641e-13
3000000.0,8000.0,0.75,533.15,2708.836840983431,3.7693009815964325,676.6811709219669,2035.9249710430609,672.9118699403705,0.24841358466465363,0.0
3000000.0,8000.0,0.75,573.15,2816.7252998164217,3.7693009815964325,711.5110821316107,2108.9835186664077,707.7417811500143,0.25126404097557575,0.0
3000000.0,8000.0,0.75,613.15,2914.7745482678247,3.7693009815964325,746.0085381978499,2172.535311051571,742.2392372162535,0.25464722053969735,0.0
3000000.0,8000.0,0.75,653.15,3008.2626389212896,3.7693009815964325,781.2610869753817,2230.7708529275046,777.4917859937852,0.25845209654718854,0.0
3000000.0,8000.0,0.75,693.15,3099.516098938161,3.7693009815964325,817.697351169337,2285.5880487504205,813.9280501877406,0.26259842640164954,0.0
3000000.0,8000.0,0.75,733.15,3189.7349000429717,3.7693009815964325,855.4976356457756,2338.0065653787924,851.7283346641792,0.2670216683689622,4.547473508864641e-13
3000000.0,8000.0,0.75,773.15,3279.6068006749974,3.7693009815964325,894.7340937077231,2388.6420079488707,890.9647927261267,0.27166817453322495,0.0
3000000.0,8000.0,0.75,813.15,3369.558378628118,3.7693009815964325,935.4281843134639,2437.8994952962507,931.6588833318675,0.27649287492421576,0.0
3000000.0,8000.0,0.8,533.15,2708.836840983431,3.7693009815964325,721.7932489834311,1990.8128929815966,718.0239480018347,0.26506725585626606,0.0
3000000.0,8000.0,0.8,573.15,2816.7252998164217,3.7693009815964325,758.9451542737181,2061.5494465243,755.1758532921217,0.2681041894079411,4.547473508864641e-13
3000000.0,8000.0,0.8,613.15,2914.7745482678247,3.7693009815964325,795.7424407443734,2122.8014085050477,791.973139762777,0.27170991328760785,0.0
3000000.0,8000.0,0.8,653.15,3008.2626389212896,3.7693009815964325,833.3451594404071,2178.6867804624794,829.5758584588107,0.27576576849562645,-4.547473508864641e-13
3000000.0,8000.0,0.8,693.15,3099.516098938161,3.7693009815964325,872.2105079139592,2231.0748920057986,868.4412069323628,0.28018606105316735,0.0
3000000.0,8000.0,0.8,733.15,3189.7349000429717,3.7693009815964325,912.5308113554939,2280.973389669074,908.7615103738975,0.28490189274401917,4.547473508864641e-13
3000000.0,8000.0,0.8,773.15,3279.6068006749974,3.7693009815964325,954.3830332882382,2328.9930683683556,950.6137323066417,0.2898560071625018,4.547473508864641e-13
3000000.0,8000.0,0.8,813.15,3369.558378628118,3.7693009815964325,997.7900632676948,2375.5376163420196,994.0207622860984,0.2950003088211233,4.547473508864641e-13
3000000.0,8000.0,0.85,533.15,2708.836840983431,3.7693009815964325,766.9053270448959,1945.7008149201317,763.1360260632995,0.2817209270478787,0.0
3000000.0,8000.0,0.85,573.15,2816.7252998164217,3.7693009815964325,806.3792264158255,2014.1153743821926,802.6099254342291,0.28494433784030654,4.547473508864641e-13
3000000.0,8000.0,0.85,613.15,2914.7745482678247,3.7693009815964325,845.4763432908966,2073.067505958524,841.7070423093002,0.28877260603551824,4.547473508864641e-13
3000000.0,8000.0,0.85,653.15,3008.2626389212896,3.7693009815964325,885.4292319054324,2126.6027079974538,881.659930923836,0.29307944044406437,0.0
3000000.0,8000.0,0.85,693.15,3099.516098938161,3.7693009815964325,926.7236646585818,2176.5617352611757,922.9543636769854,0.29777369570468537,0.0
3000000.0,8000.0,0.85,733.15,3189.7349000429717,3.7693009815964325,969.5639870652124,2223.940213959356,965.7946860836159,0.3027821171190762,4.547473508864641e-13
3000000.0,8000.0,0.85,773.15,3279.6068006749974,3.7693009815964325,1014.0319728687531,2269.344128787841,1010.2626718871567,0.3080438397917787,0.0
3000000.0,8000.0,0.85,813.15,3369.558378628118,3.7693009815964325,1060.1519422219255,2313.175737387789,1056.3826412403291,0.31350774271803084,4.547473508864641e-13
3000000.0,8000.0,0.9,533.15,2708.836840983431,3.7693009815964325,812.0174051063601,1900.5887368586675,808.2481041247637,0.2983745982394912,0.0
3000000.0,8000.0,0.9,573.15,2816.7252998164217,3.7693009815964325,853.813298557933,1966.6813022400852,850.0439975763366,0.3017844862726719,4.547473508864641e-13
3000000.0,8000.0,0.9,613.15,2914.7745482678247,3.7693009815964325,895.2102458374197,2023.3336034120011,891.4409448558233,0.30583529878342863,4.547473508864641e-13
3000000.0,8000.0,0.9,653.15,3008.2626389212896,3.7693009815964325,937.5133043704583,2074.5186355324277,933.7440033888619,0.31039311239250245,4.547473508864641e-13
3000000.0,8000.0,0.9,693.15,3099.516098938161,3.7693009815964325,981.2368214032044,2122.0485785165533,977.467520421608,0.31536133035620334,0.0
3000000.0,8000.0,0.9,733.15,3189.7349000429717,3.7693009815964325,1026.5971627749307,2166.9070382496375,1022.8278617933343,0.3206623414941332,4.547473508864641e-13
3000000.0,8000.0,0.9,773.15,3279.6068006749974,3.7693009815964325,1073.6809124492681,2209.6951892073257,1069.9116114676717,0.32623167242105555,0.0
3000000.0,8000.0,0.9,813.15,3369.558378628118,3.7693009815964325,1122.5138211761569,2250.8138584335575,1118.7445201945604,0.3320151766149385,4.547473508864641e-13
3000000.0,12000.0,0.7,533.15,2675.7583770628885,3.7769820173928457,599.9985177300907,2079.5368413501906,596.2215357126979,0.22282338376425267,0.0
3000000.0,12000.0,0.7,573.15,2783.6468358958787,3.7769820173928457,631.4251491472223,2155.9986687660494,627.6481671298295,0.22547693875391686,0.0
3000000.0,12000.0,0.7,613.15,2881.6960843472816,3.7769820173928457,662.7068255904321,2222.7662407742423,658.9298435730393,0.22866042229511865,4.547473508864641e-13
3000000.0,12000.0,0.7,653.15,2975.1841750007466,3.7769820173928457,694.7912321568463,2284.169924861293,691.0142501394535,0.23225931891738436,0.0
3000000.0,12000.0,0.7,693.15,3066.437635017618,3.7769820173928457,728.0475341489948,2342.167082886016,724.270552131602,0.23619281992260077,4.547473508864641e-13
3000000.0,12000.0,0.7,733.15,3156.6564361224287,3.7769820173928457,762.6271310279225,2397.806287111899,758.8501490105297,0.24039681364332618,0.0
3000000.0,12000.0,0.7,773.15,3246.5283367544544,3.7769820173928457,798.5869565398176,2451.7183622320294,794.8099745224248,0.24481843128373681,4.547473508864641e-13
3000000.0,12000.0,0.7,813.15,3336.479914707575,3.7769820173928457,835.9400362019627,2504.316860523005,832.1630541845699,0.24941347631565305,4.547473508864641e-13
3000000.0,12000.0,0.75,533.15,2675.7583770628885,3.7769820173928457,642.8555547108115,2036.6798043694698,639.0785726934187,0.23884016515531528,0.0
3000000.0,12000.0,0.75,573.15,2783.6468358958787,3.7769820173928457,676.526945514881,2110.8968723983903,672.7499634974882,0.24167935200047488,4.547473508864641e-13
3000000.0,12000.0,0.75,613.15,2881.6960843472816,3.7769820173928457,710.0430274183201,2175.430038946354,706.2660454009273,0.24508692961662543,4.547473508864641e-13
3000000.0,12000.0,0.75,653.15,2975.1841750007466,3.7769820173928457,744.4191773109068,2234.5419797072327,740.642195293514,0.24893994849691217,0.0
3000000.0,12000.0,0.75,693.15,3066.437635017618,3.7769820173928457,780.0509294453515,2290.1636875896593,776.2739474279587,0.25315171538569337,4.547473508864641e-13
3000000.0,12000.0,0.75,733.15,3156.6564361224287,3.7769820173928457,817.1004975299169,2343.3329206099042,813.3235155125241,0.25765347986732245,4.547473508864641e-13
3000000.0,12000.0,0.75,773.15,3246.5283367544544,3.7769820173928457,855.6288820069474,2394.6764367649,851.8518999895546,0.2623885614505828,4.547473508864641e-13
3000000.0,12000.0,0.75,813.15,3336.479914707575,3.7769820173928457,895.6500387878176,2444.6068579371504,891.8730567704248,0.2673095836240311,0.0
3000000.0,12000.0,0.8,533.15,2675.7583770628885,3.7769820173928457,685.7125916915322,1993.822767388749,681.9356096741394,0.25485694654637786,0.0
3000000.0,12000.0,0.8,573.15,2783.6468358958787,3.7769820173928457,721.6287418825398,2065.7950760307317,717.851759865147,0.25788176524703293,0.0
3000000.0,12000.0,0.8,613.15,2881.6960843472816,3.7769820173928457,757.379229246208,2128.0938371184666,753.6022472288151,0.2615134369381321,0.0
3000000.0,12000.0,0.8,653.15,2975.1841750007466,3.7769820173928457,794.0471224649674,2184.914034553172,790.2701404475746,0.26562057807644,4.547473508864641e-13
3000000.0,12000.0,0.8,693.15,3066.437635017618,3.7769820173928457,832.0543247417086,2238.160292293302,828.2773427243158,0.27011061084878607,4.547473508864641e-13
3000000.0,12000.0,0.8,733.15,3156.6564361224287,3.7769820173928457,871.5738640319119,2288.8595541079094,867.796882014519,0.2749101460913189,4.547473508864641e-13
3000000.0,12000.0,0.8,773.15,3246.5283367544544,3.7769820173928457,912.6708074740777,2337.634511297769,908.8938254566849,0.279958691617429,4.547473508864641e-13
3000000.0,12000.0,0.8,813.15,3336.479914707575,3.7769820173928457,955.360041373672,2384.896855351296,951.5830593562791,0.28520569093240905,0.0
3000000.0,12000.0,0.85,533.15,2675.7583770628885,3.7769820173928457,728.5696286722533,1950.965730408028,724.7926466548605,0.27087372793744063,0.0
3000000.0,12000.0,0.85,573.15,2783.6468358958787,3.7769820173928457,766.7305382501986,2020.693279663073,762.9535562328058,0.274084178493591,0.0
3000000.0,12000.0,0.85,613.15,2881.6960843472816,3.7769820173928457,804.7154310740959,2080.7576352905785,800.9384490567031,0.2779399442596389,4.547473508864641e-13
3000000.0,12000.0,0.85,653.15,2975.1841750007466,3.7769820173928457,843.6750676190276,2135.286089399112,839.8980856016348,0.2823012076559677,0.0
3000000.0,12000.0,0.85,693.15,3066.437635017618,3.7769820173928457,884.0577200380652,2186.1568969969458,880.2807380206724,0.28706950631187866,0.0
3000000.0,12000.0,0.85,733.15,3156.6564361224287,3.7769820173928457,926.0472305339063,2234.386187605915,922.2702485165134,0.2921668123153152,4.547473508864641e-13
3000000.0,12000.0,0.85,773.15,3246.5283367544544,3.7769820173928457,969.7127329412075,2280.5925858306396,965.9357509238147,0.297528821784275,4.547473508864641e-13
3000000.0,12000.0,0.85,813.15,3336.479914707575,3.7769820173928457,1015.0700439595264,2325.1868527654415,1011.2930619421336,0.303101798240787,0.0
3000000.0,12000.0,0.9,533.15,2675.7583770628885,3.7769820173928457,771.4266656529741,1908.1086934273073,767.6496836355813,0.28689050932850324,0.0
3000000.0,12000.0,0.9,573.15,2783.6468358958787,3.7769820173928457,811.8323346178573,1975.5914832954143,808.0553526004645,0.29028659174014904,0.0
3000000.0,12000.0,0.9,613.15,2881.6960843472816,3.7769820173928457,852.0516329019842,2033.4214334626904,848.2746508845914,0.29436645158114577,0.0
3000000.0,12000.0,0.9,653.15,2975.1841750007466,3.7769820173928457,893.3030127730882,2085.6581442450515,889.5260307556954,0.2989818372354956,0.0
3000000.0,12000.0,0.9,693.15,3066.437635017618,3.7769820173928457,936.0611153344223,2134.1535017005885,932.2841333170295,0.3040284017749714,4.547473508864641e-13
3000000.0,12000.0,0.9,733.15,3156.6564361224287,3.7769820173928457,980.5205970359007,2179.9128211039206,976.7436150185079,0.3094234785393115,4.547473508864641e-13
3000000.0,12000.0,0.9,773.15,3246.5283367544544,3.7769820173928457,1026.7546584083373,2223.55066036351,1022.9776763909445,0.315098951951121,4.547473508864641e-13
3000000.0,12000.0,0.9,813.15,3336.479914707575,3.7769820173928457,1074.780046545381,2265.4768501795866,1071.0030645279883,0.320997905549165,4.547473508864641e-13
3000000.0,20000.0,0.7,533.15,2631.236435089234,3.786537689614197,558.4252423709436,2076.5977304079047,554.6387046813294,0.2107901430995956,0.0
3000000.0,20000.0,0.7,573.15,2739.124893922224,3.786537689614197,588.3974756675404,2154.5139559442982,584.6109379779263,0.21342982179275757,0.0
3000000.0,20000.0,0.7,613.15,2837.174142373627,3.786537689614197,618.447142099489,2222.5135379637527,614.6606044098748,0.2166453568111401,-4.547473508864641e-13
3000000.0,20000.0,0.7,653.15,2930.662233027092,3.786537689614197,649.4313238576301,2285.0174468590767,645.6447861680159,0.220306788988483,-4.547473508864641e-13
3000000.0,20000.0,0.7,693.15,3021.9156930439635,3.786537689614197,681.6776472411417,2344.0245834924362,677.8911095515275,0.22432495754661194,0.0
3000000.0,20000.0,0.7,733.15,3112.134494148774,3.786537689614197,715.3148002026896,2400.6062316356993,711.5282625130754,0.22863030625792138,-4.547473508864641e-13
3000000.0,20000.0,0.7,773.15,3202.0063947808,3.786537689614197,750.3857152679931,2455.407217202421,746.5991775783789,0.23316604826127743,0.0
3000000.0,20000.0,0.7,813.15,3291.9579727339205,3.786537689614197,786.8939986836277,2508.8505117399072,783.1074609940135,0.23788501174079535,0.0
3000000.0,20000.0,0.75,533.15,2631.236435089234,3.786537689614197,598.312759683154,2036.7102130956941,594.5262219935398,0.22594937272270535,0.0
3000000.0,20000.0,0.75,573.15,2739.124893922224,3.786537689614197,630.4258667866504,2112.4855648251882,626.6393290970362,0.2287735511759506,0.0
3000000.0,20000.0,0.75,613.15,2837.174142373627,3.786537689614197,662.6219379637381,2178.3387420995036,658.8354002741239,0.2322153548611335,-4.547473508864641e-13
3000000.0,20000.0,0.75,653.15,2930.662233027092,3.786537689614197,695.8192755617462,2238.6294951549608,692.032737872132,0.23613527689177907,-4.547473508864641e-13
3000000.0,20000.0,0.75,693.15,3021.9156930439635,3.786537689614197,730.3689077583658,2295.3333229752125,726.5823700687516,0.24043767062768986,-4.547473508864641e-13
3000000.0,20000.0,0.75,733.15,3112.134494148774,3.786537689614197,766.4087145028817,2349.512317335507,762.6221768132675,0.24504794964584545,0.0
3000000.0,20000.0,0.75,773.15,3202.0063947808,3.786537689614197,803.9846949299923,2401.808237540422,800.1981572403781,0.2499052339635185,0.0
3000000.0,20000.0,0.75,813.15,3291.9579727339205,3.786537689614197,843.1007128753155,2452.6437975482195,839.3141751857013,0.25495895820585573,0.0
3000000.0,20000.0,0.8,533.15,2631.236435089234,3.786537689614197,638.2002769953646,1996.8226957834836,634.4137393057504,0.24110860234581516,0.0
3000000.0,20000.0,0.8,573.15,2739.124893922224,3.786537689614197,672.4542579057603,2070.4571737060783,668.6677202161461,0.2441172805591436,0.0
3000000.0,20000.0,0.8,613.15,2837.174142373627,3.786537689614197,706.7967338279872,2134.1639462352546,703.010196138373,0.2477853529111269,-4.547473508864641e-13
3000000.0,20000.0,0.8,653.15,2930.662233027092,3.786537689614197,742.2072272658628,2192.241543450844,738.4206895762486,0.2519637647950754,-4.547473508864641e-13
3000000.0,20000.0,0.8,693.15,3021.9156930439635,3.786537689614197,779.0601682755901,2246.6420624579882,775.2736305859759,0.2565503837087678,-4.547473508864641e-13
3000000.0,20000.0,0.8,733.15,3112.134494148774,3.786537689614197,817.5026288030739,2298.418403035315,813.7160911134597,0.2614655930337696,-4.547473508864641e-13
3000000.0,20000.0,0.8,773.15,3202.0063947808,3.786537689614197,857.583674591992,2348.2092578784222,853.7971369023778,0.2666444196657597,0.0
3000000.0,20000.0,0.8,813.15,3291.9579727339205,3.786537689614197,899.3074270670032,2396.4370833565317,895.520889377389,0.2720329046709162,0.0
3000000.0,20000.0,0.85,533.15,2631.236435089234,3.786537689614197,678.0877943075747,1956.9351784712735,674.3012566179605,0.2562678319689248,0.0
3000000.0,20000.0,0.85,573.15,2739.124893922224,3.786537689614197,714.4826490248703,2028.4287825869683,710.6961113352561,0.2594610099423367,0.0
3000000.0,20000.0,0.85,613.15,2837.174142373627,3.786537689614197,750.9715296922363,2089.989150371005,747.1849920026222,0.26335535096112034,0.0
3000000.0,20000.0,0.85,653.15,2930.662233027092,3.786537689614197,788.5951789699793,2145.8535917467275,784.8086412803651,0.26779225269837165,-4.547473508864641e-13
3000000.0,20000.0,0.85,693.15,3021.9156930439635,3.786537689614197,827.7514287928147,2197.9508019407635,823.9648911032006,0.2726630967898459,-4.547473508864641e-13
3000000.0,20000.0,0.85,733.15,3112.134494148774,3.786537689614197,868.5965431032656,2247.324488735123,864.8100054136514,0.27788323642169355,0.0
3000000.0,20000.0,0.85,773.15,3202.0063947808,3.786537689614197,911.1826542539918,2294.6102782164226,907.3961165643776,0.28338360536800095,-4.547473508864641e-13
3000000.0,20000.0,0.85,813.15,3291.9579727339205,3.786537689614197,955.514141258691,2340.230369164844,951.7276035690768,0.28910685113597656,0.0
3000000.0,20000.0,0.9,533.15,2631.236435089234,3.786537689614197,717.9753116197846,1917.0476611590634,714.1887739301704,0.2714270615920344,0.0
3000000.0,20000.0,0.9,573.15,2739.124893922224,3.786537689614197,756.5110401439806,1986.4003914678578,752.7245024543664,0.27480473932552985,0.0
3000000.0,20000.0,0.9,613.15,2837.174142373627,3.786537689614197,795.1463255564859,2045.8143545067555,791.3597878668717,0.2789253490111139,0.0
3000000.0,20000.0,0.9,653.15,2930.662233027092,3.786537689614197,834.9831306740954,2099.4656400426115,831.1965929844812,0.28362074060166775,-4.547473508864641e-13
3000000.0,20000.0,0.9,693.15,3021.9156930439635,3.786537689614197,876.4426893100389,2149.2595414235393,872.6561516204247,0.2887758098709238,-4.547473508864641e-13
3000000.0,20000.0,0.9,733.15,3112.134494148774,3.786537689614197,919.6904574034577,2196.230574434931,915.9039197138435,0.2943008798096176,0.0
3000000.0,20000.0,0.9,773.15,3202.0063947808,3.786537689614197,964.781633915991,2241.0112985544233,960.9950962263769,0.30012279107024203,-4.547473508864641e-13
3000000.0,20000.0,0.9,813.15,3291.9579727339205,3.786537689614197,1011.7208554503783,2284.0236549731567,1007.9343177607641,0.30618079760103684,0.0
3000000.0,30000.0,0.7,533.15,2593.380239850728,3.7926752013187506,523.8928835394066,2073.28003151264,520.1002083380879,0.2005491521629024,-4.547473508864641e-13
3000000.0,30000.0,0.7,573.15,2701.2686986837184,3.7926752013187506,552.6297253775015,2152.4316485075356,548.8370501761827,0.20317751079099297,0.0
3000000.0,30000.0,0.7,613.15,2799.317947135121,3.7926752013187506,581.6329007399064,2221.4777215965332,577.8402255385877,0.20642179146886874,0.0
3000000.0,30000.0,0.7,653.15,2892.8060377885863,3.7926752013187506,611.6825321081769,2284.916180881728,607.8898569068582,0.21013847764627916,0.0
3000000.0,30000.0,0.7,693.15,2984.0594978054573,3.7926752013187506,643.0709618181735,2344.781211188603,639.2782866168548,0.2142310792016694,-4.547473508864641e-13
3000000.0,30000.0,0.7,733.15,3074.278298910268,3.7926752013187506,675.9075862660976,2402.163387845489,672.1149110647789,0.21862526606749358,0.0
3000000.0,30000.0,0.7,773.15,3164.1501995422936,3.7926752013187506,710.2234450936443,2457.7194296499683,706.4307698923255,0.22326082054970509,-4.547473508864641e-13
3000000.0,30000.0,0.7,813.15,3254.1017774954144,3.7926752013187506,746.0141436524373,2511.8803090442957,742.2214684511185,0.2280879699535349,0.0
3000000.0,30000.0,0.75,533.15,2593.380239850728,3.7926752013187506,561.3138037922215,2035.8591112598253,557.5211285909028,0.2149785519392224,-4.547473508864641e-13
3000000.0,30000.0,0.75,573.15,2701.2686986837184,3.7926752013187506,592.10327719018,2112.958096694857,588.3106019888613,0.21779047833173165,0.0
3000000.0,30000.0,0.75,613.15,2799.317947135121,3.7926752013187506,623.178107935614,2179.9325144008258,619.3854327342953,0.22126298063718947,0.0
3000000.0,30000.0,0.75,653.15,2892.8060377885863,3.7926752013187506,655.3741415444757,2241.2245714454293,651.581466343157,0.225242016862375,0.0
3000000.0,30000.0,0.75,693.15,2984.0594978054573,3.7926752013187506,689.0046019480428,2298.8475710587336,685.2119267467241,0.22962408331691908,-4.547473508864641e-13
3000000.0,30000.0,0.75,733.15,3074.278298910268,3.7926752013187506,724.1866995708189,2353.884274540768,720.3940243695001,0.23432947649041938,0.0
3000000.0,30000.0,0.75,773.15,3164.1501995422936,3.7926752013187506,760.9536911717621,2406.9891835718504,757.1610159704434,0.23929363911990323,0.0
3000000.0,30000.0,0.75,813.15,3254.1017774954144,3.7926752013187506,799.3008681990402,2458.593584497693,795.5081929977215,0.2444632182371384,-4.547473508864641e-13
3000000.0,30000.0,0.8,533.15,2593.380239850728,3.7926752013187506,598.7347240450359,1998.4381910070108,594.9420488437172,0.22940795171554226,-4.547473508864641e-13
3000000.0,30000.0,0.8,573.15,2701.2686986837184,3.7926752013187506,631.5768290028586,2073.4845448821784,627.7841538015399,0.23240344587247033,0.0
3000000.0,30000.0,0.8,613.15,2799.317947135121,3.7926752013187506,664.7233151313216,2138.3873072051183,660.9306399300028,0.23610416980551022,-4.547473508864641e-13
3000000.0,30000.0,0.8,653.15,2892.8060377885863,3.7926752013187506,699.0657509807739,2197.532962009131,695.2730757794552,0.24034555607847066,0.0
3000000.0,30000.0,0.8,693.15,2984.0594978054573,3.7926752013187506,734.9382420779122,2252.913930928864,731.1455668765934,0.2450170874321688,0.0
3000000.0,30000.0,0.8,733.15,3074.278298910268,3.7926752013187506,772.4658128755405,2305.6051612360466,768.6731376742217,0.2500336869133453,-4.547473508864641e-13
3000000.0,30000.0,0.8,773.15,3164.1501995422936,3.7926752013187506,811.6839372498798,2356.2589374937324,807.8912620485611,0.2553264576901013,0.0
3000000.0,30000.0,0.8,813.15,3254.1017774954144,3.7926752013187506,852.5875927456426,2405.3068599510907,848.7949175443239,0.2608384665207418,-4.547473508864641e-13
3000000.0,30000.0,0.85,533.15,2593.380239850728,3.7926752013187506,636.1556442978508,1961.017270754196,632.3629690965321,0.2438373514918623,-4.547473508864641e-13
3000000.0,30000.0,0.85,573.15,2701.2686986837184,3.7926752013187506,671.0503808155372,2034.0109930695,667.2577056142185,0.247016413413209,0.0
3000000.0,30000.0,0.85,613.15,2799.317947135121,3.7926752013187506,706.2685223270291,2096.842100009411,702.4758471257104,0.2509453589738309,-4.547473508864641e-13
3000000.0,30000.0,0.85,653.15,2892.8060377885863,3.7926752013187506,742.7573604170722,2153.841352572833,738.9646852157534,0.25544909529456633,0.0
3000000.0,30000.0,0.85,693.15,2984.0594978054573,3.7926752013187506,780.871882207782,2206.9802907989942,777.0792070064633,0.2604100915474187,-4.547473508864641e-13
3000000.0,30000.0,0.85,733.15,3074.278298910268,3.7926752013187506,820.7449261802617,2257.3260479313253,816.952250978943,0.2657378973362711,-4.547473508864641e-13
3000000.0,30000.0,0.85,773.15,3164.1501995422936,3.7926752013187506,862.4141833279971,2305.5286914156154,858.6215081266783,0.27135927626029926,0.0
3000000.0,30000.0,0.85,813.15,3254.1017774954144,3.7926752013187506,905.8743172922456,2352.0201354044875,902.0816420909268,0.27721371480434526,0.0
3000000.0,30000.0,0.9,533.15,2593.380239850728,3.7926752013187506,673.5765645506657,1923.596350501381,669.783889349347,0.2582667512681823,-4.547473508864641e-13
3000000.0,30000.0,0.9,573.15,2701.2686986837184,3.7926752013187506,710.5239326282162,1994.537441256821,706.7312574268975,0.26162938095394783,0.0
3000000.0,30000.0,0.9,613.15,2799.317947135121,3.7926752013187506,747.8137295227367,2055.2968928137034,744.021054321418,0.2657865481421517,-4.547473508864641e-13
3000000.0,30000.0,0.9,653.15,2892.8060377885863,3.7926752013187506,786.448969853371,2110.149743136534,782.6562946520522,0.2705526345106622,0.0
3000000.0,30000.0,0.9,693.15,2984.0594978054573,3.7926752013187506,826.8055223376514,2161.046650669125,823.0128471363327,0.27580309566266836,-4.547473508864641e-13
3000000.0,30000.0,0.9,733.15,3074.278298910268,3.7926752013187506,869.0240394849828,2209.046934626604,865.2313642836641,0.28144210775919687,-4.547473508864641e-13
3000000.0,30000.0,0.9,773.15,3164.1501995422936,3.7926752013187506,913.1444294061143,2254.798445337498,909.3517542047956,0.2873920948304972,0.0
3000000.0,30000.0,0.9,813.15,3254.1017774954144,3.7926752013187506,959.1610418388481,2298.7334108578852,955.3683666375293,0.2935889630879487,-4.547473508864641e-13
4000000.0,5000.0,0.7,533.15,2694.37643129181,5.015970086738991,676.6494646571078,2022.7429367214415,671.6334945703688,0.24927233135288238,-4.547473508864641e-13
4000000.0,5000.0,0.7,573.15,2818.92744832816,5.015970086738991,715.5131732469806,2108.4302451679187,710.4972031602416,0.2520452250665837,-4.547473508864641e-13
4000000.0,5000.0,0.7,613.15,2925.375048762948,5.015970086738991,751.5458419906944,2178.8451768589935,746.5298719039554,0.25519116675984505,-9.094947017729282e-13
4000000.0,5000.0,0.7,653.15,3024.001600196437,5.015970086738991,787.1950167170419,2241.8225535661345,782.1790466303029,0.25865695526731636,-9.094947017729282e-13
4000000.0,5000.0,0.7,693.15,3118.7351238290958,5.015970086738991,823.34819608702,2300.4028978288147,818.332226000281,0.2623923460981693,0.0
4000000.0,5000.0,0.7,733.15,3211.4736890981003,5.015970086738991,860.3990171072809,2356.0906420775586,855.3830470205419,0.2663521890041593,-4.547473508864641e-13
4000000.0,5000.0,0.7,773.15,3303.257197944858,5.015970086738991,898.5347863803162,2409.7383816512815,893.5188162935772,0.2704962897982892,-9.094947017729282e-13
4000000.0,5000.0,0.7,813.15,3394.709204056206,5.015970086738991,937.846130907101,2461.879043235844,932.830160820362,0.27478941633815335,-4.547473508864641e-13
4000000.0,5000.0,0.75,533.15,2694.37643129181,5.015970086738991,724.9815692754723,1974.4108321030772,719.9655991887333,0.2672104724593171,-4.547473508864641e-13
4000000.0,5000.0,0.75,573.15,2818.92744832816,5.015970086738991,766.6212570503363,2057.322161364563,761.6052869635973,0.2701755546831429,0.0
4000000.0,5000.0,0.75,613.15,2925.375048762948,5.015970086738991,805.2276878471729,2125.163331002515,800.2117177604339,0.27354158165081055,-9.094947017729282e-13
4000000.0,5000.0,0.75,653.15,3024.001600196437,5.015970086738991,843.4232321968307,2185.594338086345,838.4072621100917,0.27725093202848483,0.0
4000000.0,5000.0,0.75,693.15,3118.7351238290958,5.015970086738991,882.1587815218074,2241.5923123940274,877.1428114350684,0.2812495375875772,0.0
4000000.0,5000.0,0.75,733.15,3211.4736890981003,5.015970086738991,921.856089757801,2294.6335694270388,916.840119671062,0.2854889089651998,-4.547473508864641e-13
4000000.0,5000.0,0.75,773.15,3303.257197944858,5.015970086738991,962.7158425503387,2345.5573254812584,957.6998724635997,0.2899259170794931,-4.547473508864641e-13
4000000.0,5000.0,0.75,813.15,3394.709204056206,5.015970086738991,1004.8351402576081,2394.8900338853373,999.8191701708691,0.2945227735489756,-4.547473508864641e-13
4000000.0,5000.0,0.8,533.15,2694.37643129181,5.015970086738991,773.3136738938375,1926.0787274847119,768.2977038070985,0.28514861356575205,-4.547473508864641e-13
4000000.0,5000.0,0.8,573.15,2818.92744832816,5.015970086738991,817.7293408536925,2006.214077561207,812.7133707669535,0.2883058842997023,-4.547473508864641e-13
4000000.0,5000.0,0.8,613.15,2925.375048762948,5.015970086738991,858.9095337036508,2071.4814851460364,853.8935636169118,0.29189199654177583,-4.547473508864641e-13
4000000.0,5000.0,0.8,653.15,3024.001600196437,5.015970086738991,899.6514476766196,2129.366122606557,894.6354775898806,0.2958449087896533,-9.094947017729282e-13
4000000.0,5000.0,0.8,693.15,3118.7351238290958,5.015970086738991,940.9693669565944,2182.7817269592406,935.9533968698554,0.3001067290769849,-4.547473508864641e-13
4000000.0,5000.0,0.8,733.15,3211.4736890981003,5.015970086738991,983.3131624083212,2233.1764967765184,978.2971923215822,0.3046256289262404,-4.547473508864641e-13
4000000.0,5000.0,0.8,773.15,3303.257197944858,5.015970086738991,1026.8968987203614,2281.3762693112362,1021.8809286336224,0.30935554436069707,-4.547473508864641e-13
4000000.0,5000.0,0.8,813.15,3394.709204056206,5.015970086738991,1071.8241496081157,2327.90102453483,1066.8081795213768,0.31425613075979797,-4.547473508864641e-13
4000000.0,5000.0,0.85,533.15,2694.37643129181,5.015970086738991,821.6457785122022,1877.7466228663473,816.6298084254632,0.3030867546721869,-4.547473508864641e-13
4000000.0,5000.0,0.85,573.15,2818.92744832816,5.015970086738991,868.8374246570479,1955.1059937578514,863.8214545703089,0.30643621391626136,-4.547473508864641e-13
4000000.0,5000.0,0.85,613.15,2925.375048762948,5.015970086738991,912.5913795601288,2017.7996392895586,907.5754094733898,0.31024241143274117,-4.547473508864641e-13
4000000.0,5000.0,0.85,653.15,3024.001600196437,5.015970086738991,955.8796631564084,2073.137907126768,950.8636930696694,0.3144388855508218,-4.547473508864641e-13
4000000.0,5000.0,0.85,693.15,3118.7351238290958,5.015970086738991,999.7799523913814,2123.9711415244537,994.7639823046424,0.3189639205663926,-4.547473508864641e-13
4000000.0,5000.0,0.85,733.15,3211.4736890981003,5.015970086738991,1044.7702350588413,2171.719424125998,1039.7542649721024,0.32376234888728095,0.0
4000000.0,5000.0,0.85,773.15,3303.257197944858,5.015970086738991,1091.0779548903838,2217.195213141213,1086.061984803645,0.32878517164190096,0.0
4000000.0,5000.0,0.85,813.15,3394.709204056206,5.015970086738991,1138.8131589586228,2260.912015184322,1133.797188871884,0.3339894879706202,0.0
4000000.0,5000.0,0.9,533.15,2694.37643129181,5.015970086738991,869.9778831305672,1829.4145182479822,864.9619130438282,0.32102489577862175,-4.547473508864641e-13
4000000.0,5000.0,0.9,573.15,2818.92744832816,5.015970086738991,919.9455084604039,1903.9979099544955,914.9295383736649,0.32456654353282066,-4.547473508864641e-13
4000000.0,5000.0,0.9,613.15,2925.375048762948,5.015970086738991,966.2732254166073,1964.1177934330801,961.2572553298683,0.3285928263237066,-4.547473508864641e-13
4000000.0,5000.0,0.9,653.15,3024.001600196437,5.015970086738991,1012.1078786361971,2016.909691646979,1007.0919085494581,0.33303286231199025,-4.547473508864641e-13
4000000.0,5000.0,0.9,693.15,3118.7351238290958,5.015970086738991,1058.5905378261689,2065.160556089666,1053.57456773943,0.33782111205580057,0.0
4000000.0,5000.0,0.9,733.15,3211.4736890981003,5.015970086738991,1106.2273077093614,2110.262351475478,1101.2113376226225,0.3428990688483215,-4.547473508864641e-13
4000000.0,5000.0,0.9,773.15,3303.257197944858,5.015970086738991,1155.2590110604065,2153.014156971191,1150.2430409736676,0.34821479892310486,-4.547473508864641e-13
4000000.0,5000.0,0.9,813.15,3394.709204056206,5.015970086738991,1205.8021683091297,2193.9230058338158,1200.7861982223908,0.35372284518144237,-4.547473508864641e-13
4000000.0,8000.0,0.7,533.15,2658.2731768045705,5.028019800714304,642.7775962930629,2020.5236003122216,637.7495764923485,0.2399112258503725,4.547473508864641e-13
4000000.0,8000.0,0.7,573.15,2782.82419384092,5.028019800714304,680.2778938694214,2107.574319772213,675.2498740687071,0.24264913161356094,0.0
4000000.0,8000.0,0.7,613.15,2889.2717942757085,5.028019800714304,715.2248264986649,2179.074987577758,710.1968066979506,0.2458047761740549,0.0
4000000.0,8000.0,0.7,653.15,2987.898345709197,5.028019800714304,749.9319150545816,2242.99445045533,744.9038952538673,0.24930697402192226,0.0
4000000.0,8000.0,0.7,693.15,3082.6318693418557,5.028019800714304,785.2341183709251,2302.425770771645,780.2060985702108,0.25309739587451463,0.0
4000000.0,8000.0,0.7,733.15,3175.3704346108602,5.028019800714304,821.498691991982,2358.8997624195927,816.4706721912677,0.25712611772532473,0.0
4000000.0,8000.0,0.7,773.15,3267.1539434576184,5.028019800714304,858.8976887290869,2413.2842745292455,853.8696689283726,0.2613496895786689,4.547473508864641e-13
4000000.0,8000.0,0.7,813.15,3358.6059495689665,5.028019800714304,897.5119770862358,2466.121992283445,892.4839572855215,0.2657304758839185,4.547473508864641e-13
4000000.0,8000.0,0.75,533.15,2658.2731768045705,5.028019800714304,688.6902817425672,1974.6109148627172,683.6622619418529,0.2571828463332209,4.547473508864641e-13
4000000.0,8000.0,0.75,573.15,2782.82419384092,5.028019800714304,728.8691720029516,2058.9830416386826,723.8411522022373,0.26011026992085134,4.547473508864641e-13
4000000.0,8000.0,0.75,613.15,2889.2717942757085,5.028019800714304,766.3123141057123,2127.9874999707104,761.284294304998,0.2634865628817863,4.547473508864641e-13
4000000.0,8000.0,0.75,653.15,2987.898345709197,5.028019800714304,803.4984804156231,2189.4278850942883,798.4704606149088,0.2672348146520984,4.547473508864641e-13
4000000.0,8000.0,0.75,693.15,3082.6318693418557,5.028019800714304,841.3222696831338,2246.337619459436,836.2942498824194,0.27129228702257235,0.0
4000000.0,8000.0,0.75,733.15,3175.3704346108602,5.028019800714304,880.1771699914094,2300.2212844201654,875.1491501906951,0.2756053721013952,0.0
4000000.0,8000.0,0.75,773.15,3267.1539434576184,5.028019800714304,920.2475236383071,2351.9344396200254,915.2195038375928,0.2801274502752751,4.547473508864641e-13
4000000.0,8000.0,0.75,813.15,3358.6059495689665,5.028019800714304,961.6199754495383,2402.013993920142,956.591955648824,0.28481815670325666,4.547473508864641e-13
4000000.0,8000.0,0.8,533.15,2658.2731768045705,5.028019800714304,734.6029671920719,1928.6982294132124,729.5749473913576,0.27445446681606944,4.547473508864641e-13
4000000.0,8000.0,0.8,573.15,2782.82419384092,5.028019800714304,777.4604501364818,2010.3917635051528,772.4324303357674,0.27757140822814175,0.0
4000000.0,8000.0,0.8,613.15,2889.2717942757085,5.028019800714304,817.3998017127598,2076.900012363663,812.3717819120454,0.2811683495895177,4.547473508864641e-13
4000000.0,8000.0,0.8,653.15,2987.898345709197,5.028019800714304,857.0650457766648,2135.8613197332465,852.0370259759504,0.28516265528227464,4.547473508864641e-13
4000000.0,8000.0,0.8,693.15,3082.6318693418557,5.028019800714304,897.4104209953425,2190.2494681472276,892.3824011946282,0.2894871781706301,0.0
4000000.0,8000.0,0.8,733.15,3175.3704346108602,5.028019800714304,938.8556479908368,2241.542806420738,933.8276281901225,0.29408462647746564,0.0
4000000.0,8000.0,0.8,773.15,3267.1539434576184,5.028019800714304,981.5973585475278,2290.584604710805,976.5693387468135,0.29890521097188133,0.0
4000000.0,8000.0,0.8,813.15,3358.6059495689665,5.028019800714304,1025.727973812841,2337.9059955568396,1020.6999540121266,0.3039058375225948,4.547473508864641e-13
4000000.0,8000.0,0.85,533.15,2658.2731768045705,5.028019800714304,780.5156526415763,1882.7855439637083,775.4876328408619,0.29172608729891786,4.547473508864641e-13
4000000.0,8000.0,0.85,573.15,2782.82419384092,5.028019800714304,826.0517282700115,1961.800485371623,821.0237084692972,0.2950325465354319,0.0
4000000.0,8000.0,0.85,613.15,2889.2717942757085,5.028019800714304,868.4872893198072,2025.8125247566152,863.4592695190929,0.2988501362972491,4.547473508864641e-13
4000000.0,8000.0,0.85,653.15,2987.898345709197,5.028019800714304,910.6316111377063,2082.294754372205,905.6035913369919,0.3030904959124508,4.547473508864641e-13
4000000.0,8000.0,0.85,693.15,3082.6318693418557,5.028019800714304,953.4985723075517,2134.161316835018,948.4705525068374,0.3076820693186879,0.0
4000000.0,8000.0,0.85,733.15,3175.3704346108602,5.028019800714304,997.5341259902641,2182.8643284213103,992.5061061895498,0.31256388085353604,0.0
4000000.0,8000.0,0.85,773.15,3267.1539434576184,5.028019800714304,1042.947193456748,2229.2347698015847,1037.9191736560338,0.31768297166848747,0.0
4000000.0,8000.0,0.85,813.15,3358.6059495689665,5.028019800714304,1089.8359721761435,2273.7979971935374,1084.8079523754293,0.322993518341933,0.0
4000000.0,8000.0,0.9,533.15,2658.2731768045705,5.028019800714304,826.4283380910811,1836.8728585142035,821.4003182903667,0.3089977077817665,4.547473508864641e-13
4000000.0,8000.0,0.9,573.15,2782.82419384092,5.028019800714304,874.6430064035417,1913.2092072380929,869.6149866028273,0.31249368484272233,0.0
4000000.0,8000.0,0.9,613.15,2889.2717942757085,5.028019800714304,919.5747769268546,1974.725037149568,914.5467571261403,0.31653192300498045,4.547473508864641e-13
4000000.0,8000.0,0.9,653.15,2987.898345709197,5.028019800714304,964.1981764987479,2028.7281890111633,959.1701566980336,0.321018336542627,4.547473508864641e-13
4000000.0,8000.0,0.9,693.15,3082.6318693418557,5.028019800714304,1009.5867236197605,2078.073165522809,1004.5587038190462,0.32587696046674564,4.547473508864641e-13
4000000.0,8000.0,0.9,733.15,3175.3704346108602,5.028019800714304,1056.2126039896914,2124.185850421883,1051.1845841889772,0.33104313522960643,0.0
4000000.0,8000.0,0.9,773.15,3267.1539434576184,5.028019800714304,1104.2970283659688,2167.884934892364,1099.2690085652546,0.33646073236509383,0.0
4000000.0,8000.0,0.9,813.15,3358.6059495689665,5.028019800714304,1153.943970539446,2209.689998830235,1148.9159507387317,0.3420811991612711,0.0
4000000.0,12000.0,0.7,533.15,2625.1904471141443,5.039966606393485,612.3563795811394,2017.8740341393986,607.316412974746,0.2313418493665346,-4.547473508864641e-13
4000000.0,12000.0,0.7,573.15,2749.7414641504943,5.039966606393485,648.6076855835817,2106.173745173306,643.5677189771882,0.23404662851676936,0.0
4000000.0,12000.0,0.7,613.15,2856.1890645852823,5.039966606393485,682.5599986556782,2178.6690325359978,677.5200320492847,0.2372111988138504,0.0
4000000.0,12000.0,0.7,653.15,2954.8156160187714,5.039966606393485,716.4040622857958,2243.451520339369,711.3640956794023,0.24074737246646635,0.0
4000000.0,12000.0,0.7,693.15,3049.54913965143,5.039966606393485,750.9267046993295,2303.662401558494,745.8867380929361,0.2445891848059194,0.0
4000000.0,12000.0,0.7,733.15,3142.2877049204344,5.039966606393485,786.4710139489789,2360.856657577849,781.4310473425854,0.24868220886297615,0.0
4000000.0,12000.0,0.7,773.15,3234.071213767192,5.039966606393485,823.1950691753076,2415.916111198278,818.1551025689141,0.2529799279267849,0.0
4000000.0,12000.0,0.7,813.15,3325.52321987854,5.039966606393485,861.1707993326233,2469.3923871523107,856.1308327262299,0.25744244623181395,0.0
4000000.0,12000.0,0.75,533.15,2625.1904471141443,5.039966606393485,656.0961209797924,1974.1342927407457,651.056154373399,0.24800339917780098,-4.547473508864641e-13
4000000.0,12000.0,0.75,573.15,2749.7414641504943,5.039966606393485,694.9368059824086,2059.8446247744796,689.8968393760151,0.250895165371175,-4.547473508864641e-13
4000000.0,12000.0,0.75,613.15,2856.1890645852823,5.039966606393485,731.3142842739411,2129.9147469177346,726.2743176675476,0.25428089711316165,0.0
4000000.0,12000.0,0.75,653.15,2954.8156160187714,5.039966606393485,767.575781020496,2192.2798016046686,762.5358144141026,0.25806544756302596,4.547473508864641e-13
4000000.0,12000.0,0.75,693.15,3049.54913965143,5.039966606393485,804.5643264635676,2250.0247797942557,799.5243598571741,0.262177890318751,4.547473508864641e-13
4000000.0,12000.0,0.75,733.15,3142.2877049204344,5.039966606393485,842.6475149453343,2304.6801565814935,837.6075483389408,0.2665597892348784,4.547473508864641e-13
4000000.0,12000.0,0.75,773.15,3234.071213767192,5.039966606393485,881.9947169735441,2357.1164634000415,876.9547503671506,0.271161236844143,0.0
4000000.0,12000.0,0.75,813.15,3325.52321987854,5.039966606393485,922.6829992849538,2407.88018719998,917.6430326785603,0.27593944531593917,0.0
4000000.0,12000.0,0.8,533.15,2625.1904471141443,5.039966606393485,699.835862378445,1930.394551342093,694.7958957720515,0.2646649489890672,-4.547473508864641e-13
4000000.0,12000.0,0.8,573.15,2749.7414641504943,5.039966606393485,741.2659263812359,2013.5155043756522,736.2259597748424,0.26774370222558075,0.0
4000000.0,12000.0,0.8,613.15,2856.1890645852823,5.039966606393485,780.0685698922034,2081.160461299473,775.0286032858099,0.27135059541247275,-4.547473508864641e-13
4000000.0,12000.0,0.8,653.15,2954.8156160187714,5.039966606393485,818.7474997551953,2141.108082869969,813.7075331488019,0.2753835226595853,4.547473508864641e-13
4000000.0,12000.0,0.8,693.15,3049.54913965143,5.039966606393485,858.2019482278051,2196.3871580300183,853.1619816214117,0.2797665958315825,0.0
4000000.0,12000.0,0.8,733.15,3142.2877049204344,5.039966606393485,898.8240159416897,2248.503655585138,893.7840493352962,0.2844373696067807,4.547473508864641e-13
4000000.0,12000.0,0.8,773.15,3234.071213767192,5.039966606393485,940.7943647717806,2298.316815601805,935.7543981653871,0.2893425457615011,0.0
4000000.0,12000.0,0.8,813.15,3325.52321987854,5.039966606393485,984.1951992372842,2346.3679872476496,979.1552326308907,0.29443644440006433,0.0
4000000.0,12000.0,0.85,533.15,2625.1904471141443,5.039966606393485,743.575603777098,1886.6548099434401,738.5356371707045,0.28132649880033356,-4.547473508864641e-13
4000000.0,12000.0,0.85,573.15,2749.7414641504943,5.039966606393485,787.5950467800633,1967.1863839768248,782.5550801736698,0.2845922390799866,0.0
4000000.0,12000.0,0.85,613.15,2856.1890645852823,5.039966606393485,828.8228555104663,2032.4061756812098,823.7828889040728,0.288420293711784,0.0
4000000.0,12000.0,0.85,653.15,2954.8156160187714,5.039966606393485,869.9192184898951,2089.9363641352697,864.8792518835016,0.2927015977561448,0.0
4000000.0,12000.0,0.85,693.15,3049.54913965143,5.039966606393485,911.839569992043,2142.74953626578,906.7996033856496,0.29735530134441407,4.547473508864641e-13
4000000.0,12000.0,0.85,733.15,3142.2877049204344,5.039966606393485,955.0005169380456,2192.3271545887824,949.9605503316521,0.30231494997868313,0.0
4000000.0,12000.0,0.85,773.15,3234.071213767192,5.039966606393485,999.5940125700165,2239.517167803569,994.554045963623,0.30752385467885895,0.0
4000000.0,12000.0,0.85,813.15,3325.52321987854,5.039966606393485,1045.7073991896143,2284.8557872953197,1040.6674325832207,0.3129334434841894,0.0
4000000.0,12000.0,0.9,533.15,2625.1904471141443,5.039966606393485,787.3153451757507,1842.9150685447873,782.2753785693573,0.2979880486115999,-4.547473508864641e-13
4000000.0,12000.0,0.9,573.15,2749.7414641504943,5.039966606393485,833.9241671788902,1920.8572635779979,828.8842005724968,0.3014407759343922,0.0
4000000.0,12000.0,0.9,613.15,2856.1890645852823,5.039966606393485,877.5771411287291,1983.6518900629471,872.5371745223356,0.3054899920110953,-4.547473508864641e-13
4000000.0,12000.0,0.9,653.15,2954.8156160187714,5.039966606393485,921.0909372245949,2038.76464540057,916.0509706182014,0.31001967285270426,0.0
4000000.0,12000.0,0.9,693.15,3049.54913965143,5.039966606393485,965.4771917562811,2089.1119145015423,960.4372251498876,0.31494400685724566,0.0
4000000.0,12000.0,0.9,733.15,3142.2877049204344,5.039966606393485,1011.1770179344011,2136.150653592427,1006.1370513280076,0.3201925303505854,0.0
4000000.0,12000.0,0.9,773.15,3234.071213767192,5.039966606393485,1058.393660368253,2180.717520005333,1053.3536937618594,0.325705163596217,0.0
4000000.0,12000.0,0.9,813.15,3325.52321987854,5.039966606393485,1107.2195991419446,2223.343587342989,1102.179632535551,0.33143044256831455,0.0
4000000.0,20000.0,0.7,533.15,2580.6619014696735,5.056125949431414,572.3290644666539,2013.388962952451,567.2729385172225,0.21981683776327443,0.0
4000000.0,20000.0,0.7,573.15,2705.2129185060235,5.056125949431414,606.9003972874209,2103.3686471680344,601.8442713379895,0.22247574940251397,-4.547473508864641e-13
4000000.0,20000.0,0.7,613.15,2811.6605189408115,5.056125949431414,639.5148837345271,2177.201761155716,634.4587577850957,0.22565268940224137,-4.547473508864641e-13
4000000.0,20000.0,0.7,653.15,2910.2870703743,5.056125949431414,672.1981238965471,2243.145072427185,667.1419979471158,0.22923580451508957,-4.547473508864641e-13
4000000.0,20000.0,0.7,693.15,3005.020594006959,5.056125949431414,705.6722072664877,2304.4045126899027,700.6160813170563,0.23314851243093804,0.0
4000000.0,20000.0,0.7,733.15,3097.7591592759636,5.056125949431414,740.2477150822835,2362.5675701431114,735.1915891328522,0.2373301316635241,0.0
4000000.0,20000.0,0.7,773.15,3189.5426681227214,5.056125949431414,776.0639310077061,2418.534863064447,771.0078050582747,0.24172989211399046,-4.547473508864641e-13
4000000.0,20000.0,0.7,813.15,3280.9946742340694,5.056125949431414,813.1807597336099,2472.8700404498913,808.1246337841785,0.2463047685296322,-4.547473508864641e-13
4000000.0,20000.0,0.75,533.15,2580.6619014696735,5.056125949431414,613.2097119285576,1972.5083154905474,608.1535859791262,0.23565798589609352,0.0
4000000.0,20000.0,0.75,573.15,2705.2129185060235,5.056125949431414,650.2504256650941,2060.018618790361,645.1942997156627,0.23850037655149772,0.0
4000000.0,20000.0,0.75,613.15,2811.6605189408115,5.056125949431414,685.1945182869932,2131.52212660325,680.1383923375619,0.24189918653258277,0.0
4000000.0,20000.0,0.75,653.15,2910.2870703743,5.056125949431414,720.2122756034433,2195.1309207202885,715.156149654012,0.24573388547612718,0.0
4000000.0,20000.0,0.75,693.15,3005.020594006959,5.056125949431414,756.0773649283797,2253.999355028011,751.0212389789483,0.24992216042603568,0.0
4000000.0,20000.0,0.75,733.15,3097.7591592759636,5.056125949431414,793.1225518738753,2309.69273335152,788.0664259244439,0.2543988687967072,0.0
4000000.0,20000.0,0.75,773.15,3189.5426681227214,5.056125949431414,831.4970689368281,2363.101725135325,826.4409429873967,0.25910954295959227,-4.547473508864641e-13
4000000.0,20000.0,0.75,813.15,3280.9946742340694,5.056125949431414,871.2650997145819,2414.7857004689195,866.2089737651505,0.26400804017378127,-4.547473508864641e-13
4000000.0,20000.0,0.8,533.15,2580.6619014696735,5.056125949431414,654.0903593904618,1931.627668028643,649.0342334410304,0.25149913402891283,0.0
4000000.0,20000.0,0.8,573.15,2705.2129185060235,5.056125949431414,693.6004540427672,2016.6685904126878,688.5443280933358,0.2545250037004814,0.0
4000000.0,20000.0,0.8,613.15,2811.6605189408115,5.056125949431414,730.8741528394595,2085.8424920507837,725.8180268900281,0.25814568366292423,0.0
4000000.0,20000.0,0.8,653.15,2910.2870703743,5.056125949431414,768.2264273103397,2147.116769013392,763.1703013609083,0.26223196643716484,0.0
4000000.0,20000.0,0.8,693.15,3005.020594006959,5.056125949431414,806.4825225902716,2203.594197366119,801.4263966408403,0.26669580842113333,0.0
4000000.0,20000.0,0.8,733.15,3097.7591592759636,5.056125949431414,845.997388665467,2256.817896559928,840.9412627160357,0.27146760592989033,0.0
4000000.0,20000.0,0.8,773.15,3189.5426681227214,5.056125949431414,886.93020686595,2307.668587206203,881.8740809165187,0.276489193805194,0.0
4000000.0,20000.0,0.8,813.15,3280.9946742340694,5.056125949431414,929.3494396955543,2356.7013604879467,924.293313746123,0.2817113118179304,0.0
4000000.0,20000.0,0.85,533.15,2580.6619014696735,5.056125949431414,694.9710068523656,1890.7470205667394,689.9148809029342,0.26734028216173195,0.0
4000000.0,20000.0,0.85,573.15,2705.2129185060235,5.056125949431414,736.9504824204398,1973.318562035015,731.8943564710085,0.270549630849465,4.547473508864641e-13
4000000.0,20000.0,0.85,613.15,2811.6605189408115,5.056125949431414,776.5537873919257,2040.1628574983172,771.4976614424943,0.27439218079326566,4.547473508864641e-13
4000000.0,20000.0,0.85,653.15,2910.2870703743,5.056125949431414,816.2405790172359,2099.102617306496,811.1844530678045,0.27873004739820245,0.0
4000000.0,20000.0,0.85,693.15,3005.020594006959,5.056125949431414,856.8876802521637,2153.189039704227,851.8315543027323,0.283469456416231,0.0
4000000.0,20000.0,0.85,733.15,3097.7591592759636,5.056125949431414,898.8722254570588,2203.9430597683363,893.8160995076274,0.28853634306307346,0.0
4000000.0,20000.0,0.85,773.15,3189.5426681227214,5.056125949431414,942.3633447950715,2252.2354492770814,937.3072188456401,0.2938688446507956,0.0
4000000.0,20000.0,0.85,813.15,3280.9946742340694,5.056125949431414,987.4337796765263,2298.6170205069748,982.377653727095,0.29941458346207944,0.0
4000000.0,20000.0,0.9,533.15,2580.6619014696735,5.056125949431414,735.8516543142694,1849.8663731048357,730.795528364838,0.28318143029455106,0.0
4000000.0,20000.0,0.9,573.15,2705.2129185060235,5.056125949431414,780.300510798113,1929.968533657342,775.2443848486816,0.2865742579984487,0.0
4000000.0,20000.0,0.9,613.15,2811.6605189408115,5.056125949431414,822.2334219443919,1994.4832229458511,817.1772959949606,0.2906386779236071,0.0
4000000.0,20000.0,0.9,653.15,2910.2870703743,5.056125949431414,864.2547307241322,2051.0884655995997,859.1986047747008,0.2952281283592401,0.0
4000000.0,20000.0,0.9,693.15,3005.020594006959,5.056125949431414,907.2928379140557,2102.783882042335,902.2367119646243,0.3002431044113287,0.0
4000000.0,20000.0,0.9,733.15,3097.7591592759636,5.056125949431414,951.7470622486504,2151.0682229767444,946.6909362992191,0.30560508019625654,4.547473508864641e-13
4000000.0,20000.0,0.9,773.15,3189.5426681227214,5.056125949431414,997.7964827241935,2196.8023113479594,992.7403567747622,0.3112484954963974,0.0
4000000.0,20000.0,0.9,813.15,3280.9946742340694,5.056125949431414,1045.5181196574988,2240.5326805260024,1040.4619937080674,0.31711785510622864,-4.547473508864641e-13
4000000.0,30000.0,0.7,533.15,2542.799364352284,5.068605340019742,539.1098715794841,2008.7580981128194,534.0412662394643,0.21002100036921248,0.0
4000000.0,30000.0,0.7,573.15,2667.3503813886337,5.068605340019742,572.2542054995722,2100.164781229081,567.1856001595525,0.21264008062723025,0.0
4000000.0,30000.0,0.7,613.15,2773.797981823422,5.068605340019742,603.7323183759651,2175.1342687874762,598.6637130359453,0.21582815942579908,4.547473508864641e-13
4000000.0,30000.0,0.7,653.15,2872.4245332569108,5.068605340019742,635.4295345758615,2242.063604021069,630.3609292358417,0.21945256417967726,0.0
4000000.0,30000.0,0.7,693.15,2967.1580568895693,5.068605340019742,668.0129533692328,2304.213708860356,662.9443480292131,0.22342737910098678,0.0
4000000.0,30000.0,0.7,733.15,3059.896622158574,5.068605340019742,701.765544131252,2363.199683367341,696.6969387912322,0.2276864302362458,4.547473508864641e-13
4000000.0,30000.0,0.7,773.15,3151.680131005332,5.068605340019742,736.8106253156467,2419.9381110297045,731.7420199756269,0.23217521752190434,4.547473508864641e-13
4000000.0,30000.0,0.7,813.15,3243.13213711668,5.068605340019742,773.1978879914573,2475.002854465242,768.1292826514375,0.23684797602306332,4.547473508864641e-13
4000000.0,30000.0,0.75,533.15,2542.799364352284,5.068605340019742,577.6177195494473,1970.2502501428562,572.5491142094276,0.22516488018521683,0.0
4000000.0,30000.0,0.75,573.15,2667.3503813886337,5.068605340019742,613.1295058923988,2059.289480836255,608.060900552379,0.22796438922876716,-4.547473508864641e-13
4000000.0,30000.0,0.75,613.15,2773.797981823422,5.068605340019742,646.85605540282,2132.0105317606212,641.7874500628002,0.23137497909667737,4.547473508864641e-13
4000000.0,30000.0,0.75,653.15,2872.4245332569108,5.068605340019742,680.8173584741372,2196.6757801227927,675.7487531341175,0.2352537883277013,4.547473508864641e-13
4000000.0,30000.0,0.75,693.15,2967.1580568895693,5.068605340019742,715.7281643241779,2256.4984979054107,710.6595589841581,0.23950849444438854,4.547473508864641e-13
4000000.0,30000.0,0.75,733.15,3059.896622158574,5.068605340019742,751.8916544263419,2313.0735730722513,746.8230490863222,0.24406806546277476,0.0
4000000.0,30000.0,0.75,773.15,3151.680131005332,5.068605340019742,789.4399556953357,2367.3087806500153,784.3713503553159,0.24887403472163747,4.547473508864641e-13
4000000.0,30000.0,0.75,813.15,3243.13213711668,5.068605340019742,828.426308562276,2419.7744338944235,823.3577032222562,0.25387732241901984,0.0
4000000.0,30000.0,0.8,533.15,2542.799364352284,5.068605340019742,616.1255675194101,1931.7424021728934,611.0569621793903,0.24030876000122098,0.0
4000000.0,30000.0,0.8,573.15,2667.3503813886337,5.068605340019742,654.0048062852253,2018.4141804434282,648.9362009452055,0.24328869783030405,-4.547473508864641e-13
4000000.0,30000.0,0.8,613.15,2773.797981823422,5.068605340019742,689.9797924296744,2088.886794733767,684.9111870896546,0.24692179876755552,0.0
4000000.0,30000.0,0.8,653.15,2872.4245332569108,5.068605340019742,726.2051823724131,2151.287956224517,721.1365770323933,0.25105501247572537,0.0
4000000.0,30000.0,0.8,693.15,2967.1580568895693,5.068605340019742,763.443375279123,2208.783286950466,758.3747699391032,0.25558960978779033,0.0
4000000.0,30000.0,0.8,733.15,3059.896622158574,5.068605340019742,802.0177647214313,2262.947462777162,796.9491593814115,0.26044970068930356,0.0
4000000.0,30000.0,0.8,773.15,3151.680131005332,5.068605340019742,842.0692860750248,2314.6794502703265,837.0006807350051,0.26557285192137065,4.547473508864641e-13
4000000.0,30000.0,0.8,813.15,3243.13213711668,5.068605340019742,883.6547291330942,2364.546013323605,878.5861237930744,0.2709066688149762,4.547473508864641e-13
4000000.0,30000.0,0.85,533.15,2542.799364352284,5.068605340019742,654.6334154893733,1893.2345542029302,649.5648101493535,0.2554526398172253,0.0
4000000.0,30000.0,0.85,573.15,2667.3503813886337,5.068605340019742,694.8801066780519,1977.5388800506016,689.8115013380321,0.25861300643184093,-4.547473508864641e-13
4000000.0,30000.0,0.85,613.15,2773.797981823422,5.068605340019742,733.1035294565288,2045.7630577069128,728.034924116509,0.2624686184384336,0.0
4000000.0,30000.0,0.85,653.15,2872.4245332569108,5.068605340019742,771.593006270689,2105.900132326241,766.5244009306692,0.26685623662374947,4.547473508864641e-13
4000000.0,30000.0,0.85,693.15,2967.1580568895693,5.068605340019742,811.158586234068,2161.0680759955208,806.0899808940483,0.2716707251311921,0.0
4000000.0,30000.0,0.85,733.15,3059.896622158574,5.068605340019742,852.1438750165207,2212.8213524820726,847.075269676501,0.27683133591583237,0.0
4000000.0,30000.0,0.85,773.15,3151.680131005332,5.068605340019742,894.6986164547139,2262.0501198906372,889.6300111146942,0.2822716691211038,4.547473508864641e-13
4000000.0,30000.0,0.85,813.15,3243.13213711668,5.068605340019742,938.8831497039124,2309.317592752787,933.8145443638927,0.2879360152109326,4.547473508864641e-13
4000000.0,30000.0,0.9,533.15,2542.799364352284,5.068605340019742,693.1412634593365,1854.726706232967,688.0726581193168,0.27059651963322967,0.0
4000000.0,30000.0,0.9,573.15,2667.3503813886337,5.068605340019742,735.7554070708784,1936.663579657775,730.6868017308586,0.2739373150333778,0.0
4000000.0,30000.0,0.9,613.15,2773.797981823422,5.068605340019742,776.2272664833837,2002.6393206800578,771.1586611433639,0.2780154381093119,0.0
4000000.0,30000.0,0.9,653.15,2872.4245332569108,5.068605340019742,816.9808301689648,2060.5123084279653,811.912224828945,0.2826574607717735,0.0
4000000.0,30000.0,0.9,693.15,2967.1580568895693,5.068605340019742,858.8737971890131,2113.3528650405756,853.8051918489933,0.2877518404745939,0.0
4000000.0,30000.0,0.9,733.15,3059.896622158574,5.068605340019742,902.2699853116102,2162.6952421869833,897.2013799715904,0.2932129711423612,0.0
4000000.0,30000.0,0.9,773.15,3151.680131005332,5.068605340019742,947.3279468344031,2209.420789510948,942.2593414943833,0.298970486320837,4.547473508864641e-13
4000000.0,30000.0,0.9,813.15,3243.13213711668,5.068605340019742,994.1115702747311,2254.089172181968,989.0429649347113,0.3049653616068891,4.547473508864641e-13
6000000.0,5000.0,0.7,573.15,2740.2684953966045,7.523830556188303,725.1009149118862,2022.6914110409066,717.5770843556979,0.26186378654542813,0.0
6000000.0,5000.0,0.7,613.15,2869.6702040314103,7.523830556188303,768.8756178402798,2108.3184167473187,761.3517872840915,0.2653098555417687,4.547473508864641e-13
6000000.0,5000.0,0.7,653.15,2980.867096031183,7.523830556188303,809.0583189994204,2179.3326075879513,801.5344884432321,0.2688930645416629,-4.547473508864641e-13
6000000.0,5000.0,0.7,693.15,3083.6118795256843,7.523830556188303,848.2641920199078,2242.8715180619647,840.7403614637195,0.27264791884024026,4.547473508864641e-13
6000000.0,5000.0,0.7,733.15,3181.931947895275,7.523830556188303,887.5424856837807,2301.913292767683,880.0186551275924,0.2765674029294344,-4.547473508864641e-13
6000000.0,5000.0,0.7,773.15,3277.841566676608,7.523830556188303,927.3912298609316,2357.9741673718654,919.8673993047433,0.28063205026635674,-4.547473508864641e-13
6000000.0,5000.0,0.7,813.15,3372.4740983748547,7.523830556188303,968.0688747832976,2411.9290541477453,960.5450442271093,0.2848191020028832,0.0
6000000.0,5000.0,0.75,573.15,2740.2684953966045,7.523830556188303,776.8938374055922,1970.8984885472005,769.3700068494039,0.2807644609066133,4.547473508864641e-13
6000000.0,5000.0,0.75,613.15,2869.6702040314103,7.523830556188303,823.7953048288715,2053.3987297587273,816.2714742726832,0.2844478341538889,0.0
6000000.0,5000.0,0.75,653.15,2980.867096031183,7.523830556188303,866.8481989279505,2121.542727659421,859.3243683717623,0.28828000064675574,-4.547473508864641e-13
6000000.0,5000.0,0.75,693.15,3083.6118795256843,7.523830556188303,908.8544914499014,2182.2812186319716,901.3306608937131,0.292297051674465,-4.547473508864641e-13
6000000.0,5000.0,0.75,733.15,3181.931947895275,7.523830556188303,950.9383775183368,2238.5174009331267,943.4145469621485,0.29649111370410697,-4.547473508864641e-13
6000000.0,5000.0,0.75,773.15,3277.841566676608,7.523830556188303,993.6334605652844,2291.731936667512,986.1096300090961,0.3008411510898341,0.0
6000000.0,5000.0,0.75,813.15,3372.4740983748547,7.523830556188303,1037.216651553533,2342.7812773775104,1029.6928209973446,0.30532267734644375,0.0
6000000.0,5000.0,0.8,573.15,2740.2684953966045,7.523830556188303,828.6867598992982,1919.1055660534946,821.1629293431099,0.2996651352677984,0.0
6000000.0,5000.0,0.8,613.15,2869.6702040314103,7.523830556188303,878.7149918174628,1998.479042770136,871.1911612612745,0.303585812766009,0.0
6000000.0,5000.0,0.8,653.15,2980.867096031183,7.523830556188303,924.6380788564803,2063.752847730891,917.114248300292,0.3076669367518484,0.0
6000000.0,5000.0,0.8,693.15,3083.6118795256843,7.523830556188303,969.444790879895,2121.6909192019775,961.9209603237067,0.31194618450868977,4.547473508864641e-13
6000000.0,5000.0,0.8,733.15,3181.931947895275,7.523830556188303,1014.3342693528924,2175.1215090985706,1006.8104387967041,0.31641482447877944,0.0
6000000.0,5000.0,0.8,773.15,3277.841566676608,7.523830556188303,1059.8756912696367,2225.48970596316,1052.3518607134483,0.3210502519133114,0.0
6000000.0,5000.0,0.8,813.15,3372.4740983748547,7.523830556188303,1106.364428323769,2273.6335006072745,1098.8405977675807,0.32582625269000454,-4.547473508864641e-13
6000000.0,5000.0,0.85,573.15,2740.2684953966045,7.523830556188303,880.4796823930044,1867.3126435597883,872.9558518368161,0.3185658096289836,4.547473508864641e-13
6000000.0,5000.0,0.85,613.15,2869.6702040314103,7.523830556188303,933.6346788060539,1943.5593557815448,926.1108482498656,0.32272379137812895,0.0
6000000.0,5000.0,0.85,653.15,2980.867096031183,7.523830556188303,982.42795878501,2005.9629678023614,974.9041282288217,0.3270538728569411,0.0
6000000.0,5000.0,0.85,693.15,3083.6118795256843,7.523830556188303,1030.0350903098881,2061.100619771985,1022.5112597536998,0.33159531734291436,-4.547473508864641e-13
6000000.0,5000.0,0.85,733.15,3181.931947895275,7.523830556188303,1077.7301611874482,2111.7256172640155,1070.2063306312598,0.3363385352534519,-4.547473508864641e-13
6000000.0,5000.0,0.85,773.15,3277.841566676608,7.523830556188303,1126.1179219739888,2159.2474752588078,1118.5940914178004,0.3412593527367886,0.0
6000000.0,5000.0,0.85,813.15,3372.4740983748547,7.523830556188303,1175.512205094004,2204.4857238370396,1167.9883745378156,0.346329828033565,-4.547473508864641e-13
6000000.0,5000.0,0.9,573.15,2740.2684953966045,7.523830556188303,932.2726048867106,1815.5197210660822,924.7487743305223,0.3374664839901689,0.0
6000000.0,5000.0,0.9,613.15,2869.6702040314103,7.523830556188303,988.5543657946456,1888.639668792953,981.0305352384573,0.34186176999024914,0.0
6000000.0,5000.0,0.9,653.15,2980.867096031183,7.523830556188303,1040.2178387135402,1948.1730878738313,1032.6940081573518,0.34644080896203394,-4.547473508864641e-13
6000000.0,5000.0,0.9,693.15,3083.6118795256843,7.523830556188303,1090.6253897398817,2000.510320341991,1083.1015591836933,0.35124445017713907,0.0
6000000.0,5000.0,0.9,733.15,3181.931947895275,7.523830556188303,1141.1260530220043,2048.3297254294594,1133.6022224658159,0.3562622460281245,-4.547473508864641e-13
6000000.0,5000.0,0.9,773.15,3277.841566676608,7.523830556188303,1192.3601526783411,2093.0052445544557,1184.8363221221528,0.3614684535602659,0.0
6000000.0,5000.0,0.9,813.15,3372.4740983748547,7.523830556188303,1244.65998186424,2135.3379470668033,1237.1361513080517,0.3668334033771258,0.0
6000000.0,8000.0,0.7,573.15,2704.157268148573,7.543853030954982,691.6401832221146,2020.0609379574132,684.0963301911596,0.2529794913368824,0.0
6000000.0,8000.0,0.7,613.15,2833.558976783379,7.543853030954982,734.0942354362761,2107.0085943780578,726.5503824053211,0.25640912659954307,0.0
6000000.0,8000.0,0.7,653.15,2944.7558687831515,7.543853030954982,773.2144928596905,2179.0852289544164,765.6706398287355,0.26001158464288254,-4.547473508864641e-13
6000000.0,8000.0,0.7,693.15,3047.500652277653,7.543853030954982,811.4972948891441,2243.547210419464,803.9534418581891,0.2638074716267336,-4.547473508864641e-13
6000000.0,8000.0,0.7,733.15,3145.820720647244,7.543853030954982,849.9419516197117,2303.422622058487,842.3980985887567,0.2677832506664384,0.0
6000000.0,8000.0,0.7,773.15,3241.7303394285773,7.543853030954982,889.0207619752111,2360.253430484321,881.4769089442561,0.2719155563999302,0.0
6000000.0,8000.0,0.7,813.15,3336.3628711268234,7.543853030954982,928.9770838217339,2414.9296403360445,921.4332307907789,0.27617896085732846,-4.547473508864641e-13
6000000.0,8000.0,0.75,573.15,2704.157268148573,7.543853030954982,741.0430534522659,1970.6580677272618,733.4992004213109,0.2712487210196573,0.0
6000000.0,8000.0,0.75,613.15,2833.558976783379,7.543853030954982,786.5295379674384,2054.5732918468952,778.9856849364834,0.27491423023803735,0.0
6000000.0,8000.0,0.75,653.15,2944.7558687831515,7.543853030954982,828.4440994925252,2123.8556223215814,820.9002464615702,0.2787668258560215,-4.547473508864641e-13
6000000.0,8000.0,0.75,693.15,3047.500652277653,7.543853030954982,869.4613873812258,2185.5831179273823,861.9175343502708,0.28282767838165596,-4.547473508864641e-13
6000000.0,8000.0,0.75,733.15,3145.820720647244,7.543853030954982,910.6520910211196,2242.712482657079,903.1082379901646,0.2870819154005549,0.0
6000000.0,8000.0,0.75,773.15,3241.7303394285773,7.543853030954982,952.5222449734401,2296.751947486092,944.9783919424851,0.29150431806399335,0.0
6000000.0,8000.0,0.75,813.15,3336.3628711268234,7.543853030954982,995.3325898090005,2348.574134348778,987.7887367780455,0.29606753669585995,-4.547473508864641e-13
6000000.0,8000.0,0.8,573.15,2704.157268148573,7.543853030954982,790.4459236824171,1921.2551974971109,782.902070651462,0.2895179507024321,0.0
6000000.0,8000.0,0.8,613.15,2833.558976783379,7.543853030954982,838.9648404986011,2002.1379893157325,831.4209874676461,0.2934193338765318,0.0
6000000.0,8000.0,0.8,653.15,2944.7558687831515,7.543853030954982,883.6737061253605,2068.626015688746,876.1298530944055,0.29752206706916073,0.0
6000000.0,8000.0,0.8,693.15,3047.500652277653,7.543853030954982,927.4254798733075,2127.6190254353005,919.8816268423525,0.3018478851365783,0.0
6000000.0,8000.0,0.8,733.15,3145.820720647244,7.543853030954982,971.362230422528,2182.002343255671,963.818377391573,0.3063805801346715,-4.547473508864641e-13
6000000.0,8000.0,0.8,773.15,3241.7303394285773,7.543853030954982,1016.0237279716697,2233.2504644878622,1008.4798749407147,0.3110930797280567,0.0
6000000.0,8000.0,0.8,813.15,3336.3628711268234,7.543853030954982,1061.6880957962676,2282.218628361511,1054.1442427653126,0.31595611253439165,-4.547473508864641e-13
6000000.0,8000.0,0.85,573.15,2704.157268148573,7.543853030954982,839.8487939125681,1871.8523272669597,832.3049408816131,0.30778718038520686,0.0
6000000.0,8000.0,0.85,613.15,2833.558976783379,7.543853030954982,891.4001430297639,1949.7026867845698,883.8562899988088,0.31192443751502624,0.0
6000000.0,8000.0,0.85,653.15,2944.7558687831515,7.543853030954982,938.9033127581956,2013.3964090559107,931.3594597272406,0.3162773082822999,0.0
6000000.0,8000.0,0.85,693.15,3047.500652277653,7.543853030954982,985.3895723653892,2069.6549329432187,977.8457193344342,0.3208680918915007,0.0
6000000.0,8000.0,0.85,733.15,3145.820720647244,7.543853030954982,1032.072369823936,2121.292203854263,1024.528516792981,0.325679244868788,-4.547473508864641e-13
6000000.0,8000.0,0.85,773.15,3241.7303394285773,7.543853030954982,1079.5252109698988,2169.748981489633,1071.9813579389438,0.3306818413921199,0.0
6000000.0,8000.0,0.85,813.15,3336.3628711268234,7.543853030954982,1128.043601783534,2215.8631223742445,1120.499748752579,0.33584468837292314,-4.547473508864641e-13
6000000.0,8000.0,0.9,573.15,2704.157268148573,7.543853030954982,889.251664142719,1822.4494570368088,881.707811111764,0.3260564100679816,0.0
6000000.0,8000.0,0.9,613.15,2833.558976783379,7.543853030954982,943.8354455609261,1897.2673842534075,936.2915925299711,0.3304295411535206,0.0
6000000.0,8000.0,0.9,653.15,2944.7558687831515,7.543853030954982,994.1329193910309,1958.1668024230755,986.5890663600759,0.3350325494954391,0.0
6000000.0,8000.0,0.9,693.15,3047.500652277653,7.543853030954982,1043.353664857471,2011.6908404511369,1035.809811826516,0.339888298646423,0.0
6000000.0,8000.0,0.9,733.15,3145.820720647244,7.543853030954982,1092.7825092253438,2060.582064452855,1085.2386561943888,0.3449779096029045,0.0
6000000.0,8000.0,0.9,773.15,3241.7303394285773,7.543853030954982,1143.0266939681285,2106.247498491404,1135.4828409371735,0.3502706030561833,0.0
6000000.0,8000.0,0.9,813.15,3336.3628711268234,7.543853030954982,1194.3991077708006,2149.507616386978,1186.8552547398456,0.3557332642114546,-4.547473508864641e-13
6000000.0,12000.0,0.7,573.15,2671.065995515578,7.564342779203522,661.5955999954771,2017.0347382993043,654.0312572162735,0.24485776776549853,0.0
6000000.0,12000.0,0.7,613.15,2800.4677041503837,7.564342779203522,702.839832428358,2105.192214501229,695.2754896491545,0.24827120434873565,0.0
6000000.0,12000.0,0.7,653.15,2911.6645961501567,7.564342779203522,740.9868079429949,2178.242130986365,733.4224651637913,0.2518911230824913,4.547473508864641e-13
6000000.0,12000.0,0.7,693.15,3014.4093796446577,7.564342779203522,778.4240044444748,2243.5497179793865,770.8596616652712,0.25572494130048823,-4.547473508864641e-13
6000000.0,12000.0,0.7,733.15,3112.7294480142486,7.564342779203522,816.104984268311,2304.188806525141,808.5406414891074,0.25975294512181657,0.0
6000000.0,12000.0,0.7,773.15,3208.639066795582,7.564342779203522,854.4784747707462,2361.724934804039,846.9141319915426,0.26394808339641096,0.0
6000000.0,12000.0,0.7,813.15,3303.2715984938286,7.564342779203522,893.7740080253697,2417.061933247662,886.2096652461661,0.26828240997508207,0.0
6000000.0,12000.0,0.75,573.15,2671.065995515578,7.564342779203522,708.852428566583,1969.7779097281984,701.2880857873794,0.262549890929226,0.0
6000000.0,12000.0,0.75,613.15,2800.4677041503837,7.564342779203522,753.0426776018124,2054.989369327775,745.4783348226089,0.2661977975028192,-4.547473508864641e-13
6000000.0,12000.0,0.75,653.15,2911.6645961501567,7.564342779203522,793.9144370817803,2125.31450184758,786.3500943025767,0.27006891361810687,0.0
6000000.0,12000.0,0.75,693.15,3014.4093796446577,7.564342779203522,834.0257190476511,2187.94800337621,826.4613762684476,0.2741702510114508,-4.547473508864641e-13
6000000.0,12000.0,0.75,733.15,3112.7294480142486,7.564342779203522,874.3981974303331,2245.8955933631187,866.8338546511295,0.2784803077582352,0.0
6000000.0,12000.0,0.75,773.15,3208.639066795582,7.564342779203522,915.5126515400857,2300.6907580346997,907.9483087608821,0.28296991025158713,0.0
6000000.0,12000.0,0.75,813.15,3303.2715984938286,7.564342779203522,957.6150085986108,2353.220932674421,950.0506658194072,0.28760900746175266,4.547473508864641e-13
6000000.0,12000.0,0.8,573.15,2671.065995515578,7.564342779203522,756.1092571376884,1922.5210811570932,748.5449143584848,0.28024201409295324,-4.547473508864641e-13
6000000.0,12000.0,0.8,613.15,2800.4677041503837,7.564342779203522,803.2455227752667,2004.7865241543207,795.6811799960632,0.28412439065690276,-4.547473508864641e-13
6000000.0,12000.0,0.8,653.15,2911.6645961501567,7.564342779203522,846.8420662205657,2072.3868727087943,839.2777234413621,0.2882467041537225,0.0
6000000.0,12000.0,0.8,693.15,3014.4093796446577,7.564342779203522,889.6274336508284,2132.346288773033,882.0630908716248,0.29261556072241374,-4.547473508864641e-13
6000000.0,12000.0,0.8,733.15,3112.7294480142486,7.564342779203522,932.6914105923553,2187.602380201097,925.1270678131517,0.2972076703946539,0.0
6000000.0,12000.0,0.8,773.15,3208.639066795582,7.564342779203522,976.5468283094247,2239.6565812653607,968.9824855302211,0.3019917371067631,0.0
6000000.0,12000.0,0.8,813.15,3303.2715984938286,7.564342779203522,1021.4560091718514,2289.37993210118,1013.8916663926478,0.3069356049484231,4.547473508864641e-13
6000000.0,12000.0,0.85,573.15,2671.065995515578,7.564342779203522,803.3660857087937,1875.2642525859878,795.8017429295901,0.2979341372566805,-4.547473508864641e-13
6000000.0,12000.0,0.85,613.15,2800.4677041503837,7.564342779203522,853.4483679487207,1954.5836789808666,845.8840251695171,0.30205098381098616,-4.547473508864641e-13
6000000.0,12000.0,0.85,653.15,2911.6645961501567,7.564342779203522,899.7696953593506,2019.4592435700094,892.2053525801471,0.30642449468933797,0.0
6000000.0,12000.0,0.85,693.15,3014.4093796446577,7.564342779203522,945.2291482540048,2076.7445741698566,937.6648054748013,0.3110608704333763,-4.547473508864641e-13
6000000.0,12000.0,0.85,733.15,3112.7294480142486,7.564342779203522,990.9846237543775,2129.3091670390745,983.4202809751739,0.31593503303107257,0.0
6000000.0,12000.0,0.85,773.15,3208.639066795582,7.564342779203522,1037.5810050787636,2178.6224044960218,1030.01666229956,0.3210135639619391,0.0
6000000.0,12000.0,0.85,813.15,3303.2715984938286,7.564342779203522,1085.297009745092,2225.5389315279394,1077.7326669658885,0.3262622024350935,4.547473508864641e-13
6000000.0,12000.0,0.9,573.15,2671.065995515578,7.564342779203522,850.6229142798993,1828.0074240148822,843.0585715006957,0.31562626042040787,-4.547473508864641e-13
6000000.0,12000.0,0.9,613.15,2800.4677041503837,7.564342779203522,903.651213122175,1904.3808338074123,896.0868703429715,0.3199775769650697,-4.547473508864641e-13
6000000.0,12000.0,0.9,653.15,2911.6645961501567,7.564342779203522,952.697324498136,1966.5316144312242,945.1329817189325,0.3246022852249536,0.0
6000000.0,12000.0,0.9,693.15,3014.4093796446577,7.564342779203522,1000.8308628571816,2021.1428595666798,993.266520077978,0.3295061801443391,-4.547473508864641e-13
6000000.0,12000.0,0.9,733.15,3112.7294480142486,7.564342779203522,1049.2778369163996,2071.0159538770527,1041.713494137196,0.33466239566749123,0.0
6000000.0,12000.0,0.9,773.15,3208.639066795582,7.564342779203522,1098.6151818481028,2117.5882277266824,1091.0508390688992,0.3400353908171151,4.547473508864641e-13
6000000.0,12000.0,0.9,813.15,3303.2715984938286,7.564342779203522,1149.1380103183328,2161.697930954699,1141.5736675391292,0.345588799921764,0.0
6000000.0,20000.0,0.7,573.15,2626.5242401644123,7.593711828936415,622.0748808963801,2012.043071096968,614.4811690674437,0.23395221702921695,0.0
6000000.0,20000.0,0.7,613.15,2755.925948799218,7.593711828936415,661.6918287024847,2101.8278319256697,654.0981168735483,0.23734241377513962,0.0
6000000.0,20000.0,0.7,653.15,2867.1228407989906,7.593711828936415,698.5296780876075,2176.18687454032,690.9359662586711,0.2409858260785665,-4.547473508864641e-13
6000000.0,20000.0,0.7,693.15,2969.867624293492,7.593711828936415,734.829481320038,2242.6318548023905,727.2357694911016,0.2448714425997708,0.0
6000000.0,20000.0,0.7,733.15,3068.187692663083,7.593711828936415,771.4832670862316,2304.2981374057877,763.8895552572952,0.2489709339112383,0.0
6000000.0,20000.0,0.7,773.15,3164.097311444416,7.593711828936415,808.9080574834026,2362.78296578995,801.3143456544661,0.2532521179914864,-4.547473508864641e-13
6000000.0,20000.0,0.7,813.15,3258.729843142662,7.593711828936415,847.3147880140292,2419.00876695757,839.7210761850928,0.2576835505257105,-9.094947017729282e-13
6000000.0,20000.0,0.75,573.15,2626.5242401644123,7.593711828936415,666.5088009604076,1967.6091510329406,658.9150891314712,0.25086960137486686,0.0
6000000.0,20000.0,0.75,613.15,2755.925948799218,7.593711828936415,708.9555307526621,2054.564129875492,701.3618189237257,0.25449225848369234,0.0
6000000.0,20000.0,0.75,653.15,2867.1228407989906,7.593711828936415,748.424655093865,2126.291897534062,740.8309432649286,0.25838828135402764,-4.547473508864641e-13
6000000.0,20000.0,0.75,693.15,2969.867624293492,7.593711828936415,787.3173014143267,2190.1440347081016,779.7235895853903,0.2625448970207486,0.0
6000000.0,20000.0,0.75,733.15,3068.187692663083,7.593711828936415,826.5892147352486,2249.1921897567704,818.9955029063121,0.266931356534923,4.547473508864641e-13
6000000.0,20000.0,0.75,773.15,3164.097311444416,7.593711828936415,866.687204446503,2305.0038188268495,859.0934926175665,0.2715129808145467,-4.547473508864641e-13
6000000.0,20000.0,0.75,813.15,3258.729843142662,7.593711828936415,907.8372728721741,2358.486282099425,900.2435610432377,0.27625596608986114,-9.094947017729282e-13
6000000.0,20000.0,0.8,573.15,2626.5242401644123,7.593711828936415,710.9427210244346,1923.1752309689139,703.3490091954982,0.2677869857205166,0.0
6000000.0,20000.0,0.8,613.15,2755.925948799218,7.593711828936415,756.2192328028394,2007.3004278253147,748.625520973903,0.271642103192245,0.0
6000000.0,20000.0,0.8,653.15,2867.1228407989906,7.593711828936415,798.3196321001229,2076.396920527804,790.7259202711865,0.27579073662948894,0.0
6000000.0,20000.0,0.8,693.15,2969.867624293492,7.593711828936415,839.8051215086151,2137.6562146138135,832.2114096796787,0.28021835144172635,-4.547473508864641e-13
6000000.0,20000.0,0.8,733.15,3068.187692663083,7.593711828936415,881.6951623842651,2194.086242107754,874.1014505553287,0.2848917791586075,0.0
6000000.0,20000.0,0.8,773.15,3164.097311444416,7.593711828936415,924.4663514096029,2247.22467186375,916.8726395806665,0.2897738436376069,-4.547473508864641e-13
6000000.0,20000.0,0.8,813.15,3258.729843142662,7.593711828936415,968.3597577303192,2297.9637972412797,960.7660459013828,0.2948283816540118,-9.094947017729282e-13
6000000.0,20000.0,0.85,573.15,2626.5242401644123,7.593711828936415,755.376641088462,1878.7413109048864,747.7829292595255,0.28470437006616645,0.0
6000000.0,20000.0,0.85,613.15,2755.925948799218,7.593711828936415,803.4829348530169,1960.0367257751373,795.8892230240805,0.28879194790079776,0.0
6000000.0,20000.0,0.85,653.15,2867.1228407989906,7.593711828936415,848.2146091063805,2026.5019435215465,840.6208972774441,0.2931931919049501,0.0
6000000.0,20000.0,0.85,693.15,2969.867624293492,7.593711828936415,892.2929416029034,2085.168394519525,884.699229773967,0.29789180586270403,0.0
6000000.0,20000.0,0.85,733.15,3068.187692663083,7.593711828936415,936.8011100332816,2138.9802944587377,929.2073982043452,0.30285220178229205,0.0
6000000.0,20000.0,0.85,773.15,3164.097311444416,7.593711828936415,982.2454983727029,2189.4455249006496,974.6517865437664,0.30803470646066705,-4.547473508864641e-13
6000000.0,20000.0,0.85,813.15,3258.729843142662,7.593711828936415,1028.8822425884641,2237.441312383135,1021.2885307595277,0.31340079721816244,-9.094947017729282e-13
6000000.0,20000.0,0.9,573.15,2626.5242401644123,7.593711828936415,799.810561152489,1834.3073908408594,792.2168493235525,0.3016217544118162,0.0
6000000.0,20000.0,0.9,613.15,2755.925948799218,7.593711828936415,850.7466369031947,1912.7730237249596,843.1529250742583,0.30594179260935067,0.0
6000000.0,20000.0,0.9,653.15,2867.1228407989906,7.593711828936415,898.109586112638,1976.6069665152888,890.5158742837016,0.3105956471804112,0.0
6000000.0,20000.0,0.9,693.15,2969.867624293492,7.593711828936415,944.7807616971922,2032.680574425236,937.1870498682558,0.31556526028368187,0.0
6000000.0,20000.0,0.9,733.15,3068.187692663083,7.593711828936415,991.9070576822982,2083.874346809721,984.3133458533617,0.32081262440597663,0.0
6000000.0,20000.0,0.9,773.15,3164.097311444416,7.593711828936415,1040.0246453358034,2131.6663779375494,1032.430933506867,0.3262955692837274,-4.547473508864641e-13
6000000.0,20000.0,0.9,813.15,3258.729843142662,7.593711828936415,1089.4047274466093,2176.91882752499,1081.8110156176729,0.3319732127823131,-9.094947017729282e-13
6000000.0,30000.0,0.7,573.15,2588.6490275329797,7.618866733566916,589.2859996147365,2006.9818946518103,581.6671328811696,0.2246991101128556,-4.547473508864641e-13
6000000.0,30000.0,0.7,613.15,2718.0507361677855,7.618866733566916,627.5207031095424,2098.14889979181,619.9018363759754,0.22806853018865386,0.0
6000000.0,30000.0,0.7,653.15,2829.2476281675586,7.618866733566916,663.2465576318647,2173.619937269261,655.6276908982977,0.23173216948950254,0.0
6000000.0,30000.0,0.7,693.15,2931.99241166206,7.618866733566916,698.5802389271855,2241.031039468441,690.9613721936186,0.23566274231996834,0.0
6000000.0,30000.0,0.7,733.15,3030.3124800316505,7.618866733566916,734.3615079133324,2303.569838851885,726.7426411797654,0.23982432371864662,0.0
6000000.0,30000.0,0.7,773.15,3126.222098812984,7.618866733566916,770.980455680362,2362.8605098661887,763.361588946795,0.24418021651009403,0.0
6000000.0,30000.0,0.7,813.15,3220.8546305112304,7.618866733566916,808.6322214747057,2419.8412757700917,801.0133547411388,0.24869590423396348,0.0
6000000.0,30000.0,0.75,573.15,2588.6490275329797,7.618866733566916,631.3778567300751,1964.890037536472,623.7589899965081,0.24095927387690697,-4.547473508864641e-13
6000000.0,30000.0,0.75,613.15,2718.0507361677855,7.618866733566916,672.3436104745097,2053.325992426843,664.7247437409427,0.24455935825471256,-4.547473508864641e-13
6000000.0,30000.0,0.75,653.15,2829.2476281675586,7.618866733566916,710.6213117484268,2126.2451831526982,703.0024450148599,0.24847681695157206,4.547473508864641e-13
6000000.0,30000.0,0.75,693.15,2931.99241166206,7.618866733566916,748.4788274219842,2191.1324509736423,740.8599606884172,0.25268140454307847,4.547473508864641e-13
6000000.0,30000.0,0.75,733.15,3030.3124800316505,7.618866733566916,786.815901335713,2251.1154454295042,779.197034602146,0.2571342195686722,0.0
6000000.0,30000.0,0.75,773.15,3126.222098812984,7.618866733566916,826.050488228959,2307.7904773175915,818.431621495392,0.26179573799511807,4.547473508864641e-13
6000000.0,30000.0,0.75,813.15,3220.8546305112304,7.618866733566916,866.3916658657565,2362.0818313790405,858.7727991321896,0.2666288602400788,4.547473508864641e-13
6000000.0,30000.0,0.8,573.15,2588.6490275329797,7.618866733566916,673.4697138454136,1922.7981804211333,665.8508471118466,0.2572194376409583,-4.547473508864641e-13
6000000.0,30000.0,0.8,613.15,2718.0507361677855,7.618866733566916,717.1665178394774,2008.5030850618755,709.5476511059104,0.2610501863207714,-4.547473508864641e-13
6000000.0,30000.0,0.8,653.15,2829.2476281675586,7.618866733566916,757.9960658649886,2078.870429036137,750.3771991314217,0.2652214644136415,0.0
6000000.0,30000.0,0.8,693.15,2931.99241166206,7.618866733566916,798.3774159167833,2141.2338624788435,790.7585491832164,0.26970006676618874,0.0
6000000.0,30000.0,0.8,733.15,3030.3124800316505,7.618866733566916,839.270294758094,2198.6610520071235,831.651428024527,0.27444411541869795,0.0
6000000.0,30000.0,0.8,773.15,3126.222098812984,7.618866733566916,881.1205207775561,2252.7204447689946,873.5016540439891,0.2794112594801421,0.0
6000000.0,30000.0,0.8,813.15,3220.8546305112304,7.618866733566916,924.151110256807,2304.3223869879903,916.53224352324,0.2845618162461941,0.0
6000000.0,30000.0,0.85,573.15,2588.6490275329797,7.618866733566916,715.5615709607517,1880.7063233057952,707.9427042271848,0.2734796014050095,-4.547473508864641e-13
6000000.0,30000.0,0.85,613.15,2718.0507361677855,7.618866733566916,761.9894252044447,1963.6801776969082,754.3705584708778,0.2775410143868302,-4.547473508864641e-13
6000000.0,30000.0,0.85,653.15,2829.2476281675586,7.618866733566916,805.3708199815503,2031.4956749195753,797.7519532479834,0.28196611187571086,0.0
6000000.0,30000.0,0.85,693.15,2931.99241166206,7.618866733566916,848.2760044115823,2091.3352739840448,840.6571376780154,0.286718728989299,0.0
6000000.0,30000.0,0.85,733.15,3030.3124800316505,7.618866733566916,891.724688180475,2146.2066585847424,884.1058214469081,0.29175401126872363,0.0
6000000.0,30000.0,0.85,773.15,3126.222098812984,7.618866733566916,936.1905533261537,2197.650412220397,928.5716865925867,0.2970267809651663,0.0
6000000.0,30000.0,0.85,813.15,3220.8546305112304,7.618866733566916,981.9105546478573,2246.56294259694,974.2916879142904,0.30249477225230925,0.0
6000000.0,30000.0,0.9,573.15,2588.6490275329797,7.618866733566916,757.6534280760899,1838.614466190457,750.0345613425229,0.2897397651690607,-4.547473508864641e-13
6000000.0,30000.0,0.9,613.15,2718.0507361677855,7.618866733566916,806.812332569412,1918.8572703319408,799.193465835845,0.2940318424528889,-4.547473508864641e-13
6000000.0,30000.0,0.9,653.15,2829.2476281675586,7.618866733566916,852.7455740981121,1984.1209208030134,845.1267073645452,0.29871075933778024,0.0
6000000.0,30000.0,0.9,693.15,2931.99241166206,7.618866733566916,898.1745929063815,2041.4366854892455,890.5557261728145,0.3037373912124093,0.0
6000000.0,30000.0,0.9,733.15,3030.3124800316505,7.618866733566916,944.1790816028561,2093.7522651623617,936.5602148692891,0.30906390711874937,-4.547473508864641e-13
6000000.0,30000.0,0.9,773.15,3126.222098812984,7.618866733566916,991.2605858747507,2142.5803796718,983.6417191411838,0.31464230245019037,0.0
6000000.0,30000.0,0.9,813.15,3220.8546305112304,7.618866733566916,1039.6699990389077,2188.8034982058894,1032.0511323053408,0.3204277282584245,4.547473508864641e-13
8000000.0,5000.0,0.7,573.15,2638.708299115376,10.029531909435638,715.0138451323277,1933.7239858924843,704.9843132228921,0.26717023380691124,0.0
8000000.0,5000.0,0.7,613.15,2806.157681123992,10.029531909435638,771.5949204188842,2044.5922926145436,761.5653885094486,0.2713908037428629,0.0
8000000.0,5000.0,0.7,653.15,2934.069411575041,10.029531909435638,817.8022747797496,2126.296668704728,807.772742870314,0.2753079868129952,-4.547473508864641e-13
8000000.0,5000.0,0.7,693.15,3046.5170430904395,10.029531909435638,860.7043971458478,2195.842177854028,850.6748652364122,0.2792286579081379,-4.547473508864641e-13
8000000.0,5000.0,0.7,733.15,3151.2376213627276,10.029531909435638,902.5366318990956,2258.730521373068,892.50709998966,0.2832243096931873,0.0
8000000.0,5000.0,0.7,773.15,3251.713524128641,10.029531909435638,944.2809262143764,2317.4621298237007,934.2513943049408,0.2873104864166321,-4.547473508864641e-13
8000000.0,5000.0,0.7,813.15,3349.780875626723,10.029531909435638,986.4340331260022,2373.376374410157,976.4045012165666,0.2914830961992066,-4.547473508864641e-13
8000000.0,5000.0,0.75,573.15,2638.708299115376,10.029531909435638,766.0862626417796,1882.6515683830323,756.056730732344,0.28652531656712915,0.0
8000000.0,5000.0,0.75,613.15,2806.157681123992,10.029531909435638,826.7088433059473,1989.4783697274804,816.6793113965117,0.29103115512361194,0.0
8000000.0,5000.0,0.75,653.15,2934.069411575041,10.029531909435638,876.2167229783032,2067.882220506174,866.1871910688676,0.2952170073590347,0.0
8000000.0,5000.0,0.75,693.15,3046.5170430904395,10.029531909435638,922.1832826562654,2134.36329234361,912.1537507468298,0.2994087142284703,0.0
8000000.0,5000.0,0.75,733.15,3151.2376213627276,10.029531909435638,967.0035341776023,2194.263619094561,956.9740022681667,0.30368195523583874,0.0
8000000.0,5000.0,0.75,773.15,3251.713524128641,10.029531909435638,1011.7295638011173,2250.01349223696,1001.7000318916816,0.308052977133066,-4.547473508864641e-13
8000000.0,5000.0,0.75,813.15,3349.780875626723,10.029531909435638,1056.8936069207164,2302.9168006154428,1046.8640750112806,0.31251718063959,0.0
8000000.0,5000.0,0.8,573.15,2638.708299115376,10.029531909435638,817.1586801512316,1831.5791508735801,807.129148241796,0.30588039932734706,0.0
8000000.0,5000.0,0.8,613.15,2806.157681123992,10.029531909435638,881.8227661930104,1934.3644468404173,871.7932342835747,0.310671506504361,0.0
8000000.0,5000.0,0.8,653.15,2934.069411575041,10.029531909435638,934.6311711768568,2009.4677723076202,924.6016392674212,0.31512602790507427,0.0
8000000.0,5000.0,0.8,693.15,3046.5170430904395,10.029531909435638,983.6621681666835,2072.884406833192,973.6326362572479,0.31958877054880286,0.0
8000000.0,5000.0,0.8,733.15,3151.2376213627276,10.029531909435638,1031.4704364561094,2129.7967168160535,1021.4409045466738,0.32413960077849024,4.547473508864641e-13
8000000.0,5000.0,0.8,773.15,3251.713524128641,10.029531909435638,1079.178201387859,2182.564854650218,1069.1486694784232,0.3287954678495001,-4.547473508864641e-13
8000000.0,5000.0,0.8,813.15,3349.780875626723,10.029531909435638,1127.3531807154309,2232.457226820728,1117.3236488059952,0.33355126507997357,0.0
8000000.0,5000.0,0.85,573.15,2638.708299115376,10.029531909435638,868.2310976606835,1780.5067333641282,858.2015657512479,0.325235482087565,0.0
8000000.0,5000.0,0.85,613.15,2806.157681123992,10.029531909435638,936.9366890800735,1879.2505239533543,926.9071571706379,0.33031185788511,0.0
8000000.0,5000.0,0.85,653.15,2934.069411575041,10.029531909435638,993.0456193754103,1951.0533241090668,983.0160874659747,0.33503504845111376,0.0
8000000.0,5000.0,0.85,693.15,3046.5170430904395,10.029531909435638,1045.1410536771011,2011.405521322774,1035.1115217676654,0.33976882686913523,4.547473508864641e-13
8000000.0,5000.0,0.85,733.15,3151.2376213627276,10.029531909435638,1095.937338734616,2065.3298145375475,1085.9078068251804,0.34459724632114164,0.0
8000000.0,5000.0,0.85,773.15,3251.713524128641,10.029531909435638,1146.6268389745997,2115.116217063477,1136.597307065164,0.34953795856593395,0.0
8000000.0,5000.0,0.85,813.15,3349.780875626723,10.029531909435638,1197.8127545101456,2161.9976530260137,1187.78322260071,0.3545853495203572,-4.547473508864641e-13
8000000.0,5000.0,0.9,573.15,2638.708299115376,10.029531909435638,919.3035151701355,1729.4343158546762,909.2739832606999,0.3445905648477829,0.0
8000000.0,5000.0,0.9,613.15,2806.157681123992,10.029531909435638,992.0506119671367,1824.1366010662912,982.021080057701,0.34995220926585907,0.0
8000000.0,5000.0,0.9,653.15,2934.069411575041,10.029531909435638,1051.460067573964,1892.6388759105132,1041.4305356645282,0.35494406899715325,0.0
8000000.0,5000.0,0.9,693.15,3046.5170430904395,10.029531909435638,1106.6199391875189,1949.9266358123564,1096.5904072780831,0.3599488831894677,0.0
8000000.0,5000.0,0.9,733.15,3151.2376213627276,10.029531909435638,1160.4042410131233,2000.86291225904,1150.3747091036876,0.36505489186379325,0.0
8000000.0,5000.0,0.9,773.15,3251.713524128641,10.029531909435638,1214.075476561341,2047.6675794767357,1204.0459446519053,0.370280449282368,0.0
8000000.0,5000.0,0.9,813.15,3349.780875626723,10.029531909435638,1268.27232830486,2091.5380792312994,1258.2427963954242,0.3756194339607407,-4.547473508864641e-13
8000000.0,8000.0,0.7,573.15,2602.589067912309,10.057558339238138,683.2248895469838,1929.421736704563,673.1673312077457,0.2586529466012601,4.547473508864641e-13
8000000.0,8000.0,0.7,613.15,2770.038449920925,10.057558339238138,738.095183714442,2042.000824545721,728.0376253752039,0.2628258194018884,4.547473508864641e-13
8000000.0,8000.0,0.7,653.15,2897.950180371974,10.057558339238138,783.0799528445792,2124.9277858666333,773.0223945053411,0.26674799302661506,0.0
8000000.0,8000.0,0.7,693.15,3010.3978118873724,10.057558339238138,824.9716574306027,2195.4837127960077,814.9140990913646,0.27069980448213693,4.547473508864641e-13
8000000.0,8000.0,0.7,733.15,3115.1183901596605,10.057558339238138,865.9159012007336,2259.260047298165,855.8583428614955,0.27474344010971274,4.547473508864641e-13
8000000.0,8000.0,0.7,773.15,3215.594292925574,10.057558339238138,906.8535580965113,2318.798293168301,896.7959997572732,0.2788896602193434,0.0
8000000.0,8000.0,0.7,813.15,3313.661644423656,10.057558339238138,948.2591325744945,2375.4600701884,938.2015742352564,0.28313137396332977,0.0
8000000.0,8000.0,0.75,573.15,2602.589067912309,10.057558339238138,732.0266673717686,1880.6199588797783,721.9691090325305,0.2774041887494996,4.547473508864641e-13
8000000.0,8000.0,0.75,613.15,2770.038449920925,10.057558339238138,790.8162682654732,1989.2797399946896,780.7587099262352,0.28185843772259667,4.547473508864641e-13
8000000.0,8000.0,0.75,653.15,2897.950180371974,10.057558339238138,839.0142351906206,2068.9935035205913,828.9566768513826,0.2860493194348081,4.547473508864641e-13
8000000.0,8000.0,0.75,693.15,3010.3978118873724,10.057558339238138,883.8982043899316,2136.557165836679,873.8406460506935,0.2902741433707189,4.547473508864641e-13
8000000.0,8000.0,0.75,733.15,3115.1183901596605,10.057558339238138,927.7670370007861,2197.4089114981125,917.709478661548,0.2945985878291169,0.0
8000000.0,8000.0,0.75,773.15,3215.594292925574,10.057558339238138,971.6288122462621,2254.0230390185498,961.571253907024,0.2990337605781041,4.547473508864641e-13
8000000.0,8000.0,0.75,813.15,3313.661644423656,10.057558339238138,1015.9919277583873,2307.727275004507,1005.9343694191492,0.30357184207747046,0.0
8000000.0,8000.0,0.8,573.15,2602.589067912309,10.057558339238138,780.8284451965532,1831.8181810549938,770.7708868573151,0.2961554308977391,4.547473508864641e-13
8000000.0,8000.0,0.8,613.15,2770.038449920925,10.057558339238138,843.5373528165048,1936.558655443658,833.4797944772668,0.300891056043305,4.547473508864641e-13
8000000.0,8000.0,0.8,653.15,2897.950180371974,10.057558339238138,894.948517536662,2013.05922117455,884.890959197424,0.30535064584300114,4.547473508864641e-13
8000000.0,8000.0,0.8,693.15,3010.3978118873724,10.057558339238138,942.8247513492605,2077.6306188773497,932.7671930100224,0.3098484822593008,4.547473508864641e-13
8000000.0,8000.0,0.8,733.15,3115.1183901596605,10.057558339238138,989.6181728008389,2135.5577756980597,979.5606144616008,0.31445373554852113,0.0
8000000.0,8000.0,0.8,773.15,3215.594292925574,10.057558339238138,1036.404066396013,2189.247784868799,1026.3465080567748,0.3191778609368648,4.547473508864641e-13
8000000.0,8000.0,0.8,813.15,3313.661644423656,10.057558339238138,1083.7247229422796,2239.9944798206147,1073.6671646030416,0.32401231019161103,0.0
8000000.0,8000.0,0.85,573.15,2602.589067912309,10.057558339238138,829.6302230213378,1783.016403230209,819.5726646820997,0.3149066730459786,4.547473508864641e-13
8000000.0,8000.0,0.85,613.15,2770.038449920925,10.057558339238138,896.2584373675365,1883.8375708926262,886.2008790282985,0.3199236743640134,4.547473508864641e-13
8000000.0,8000.0,0.85,653.15,2897.950180371974,10.057558339238138,950.8827998827035,1957.1249388285087,940.8252415434654,0.3246519722511942,0.0
8000000.0,8000.0,0.85,693.15,3010.3978118873724,10.057558339238138,1001.7512983085895,2018.7040719180206,991.6937399693514,0.32942282114788274,4.547473508864641e-13
8000000.0,8000.0,0.85,733.15,3115.1183901596605,10.057558339238138,1051.4693086008908,2073.7066398980073,1041.4117502616527,0.3343088832679251,9.094947017729282e-13
8000000.0,8000.0,0.85,773.15,3215.594292925574,10.057558339238138,1101.1793205457636,2124.4725307190483,1091.1217622065255,0.3393219612956254,4.547473508864641e-13
8000000.0,8000.0,0.85,813.15,3313.661644423656,10.057558339238138,1151.457518126172,2172.2616846367223,1141.399959786934,0.34445277830575166,0.0
8000000.0,8000.0,0.9,573.15,2602.589067912309,10.057558339238138,878.4320008461224,1734.2146254054246,868.3744425068843,0.33365791519421806,4.547473508864641e-13
8000000.0,8000.0,0.9,613.15,2770.038449920925,10.057558339238138,948.9795219185683,1831.1164863415945,938.9219635793302,0.3389562926847218,4.547473508864641e-13
8000000.0,8000.0,0.9,653.15,2897.950180371974,10.057558339238138,1006.8170822287449,1901.1906564824671,996.7595238895068,0.3439532986593873,4.547473508864641e-13
8000000.0,8000.0,0.9,693.15,3010.3978118873724,10.057558339238138,1060.677845267918,1959.7775249586923,1050.62028692868,0.3489971600364645,4.547473508864641e-13
8000000.0,8000.0,0.9,733.15,3115.1183901596605,10.057558339238138,1113.3204444009434,2011.855504097955,1103.2628860617053,0.3541640309873293,4.547473508864641e-13
8000000.0,8000.0,0.9,773.15,3215.594292925574,10.057558339238138,1165.9545746955146,2059.697276569297,1155.8970163562765,0.3594660616543861,4.547473508864641e-13
8000000.0,8000.0,0.9,813.15,3313.661644423656,10.057558339238138,1219.1903133100643,2104.52888945283,1209.1327549708262,0.3648932464198922,0.0
8000000.0,12000.0,0.7,573.15,2569.4892371598144,10.086606206986355,654.7117845372665,1924.864058829534,644.62517833028,0.2508767769904406,0.0
8000000.0,12000.0,0.7,613.15,2736.9386191684303,10.086606206986355,708.0148688308192,2039.0103565445972,697.9282626238328,0.25500325719247796,0.0
8000000.0,12000.0,0.7,653.15,2864.8503496194794,10.086606206986355,751.8796538648634,2123.057301961602,741.793047657877,0.2589290738193026,0.0
8000000.0,12000.0,0.7,693.15,2977.2979811348773,10.086606206986355,792.845736403727,2194.538850938137,782.7591301967406,0.26290923352534934,-4.547473508864641e-13
8000000.0,12000.0,0.7,733.15,3082.018559407166,10.086606206986355,832.9765106884026,2259.1286549257493,822.8899044814162,0.26699706332712714,4.547473508864641e-13
8000000.0,12000.0,0.7,773.15,3182.4944621730792,10.086606206986355,873.1752243526969,2319.4058440273684,863.0886181457105,0.27119878083193083,0.0
8000000.0,12000.0,0.7,813.15,3280.5618136711614,10.086606206986355,913.896000408492,2376.7524194696557,903.8093942015056,0.2755044548878914,0.0
8000000.0,12000.0,0.75,573.15,2569.4892371598144,10.086606206986355,701.4769120042142,1878.0989313625864,691.3903057972278,0.26907694175106034,0.0
8000000.0,12000.0,0.75,613.15,2736.9386191684303,10.086606206986355,758.5873594615921,1988.4378659138245,748.5007532546057,0.27348101561810845,0.0
8000000.0,12000.0,0.75,653.15,2864.8503496194794,10.086606206986355,805.5853434266393,2069.3516123998265,795.4987372196529,0.27767549440246125,0.0
8000000.0,12000.0,0.75,693.15,2977.2979811348773,10.086606206986355,849.4775747182788,2137.9070126235847,839.3909685112924,0.2819304529912508,0.0
8000000.0,12000.0,0.75,733.15,3082.018559407166,10.086606206986355,892.4748328804313,2199.6303327337205,882.3882266734449,0.286302048370265,4.547473508864641e-13
8000000.0,12000.0,0.75,773.15,3182.4944621730792,10.086606206986355,935.5448832350327,2257.0361851450325,925.4582770280463,0.29079650821956887,4.547473508864641e-13
8000000.0,12000.0,0.75,813.15,3280.5618136711614,10.086606206986355,979.1742861519558,2311.4741337261917,969.0876799449694,0.29540296296398616,4.547473508864641e-13
8000000.0,12000.0,0.8,573.15,2569.4892371598144,10.086606206986355,748.242039471162,1831.3338038956385,738.1554332641756,0.2872771065116801,0.0
8000000.0,12000.0,0.8,613.15,2736.9386191684303,10.086606206986355,809.159850092365,1937.8653752830514,799.0732438853786,0.29195877404373893,0.0
8000000.0,12000.0,0.8,653.15,2864.8503496194794,10.086606206986355,859.2910329884155,2015.6459228380502,849.2044267814291,0.29642191498562004,0.0
8000000.0,12000.0,0.8,693.15,2977.2979811348773,10.086606206986355,906.1094130328307,2081.275174309033,896.0228068258443,0.30095167245715226,0.0
8000000.0,12000.0,0.8,733.15,3082.018559407166,10.086606206986355,951.9731550724604,2140.1320105416917,941.886548865474,0.305607033413403,0.0
8000000.0,12000.0,0.8,773.15,3182.4944621730792,10.086606206986355,997.914542117368,2194.6665262626975,987.8279359103816,0.3103942356072068,0.0
8000000.0,12000.0,0.8,813.15,3280.5618136711614,10.086606206986355,1044.4525718954196,2246.195847982728,1034.3659656884333,0.315301471040081,0.0
8000000.0,12000.0,0.85,573.15,2569.4892371598144,10.086606206986355,795.0071669381095,1784.568676428691,784.9205607311231,0.30547727127229973,0.0
8000000.0,12000.0,0.85,613.15,2736.9386191684303,10.086606206986355,859.7323407231378,1887.2928846522786,849.6457345161514,0.31043653246936936,0.0
8000000.0,12000.0,0.85,653.15,2864.8503496194794,10.086606206986355,912.9967225501914,1961.9402332762743,902.910116343205,0.31516833556877866,0.0
8000000.0,12000.0,0.85,693.15,2977.2979811348773,10.086606206986355,962.7412513473826,2024.6433359944813,952.6546451403962,0.3199728919230537,-4.547473508864641e-13
8000000.0,12000.0,0.85,733.15,3082.018559407166,10.086606206986355,1011.4714772644891,2080.633688349663,1001.3848710575027,0.3249120184565409,4.547473508864641e-13
8000000.0,12000.0,0.85,773.15,3182.4944621730792,10.086606206986355,1060.2842009997032,2132.296867380362,1050.197594792717,0.3299919629948447,0.0
8000000.0,12000.0,0.85,813.15,3280.5618136711614,10.086606206986355,1109.7308576388834,2180.917562239264,1099.6442514318971,0.33519997911617583,4.547473508864641e-13
8000000.0,12000.0,0.9,573.15,2569.4892371598144,10.086606206986355,841.7722944050571,1737.8035489617434,831.6856881980707,0.32367743603291943,0.0
8000000.0,12000.0,0.9,613.15,2736.9386191684303,10.086606206986355,910.3048313539107,1836.7203940215056,900.2182251469243,0.32891429089499985,4.547473508864641e-13
8000000.0,12000.0,0.9,653.15,2864.8503496194794,10.086606206986355,966.7024121119673,1908.2345437144984,956.6158059049809,0.33391475615193733,0.0
8000000.0,12000.0,0.9,693.15,2977.2979811348773,10.086606206986355,1019.3730896619344,1968.0114976799296,1009.286483454948,0.3389941113889552,-4.547473508864641e-13
8000000.0,12000.0,0.9,733.15,3082.018559407166,10.086606206986355,1070.9697994565176,2021.1353661576345,1060.8831932495314,0.34421700349967876,0.0
8000000.0,12000.0,0.9,773.15,3182.4944621730792,10.086606206986355,1122.6538598820391,2069.9272084980266,1112.5672536750528,0.3495896903824828,0.0
8000000.0,12000.0,0.9,813.15,3280.5618136711614,10.086606206986355,1175.0091433823472,2115.6392764958005,1164.922537175361,0.3550984871922706,0.0
8000000.0,20000.0,0.7,573.15,2524.934268839294,10.129188226073573,617.2510011386769,1917.8124559266905,607.1218129126033,0.2404505417844781,0.0
8000000.0,20000.0,0.7,613.15,2692.38365084791,10.129188226073573,668.4460883782874,2034.0667506956959,658.3169001522139,0.24451080734533903,0.0
8000000.0,20000.0,0.7,653.15,2820.2953812989595,10.129188226073573,710.8044235013532,2119.6201460236794,700.6752352752796,0.24844037256571533,4.547473508864641e-13
8000000.0,20000.0,0.7,693.15,2932.743012814357,10.129188226073573,750.5254854587578,2192.3467155816734,740.3962972326842,0.25245863479943154,-9.094947017729282e-13
8000000.0,20000.0,0.7,733.15,3037.4635910866455,10.129188226073573,789.5620914974553,2258.0306878152637,779.4329032713817,0.25660650075234037,0.0
8000000.0,20000.0,0.7,773.15,3137.9394938525584,10.129188226073573,828.76687947194,2319.3018026066925,818.6376912458664,0.26088383566656864,-4.547473508864641e-13
8000000.0,20000.0,0.7,813.15,3236.006845350641,10.129188226073573,868.5665580534571,2377.5694755232576,858.4373698273836,0.2652767471925316,-4.547473508864641e-13
8000000.0,20000.0,0.75,573.15,2524.934268839294,10.129188226073573,661.340358362868,1873.7230987024993,651.2111701367944,0.25791212792091994,0.0
8000000.0,20000.0,0.75,613.15,2692.38365084791,10.129188226073573,716.192237548165,1986.3206015258181,706.0630493220915,0.2622445909964324,0.0
8000000.0,20000.0,0.75,653.15,2820.2953812989595,10.129188226073573,761.576168037164,2068.8484014878686,751.4469798110905,0.2664426516434574,0.0
8000000.0,20000.0,0.75,693.15,2932.743012814357,10.129188226073573,804.134448705812,2138.737752334619,794.0052604797385,0.2707380963863536,-4.547473508864641e-13
8000000.0,20000.0,0.75,733.15,3037.4635910866455,10.129188226073573,845.9593837472736,2201.6333955654454,835.8301955212,0.27517373310215837,0.0
8000000.0,20000.0,0.75,773.15,3137.9394938525584,10.129188226073573,887.9645137199359,2260.104168358697,877.8353254938623,0.27974896495410534,-9.094947017729282e-13
8000000.0,20000.0,0.75,813.15,3236.006845350641,10.129188226073573,930.6070264858473,2315.5290070908677,920.4778382597738,0.28444866845145206,-4.547473508864641e-13
8000000.0,20000.0,0.8,573.15,2524.934268839294,10.129188226073573,705.4297155870595,1829.633741478308,695.3005273609859,0.27537371405736194,0.0
8000000.0,20000.0,0.8,613.15,2692.38365084791,10.129188226073573,763.9383867180427,1938.5744523559406,753.8091984919691,0.27997837464752573,0.0
8000000.0,20000.0,0.8,653.15,2820.2953812989595,10.129188226073573,812.3479125729748,2018.0766569520576,802.2187243469012,0.2844449307211994,4.547473508864641e-13
8000000.0,20000.0,0.8,693.15,2932.743012814357,10.129188226073573,857.7434119528663,2085.1287890875647,847.6142237267927,0.2890175579732757,-4.547473508864641e-13
8000000.0,20000.0,0.8,733.15,3037.4635910866455,10.129188226073573,902.3566759970919,2145.236103315627,892.2274877710183,0.29374096545197637,0.0
8000000.0,20000.0,0.8,773.15,3137.9394938525584,10.129188226073573,947.1621479679318,2200.9065341107007,937.0329597418582,0.298614094241642,-4.547473508864641e-13
8000000.0,20000.0,0.8,813.15,3236.006845350641,10.129188226073573,992.6474949182369,2253.488538658478,982.5183066921634,0.30362058971037237,-4.547473508864641e-13
8000000.0,20000.0,0.85,573.15,2524.934268839294,10.129188226073573,749.5190728112506,1785.5443842541167,739.389884585177,0.29283530019380377,0.0
8000000.0,20000.0,0.85,613.15,2692.38365084791,10.129188226073573,811.6845358879203,1890.828303186063,801.5553476618468,0.297712158298619,0.0
8000000.0,20000.0,0.85,653.15,2820.2953812989595,10.129188226073573,863.1196571087861,1967.3049124162465,852.9904688827125,0.30244720979894163,4.547473508864641e-13
8000000.0,20000.0,0.85,693.15,2932.743012814357,10.129188226073573,911.3523751999205,2031.5198258405103,901.223186973847,0.30729701956019784,-4.547473508864641e-13
8000000.0,20000.0,0.85,733.15,3037.4635910866455,10.129188226073573,958.7539682469103,2088.838811065809,948.6247800208367,0.31230819780179436,-4.547473508864641e-13
8000000.0,20000.0,0.85,773.15,3137.9394938525584,10.129188226073573,1006.3597822159272,2141.708899862705,996.2305939898537,0.3174792235291785,-4.547473508864641e-13
8000000.0,20000.0,0.85,813.15,3236.006845350641,10.129188226073573,1054.6879633506267,2191.448070226088,1044.558775124553,0.3227925109692927,-4.547473508864641e-13
8000000.0,20000.0,0.9,573.15,2524.934268839294,10.129188226073573,793.6084300354419,1741.4550270299255,783.4792418093683,0.31029688633024566,0.0
8000000.0,20000.0,0.9,613.15,2692.38365084791,10.129188226073573,859.4306850577982,1843.082154016185,849.3014968317246,0.3154459419497124,0.0
8000000.0,20000.0,0.9,653.15,2820.2953812989595,10.129188226073573,913.8914016445968,1916.5331678804357,903.7622134185233,0.3204494888766837,4.547473508864641e-13
8000000.0,20000.0,0.9,693.15,2932.743012814357,10.129188226073573,964.9613384469748,1977.910862593456,954.8321502209012,0.32557648114711996,-4.547473508864641e-13
8000000.0,20000.0,0.9,733.15,3037.4635910866455,10.129188226073573,1015.1512604967286,2032.4415188159903,1005.022072270655,0.33087543015161236,0.0
8000000.0,20000.0,0.9,773.15,3137.9394938525584,10.129188226073573,1065.5574164639231,2082.511265614709,1055.4282282378495,0.33634435281671515,-4.547473508864641e-13
8000000.0,20000.0,0.9,813.15,3236.006845350641,10.129188226073573,1116.7284317830167,2129.407601793698,1106.599243556943,0.34196443222821316,-4.547473508864641e-13
8000000.0,30000.0,0.7,573.15,2487.046391471132,10.167007867433888,586.2118656340247,1911.0015337045413,576.0448577665908,0.23161805897229362,0.0
8000000.0,30000.0,0.7,613.15,2654.495773479748,10.167007867433888,635.6163829339342,2029.0463984132477,625.4493750665004,0.23561890032569385,0.0
8000000.0,30000.0,0.7,653.15,2782.4075039307972,10.167007867433888,676.6951128880941,2115.879398910137,666.5281050206602,0.23955085805333487,0.0
8000000.0,30000.0,0.7,693.15,2894.8551354461956,10.167007867433888,715.3586323677711,2189.663510945858,705.1916245003372,0.24360169732349773,4.547473508864641e-13
8000000.0,30000.0,0.7,733.15,2999.5757137184837,10.167007867433888,753.4658325676131,2256.2768890183042,743.2988247001792,0.2478013211337593,0.0
8000000.0,30000.0,0.7,773.15,3100.051616484397,10.167007867433888,791.8263625014415,2318.3922618503893,781.6593546340076,0.25214398059618304,0.0
8000000.0,30000.0,0.7,813.15,3198.1189679824793,10.167007867433888,830.8436446152348,2377.442331234678,820.6766367478009,0.2566122914637918,4.547473508864641e-13
8000000.0,30000.0,0.75,573.15,2487.046391471132,10.167007867433888,628.0841417507409,1869.1292575878251,617.917133883307,0.24845420495666667,0.0
8000000.0,30000.0,0.75,613.15,2654.495773479748,10.167007867433888,681.0175531435008,1983.645228203681,670.8505452760669,0.25272240098414495,0.0
8000000.0,30000.0,0.75,653.15,2782.4075039307972,10.167007867433888,725.0304780943864,2067.544033703845,714.8634702269525,0.2569226359607792,-4.547473508864641e-13
8000000.0,30000.0,0.75,693.15,2894.8551354461956,10.167007867433888,766.4556775368974,2138.5664657767315,756.2886696694635,0.2612526825294467,4.547473508864641e-13
8000000.0,30000.0,0.75,733.15,2999.5757137184837,10.167007867433888,807.2848206081567,2202.4579009777603,797.1178127407228,0.2657435213570788,4.547473508864641e-13
8000000.0,30000.0,0.75,773.15,3100.051616484397,10.167007867433888,848.3853883944018,2261.8332359574288,838.218380526968,0.27038852387804646,0.0
8000000.0,30000.0,0.75,813.15,3198.1189679824793,10.167007867433888,890.189619230609,2318.096356619304,880.0226113631751,0.27516881647412067,0.0
8000000.0,30000.0,0.8,573.15,2487.046391471132,10.167007867433888,669.956417867457,1827.256981471109,659.7894100000232,0.26529035094103975,0.0
8000000.0,30000.0,0.8,613.15,2654.495773479748,10.167007867433888,726.4187233530679,1938.244057994114,716.251715485634,0.2698259016425963,0.0
8000000.0,30000.0,0.8,653.15,2782.4075039307972,10.167007867433888,773.3658433006792,2019.208668497552,763.1988354332453,0.2742944138682237,-4.547473508864641e-13
8000000.0,30000.0,0.8,693.15,2894.8551354461956,10.167007867433888,817.552722706024,2087.469420607605,807.3857148385902,0.2789036677353959,0.0
8000000.0,30000.0,0.8,733.15,2999.5757137184837,10.167007867433888,861.1038086487008,2148.6389129372164,850.9368007812669,0.2836857215803985,4.547473508864641e-13
8000000.0,30000.0,0.8,773.15,3100.051616484397,10.167007867433888,904.9444142873618,2205.274210064469,894.777406419928,0.28863306715990983,0.0
8000000.0,30000.0,0.8,813.15,3198.1189679824793,10.167007867433888,949.535593845983,2258.75038200393,939.3685859785492,0.29372534148444956,0.0
8000000.0,30000.0,0.85,573.15,2487.046391471132,10.167007867433888,711.8286939841728,1785.3847053543932,701.6616861167389,0.2821264969254126,0.0
8000000.0,30000.0,0.85,613.15,2654.495773479748,10.167007867433888,771.8198935626344,1892.8428877845474,761.6528856952006,0.28692940230104735,0.0
8000000.0,30000.0,0.85,653.15,2782.4075039307972,10.167007867433888,821.7012085069712,1970.87330329126,811.5342006395373,0.2916661917756679,-4.547473508864641e-13
8000000.0,30000.0,0.85,693.15,2894.8551354461956,10.167007867433888,868.6497678751504,2036.372375438479,858.4827600077165,0.29655465294134487,0.0
8000000.0,30000.0,0.85,733.15,2999.5757137184837,10.167007867433888,914.9227966892445,2094.819924896673,904.7557888218106,0.30162792180371806,0.0
8000000.0,30000.0,0.85,773.15,3100.051616484397,10.167007867433888,961.5034401803222,2148.7151841715086,951.3364323128883,0.30687761044177325,0.0
8000000.0,30000.0,0.85,813.15,3198.1189679824793,10.167007867433888,1008.8815684613567,2199.404407388556,998.7145605939228,0.3122818664947783,4.547473508864641e-13
8000000.0,30000.0,0.9,573.15,2487.046391471132,10.167007867433888,753.700970100889,1743.512429237677,743.5339622334551,0.29896264290978564,0.0
8000000.0,30000.0,0.9,613.15,2654.495773479748,10.167007867433888,817.2210637722011,1847.4417175749809,807.0540559047672,0.30403290295949853,0.0
8000000.0,30000.0,0.9,653.15,2782.4075039307972,10.167007867433888,870.0365737132639,1922.5379380849672,859.86956584583,0.30903796968311237,0.0
8000000.0,30000.0,0.9,693.15,2894.8551354461956,10.167007867433888,919.746813044277,1985.2753302693523,909.5798051768431,0.314205638147294,0.0
8000000.0,30000.0,0.9,733.15,2999.5757137184837,10.167007867433888,968.741784729788,2041.0009368561293,958.5747768623542,0.31957012202703755,0.0
8000000.0,30000.0,0.9,773.15,3100.051616484397,10.167007867433888,1018.062466073282,2092.156158278549,1007.8954582058482,0.32512215372363656,0.0
8000000.0,30000.0,0.9,813.15,3198.1189679824793,10.167007867433888,1068.2275430767309,2140.058432773182,1058.0605352092969,0.3308383915051072,0.0
10000000.0,5000.0,0.7,613.15,2731.853413498596,12.533087743767013,763.8775593519299,1980.508941890433,751.3444716081628,0.27503103493607306,0.0
10000000.0,5000.0,0.7,653.15,2882.906562920783,12.533087743767013,818.4188979004231,2077.020752764127,805.885810156656,0.27953934425824134,0.0
10000000.0,5000.0,0.7,693.15,3007.2313431856733,12.533087743767013,865.8440817607594,2153.920349168681,853.3109940169924,0.2837530261682654,0.0
10000000.0,5000.0,0.7,733.15,3119.313703458828,12.533087743767013,910.6133486472494,2221.2334425553454,898.0802609034823,0.2879095680269838,0.0
10000000.0,5000.0,0.7,773.15,3224.845746511182,12.533087743767013,954.4563504829048,2282.922483772044,941.9232627391377,0.29208319925322407,0.0
10000000.0,5000.0,0.7,813.15,3326.621272946849,12.533087743767013,998.2022546797511,2340.9521060108646,985.6691669359841,0.2962973798525735,0.0
10000000.0,5000.0,0.75,613.15,2731.853413498596,12.533087743767013,818.4402421627823,1925.9462590795808,805.9071544190152,0.2950038060010387,0.0
10000000.0,5000.0,0.75,653.15,2882.906562920783,12.533087743767013,876.8773906075963,2018.5622600569536,864.3443028638293,0.2998169673553793,0.0
10000000.0,5000.0,0.75,693.15,3007.2313431856733,12.533087743767013,927.6900876008137,2092.0743433286266,915.1569998570467,0.3043187887525761,0.0
10000000.0,5000.0,0.75,733.15,3119.313703458828,12.533087743767013,975.65715926491,2156.1896319376847,963.1240715211429,0.3087615299651298,4.547473508864641e-13
10000000.0,5000.0,0.75,773.15,3224.845746511182,12.533087743767013,1022.6318040888268,2214.747030166122,1010.0987163450598,0.3132238859603877,0.0
10000000.0,5000.0,0.75,813.15,3326.621272946849,12.533087743767013,1069.5024157283046,2269.6519449623115,1056.9693279845376,0.31773058646024754,-4.547473508864641e-13
10000000.0,5000.0,0.8,613.15,2731.853413498596,12.533087743767013,873.0029249736345,1871.3835762687286,860.4698372298675,0.3149765770660043,0.0
10000000.0,5000.0,0.8,653.15,2882.906562920783,12.533087743767013,935.3358833147697,1960.1037673497804,922.8027955710027,0.3200945904525174,0.0
10000000.0,5000.0,0.8,693.15,3007.2313431856733,12.533087743767013,989.536093440868,2030.2283374885724,977.0030056971009,0.3248845513368868,0.0
10000000.0,5000.0,0.8,733.15,3119.313703458828,12.533087743767013,1040.7009698825707,2091.145821320024,1028.1678821388036,0.32961349190327577,4.547473508864641e-13
10000000.0,5000.0,0.8,773.15,3224.845746511182,12.533087743767013,1090.8072576947482,2146.5715765602004,1078.274169950981,0.3343645726675511,0.0
10000000.0,5000.0,0.8,813.15,3326.621272946849,12.533087743767013,1140.8025767768584,2198.3517839137576,1128.2694890330913,0.3391637930679217,-4.547473508864641e-13
10000000.0,5000.0,0.85,613.15,2731.853413498596,12.533087743767013,927.5656077844866,1816.8208934578765,915.0325200407195,0.3349493481309698,0.0
10000000.0,5000.0,0.85,653.15,2882.906562920783,12.533087743767013,993.7943760219426,1901.6452746426073,981.2612882781756,0.3403722135496553,0.0
10000000.0,5000.0,0.85,693.15,3007.2313431856733,12.533087743767013,1051.3820992809221,1968.3823316485182,1038.849011537155,0.34545031392119746,0.0
10000000.0,5000.0,0.85,733.15,3119.313703458828,12.533087743767013,1105.7447805002314,2026.1020107023635,1093.2116927564643,0.3504654538414218,0.0
10000000.0,5000.0,0.85,773.15,3224.845746511182,12.533087743767013,1158.9827113006697,2078.396122954279,1146.4496235569027,0.35550525937471456,0.0
10000000.0,5000.0,0.85,813.15,3326.621272946849,12.533087743767013,1212.1027378254123,2127.0516228652036,1199.5696500816452,0.3605969996755959,-4.547473508864641e-13
10000000.0,5000.0,0.9,613.15,2731.853413498596,12.533087743767013,982.1282905953386,1762.2582106470245,969.5952028515716,0.35492211919593536,0.0
10000000.0,5000.0,0.9,653.15,2882.906562920783,12.533087743767013,1052.2528687291158,1843.1867819354343,1039.7197809853487,0.3606498366467933,0.0
10000000.0,5000.0,0.9,693.15,3007.2313431856733,12.533087743767013,1113.2281051209764,1906.5363258084637,1100.6950173772093,0.3660160765055081,0.0
10000000.0,5000.0,0.9,733.15,3119.313703458828,12.533087743767013,1170.7885911178919,1961.0582000847028,1158.2555033741248,0.3713174157795677,4.547473508864641e-13
10000000.0,5000.0,0.9,773.15,3224.845746511182,12.533087743767013,1227.1581649065915,2010.220669348357,1214.6250771628245,0.37664594608187807,0.0
10000000.0,5000.0,0.9,813.15,3326.621272946849,12.533087743767013,1283.4028988739658,2055.75146181665,1270.8698111301987,0.38203020628326995,-4.547473508864641e-13
10000000.0,8000.0,0.7,613.15,2695.7261473252606,12.569149143837596,731.5781822722145,1976.7171141968838,719.0090331283768,0.2667218381369295,-4.547473508864641e-13
10000000.0,8000.0,0.7,653.15,2846.7792967474475,12.569149143837596,784.6750234324229,2074.673422458862,772.1058742885853,0.27122084074826075,-4.547473508864641e-13
10000000.0,8000.0,0.7,693.15,2971.1040770123377,12.569149143837596,830.9828276200238,2152.690398536152,818.4136784761862,0.275457761580389,-4.547473508864641e-13
10000000.0,8000.0,0.7,733.15,3083.186437285492,12.569149143837596,874.8015727486932,2220.9540136806368,862.2324236048555,0.2796562715694821,-4.547473508864641e-13
10000000.0,8000.0,0.7,773.15,3188.718480337846,12.569149143837596,917.7972907291902,2283.4903387524937,905.2281415853525,0.28388462235444606,-4.547473508864641e-13
10000000.0,8000.0,0.7,813.15,3290.4940067735133,12.569149143837596,960.767364840609,2342.2957910767423,948.1982156967714,0.28816287577029354,-4.547473508864641e-13
10000000.0,8000.0,0.75,613.15,2695.7261473252606,12.569149143837596,783.8337667202297,1924.4615297488685,771.2646175763921,0.28610644235567184,-4.547473508864641e-13
10000000.0,8000.0,0.75,653.15,2846.7792967474475,12.569149143837596,840.7232393918815,2018.6252064994035,828.1540902480439,0.29090913060743456,0.0
10000000.0,8000.0,0.75,693.15,2971.1040770123377,12.569149143837596,890.3387438785969,2093.3344822775784,877.7695947347593,0.29543549198633956,-4.547473508864641e-13
10000000.0,8000.0,0.75,733.15,3083.186437285492,12.569149143837596,937.2873993735998,2158.46818705573,924.7182502297621,0.299922910611888,-4.547473508864641e-13
10000000.0,8000.0,0.75,773.15,3188.718480337846,12.569149143837596,983.3542400669897,2217.9333894146944,970.7850909231521,0.3044436493560564,-9.094947017729282e-13
10000000.0,8000.0,0.75,813.15,3290.4940067735133,12.569149143837596,1029.3936051863666,2273.6695507309846,1016.8244560425289,0.30901878379033243,-4.547473508864641e-13
10000000.0,8000.0,0.8,613.15,2695.7261473252606,12.569149143837596,836.0893511682451,1872.205945300853,823.5202020244075,0.3054910465744142,0.0
10000000.0,8000.0,0.8,653.15,2846.7792967474475,12.569149143837596,896.7714553513406,1962.5769905399445,884.2023062075029,0.3105974204666085,-4.547473508864641e-13
10000000.0,8000.0,0.8,693.15,2971.1040770123377,12.569149143837596,949.6946601371704,2033.9785660190048,937.1255109933328,0.31541322239229025,0.0
10000000.0,8000.0,0.8,733.15,3083.186437285492,12.569149143837596,999.7732259985064,2095.9823604308235,987.2040768546688,0.32018954965429397,-4.547473508864641e-13
10000000.0,8000.0,0.8,773.15,3188.718480337846,12.569149143837596,1048.911189404789,2152.376440076895,1036.3420402609513,0.32500267635766655,-9.094947017729282e-13
10000000.0,8000.0,0.8,813.15,3290.4940067735133,12.569149143837596,1098.019845532125,2205.043310385226,1085.4506963882873,0.32987469181037155,0.0
10000000.0,8000.0,0.85,613.15,2695.7261473252606,12.569149143837596,888.3449356162604,1819.9503608528378,875.7757864724227,0.32487565079315656,0.0
10000000.0,8000.0,0.85,653.15,2846.7792967474475,12.569149143837596,952.8196713107992,1906.5287745804858,940.2505221669616,0.33028571032578224,0.0
10000000.0,8000.0,0.85,693.15,2971.1040770123377,12.569149143837596,1009.0505763957431,1974.6226497604323,996.4814272519054,0.33539095279824066,-4.547473508864641e-13
10000000.0,8000.0,0.85,733.15,3083.186437285492,12.569149143837596,1062.259052623413,2033.496533805917,1049.6899034795754,0.3404561886966999,-4.547473508864641e-13
10000000.0,8000.0,0.85,773.15,3188.718480337846,12.569149143837596,1114.468138742588,2086.8194907390957,1101.8989895987504,0.3455617033592767,-4.547473508864641e-13
10000000.0,8000.0,0.85,813.15,3290.4940067735133,12.569149143837596,1166.6460858778823,2136.417070039469,1154.0769367340447,0.3507305998304104,-4.547473508864641e-13
10000000.0,8000.0,0.9,613.15,2695.7261473252606,12.569149143837596,940.6005200642757,1767.6947764048225,928.031370920438,0.34426025501189894,0.0
10000000.0,8000.0,0.9,653.15,2846.7792967474475,12.569149143837596,1008.8678872702578,1850.4805586210273,996.2987381264202,0.34997400018495606,-4.547473508864641e-13
10000000.0,8000.0,0.9,693.15,2971.1040770123377,12.569149143837596,1068.4064926543165,1915.2667335018589,1055.8373435104788,0.35536868320419135,-4.547473508864641e-13
10000000.0,8000.0,0.9,733.15,3083.186437285492,12.569149143837596,1124.7448792483196,1971.0107071810103,1112.175730104482,0.36072282773910586,-4.547473508864641e-13
10000000.0,8000.0,0.9,773.15,3188.718480337846,12.569149143837596,1180.0250880803871,2021.2625414012966,1167.4559389365495,0.3661207303608869,-4.547473508864641e-13
10000000.0,8000.0,0.9,813.15,3290.4940067735133,12.569149143837596,1235.2723262236398,2067.790829693711,1222.7031770798021,0.37158650785044917,0.0
10000000.0,12000.0,0.7,613.15,2662.6177433126322,12.606770271719725,702.5974910839363,1972.6270225004155,689.9907208122166,0.2591399845303296,0.0
10000000.0,12000.0,0.7,653.15,2813.670892734819,12.606770271719725,754.3710591822211,2071.9066038243177,741.7642889105014,0.26362866063184975,0.0
10000000.0,12000.0,0.7,693.15,2937.9956729997093,12.606770271719725,799.6552558279452,2150.9471874434835,787.0484855562255,0.26788619628995053,4.547473508864641e-13
10000000.0,12000.0,0.7,733.15,3050.0780332728636,12.606770271719725,842.6032483702139,2220.0815551743694,829.9964780984942,0.2721230306386203,0.0
10000000.0,12000.0,0.7,773.15,3155.6100763252175,12.606770271719725,884.8227877917014,2283.3940588052355,872.2160175199817,0.27640170883713805,0.0
10000000.0,12000.0,0.7,813.15,3257.385602760885,12.606770271719725,927.0821406093314,2342.910232423273,914.4753703376117,0.280739059435433,0.0
10000000.0,12000.0,0.75,613.15,2662.6177433126322,12.606770271719725,752.7830261613601,1922.4414874229917,740.1762558896404,0.2779881782687919,0.0
10000000.0,12000.0,0.75,653.15,2813.670892734819,12.606770271719725,808.2547062666654,2018.0229567398733,795.6479359949457,0.2827793179541319,0.0
10000000.0,12000.0,0.75,693.15,2937.9956729997093,12.606770271719725,856.7734883870841,2093.828954884345,844.1667181153643,0.28732742048372917,0.0
10000000.0,12000.0,0.75,733.15,3050.0780332728636,12.606770271719725,902.7891946823722,2159.895608862211,890.1824244106525,0.2918556229380954,4.547473508864641e-13
10000000.0,12000.0,0.75,773.15,3155.6100763252175,12.606770271719725,948.0244154911088,2220.1924311058283,935.4176452193891,0.296430047627654,0.0
10000000.0,12000.0,0.75,813.15,3257.385602760885,12.606770271719725,993.3022935099979,2276.6900795226065,980.6955232382782,0.3010682930528898,0.0
10000000.0,12000.0,0.8,613.15,2662.6177433126322,12.606770271719725,802.9685612387843,1872.2559523455675,790.3617909670646,0.2968363720072544,0.0
10000000.0,12000.0,0.8,653.15,2813.670892734819,12.606770271719725,862.1383533511097,1964.139309655429,849.53158307939,0.30192997527641413,0.0
10000000.0,12000.0,0.8,693.15,2937.9956729997093,12.606770271719725,913.891720946223,2036.710722325206,901.2849506745033,0.3067686446775078,0.0
10000000.0,12000.0,0.8,733.15,3050.0780332728636,12.606770271719725,962.9751409945306,2099.7096625500526,950.3683707228109,0.3115882152375706,0.0
10000000.0,12000.0,0.8,773.15,3155.6100763252175,12.606770271719725,1011.2260431905161,2156.990803406421,998.6192729187964,0.3164583864181699,0.0
10000000.0,12000.0,0.8,813.15,3257.385602760885,12.606770271719725,1059.5224464106643,2210.46992662194,1046.9156761389445,0.3213975266703466,0.0
10000000.0,12000.0,0.85,613.15,2662.6177433126322,12.606770271719725,853.1540963162081,1822.0704172681437,840.5473260444884,0.3156845657457167,0.0
10000000.0,12000.0,0.85,653.15,2813.670892734819,12.606770271719725,916.0220004355544,1910.2556625709844,903.4152301638347,0.32108063259869646,-4.547473508864641e-13
10000000.0,12000.0,0.85,693.15,2937.9956729997093,12.606770271719725,971.0099535053619,1979.592489766067,958.4031832336422,0.32620986887128645,0.0
10000000.0,12000.0,0.85,733.15,3050.0780332728636,12.606770271719725,1023.1610873066885,2039.5237162378949,1010.5543170349688,0.3313208075370455,0.0
10000000.0,12000.0,0.85,773.15,3155.6100763252175,12.606770271719725,1074.4276708899233,2093.7891757070142,1061.8209006182035,0.3364867252086858,-4.547473508864641e-13
10000000.0,12000.0,0.85,813.15,3257.385602760885,12.606770271719725,1125.7425993113313,2144.249773721273,1113.1358290396115,0.3417267602878036,0.0
10000000.0,12000.0,0.9,613.15,2662.6177433126322,12.606770271719725,903.3396313936322,1771.8848821907197,890.7328611219125,0.3345327594841791,0.0
10000000.0,12000.0,0.9,653.15,2813.670892734819,12.606770271719725,969.9056475199988,1856.37201548654,957.298877248279,0.3402312899209787,0.0
10000000.0,12000.0,0.9,693.15,2937.9956729997093,12.606770271719725,1028.1281860645008,1922.4742572069283,1015.5214157927811,0.3456510930650651,-4.547473508864641e-13
10000000.0,12000.0,0.9,733.15,3050.0780332728636,12.606770271719725,1083.3470336188468,1979.3377699257367,1070.740263347127,0.3510533998365206,-4.547473508864641e-13
10000000.0,12000.0,0.9,773.15,3155.6100763252175,12.606770271719725,1137.6292985893306,2030.5875480076068,1125.0225283176107,0.35651506399920174,0.0
10000000.0,12000.0,0.9,813.15,3257.385602760885,12.606770271719725,1191.9627522119977,2078.029620820607,1179.3559819402778,0.3620559939052604,0.0
10000000.0,20000.0,0.7,613.15,2618.04955863779,12.66256864512898,664.5077745071663,1966.2043527757523,651.8452058620373,0.24898123250241375,4.547473508864641e-13
10000000.0,20000.0,0.7,653.15,2769.102708059977,12.66256864512898,714.5014560934137,2067.2638206116917,701.8388874482847,0.25345354125199293,4.547473508864641e-13
10000000.0,20000.0,0.7,693.15,2893.427488324867,12.66256864512898,758.4088354292172,2147.681221540779,745.7462667840882,0.2577380182476367,0.0
10000000.0,20000.0,0.7,733.15,3005.5098485980216,12.66256864512898,800.1856103079137,2217.986806935237,787.5230416627847,0.26202643855256047,0.0
10000000.0,20000.0,0.7,773.15,3111.0418916503754,12.66256864512898,841.3611401535492,2282.3433201419552,828.6985715084202,0.2663733245548822,0.0
10000000.0,20000.0,0.7,813.15,3212.817418086043,12.66256864512898,882.664527584265,2342.8154591469065,870.001958939136,0.2707909743148175,4.547473508864641e-13
10000000.0,20000.0,0.75,613.15,2618.04955863779,12.66256864512898,711.9726155433925,1918.7395117395263,699.3100468982635,0.2671110806863889,0.0
10000000.0,20000.0,0.75,653.15,2769.102708059977,12.66256864512898,765.5372743858006,2016.228002319305,752.8747057406716,0.2718839946056507,0.0
10000000.0,20000.0,0.75,693.15,2893.427488324867,12.66256864512898,812.5808951027324,2093.5091618672636,799.9183264576034,0.2764604710798235,0.0
10000000.0,20000.0,0.75,733.15,3005.5098485980216,12.66256864512898,857.3417253299071,2160.8306919132433,844.6791566847781,0.28104354975871904,0.0
10000000.0,20000.0,0.75,773.15,3111.0418916503754,12.66256864512898,901.4583644502312,2222.2460958452734,888.7957958051022,0.2856907193022738,-4.547473508864641e-13
10000000.0,20000.0,0.75,813.15,3212.817418086043,12.66256864512898,945.7119938402842,2279.7679928908874,933.0494251951552,0.29041470577901574,0.0
10000000.0,20000.0,0.8,613.15,2618.04955863779,12.66256864512898,759.4374565796186,1871.2746707033,746.7748879344896,0.28524092887036395,4.547473508864641e-13
10000000.0,20000.0,0.8,653.15,2769.102708059977,12.66256864512898,816.5730926781874,1965.192184026918,803.9105240330584,0.2903144479593085,4.547473508864641e-13
10000000.0,20000.0,0.8,693.15,2893.427488324867,12.66256864512898,866.752954776248,2039.3371021937478,854.090386131119,0.2951829239120105,4.547473508864641e-13
10000000.0,20000.0,0.8,733.15,3005.5098485980216,12.66256864512898,914.4978403519015,2103.674576891249,901.8352717067725,0.3000606609648779,0.0
10000000.0,20000.0,0.8,773.15,3111.0418916503754,12.66256864512898,961.5555887469133,2162.148871548591,948.8930201017843,0.3050081140496653,0.0
10000000.0,20000.0,0.8,813.15,3212.817418086043,12.66256864512898,1008.7594600963029,2216.7205266348687,996.0968914511739,0.31003843724321384,0.0
10000000.0,20000.0,0.85,613.15,2618.04955863779,12.66256864512898,806.9022976158448,1823.809829667074,794.2397289707158,0.303370777054339,4.547473508864641e-13
10000000.0,20000.0,0.85,653.15,2769.102708059977,12.66256864512898,867.6089109705738,1914.1563657345318,854.9463423254448,0.3087449013129661,0.0
10000000.0,20000.0,0.85,693.15,2893.427488324867,12.66256864512898,920.9250144497636,1985.1650425202322,908.2624458046346,0.3139053767441975,4.547473508864641e-13
10000000.0,20000.0,0.85,733.15,3005.5098485980216,12.66256864512898,971.6539553738949,2046.5184618692554,958.9913867287659,0.3190777721710365,0.0
10000000.0,20000.0,0.85,773.15,3111.0418916503754,12.66256864512898,1021.6528130435953,2102.0516472519093,1008.9902443984663,0.3243255087970569,-4.547473508864641e-13
10000000.0,20000.0,0.85,813.15,3212.817418086043,12.66256864512898,1071.806926352322,2153.6730603788496,1059.1443577071932,0.3296621687074121,0.0
10000000.0,20000.0,0.9,613.15,2618.04955863779,12.66256864512898,854.3671386520709,1776.3449886308479,841.7045700069419,0.32150062523831413,0.0
10000000.0,20000.0,0.9,653.15,2769.102708059977,12.66256864512898,918.6447292629606,1863.120547442145,905.9821606178316,0.3271753546666239,4.547473508864641e-13
10000000.0,20000.0,0.9,693.15,2893.427488324867,12.66256864512898,975.0970741232787,1930.992982846717,962.4345054781497,0.3326278295763843,4.547473508864641e-13
10000000.0,20000.0,0.9,733.15,3005.5098485980216,12.66256864512898,1028.8100703958887,1989.3623468472615,1016.1475017507597,0.3380948833771952,0.0
10000000.0,20000.0,0.9,773.15,3111.0418916503754,12.66256864512898,1081.7500373402772,2041.9544229552268,1069.0874686951483,0.34364290354444843,4.547473508864641e-13
10000000.0,20000.0,0.9,813.15,3212.817418086043,12.66256864512898,1134.8543926083407,2090.6255941228305,1122.1918239632118,0.34928590017161015,4.547473508864641e-13
10000000.0,30000.0,0.7,613.15,2580.1490270612762,12.71304249484127,632.9344120495762,1959.9276575065412,620.2213695547349,0.240381994624997,0.0
10000000.0,30000.0,0.7,653.15,2731.202176483463,12.71304249484127,681.4162265871605,2062.4989923911435,668.7031840923192,0.24483840480579236,4.547473508864641e-13
10000000.0,30000.0,0.7,693.15,2855.5269567483533,12.71304249484127,724.1541129756212,2144.085886267573,711.4410704807799,0.2491452825544019,4.547473508864641e-13
10000000.0,30000.0,0.7,733.15,2967.6093170215076,12.71304249484127,764.9360348789222,2215.3863246374267,752.222992384081,0.2534777701598075,0.0
10000000.0,30000.0,0.7,773.15,3073.1413600738615,12.71304249484127,805.2247645462635,2280.629638022439,792.5117220514222,0.25788326314816007,4.547473508864641e-13
10000000.0,30000.0,0.7,813.15,3174.916886509529,12.71304249484127,845.7161380882505,2341.913790916119,833.0030955934093,0.26237004790043633,4.547473508864641e-13
10000000.0,30000.0,0.75,613.15,2580.1490270612762,12.71304249484127,678.1440129102604,1914.718056645857,665.4309704154191,0.25790408361540573,4.547473508864641e-13
10000000.0,30000.0,0.75,653.15,2731.202176483463,12.71304249484127,730.0888142005293,2013.8264047777748,717.3757717056881,0.2626593438898542,4.547473508864641e-13
10000000.0,30000.0,0.75,693.15,2855.5269567483533,12.71304249484127,775.8794067595941,2092.3605924836,763.1663642647528,0.26725938008086114,4.547473508864641e-13
10000000.0,30000.0,0.75,733.15,2967.6093170215076,12.71304249484127,819.5743230845593,2160.7480364317894,806.861280589718,0.27188932045796993,4.547473508864641e-13
10000000.0,30000.0,0.75,773.15,3073.1413600738615,12.71304249484127,862.7408191567105,2223.113583411992,850.0277766618692,0.2765989836020557,4.547473508864641e-13
10000000.0,30000.0,0.75,813.15,3174.916886509529,12.71304249484127,906.1244336659829,2281.505495338387,893.4113911711416,0.2813967807999374,4.547473508864641e-13
10000000.0,30000.0,0.8,613.15,2580.1490270612762,12.71304249484127,723.3536137709441,1869.5084557851733,710.6405712761028,0.27542617260581426,0.0
10000000.0,30000.0,0.8,653.15,2731.202176483463,12.71304249484127,778.7614018138983,1965.1538171644058,766.048359319057,0.28048028297391603,4.547473508864641e-13
10000000.0,30000.0,0.8,693.15,2855.5269567483533,12.71304249484127,827.6047005435671,2040.6352986996274,814.8916580487258,0.28537347760732035,0.0
10000000.0,30000.0,0.8,733.15,2967.6093170215076,12.71304249484127,874.2126112901968,2106.1097482261516,861.4995687953556,0.2903008707561326,4.547473508864641e-13
10000000.0,30000.0,0.8,773.15,3073.1413600738615,12.71304249484127,920.256873767158,2165.5975288015447,907.5438312723168,0.2953147040559515,0.0
10000000.0,30000.0,0.8,813.15,3174.916886509529,12.71304249484127,966.5327292437153,2221.0971997606543,953.819686748874,0.3004235136994385,4.547473508864641e-13
10000000.0,30000.0,0.85,613.15,2580.1490270612762,12.71304249484127,768.5632146316278,1824.2988549244894,755.8501721367866,0.29294826159622284,4.547473508864641e-13
10000000.0,30000.0,0.85,653.15,2731.202176483463,12.71304249484127,827.4339894272666,1916.4812295510376,814.7209469324254,0.29830122205797766,0.0
10000000.0,30000.0,0.85,693.15,2855.5269567483533,12.71304249484127,879.32999432754,1988.9100049156543,866.6169518326988,0.30348757513377955,4.547473508864641e-13
10000000.0,30000.0,0.85,733.15,2967.6093170215076,12.71304249484127,928.850899495834,2051.4714600205148,916.1378570009928,0.3087124210542951,0.0
10000000.0,30000.0,0.85,773.15,3073.1413600738615,12.71304249484127,977.7729283776055,2108.081474191097,965.0598858827642,0.3140304245098473,4.547473508864641e-13
10000000.0,30000.0,0.85,813.15,3174.916886509529,12.71304249484127,1026.9410248214472,2160.6889041829227,1014.2279823266059,0.3194502465989394,4.547473508864641e-13
10000000.0,30000.0,0.9,613.15,2580.1490270612762,12.71304249484127,813.7728154923119,1779.0892540638054,801.0597729974706,0.3104703505866315,4.547473508864641e-13
10000000.0,30000.0,0.9,653.15,2731.202176483463,12.71304249484127,876.1065770406351,1867.808641937669,863.3935345457938,0.31612216114203934,0.0
10000000.0,30000.0,0.9,693.15,2855.5269567483533,12.71304249484127,931.055288111513,1937.1847111316815,918.3422456166718,0.3216016726602388,0.0
10000000.0,30000.0,0.9,733.15,2967.6093170215076,12.71304249484127,983.4891877014711,1996.8331718148777,970.7761452066298,0.3271239713524576,0.0
10000000.0,30000.0,0.9,773.15,3073.1413600738615,12.71304249484127,1035.2889829880526,2050.56541958065,1022.5759404932113,0.33274614496374294,4.547473508864641e-13
10000000.0,30000.0,0.9,813.15,3174.916886509529,12.71304249484127,1087.3493203991795,2100.28060860519,1074.6362779043382,0.3384769794984404,4.547473508864641e-13
